"LOT_QTY","QC_QTY","ITEM_TYPE","ITEM_QC_TYPE","QC_TYPE","WORK_ORDER_QTY","WORK_WORKER","QC_MONTH","QC_WEEKDAY","INSPECTION_RISK_SCORE","SUMMER_FLAG","WINTER_FLAG","RISK_LEVEL"
7646,7646,20,10,10,7646,EMP1045,"05","5",3,0,0,LOW
7679,7679,20,10,10,7679,EMP1045,"05","5",3,0,0,LOW
10389,10389,20,10,10,10389,EMP1045,"05","6",3,0,0,LOW
1034,1034,30,10,10,1034,EMP1045,"05","6",1,0,0,LOW
708,708,30,10,10,708,EMP1045,"05","6",1,0,0,LOW
711,711,30,10,10,711,EMP1045,"05","6",1,0,0,LOW
962,962,30,10,10,962,EMP1045,"05","5",1,0,0,LOW
300000,3000,10,20,20,0,NONE,"05","6",2,0,0,LOW
250000,2500,10,20,20,0,NONE,"05","6",2,0,0,LOW
250000,2500,10,20,20,0,NONE,"05","6",2,0,0,LOW
300000,3000,10,20,20,0,NONE,"05","6",2,0,0,LOW
42689,42689,20,10,10,42689,EMP1048,"05","6",3,0,0,LOW
1500000,15000,10,20,20,0,NONE,"05","5",2,0,0,LOW
90475,905,20,20,20,90475,EMP1048,"05","6",2,0,0,LOW
500000,5000,10,20,20,0,NONE,"05","5",2,0,0,LOW
61950,620,20,20,20,61950,EMP1048,"05","6",2,0,0,LOW
500000,5000,10,20,20,0,NONE,"05","5",2,0,0,LOW
62214,622,20,20,20,62214,EMP1048,"05","7",4,0,0,LOW
84175,842,20,20,20,84175,EMP1048,"05","6",2,0,0,LOW
11891,11891,20,10,10,11891,EMP1048,"05","6",3,0,0,LOW
8142,8142,20,10,10,8142,EMP1048,"05","6",3,0,0,LOW
8178,8178,20,10,10,8178,EMP1048,"05","6",3,0,0,LOW
11063,11063,20,10,10,11063,EMP1048,"05","6",3,0,0,LOW
11168,11168,20,10,10,11168,EMP1048,"05","7",5,0,0,LOW
7648,7648,20,10,10,7648,EMP1048,"05","7",3,0,0,LOW
7679,7679,20,10,10,7679,EMP1048,"05","7",3,0,0,LOW
10391,10391,20,10,10,10391,EMP1048,"05","7",3,0,0,LOW
1034,1034,30,10,10,1034,EMP1048,"05","6",1,0,0,LOW
708,708,30,10,10,708,EMP1048,"05","7",1,0,0,LOW
711,711,30,10,10,711,EMP1048,"05","7",1,0,0,LOW
962,962,30,10,10,962,EMP1048,"05","6",1,0,0,LOW
300000,3000,10,20,20,0,NONE,"05","1",2,0,0,LOW
250000,2500,10,20,20,0,NONE,"05","1",2,0,0,LOW
250000,2500,10,20,20,0,NONE,"05","1",2,0,0,LOW
300000,3000,10,20,20,0,NONE,"05","1",2,0,0,LOW
250000,2500,10,20,20,0,NONE,"05","4",4,0,0,LOW
250000,2500,10,20,20,0,NONE,"05","4",2,0,0,LOW
300000,3000,10,20,20,0,NONE,"05","4",2,0,0,LOW
500000,5000,10,20,20,0,NONE,"05","4",2,0,0,LOW
1500000,15000,10,20,20,0,NONE,"05","3",2,0,0,LOW
42687,42687,20,10,10,42687,EMP1021,"05","4",3,0,0,MEDIUM
1000000,10000,10,20,20,0,NONE,"05","3",2,0,0,LOW
90475,905,20,20,20,90475,EMP1021,"05","4",2,0,0,LOW
61950,620,20,20,20,61950,EMP1021,"05","5",4,0,0,LOW
62212,622,20,20,20,62212,EMP1021,"05","4",2,0,0,LOW
500000,5000,10,20,20,0,NONE,"05","3",2,0,0,LOW
1500000,15000,10,20,20,0,NONE,"05","2",2,0,0,LOW
84175,842,20,20,20,84175,EMP1021,"05","4",2,0,0,LOW
11891,11891,20,10,10,11891,EMP1021,"05","5",3,0,0,LOW
8142,8142,20,10,10,8142,EMP1021,"05","4",3,0,0,LOW
8176,8176,20,10,10,8176,EMP1021,"05","4",3,0,0,LOW
11063,11063,20,10,10,11063,EMP1021,"05","4",3,0,0,LOW
11167,11167,20,10,10,11167,EMP1021,"05","5",3,0,0,LOW
7646,7646,20,10,10,7646,EMP1021,"05","5",3,0,0,LOW
7679,7679,20,10,10,7679,EMP1021,"05","4",3,0,0,MEDIUM
10389,10389,20,10,10,10389,EMP1021,"05","4",3,0,0,LOW
1034,1034,30,10,10,1034,EMP1021,"05","4",1,0,0,LOW
708,708,30,10,10,708,EMP1021,"05","5",1,0,0,LOW
711,711,30,10,10,711,EMP1021,"05","5",1,0,0,LOW
962,962,30,10,10,962,EMP1021,"05","4",1,0,0,LOW
42687,42687,20,10,10,42687,EMP1045,"05","5",3,0,0,MEDIUM
500000,5000,10,20,20,0,NONE,"05","3",2,0,0,LOW
90475,905,20,20,20,90475,EMP1045,"05","5",2,0,0,LOW
61950,620,20,20,20,61950,EMP1045,"05","5",2,0,0,LOW
500000,5000,10,20,20,0,NONE,"05","4",2,0,0,LOW
62212,622,20,20,20,62212,EMP1045,"05","5",2,0,0,LOW
84175,842,20,20,20,84175,EMP1045,"05","5",2,0,0,LOW
11891,11891,20,10,10,11891,EMP1045,"05","5",3,0,0,LOW
8142,8142,20,10,10,8142,EMP1045,"05","5",3,0,0,LOW
8176,8176,20,10,10,8176,EMP1045,"05","6",3,0,0,HIGH
11063,11063,20,10,10,11063,EMP1045,"05","5",3,0,0,LOW
11167,11167,20,10,10,11167,EMP1045,"05","5",3,0,0,LOW
84350,844,20,20,20,84350,EMP1043,"05","2",2,0,0,LOW
500000,5000,10,20,20,0,NONE,"05","1",2,0,0,LOW
77525,775,20,20,20,77525,EMP1043,"05","2",2,0,0,LOW
13489,13489,20,10,10,13489,EMP1043,"05","2",3,0,0,LOW
10430,10430,20,10,10,10430,EMP1043,"05","3",3,0,0,LOW
11086,11086,20,10,10,11086,EMP1043,"05","3",3,0,0,LOW
10189,10189,20,10,10,10189,EMP1043,"05","2",3,0,0,LOW
12668,12668,20,10,10,12668,EMP1043,"05","2",3,0,0,LOW
9795,9795,20,10,10,9795,EMP1043,"05","3",5,0,0,LOW
10411,10411,20,10,10,10411,EMP1043,"05","2",3,0,0,LOW
9568,9568,20,10,10,9568,EMP1043,"05","2",3,0,0,LOW
1173,1173,30,10,10,1173,EMP1043,"05","3",1,0,0,LOW
907,907,30,10,10,907,EMP1043,"05","3",1,0,0,LOW
964,964,30,10,10,964,EMP1043,"05","2",1,0,0,LOW
886,886,30,10,10,886,EMP1043,"05","3",1,0,0,LOW
49125,49125,20,10,10,49125,EMP1042,"05","3",3,0,0,LOW
500000,5000,10,20,20,0,NONE,"05","2",2,0,0,LOW
102640,1026,20,20,20,102640,EMP1042,"05","3",2,0,0,LOW
500000,5000,10,20,20,0,NONE,"05","2",2,0,0,LOW
500000,5000,10,20,20,0,NONE,"05","2",2,0,0,LOW
79365,794,20,20,20,79365,EMP1042,"05","3",2,0,0,LOW
1500000,15000,10,20,20,0,NONE,"05","2",2,0,0,LOW
84350,844,20,20,20,84350,EMP1042,"05","3",2,0,0,LOW
500000,5000,10,20,20,0,NONE,"05","2",2,0,0,LOW
77525,775,20,20,20,77525,EMP1042,"05","3",2,0,0,LOW
13492,13492,20,10,10,13492,EMP1042,"05","4",3,0,0,LOW
10433,10433,20,10,10,10433,EMP1042,"05","4",3,0,0,LOW
11086,11086,20,10,10,11086,EMP1042,"05","3",3,0,0,LOW
10189,10189,20,10,10,10189,EMP1042,"05","3",3,0,0,LOW
12671,12671,20,10,10,12671,EMP1042,"05","4",3,0,0,LOW
9799,9799,20,10,10,9799,EMP1042,"05","3",3,0,0,LOW
10413,10413,20,10,10,10413,EMP1042,"05","4",3,0,0,LOW
9573,9573,20,10,10,9573,EMP1042,"05","3",3,0,0,LOW
1173,1173,30,10,10,1173,EMP1042,"05","4",1,0,0,LOW
907,907,30,10,10,907,EMP1042,"05","4",1,0,0,LOW
964,964,30,10,10,964,EMP1042,"05","3",1,0,0,LOW
886,886,30,10,10,886,EMP1042,"05","3",1,0,0,LOW
300000,3000,10,20,20,0,NONE,"05","4",2,0,0,LOW
1173,1173,30,10,10,1173,EMP1059,"05","6",1,0,0,LOW
907,907,30,10,10,907,EMP1059,"05","7",1,0,0,LOW
964,964,30,10,10,964,EMP1059,"05","7",1,0,0,LOW
886,886,30,10,10,886,EMP1059,"05","6",1,0,0,LOW
300000,3000,10,20,20,0,NONE,"05","7",2,0,0,LOW
250000,2500,10,20,20,0,NONE,"05","7",2,0,0,LOW
250000,2500,10,20,20,0,NONE,"05","7",2,0,0,LOW
300000,3000,10,20,20,0,NONE,"05","7",2,0,0,LOW
49125,49125,20,10,10,49125,EMP1046,"05","7",3,0,0,LOW
1500000,15000,10,20,20,0,NONE,"05","6",2,0,0,LOW
102637,1026,20,20,20,102637,EMP1046,"05","7",2,0,0,LOW
500000,5000,10,20,20,0,NONE,"05","6",2,0,0,LOW
79362,794,20,20,20,79362,EMP1046,"05","7",2,0,0,LOW
500000,5000,10,20,20,0,NONE,"05","6",2,0,0,LOW
84350,844,20,20,20,84350,EMP1046,"05","7",2,0,0,LOW
77525,775,20,20,20,77525,EMP1046,"05","7",2,0,0,LOW
13489,13489,20,10,10,13489,EMP1046,"05","7",3,0,0,LOW
10430,10430,20,10,10,10430,EMP1046,"05","7",3,0,0,LOW
11086,11086,20,10,10,11086,EMP1046,"05","1",5,0,0,LOW
10189,10189,20,10,10,10189,EMP1046,"05","7",3,0,0,LOW
12668,12668,20,10,10,12668,EMP1046,"05","7",3,0,0,LOW
9795,9795,20,10,10,9795,EMP1046,"05","7",3,0,0,LOW
10411,10411,20,10,10,10411,EMP1046,"05","7",3,0,0,LOW
9568,9568,20,10,10,9568,EMP1046,"05","7",3,0,0,LOW
1173,1173,30,10,10,1173,EMP1046,"05","1",1,0,0,LOW
907,907,30,10,10,907,EMP1046,"05","1",3,0,0,HIGH
964,964,30,10,10,964,EMP1046,"05","1",1,0,0,LOW
886,886,30,10,10,886,EMP1046,"05","1",1,0,0,LOW
300000,3000,10,20,20,0,NONE,"05","2",2,0,0,LOW
250000,2500,10,20,20,0,NONE,"05","2",2,0,0,LOW
250000,2500,10,20,20,0,NONE,"05","2",2,0,0,LOW
300000,3000,10,20,20,0,NONE,"05","2",2,0,0,LOW
49125,49125,20,10,10,49125,EMP1043,"05","2",3,0,0,LOW
1500000,15000,10,20,20,0,NONE,"05","1",2,0,0,LOW
102637,1026,20,20,20,102637,EMP1043,"05","2",2,0,0,LOW
79362,794,20,20,20,79362,EMP1043,"05","2",2,0,0,LOW
500000,5000,10,20,20,0,NONE,"05","7",2,0,0,LOW
500000,5000,10,20,20,0,NONE,"05","1",2,0,0,LOW
102637,1026,20,20,20,102637,EMP1021,"05","5",2,0,0,LOW
500000,5000,10,20,20,0,NONE,"05","4",2,0,0,LOW
79362,794,20,20,20,79362,EMP1021,"05","5",2,0,0,LOW
500000,5000,10,20,20,0,NONE,"05","5",2,0,0,LOW
84350,844,20,20,20,84350,EMP1021,"05","5",2,0,0,LOW
1000000,10000,10,20,20,0,NONE,"05","4",2,0,0,LOW
77525,775,20,20,20,77525,EMP1021,"05","5",2,0,0,LOW
13489,13489,20,10,10,13489,EMP1021,"05","5",3,0,0,LOW
10430,10430,20,10,10,10430,EMP1021,"05","5",3,0,0,LOW
11086,11086,20,10,10,11086,EMP1021,"05","6",3,0,0,LOW
10189,10189,20,10,10,10189,EMP1021,"05","5",3,0,0,HIGH
12668,12668,20,10,10,12668,EMP1021,"05","5",3,0,0,LOW
9795,9795,20,10,10,9795,EMP1021,"05","5",3,0,0,MEDIUM
10411,10411,20,10,10,10411,EMP1021,"05","6",3,0,0,LOW
9568,9568,20,10,10,9568,EMP1021,"05","5",3,0,0,LOW
1173,1173,30,10,10,1173,EMP1021,"05","6",1,0,0,LOW
907,907,30,10,10,907,EMP1021,"05","6",1,0,0,LOW
964,964,30,10,10,964,EMP1021,"05","6",1,0,0,LOW
886,886,30,10,10,886,EMP1021,"05","6",1,0,0,LOW
49125,49125,20,10,10,49125,EMP1059,"05","6",3,0,0,LOW
500000,5000,10,20,20,0,NONE,"05","5",2,0,0,LOW
500000,5000,10,20,20,0,NONE,"05","4",2,0,0,LOW
102637,1026,20,20,20,102637,EMP1059,"05","6",2,0,0,LOW
79362,794,20,20,20,79362,EMP1059,"05","6",2,0,0,LOW
500000,5000,10,20,20,0,NONE,"05","5",2,0,0,LOW
84350,844,20,20,20,84350,EMP1059,"05","6",2,0,0,LOW
500000,5000,10,20,20,0,NONE,"05","5",2,0,0,LOW
500000,5000,10,20,20,0,NONE,"05","5",2,0,0,LOW
77525,775,20,20,20,77525,EMP1059,"05","6",2,0,0,LOW
13489,13489,20,10,10,13489,EMP1059,"05","6",3,0,0,LOW
10430,10430,20,10,10,10430,EMP1059,"05","6",3,0,0,MEDIUM
11086,11086,20,10,10,11086,EMP1059,"05","6",3,0,0,LOW
10189,10189,20,10,10,10189,EMP1059,"05","6",3,0,0,LOW
12668,12668,20,10,10,12668,EMP1059,"05","6",3,0,0,LOW
9795,9795,20,10,10,9795,EMP1059,"05","7",3,0,0,MEDIUM
10411,10411,20,10,10,10411,EMP1059,"05","6",3,0,0,LOW
9568,9568,20,10,10,9568,EMP1059,"05","6",3,0,0,LOW
10544,10544,20,10,10,10544,EMP1041,"05","4",3,0,0,LOW
10132,10132,20,10,10,10132,EMP1041,"05","5",5,0,0,MEDIUM
1100,1100,30,10,10,1100,EMP1041,"05","4",1,0,0,LOW
1284,1284,30,10,10,1284,EMP1041,"05","3",1,0,0,LOW
976,976,30,10,10,976,EMP1041,"05","3",1,0,0,LOW
938,938,30,10,10,938,EMP1041,"05","4",1,0,0,LOW
500000,5000,10,20,20,0,NONE,"05","4",2,0,0,LOW
1500000,15000,10,20,20,0,NONE,"05","3",2,0,0,LOW
49125,49125,20,10,10,49125,EMP1054,"05","4",3,0,0,LOW
500000,5000,10,20,20,0,NONE,"05","3",2,0,0,LOW
500000,5000,10,20,20,0,NONE,"05","2",2,0,0,LOW
102637,1026,20,20,20,102637,EMP1054,"05","4",2,0,0,LOW
500000,5000,10,20,20,0,NONE,"05","2",2,0,0,LOW
79362,794,20,20,20,79362,EMP1054,"05","4",2,0,0,LOW
1500000,15000,10,20,20,0,NONE,"05","3",2,0,0,LOW
84350,844,20,20,20,84350,EMP1054,"05","4",2,0,0,LOW
500000,5000,10,20,20,0,NONE,"05","3",2,0,0,LOW
77525,775,20,20,20,77525,EMP1054,"05","4",2,0,0,LOW
13489,13489,20,10,10,13489,EMP1054,"05","4",3,0,0,MEDIUM
10430,10430,20,10,10,10430,EMP1054,"05","4",3,0,0,LOW
11086,11086,20,10,10,11086,EMP1054,"05","4",3,0,0,LOW
10189,10189,20,10,10,10189,EMP1054,"05","4",3,0,0,LOW
12668,12668,20,10,10,12668,EMP1054,"05","5",3,0,0,LOW
9795,9795,20,10,10,9795,EMP1054,"05","5",3,0,0,LOW
10411,10411,20,10,10,10411,EMP1054,"05","4",3,0,0,LOW
9568,9568,20,10,10,9568,EMP1054,"05","4",3,0,0,LOW
1173,1173,30,10,10,1173,EMP1054,"05","5",1,0,0,LOW
907,907,30,10,10,907,EMP1054,"05","5",1,0,0,LOW
964,964,30,10,10,964,EMP1054,"05","5",1,0,0,LOW
886,886,30,10,10,886,EMP1054,"05","4",1,0,0,LOW
300000,3000,10,20,20,0,NONE,"05","5",2,0,0,LOW
250000,2500,10,20,20,0,NONE,"05","5",2,0,0,LOW
250000,2500,10,20,20,0,NONE,"05","5",2,0,0,LOW
300000,3000,10,20,20,0,NONE,"05","5",2,0,0,LOW
1500000,15000,10,20,20,0,NONE,"05","5",2,0,0,LOW
1500000,15000,10,20,20,0,NONE,"05","5",2,0,0,LOW
49125,49125,20,10,10,49125,EMP1021,"05","6",5,0,0,LOW
500000,5000,10,20,20,0,NONE,"05","1",2,0,0,LOW
1500000,15000,10,20,20,0,NONE,"05","1",2,0,0,LOW
112350,1124,20,20,20,112350,EMP1003,"05","2",2,0,0,LOW
500000,5000,10,20,20,0,NONE,"05","1",2,0,0,LOW
85400,854,20,20,20,85400,EMP1003,"05","3",4,0,0,LOW
500000,5000,10,20,20,0,NONE,"05","1",2,0,0,LOW
82075,821,20,20,20,82075,EMP1003,"05","2",2,0,0,LOW
12650,12650,20,10,10,12650,EMP1003,"05","2",3,0,0,MEDIUM
14766,14766,20,10,10,14766,EMP1003,"05","2",3,0,0,LOW
11224,11224,20,10,10,11224,EMP1003,"05","2",3,0,0,LOW
10787,10787,20,10,10,10787,EMP1003,"05","2",3,0,0,LOW
11880,11880,20,10,10,11880,EMP1003,"05","3",3,0,0,LOW
13867,13867,20,10,10,13867,EMP1003,"05","2",3,0,0,LOW
10540,10540,20,10,10,10540,EMP1003,"05","2",3,0,0,LOW
10130,10130,20,10,10,10130,EMP1003,"05","3",3,0,0,HIGH
1100,1100,30,10,10,1100,EMP1003,"05","2",1,0,0,LOW
1284,1284,30,10,10,1284,EMP1003,"05","2",1,0,0,LOW
976,976,30,10,10,976,EMP1003,"05","2",1,0,0,LOW
938,938,30,10,10,938,EMP1003,"05","3",1,0,0,LOW
300000,3000,10,20,20,0,NONE,"05","3",2,0,0,LOW
250000,2500,10,20,20,0,NONE,"05","3",2,0,0,LOW
250000,2500,10,20,20,0,NONE,"05","3",2,0,0,LOW
300000,3000,10,20,20,0,NONE,"05","3",2,0,0,LOW
53725,53725,20,10,10,53725,EMP1041,"05","3",3,0,0,MEDIUM
96250,963,20,20,20,96250,EMP1041,"05","3",2,0,0,LOW
500000,5000,10,20,20,0,NONE,"05","1",2,0,0,LOW
1500000,15000,10,20,20,0,NONE,"05","1",2,0,0,LOW
112350,1124,20,20,20,112350,EMP1041,"05","3",2,0,0,LOW
500000,5000,10,20,20,0,NONE,"05","2",2,0,0,LOW
85400,854,20,20,20,85400,EMP1041,"05","3",2,0,0,LOW
82075,821,20,20,20,82075,EMP1041,"05","3",2,0,0,LOW
12650,12650,20,10,10,12650,EMP1041,"05","3",3,0,0,LOW
14766,14766,20,10,10,14766,EMP1041,"05","3",3,0,0,LOW
11224,11224,20,10,10,11224,EMP1041,"05","3",3,0,0,LOW
10787,10787,20,10,10,10787,EMP1041,"05","3",3,0,0,HIGH
11880,11880,20,10,10,11880,EMP1041,"05","3",3,0,0,LOW
13868,13868,20,10,10,13868,EMP1041,"05","4",3,0,0,MEDIUM
10130,10130,20,10,10,10130,EMP1053,"05","6",3,0,0,LOW
1100,1100,30,10,10,1100,EMP1053,"05","6",1,0,0,LOW
1284,1284,30,10,10,1284,EMP1053,"05","6",1,0,0,LOW
976,976,30,10,10,976,EMP1053,"05","6",1,0,0,LOW
938,938,30,10,10,938,EMP1053,"05","6",1,0,0,LOW
300000,3000,10,20,20,0,NONE,"05","6",2,0,0,LOW
250000,2500,10,20,20,0,NONE,"05","6",2,0,0,LOW
250000,2500,10,20,20,0,NONE,"05","6",2,0,0,LOW
300000,3000,10,20,20,0,NONE,"05","6",2,0,0,LOW
1500000,15000,10,20,20,0,NONE,"05","5",2,0,0,LOW
53725,53725,20,10,10,53725,EMP1051,"05","6",3,0,0,LOW
1500000,15000,10,20,20,0,NONE,"05","5",2,0,0,LOW
1000000,10000,10,20,20,0,NONE,"05","4",2,0,0,LOW
96250,963,20,20,20,96250,EMP1051,"05","6",2,0,0,LOW
500000,5000,10,20,20,0,NONE,"05","5",2,0,0,LOW
112350,1124,20,20,20,112350,EMP1051,"05","6",2,0,0,LOW
500000,5000,10,20,20,0,NONE,"05","5",2,0,0,LOW
85400,854,20,20,20,85400,EMP1051,"05","6",2,0,0,LOW
500000,5000,10,20,20,0,NONE,"05","5",2,0,0,LOW
82075,821,20,20,20,82075,EMP1051,"05","6",2,0,0,LOW
12650,12650,20,10,10,12650,EMP1051,"05","6",3,0,0,LOW
14766,14766,20,10,10,14766,EMP1051,"05","7",3,0,0,LOW
11224,11224,20,10,10,11224,EMP1051,"05","6",3,0,0,LOW
10787,10787,20,10,10,10787,EMP1051,"05","7",3,0,0,LOW
11880,11880,20,10,10,11880,EMP1051,"05","6",3,0,0,LOW
13867,13867,20,10,10,13867,EMP1051,"05","6",3,0,0,LOW
10540,10540,20,10,10,10540,EMP1051,"05","6",3,0,0,MEDIUM
10130,10130,20,10,10,10130,EMP1051,"05","6",3,0,0,LOW
1100,1100,30,10,10,1100,EMP1051,"05","7",3,0,0,LOW
1284,1284,30,10,10,1284,EMP1051,"05","6",1,0,0,LOW
976,976,30,10,10,976,EMP1051,"05","7",1,0,0,LOW
938,938,30,10,10,938,EMP1051,"05","6",1,0,0,LOW
300000,3000,10,20,20,0,NONE,"05","1",2,0,0,LOW
250000,2500,10,20,20,0,NONE,"05","1",2,0,0,LOW
250000,2500,10,20,20,0,NONE,"05","1",2,0,0,LOW
300000,3000,10,20,20,0,NONE,"05","1",2,0,0,LOW
53725,53725,20,10,10,53725,EMP1003,"05","2",3,0,0,LOW
96250,963,20,20,20,96250,EMP1003,"05","2",2,0,0,LOW
53725,53725,20,10,10,53725,EMP1053,"05","4",3,0,0,LOW
96250,963,20,20,20,96250,EMP1053,"05","4",2,0,0,LOW
500000,5000,10,20,20,0,NONE,"05","3",2,0,0,LOW
112350,1124,20,20,20,112350,EMP1053,"05","4",2,0,0,LOW
85400,854,20,20,20,85400,EMP1053,"05","4",2,0,0,LOW
82075,821,20,20,20,82075,EMP1053,"05","4",2,0,0,LOW
12650,12650,20,10,10,12650,EMP1053,"05","4",3,0,0,MEDIUM
14766,14766,20,10,10,14766,EMP1053,"05","4",3,0,0,LOW
11224,11224,20,10,10,11224,EMP1053,"05","4",3,0,0,LOW
10787,10787,20,10,10,10787,EMP1053,"05","4",3,0,0,LOW
11880,11880,20,10,10,11880,EMP1053,"05","4",3,0,0,LOW
13867,13867,20,10,10,13867,EMP1053,"05","4",3,0,0,MEDIUM
10540,10540,20,10,10,10540,EMP1053,"05","4",3,0,0,LOW
10130,10130,20,10,10,10130,EMP1053,"05","4",3,0,0,LOW
1100,1100,30,10,10,1100,EMP1053,"05","5",1,0,0,LOW
1284,1284,30,10,10,1284,EMP1053,"05","4",1,0,0,LOW
976,976,30,10,10,976,EMP1053,"05","5",1,0,0,LOW
938,938,30,10,10,938,EMP1053,"05","5",3,0,0,LOW
53725,53725,20,10,10,53725,EMP1053,"05","5",3,0,0,LOW
500000,5000,10,20,20,0,NONE,"05","4",2,0,0,LOW
500000,5000,10,20,20,0,NONE,"05","4",2,0,0,LOW
1500000,15000,10,20,20,0,NONE,"05","4",2,0,0,LOW
96250,963,20,20,20,96250,EMP1053,"05","5",2,0,0,LOW
500000,5000,10,20,20,0,NONE,"05","4",2,0,0,LOW
500000,5000,10,20,20,0,NONE,"05","4",2,0,0,LOW
112350,1124,20,20,20,112350,EMP1053,"05","5",2,0,0,LOW
500000,5000,10,20,20,0,NONE,"05","4",2,0,0,LOW
85400,854,20,20,20,85400,EMP1053,"05","5",2,0,0,LOW
500000,5000,10,20,20,0,NONE,"05","4",2,0,0,LOW
82075,821,20,20,20,82075,EMP1053,"05","5",2,0,0,LOW
12650,12650,20,10,10,12650,EMP1053,"05","5",3,0,0,LOW
14766,14766,20,10,10,14766,EMP1053,"05","5",3,0,0,LOW
11224,11224,20,10,10,11224,EMP1053,"05","6",3,0,0,LOW
10787,10787,20,10,10,10787,EMP1053,"05","5",3,0,0,LOW
11880,11880,20,10,10,11880,EMP1053,"05","5",3,0,0,LOW
13867,13867,20,10,10,13867,EMP1053,"05","5",3,0,0,LOW
10540,10540,20,10,10,10540,EMP1053,"05","6",3,0,0,LOW
10614,10614,20,10,10,10614,EMP1055,"05","2",3,0,0,LOW
9832,9832,20,10,10,9832,EMP1055,"05","2",3,0,0,LOW
13251,13251,20,10,10,13251,EMP1055,"05","3",3,0,0,LOW
9201,9201,20,10,10,9201,EMP1055,"05","2",3,0,0,LOW
9968,9968,20,10,10,9968,EMP1055,"05","2",3,0,0,LOW
9234,9234,20,10,10,9234,EMP1055,"05","2",3,0,0,LOW
1227,1227,30,10,10,1227,EMP1055,"05","3",1,0,0,LOW
852,852,30,10,10,852,EMP1055,"05","3",1,0,0,LOW
923,923,30,10,10,923,EMP1055,"05","3",1,0,0,LOW
855,855,30,10,10,855,EMP1055,"05","3",1,0,0,LOW
1500000,15000,10,20,20,0,NONE,"05","2",2,0,0,LOW
48215,48215,20,10,10,48215,EMP1007,"05","3",3,0,0,LOW
500000,5000,10,20,20,0,NONE,"05","2",2,0,0,LOW
500000,5000,10,20,20,0,NONE,"05","2",2,0,0,LOW
107365,1074,20,20,20,107365,EMP1007,"05","3",2,0,0,LOW
74550,746,20,20,20,74550,EMP1007,"05","3",2,0,0,LOW
500000,5000,10,20,20,0,NONE,"05","2",2,0,0,LOW
80765,808,20,20,20,80765,EMP1007,"05","3",2,0,0,LOW
500000,5000,10,20,20,0,NONE,"05","2",2,0,0,LOW
74815,748,20,20,20,74815,EMP1007,"05","3",2,0,0,LOW
14113,14113,20,10,10,14113,EMP1007,"05","3",3,0,0,LOW
9798,9798,20,10,10,9798,EMP1007,"05","4",3,0,0,MEDIUM
10617,10617,20,10,10,10617,EMP1007,"05","3",3,0,0,LOW
9835,9835,20,10,10,9835,EMP1007,"05","3",3,0,0,LOW
13255,13255,20,10,10,13255,EMP1007,"05","4",3,0,0,LOW
9205,9205,20,10,10,9205,EMP1007,"05","3",3,0,0,LOW
9971,9971,20,10,10,9971,EMP1007,"05","3",3,0,0,LOW
9234,9234,20,10,10,9234,EMP1007,"05","4",3,0,0,LOW
1227,1227,30,10,10,1227,EMP1007,"05","4",1,0,0,LOW
852,852,30,10,10,852,EMP1007,"05","4",1,0,0,LOW
923,923,30,10,10,923,EMP1007,"05","4",1,0,0,LOW
855,855,30,10,10,855,EMP1007,"05","3",1,0,0,LOW
300000,3000,10,20,20,0,NONE,"05","4",2,0,0,LOW
250000,2500,10,20,20,0,NONE,"05","4",2,0,0,LOW
250000,2500,10,20,20,0,NONE,"05","4",2,0,0,LOW
300000,3000,10,20,20,0,NONE,"05","4",2,0,0,LOW
500000,5000,10,20,20,0,NONE,"05","4",2,0,0,LOW
1500000,15000,10,20,20,0,NONE,"05","3",2,0,0,LOW
250000,2500,10,20,20,0,NONE,"05","7",4,0,0,LOW
300000,3000,10,20,20,0,NONE,"05","7",2,0,0,LOW
48212,48212,20,10,10,48212,EMP1003,"05","7",3,0,0,LOW
107362,1074,20,20,20,107362,EMP1003,"05","7",2,0,0,LOW
74550,746,20,20,20,74550,EMP1003,"05","7",2,0,0,LOW
500000,5000,10,20,20,0,NONE,"05","6",2,0,0,LOW
500000,5000,10,20,20,0,NONE,"05","6",2,0,0,LOW
1500000,15000,10,20,20,0,NONE,"05","5",2,0,0,LOW
80762,808,20,20,20,80762,EMP1003,"05","7",2,0,0,LOW
74812,748,20,20,20,74812,EMP1003,"05","1",4,0,0,HIGH
14110,14110,20,10,10,14110,EMP1003,"05","7",3,0,0,LOW
9798,9798,20,10,10,9798,EMP1003,"05","1",3,0,0,LOW
10614,10614,20,10,10,10614,EMP1003,"05","7",3,0,0,HIGH
9832,9832,20,10,10,9832,EMP1003,"05","7",3,0,0,LOW
13251,13251,20,10,10,13251,EMP1003,"05","1",5,0,0,LOW
9201,9201,20,10,10,9201,EMP1003,"05","7",3,0,0,MEDIUM
9968,9968,20,10,10,9968,EMP1003,"05","7",3,0,0,LOW
9234,9234,20,10,10,9234,EMP1003,"05","1",3,0,0,LOW
1227,1227,30,10,10,1227,EMP1003,"05","1",1,0,0,LOW
852,852,30,10,10,852,EMP1003,"05","7",1,0,0,LOW
923,923,30,10,10,923,EMP1003,"05","1",1,0,0,LOW
855,855,30,10,10,855,EMP1003,"05","7",1,0,0,LOW
300000,3000,10,20,20,0,NONE,"05","2",2,0,0,LOW
250000,2500,10,20,20,0,NONE,"05","2",2,0,0,LOW
250000,2500,10,20,20,0,NONE,"05","2",2,0,0,LOW
300000,3000,10,20,20,0,NONE,"05","2",2,0,0,LOW
1000000,10000,10,20,20,0,NONE,"05","1",2,0,0,LOW
48212,48212,20,10,10,48212,EMP1055,"05","2",3,0,0,LOW
107362,1074,20,20,20,107362,EMP1055,"05","2",2,0,0,LOW
500000,5000,10,20,20,0,NONE,"05","7",2,0,0,LOW
74550,746,20,20,20,74550,EMP1055,"05","2",2,0,0,LOW
500000,5000,10,20,20,0,NONE,"05","7",4,0,0,LOW
80762,808,20,20,20,80762,EMP1055,"05","2",2,0,0,LOW
1500000,15000,10,20,20,0,NONE,"05","1",2,0,0,LOW
74812,748,20,20,20,74812,EMP1055,"05","2",2,0,0,LOW
14110,14110,20,10,10,14110,EMP1055,"05","2",3,0,0,LOW
9798,9798,20,10,10,9798,EMP1055,"05","2",3,0,0,LOW
14110,14110,20,10,10,14110,EMP1046,"05","5",3,0,0,LOW
9798,9798,20,10,10,9798,EMP1046,"05","5",3,0,0,LOW
10614,10614,20,10,10,10614,EMP1046,"05","5",3,0,0,LOW
9832,9832,20,10,10,9832,EMP1046,"05","5",3,0,0,LOW
13251,13251,20,10,10,13251,EMP1046,"05","5",3,0,0,LOW
9201,9201,20,10,10,9201,EMP1046,"05","5",3,0,0,LOW
9968,9968,20,10,10,9968,EMP1046,"05","6",3,0,0,LOW
9234,9234,20,10,10,9234,EMP1046,"05","6",3,0,0,LOW
1227,1227,30,10,10,1227,EMP1046,"05","5",1,0,0,LOW
852,852,30,10,10,852,EMP1046,"05","6",1,0,0,LOW
923,923,30,10,10,923,EMP1046,"05","6",1,0,0,LOW
855,855,30,10,10,855,EMP1046,"05","6",1,0,0,LOW
1500000,15000,10,20,20,0,NONE,"05","5",2,0,0,LOW
48212,48212,20,10,10,48212,EMP1041,"05","6",3,0,0,MEDIUM
500000,5000,10,20,20,0,NONE,"05","5",2,0,0,LOW
500000,5000,10,20,20,0,NONE,"05","5",2,0,0,LOW
1500000,15000,10,20,20,0,NONE,"05","4",2,0,0,LOW
107362,1074,20,20,20,107362,EMP1041,"05","6",2,0,0,LOW
500000,5000,10,20,20,0,NONE,"05","5",2,0,0,LOW
74550,746,20,20,20,74550,EMP1041,"05","6",2,0,0,LOW
500000,5000,10,20,20,0,NONE,"05","5",2,0,0,LOW
80762,808,20,20,20,80762,EMP1041,"05","6",2,0,0,LOW
500000,5000,10,20,20,0,NONE,"05","5",2,0,0,LOW
74812,748,20,20,20,74812,EMP1041,"05","6",2,0,0,LOW
14110,14110,20,10,10,14110,EMP1041,"05","7",3,0,0,LOW
9798,9798,20,10,10,9798,EMP1041,"05","6",3,0,0,LOW
10614,10614,20,10,10,10614,EMP1041,"05","6",3,0,0,LOW
9832,9832,20,10,10,9832,EMP1041,"05","6",3,0,0,LOW
13251,13251,20,10,10,13251,EMP1041,"05","6",3,0,0,LOW
9201,9201,20,10,10,9201,EMP1041,"05","6",3,0,0,LOW
9968,9968,20,10,10,9968,EMP1041,"05","6",3,0,0,LOW
9234,9234,20,10,10,9234,EMP1041,"05","6",3,0,0,LOW
1227,1227,30,10,10,1227,EMP1041,"05","6",1,0,0,LOW
852,852,30,10,10,852,EMP1041,"05","7",1,0,0,LOW
923,923,30,10,10,923,EMP1041,"05","7",1,0,0,LOW
855,855,30,10,10,855,EMP1041,"05","6",1,0,0,LOW
300000,3000,10,20,20,0,NONE,"05","7",2,0,0,LOW
250000,2500,10,20,20,0,NONE,"05","7",2,0,0,LOW
11624,11624,20,10,10,11624,EMP1042,"05","4",3,0,0,LOW
751,751,30,10,10,751,EMP1042,"05","4",1,0,0,LOW
1006,1006,30,10,10,1006,EMP1042,"05","4",1,0,0,LOW
1167,1167,30,10,10,1167,EMP1042,"05","4",1,0,0,LOW
1076,1076,30,10,10,1076,EMP1042,"05","4",1,0,0,LOW
500000,5000,10,20,20,0,NONE,"05","4",2,0,0,LOW
48212,48212,20,10,10,48212,EMP1041,"05","4",3,0,0,LOW
500000,5000,10,20,20,0,NONE,"05","3",2,0,0,LOW
500000,5000,10,20,20,0,NONE,"05","3",2,0,0,LOW
107362,1074,20,20,20,107362,EMP1041,"05","4",2,0,0,LOW
74550,746,20,20,20,74550,EMP1041,"05","4",2,0,0,LOW
500000,5000,10,20,20,0,NONE,"05","3",2,0,0,LOW
80762,808,20,20,20,80762,EMP1041,"05","4",2,0,0,LOW
74812,748,20,20,20,74812,EMP1041,"05","4",2,0,0,LOW
14110,14110,20,10,10,14110,EMP1041,"05","5",3,0,0,LOW
9798,9798,20,10,10,9798,EMP1041,"05","4",3,0,0,LOW
10614,10614,20,10,10,10614,EMP1041,"05","5",3,0,0,LOW
9832,9832,20,10,10,9832,EMP1041,"05","4",3,0,0,LOW
13251,13251,20,10,10,13251,EMP1041,"05","4",3,0,0,LOW
9201,9201,20,10,10,9201,EMP1041,"05","5",3,0,0,LOW
9968,9968,20,10,10,9968,EMP1041,"05","5",5,0,0,LOW
9234,9234,20,10,10,9234,EMP1041,"05","5",3,0,0,LOW
1227,1227,30,10,10,1227,EMP1041,"05","4",1,0,0,LOW
852,852,30,10,10,852,EMP1041,"05","5",1,0,0,LOW
923,923,30,10,10,923,EMP1041,"05","5",1,0,0,LOW
855,855,30,10,10,855,EMP1041,"05","5",1,0,0,LOW
300000,3000,10,20,20,0,NONE,"05","5",2,0,0,LOW
250000,2500,10,20,20,0,NONE,"05","5",2,0,0,LOW
250000,2500,10,20,20,0,NONE,"05","5",2,0,0,LOW
300000,3000,10,20,20,0,NONE,"05","5",2,0,0,LOW
1500000,15000,10,20,20,0,NONE,"05","4",2,0,0,LOW
48212,48212,20,10,10,48212,EMP1046,"05","5",3,0,0,LOW
107362,1074,20,20,20,107362,EMP1046,"05","5",2,0,0,LOW
500000,5000,10,20,20,0,NONE,"05","4",2,0,0,LOW
500000,5000,10,20,20,0,NONE,"05","4",2,0,0,LOW
74550,746,20,20,20,74550,EMP1046,"05","5",2,0,0,LOW
80762,808,20,20,20,80762,EMP1046,"05","5",2,0,0,LOW
74812,748,20,20,20,74812,EMP1046,"05","5",2,0,0,LOW
500000,5000,10,20,20,0,NONE,"05","1",2,0,0,LOW
1500000,15000,10,20,20,0,NONE,"05","1",4,0,0,LOW
102112,1021,20,20,20,102112,EMP1049,"05","2",2,0,0,LOW
94150,942,20,20,20,94150,EMP1049,"05","2",2,0,0,LOW
8636,8636,20,10,10,8636,EMP1049,"05","2",3,0,0,LOW
11569,11569,20,10,10,11569,EMP1049,"05","2",3,0,0,LOW
13420,13420,20,10,10,13420,EMP1049,"05","2",3,0,0,LOW
12374,12374,20,10,10,12374,EMP1049,"05","2",3,0,0,LOW
8110,8110,20,10,10,8110,EMP1049,"05","2",3,0,0,LOW
10864,10864,20,10,10,10864,EMP1049,"05","2",3,0,0,LOW
12603,12603,20,10,10,12603,EMP1049,"05","2",3,0,0,LOW
11620,11620,20,10,10,11620,EMP1049,"05","4",5,0,0,MEDIUM
751,751,30,10,10,751,EMP1049,"05","3",1,0,0,LOW
1006,1006,30,10,10,1006,EMP1049,"05","3",1,0,0,LOW
1167,1167,30,10,10,1167,EMP1049,"05","2",1,0,0,LOW
1076,1076,30,10,10,1076,EMP1049,"05","3",1,0,0,LOW
300000,3000,10,20,20,0,NONE,"05","3",2,0,0,LOW
250000,2500,10,20,20,0,NONE,"05","3",2,0,0,LOW
250000,2500,10,20,20,0,NONE,"05","3",2,0,0,LOW
300000,3000,10,20,20,0,NONE,"05","3",2,0,0,LOW
1500000,15000,10,20,20,0,NONE,"05","2",2,0,0,LOW
50000,50000,20,10,10,50000,EMP1042,"05","4",5,0,0,LOW
65715,657,20,20,20,65715,EMP1042,"05","3",2,0,0,LOW
500000,5000,10,20,20,0,NONE,"05","1",2,0,0,LOW
88025,880,20,20,20,88025,EMP1042,"05","3",2,0,0,LOW
500000,5000,10,20,20,0,NONE,"05","1",2,0,0,LOW
500000,5000,10,20,20,0,NONE,"05","2",2,0,0,LOW
102115,1021,20,20,20,102115,EMP1042,"05","3",2,0,0,LOW
1500000,15000,10,20,20,0,NONE,"05","2",2,0,0,LOW
1000000,10000,10,20,20,0,NONE,"05","2",2,0,0,LOW
94150,942,20,20,20,94150,EMP1042,"05","3",2,0,0,LOW
8639,8639,20,10,10,8639,EMP1042,"05","3",3,0,0,LOW
11569,11569,20,10,10,11569,EMP1042,"05","3",3,0,0,LOW
13423,13423,20,10,10,13423,EMP1042,"05","4",3,0,0,LOW
12374,12374,20,10,10,12374,EMP1042,"05","3",3,0,0,LOW
8114,8114,20,10,10,8114,EMP1042,"05","4",3,0,0,LOW
10868,10868,20,10,10,10868,EMP1042,"05","3",3,0,0,LOW
12606,12606,20,10,10,12606,EMP1042,"05","4",3,0,0,LOW
12603,12603,20,10,10,12603,EMP1057,"04","5",3,0,0,LOW
11620,11620,20,10,10,11620,EMP1057,"04","5",3,0,0,LOW
751,751,30,10,10,751,EMP1057,"04","5",3,0,0,LOW
1006,1006,30,10,10,1006,EMP1057,"05","6",1,0,0,LOW
1167,1167,30,10,10,1167,EMP1057,"05","6",1,0,0,LOW
1076,1076,30,10,10,1076,EMP1057,"05","6",1,0,0,LOW
300000,3000,10,20,20,0,NONE,"05","6",2,0,0,LOW
250000,2500,10,20,20,0,NONE,"05","6",2,0,0,LOW
250000,2500,10,20,20,0,NONE,"05","6",2,0,0,LOW
300000,3000,10,20,20,0,NONE,"05","6",4,0,0,LOW
50000,50000,20,10,10,50000,EMP1045,"05","6",3,0,0,LOW
65712,657,20,20,20,65712,EMP1045,"05","6",2,0,0,LOW
500000,5000,10,20,20,0,NONE,"04","4",2,0,0,LOW
1500000,15000,10,20,20,0,NONE,"04","5",2,0,0,LOW
88025,880,20,20,20,88025,EMP1045,"05","6",2,0,0,LOW
500000,5000,10,20,20,0,NONE,"04","5",2,0,0,LOW
102112,1021,20,20,20,102112,EMP1045,"05","6",2,0,0,LOW
94150,942,20,20,20,94150,EMP1045,"05","6",2,0,0,LOW
8636,8636,20,10,10,8636,EMP1045,"05","6",3,0,0,LOW
11569,11569,20,10,10,11569,EMP1045,"05","6",3,0,0,LOW
13420,13420,20,10,10,13420,EMP1045,"05","6",3,0,0,LOW
12374,12374,20,10,10,12374,EMP1045,"05","7",3,0,0,MEDIUM
8110,8110,20,10,10,8110,EMP1045,"05","7",3,0,0,LOW
10864,10864,20,10,10,10864,EMP1045,"05","7",3,0,0,LOW
12603,12603,20,10,10,12603,EMP1045,"05","7",3,0,0,LOW
11620,11620,20,10,10,11620,EMP1045,"05","6",3,0,0,LOW
751,751,30,10,10,751,EMP1045,"05","7",1,0,0,LOW
1006,1006,30,10,10,1006,EMP1045,"05","7",1,0,0,LOW
1167,1167,30,10,10,1167,EMP1045,"05","7",1,0,0,LOW
1076,1076,30,10,10,1076,EMP1045,"05","6",1,0,0,LOW
300000,3000,10,20,20,0,NONE,"05","1",2,0,0,LOW
250000,2500,10,20,20,0,NONE,"05","1",2,0,0,LOW
250000,2500,10,20,20,0,NONE,"05","1",2,0,0,LOW
300000,3000,10,20,20,0,NONE,"05","1",4,0,0,LOW
50000,50000,20,10,10,50000,EMP1049,"05","2",3,0,0,LOW
65712,657,20,20,20,65712,EMP1049,"05","2",2,0,0,LOW
88025,880,20,20,20,88025,EMP1049,"05","2",2,0,0,LOW
500000,5000,10,20,20,0,NONE,"05","1",2,0,0,LOW
1500000,15000,10,20,20,0,NONE,"04","3",2,0,0,LOW
50000,50000,20,10,10,50000,EMP1046,"04","4",3,0,0,LOW
65712,657,20,20,20,65712,EMP1046,"04","4",2,0,0,LOW
88025,880,20,20,20,88025,EMP1046,"04","4",2,0,0,LOW
500000,5000,10,20,20,0,NONE,"04","3",2,0,0,LOW
102112,1021,20,20,20,102112,EMP1046,"04","4",2,0,0,LOW
94150,942,20,20,20,94150,EMP1046,"04","4",2,0,0,LOW
8636,8636,20,10,10,8636,EMP1046,"04","4",3,0,0,LOW
11569,11569,20,10,10,11569,EMP1046,"04","4",3,0,0,LOW
13420,13420,20,10,10,13420,EMP1046,"04","5",5,0,0,LOW
12374,12374,20,10,10,12374,EMP1046,"04","4",3,0,0,LOW
8110,8110,20,10,10,8110,EMP1046,"04","5",3,0,0,LOW
10864,10864,20,10,10,10864,EMP1046,"04","4",3,0,0,LOW
12603,12603,20,10,10,12603,EMP1046,"04","4",3,0,0,LOW
11620,11620,20,10,10,11620,EMP1046,"04","5",3,0,0,LOW
751,751,30,10,10,751,EMP1046,"04","5",1,0,0,LOW
1006,1006,30,10,10,1006,EMP1046,"04","5",1,0,0,LOW
1167,1167,30,10,10,1167,EMP1046,"04","4",1,0,0,LOW
1076,1076,30,10,10,1076,EMP1046,"04","5",1,0,0,LOW
1500000,15000,10,20,20,0,NONE,"04","4",2,0,0,LOW
50000,50000,20,10,10,50000,EMP1057,"04","5",3,0,0,LOW
500000,5000,10,20,20,0,NONE,"04","3",2,0,0,LOW
500000,5000,10,20,20,0,NONE,"04","3",2,0,0,LOW
1500000,15000,10,20,20,0,NONE,"04","4",2,0,0,LOW
65712,657,20,20,20,65712,EMP1057,"05","6",4,0,0,LOW
500000,5000,10,20,20,0,NONE,"04","4",2,0,0,LOW
88025,880,20,20,20,88025,EMP1057,"04","5",2,0,0,LOW
500000,5000,10,20,20,0,NONE,"04","4",2,0,0,LOW
500000,5000,10,20,20,0,NONE,"04","4",2,0,0,LOW
102112,1021,20,20,20,102112,EMP1057,"04","5",2,0,0,LOW
500000,5000,10,20,20,0,NONE,"04","4",2,0,0,LOW
94150,942,20,20,20,94150,EMP1057,"04","5",2,0,0,LOW
8636,8636,20,10,10,8636,EMP1057,"04","5",3,0,0,LOW
11569,11569,20,10,10,11569,EMP1057,"04","5",3,0,0,LOW
13420,13420,20,10,10,13420,EMP1057,"05","7",5,0,0,LOW
12374,12374,20,10,10,12374,EMP1057,"04","5",3,0,0,LOW
8110,8110,20,10,10,8110,EMP1057,"05","6",3,0,0,LOW
10864,10864,20,10,10,10864,EMP1057,"04","5",3,0,0,LOW
9119,9119,20,10,10,9119,EMP1056,"04","2",3,0,0,LOW
8682,8682,20,10,10,8682,EMP1056,"04","2",3,0,0,LOW
11212,11212,20,10,10,11212,EMP1056,"04","3",3,0,0,LOW
10430,10430,20,10,10,10430,EMP1056,"04","2",3,0,0,LOW
8564,8564,20,10,10,8564,EMP1056,"04","2",3,0,0,LOW
8154,8154,20,10,10,8154,EMP1056,"04","3",3,0,0,MEDIUM
10530,10530,20,10,10,10530,EMP1056,"04","2",3,0,0,LOW
9795,9795,20,10,10,9795,EMP1056,"04","2",3,0,0,LOW
793,793,30,10,10,793,EMP1056,"04","3",1,0,0,LOW
755,755,30,10,10,755,EMP1056,"04","3",1,0,0,LOW
975,975,30,10,10,975,EMP1056,"04","3",1,0,0,LOW
907,907,30,10,10,907,EMP1056,"04","3",1,0,0,LOW
42875,42875,20,10,10,42875,EMP1043,"04","3",3,0,0,LOW
69390,694,20,20,20,69390,EMP1043,"04","3",2,0,0,LOW
66065,661,20,20,20,66065,EMP1043,"04","3",2,0,0,LOW
500000,5000,10,20,20,0,NONE,"04","2",4,0,0,LOW
85315,853,20,20,20,85315,EMP1043,"04","3",2,0,0,LOW
500000,5000,10,20,20,0,NONE,"04","2",2,0,0,LOW
79365,794,20,20,20,79365,EMP1043,"04","3",2,0,0,LOW
9122,9122,20,10,10,9122,EMP1043,"04","3",3,0,0,LOW
8685,8685,20,10,10,8685,EMP1043,"04","3",3,0,0,LOW
11215,11215,20,10,10,11215,EMP1043,"04","3",3,0,0,HIGH
10433,10433,20,10,10,10433,EMP1043,"04","3",3,0,0,LOW
8567,8567,20,10,10,8567,EMP1043,"04","4",3,0,0,LOW
8154,8154,20,10,10,8154,EMP1043,"04","3",3,0,0,LOW
10530,10530,20,10,10,10530,EMP1043,"04","3",3,0,0,LOW
9799,9799,20,10,10,9799,EMP1043,"04","3",3,0,0,LOW
793,793,30,10,10,793,EMP1043,"04","4",1,0,0,LOW
755,755,30,10,10,755,EMP1043,"04","3",1,0,0,LOW
975,975,30,10,10,975,EMP1043,"04","3",1,0,0,LOW
907,907,30,10,10,907,EMP1043,"04","4",3,0,0,MEDIUM
300000,3000,10,20,20,0,NONE,"04","4",2,0,0,LOW
250000,2500,10,20,20,0,NONE,"04","4",2,0,0,LOW
250000,2500,10,20,20,0,NONE,"04","4",2,0,0,LOW
300000,3000,10,20,20,0,NONE,"04","4",2,0,0,LOW
500000,5000,10,20,20,0,NONE,"04","4",2,0,0,LOW
1000000,10000,10,20,20,0,NONE,"04","3",2,0,0,LOW
907,907,30,10,10,907,EMP1053,"04","6",1,0,0,LOW
300000,3000,10,20,20,0,NONE,"04","7",2,0,0,LOW
250000,2500,10,20,20,0,NONE,"04","7",2,0,0,LOW
250000,2500,10,20,20,0,NONE,"04","7",2,0,0,LOW
300000,3000,10,20,20,0,NONE,"04","7",2,0,0,LOW
42875,42875,20,10,10,42875,EMP1054,"04","7",3,0,0,LOW
1500000,15000,10,20,20,0,NONE,"04","6",2,0,0,LOW
69387,694,20,20,20,69387,EMP1054,"04","7",2,0,0,LOW
66062,661,20,20,20,66062,EMP1054,"04","7",2,0,0,LOW
500000,5000,10,20,20,0,NONE,"04","6",2,0,0,LOW
85312,853,20,20,20,85312,EMP1054,"04","7",2,0,0,LOW
79362,794,20,20,20,79362,EMP1054,"04","7",2,0,0,LOW
9119,9119,20,10,10,9119,EMP1054,"04","1",3,0,0,LOW
8682,8682,20,10,10,8682,EMP1054,"04","7",3,0,0,LOW
11212,11212,20,10,10,11212,EMP1054,"04","7",3,0,0,LOW
10430,10430,20,10,10,10430,EMP1054,"04","7",3,0,0,LOW
8564,8564,20,10,10,8564,EMP1054,"04","1",3,0,0,LOW
8154,8154,20,10,10,8154,EMP1054,"04","7",3,0,0,HIGH
10530,10530,20,10,10,10530,EMP1054,"04","1",3,0,0,LOW
9795,9795,20,10,10,9795,EMP1054,"04","1",3,0,0,LOW
793,793,30,10,10,793,EMP1054,"04","1",1,0,0,LOW
755,755,30,10,10,755,EMP1054,"04","1",1,0,0,LOW
975,975,30,10,10,975,EMP1054,"04","7",1,0,0,LOW
907,907,30,10,10,907,EMP1054,"04","7",1,0,0,LOW
300000,3000,10,20,20,0,NONE,"04","2",2,0,0,LOW
250000,2500,10,20,20,0,NONE,"04","2",4,0,0,LOW
250000,2500,10,20,20,0,NONE,"04","2",2,0,0,LOW
300000,3000,10,20,20,0,NONE,"04","2",2,0,0,LOW
1500000,15000,10,20,20,0,NONE,"04","7",2,0,0,LOW
42875,42875,20,10,10,42875,EMP1056,"04","2",3,0,0,LOW
69387,694,20,20,20,69387,EMP1056,"04","2",2,0,0,LOW
66062,661,20,20,20,66062,EMP1056,"04","2",2,0,0,LOW
500000,5000,10,20,20,0,NONE,"04","7",2,0,0,LOW
1500000,15000,10,20,20,0,NONE,"04","1",2,0,0,LOW
85312,853,20,20,20,85312,EMP1056,"04","2",2,0,0,LOW
500000,5000,10,20,20,0,NONE,"04","1",2,0,0,LOW
500000,5000,10,20,20,0,NONE,"04","1",2,0,0,LOW
79362,794,20,20,20,79362,EMP1056,"04","2",2,0,0,LOW
500000,5000,10,20,20,0,NONE,"04","4",4,0,0,LOW
85312,853,20,20,20,85312,EMP1044,"04","5",2,0,0,LOW
1500000,15000,10,20,20,0,NONE,"04","4",2,0,0,LOW
79362,794,20,20,20,79362,EMP1044,"04","5",2,0,0,LOW
9119,9119,20,10,10,9119,EMP1044,"04","5",3,0,0,HIGH
8682,8682,20,10,10,8682,EMP1044,"04","5",3,0,0,LOW
11212,11212,20,10,10,11212,EMP1044,"04","5",3,0,0,LOW
10430,10430,20,10,10,10430,EMP1044,"04","5",3,0,0,LOW
8564,8564,20,10,10,8564,EMP1044,"04","5",3,0,0,LOW
8154,8154,20,10,10,8154,EMP1044,"04","5",3,0,0,LOW
10530,10530,20,10,10,10530,EMP1044,"04","5",3,0,0,LOW
9795,9795,20,10,10,9795,EMP1044,"04","5",3,0,0,LOW
793,793,30,10,10,793,EMP1044,"04","6",1,0,0,LOW
755,755,30,10,10,755,EMP1044,"04","6",1,0,0,LOW
975,975,30,10,10,975,EMP1044,"04","6",1,0,0,LOW
907,907,30,10,10,907,EMP1044,"04","6",1,0,0,LOW
42875,42875,20,10,10,42875,EMP1053,"04","6",3,0,0,MEDIUM
500000,5000,10,20,20,0,NONE,"04","4",2,0,0,LOW
69387,694,20,20,20,69387,EMP1053,"04","6",2,0,0,LOW
66062,661,20,20,20,66062,EMP1053,"04","6",2,0,0,LOW
500000,5000,10,20,20,0,NONE,"04","4",2,0,0,LOW
500000,5000,10,20,20,0,NONE,"04","5",2,0,0,LOW
500000,5000,10,20,20,0,NONE,"04","5",2,0,0,LOW
85312,853,20,20,20,85312,EMP1053,"04","6",2,0,0,LOW
500000,5000,10,20,20,0,NONE,"04","5",2,0,0,LOW
79362,794,20,20,20,79362,EMP1053,"04","6",2,0,0,LOW
9119,9119,20,10,10,9119,EMP1053,"04","7",3,0,0,LOW
8682,8682,20,10,10,8682,EMP1053,"04","6",3,0,0,LOW
11212,11212,20,10,10,11212,EMP1053,"04","6",3,0,0,MEDIUM
10430,10430,20,10,10,10430,EMP1053,"04","6",3,0,0,LOW
8564,8564,20,10,10,8564,EMP1053,"04","7",3,0,0,MEDIUM
8154,8154,20,10,10,8154,EMP1053,"04","7",3,0,0,LOW
10530,10530,20,10,10,10530,EMP1053,"04","6",3,0,0,LOW
9795,9795,20,10,10,9795,EMP1053,"04","6",3,0,0,LOW
793,793,30,10,10,793,EMP1053,"04","7",1,0,0,LOW
755,755,30,10,10,755,EMP1053,"04","7",1,0,0,LOW
975,975,30,10,10,975,EMP1053,"04","7",1,0,0,LOW
11841,11841,20,10,10,11841,EMP1042,"04","4",3,0,0,LOW
9691,9691,20,10,10,9691,EMP1042,"04","4",3,0,0,LOW
11934,11934,20,10,10,11934,EMP1042,"04","4",3,0,0,LOW
13319,13319,20,10,10,13319,EMP1042,"04","4",3,0,0,LOW
1096,1096,30,10,10,1096,EMP1042,"04","3",1,0,0,LOW
897,897,30,10,10,897,EMP1042,"04","4",1,0,0,LOW
1105,1105,30,10,10,1105,EMP1042,"04","4",1,0,0,LOW
1233,1233,30,10,10,1233,EMP1042,"04","3",1,0,0,LOW
500000,5000,10,20,20,0,NONE,"04","4",2,0,0,LOW
42875,42875,20,10,10,42875,EMP1046,"04","4",3,0,0,LOW
500000,5000,10,20,20,0,NONE,"04","3",2,0,0,LOW
69387,694,20,20,20,69387,EMP1046,"04","4",2,0,0,LOW
500000,5000,10,20,20,0,NONE,"04","3",2,0,0,LOW
500000,5000,10,20,20,0,NONE,"04","3",2,0,0,LOW
1500000,15000,10,20,20,0,NONE,"04","3",2,0,0,LOW
66062,661,20,20,20,66062,EMP1046,"04","4",2,0,0,LOW
85312,853,20,20,20,85312,EMP1046,"04","4",2,0,0,LOW
79362,794,20,20,20,79362,EMP1046,"04","4",2,0,0,LOW
9119,9119,20,10,10,9119,EMP1046,"04","4",3,0,0,LOW
8682,8682,20,10,10,8682,EMP1046,"04","4",3,0,0,LOW
11212,11212,20,10,10,11212,EMP1046,"04","4",3,0,0,LOW
10430,10430,20,10,10,10430,EMP1046,"04","4",3,0,0,LOW
8564,8564,20,10,10,8564,EMP1046,"04","5",3,0,0,LOW
8154,8154,20,10,10,8154,EMP1046,"04","4",3,0,0,LOW
10530,10530,20,10,10,10530,EMP1046,"04","5",5,0,0,MEDIUM
9795,9795,20,10,10,9795,EMP1046,"04","4",3,0,0,LOW
793,793,30,10,10,793,EMP1046,"04","5",1,0,0,LOW
755,755,30,10,10,755,EMP1046,"04","4",1,0,0,LOW
975,975,30,10,10,975,EMP1046,"04","5",1,0,0,LOW
907,907,30,10,10,907,EMP1046,"04","5",1,0,0,LOW
300000,3000,10,20,20,0,NONE,"04","5",2,0,0,LOW
250000,2500,10,20,20,0,NONE,"04","5",2,0,0,LOW
250000,2500,10,20,20,0,NONE,"04","5",2,0,0,LOW
300000,3000,10,20,20,0,NONE,"04","5",2,0,0,LOW
42875,42875,20,10,10,42875,EMP1044,"04","5",3,0,0,LOW
69387,694,20,20,20,69387,EMP1044,"04","5",2,0,0,LOW
500000,5000,10,20,20,0,NONE,"04","4",2,0,0,LOW
66062,661,20,20,20,66062,EMP1044,"04","5",2,0,0,LOW
107887,1079,20,20,20,107887,EMP1002,"04","3",4,0,0,LOW
12604,12604,20,10,10,12604,EMP1002,"04","2",3,0,0,LOW
10315,10315,20,10,10,10315,EMP1002,"04","3",3,0,0,LOW
12707,12707,20,10,10,12707,EMP1002,"04","2",3,0,0,LOW
14179,14179,20,10,10,14179,EMP1002,"04","2",3,0,0,LOW
11836,11836,20,10,10,11836,EMP1002,"04","3",3,0,0,LOW
9687,9687,20,10,10,9687,EMP1002,"04","3",3,0,0,LOW
11934,11934,20,10,10,11934,EMP1002,"04","2",3,0,0,LOW
13316,13316,20,10,10,13316,EMP1002,"04","2",3,0,0,LOW
1096,1096,30,10,10,1096,EMP1002,"04","2",1,0,0,LOW
897,897,30,10,10,897,EMP1002,"04","3",1,0,0,LOW
1105,1105,30,10,10,1105,EMP1002,"04","3",1,0,0,LOW
1233,1233,30,10,10,1233,EMP1002,"04","3",1,0,0,LOW
300000,3000,10,20,20,0,NONE,"04","3",2,0,0,LOW
250000,2500,10,20,20,0,NONE,"04","3",4,0,0,LOW
250000,2500,10,20,20,0,NONE,"04","3",2,0,0,LOW
300000,3000,10,20,20,0,NONE,"04","3",2,0,0,LOW
1500000,15000,10,20,20,0,NONE,"04","3",2,0,0,LOW
1500000,15000,10,20,20,0,NONE,"04","3",2,0,0,LOW
1000000,10000,10,20,20,0,NONE,"04","3",2,0,0,LOW
500000,500000,40,10,10,0,NONE,"04","3",3,0,0,LOW
500000,500000,40,10,10,0,NONE,"04","3",3,0,0,LOW
400000,400000,40,10,10,0,NONE,"04","3",3,0,0,LOW
400000,400000,40,10,10,0,NONE,"04","3",3,0,0,LOW
30000,30000,40,10,10,0,NONE,"04","3",3,0,0,LOW
500,500,40,10,10,0,NONE,"04","3",1,0,0,LOW
500000,5000,40,20,20,0,NONE,"04","3",2,0,0,LOW
500000,5000,40,20,20,0,NONE,"04","3",2,0,0,LOW
54140,54140,20,10,10,54140,EMP1042,"04","3",3,0,0,LOW
95900,959,20,20,20,95900,EMP1042,"04","3",2,0,0,LOW
78490,785,20,20,20,78490,EMP1042,"04","3",2,0,0,LOW
500000,5000,10,20,20,0,NONE,"04","2",2,0,0,LOW
96690,967,20,20,20,96690,EMP1042,"04","3",2,0,0,LOW
107890,1079,20,20,20,107890,EMP1042,"04","3",2,0,0,LOW
12604,12604,20,10,10,12604,EMP1042,"04","3",3,0,0,LOW
10318,10318,20,10,10,10318,EMP1042,"04","3",3,0,0,LOW
12710,12710,20,10,10,12710,EMP1042,"04","3",3,0,0,LOW
14182,14182,20,10,10,14182,EMP1042,"04","3",3,0,0,HIGH
1233,1233,30,10,10,1233,EMP1044,"04","6",1,0,0,LOW
1500000,15000,10,20,20,0,NONE,"04","6",2,0,0,LOW
1500000,15000,10,20,20,0,NONE,"04","6",2,0,0,LOW
54137,54137,20,10,10,54137,EMP1006,"04","7",3,0,0,LOW
500000,5000,10,20,20,0,NONE,"04","6",2,0,0,LOW
95900,959,20,20,20,95900,EMP1006,"04","7",2,0,0,LOW
500000,5000,10,20,20,0,NONE,"04","6",2,0,0,LOW
78487,785,20,20,20,78487,EMP1006,"04","7",2,0,0,LOW
500000,5000,10,20,20,0,NONE,"04","5",2,0,0,LOW
96687,967,20,20,20,96687,EMP1006,"04","7",2,0,0,LOW
500000,5000,10,20,20,0,NONE,"04","6",2,0,0,LOW
107887,1079,20,20,20,107887,EMP1006,"04","7",2,0,0,LOW
12604,12604,20,10,10,12604,EMP1006,"04","7",3,0,0,LOW
10315,10315,20,10,10,10315,EMP1006,"04","7",3,0,0,LOW
12707,12707,20,10,10,12707,EMP1006,"04","7",3,0,0,LOW
14179,14179,20,10,10,14179,EMP1006,"04","7",3,0,0,LOW
11836,11836,20,10,10,11836,EMP1006,"04","7",3,0,0,LOW
9687,9687,20,10,10,9687,EMP1006,"04","1",3,0,0,LOW
11934,11934,20,10,10,11934,EMP1006,"04","7",3,0,0,HIGH
13316,13316,20,10,10,13316,EMP1006,"04","7",3,0,0,LOW
1096,1096,30,10,10,1096,EMP1006,"04","7",1,0,0,LOW
897,897,30,10,10,897,EMP1006,"04","1",1,0,0,LOW
1105,1105,30,10,10,1105,EMP1006,"04","7",1,0,0,LOW
1233,1233,30,10,10,1233,EMP1006,"04","1",1,0,0,LOW
300000,3000,10,20,20,0,NONE,"04","1",2,0,0,LOW
250000,2500,10,20,20,0,NONE,"04","1",2,0,0,LOW
250000,2500,10,20,20,0,NONE,"04","1",2,0,0,LOW
300000,3000,10,20,20,0,NONE,"04","1",2,0,0,LOW
54137,54137,20,10,10,54137,EMP1002,"04","2",3,0,0,LOW
1500000,15000,10,20,20,0,NONE,"04","1",2,0,0,LOW
95900,959,20,20,20,95900,EMP1002,"04","2",2,0,0,LOW
500000,5000,10,20,20,0,NONE,"04","1",2,0,0,LOW
78487,785,20,20,20,78487,EMP1002,"04","2",2,0,0,LOW
500000,5000,10,20,20,0,NONE,"04","7",2,0,0,LOW
96687,967,20,20,20,96687,EMP1002,"04","2",2,0,0,LOW
500000,5000,10,20,20,0,NONE,"04","7",2,0,0,LOW
500000,5000,10,20,20,0,NONE,"04","1",2,0,0,LOW
107887,1079,20,20,20,107887,EMP1050,"04","5",2,0,0,LOW
12604,12604,20,10,10,12604,EMP1050,"04","5",3,0,0,LOW
10315,10315,20,10,10,10315,EMP1050,"04","5",3,0,0,LOW
12707,12707,20,10,10,12707,EMP1050,"04","7",5,0,0,LOW
14179,14179,20,10,10,14179,EMP1050,"04","6",5,0,0,LOW
11836,11836,20,10,10,11836,EMP1050,"04","5",3,0,0,LOW
9687,9687,20,10,10,9687,EMP1050,"04","6",3,0,0,LOW
11934,11934,20,10,10,11934,EMP1050,"04","6",3,0,0,LOW
13316,13316,20,10,10,13316,EMP1050,"04","5",3,0,0,MEDIUM
1096,1096,30,10,10,1096,EMP1050,"04","5",1,0,0,LOW
897,897,30,10,10,897,EMP1050,"04","5",1,0,0,LOW
1105,1105,30,10,10,1105,EMP1050,"04","6",1,0,0,LOW
1233,1233,30,10,10,1233,EMP1050,"04","5",1,0,0,LOW
300000,3000,10,20,20,0,NONE,"04","6",4,0,0,LOW
250000,2500,10,20,20,0,NONE,"04","6",2,0,0,LOW
250000,2500,10,20,20,0,NONE,"04","6",2,0,0,LOW
300000,3000,10,20,20,0,NONE,"04","6",2,0,0,LOW
54137,54137,20,10,10,54137,EMP1044,"04","6",3,0,0,LOW
95900,959,20,20,20,95900,EMP1044,"04","6",2,0,0,LOW
78487,785,20,20,20,78487,EMP1044,"04","6",2,0,0,LOW
500000,5000,10,20,20,0,NONE,"04","5",2,0,0,LOW
500000,5000,10,20,20,0,NONE,"04","5",2,0,0,LOW
96687,967,20,20,20,96687,EMP1044,"04","7",4,0,0,LOW
500000,5000,10,20,20,0,NONE,"04","5",2,0,0,LOW
1000000,10000,10,20,20,0,NONE,"04","5",2,0,0,LOW
107887,1079,20,20,20,107887,EMP1044,"04","6",2,0,0,LOW
12604,12604,20,10,10,12604,EMP1044,"04","6",3,0,0,LOW
10315,10315,20,10,10,10315,EMP1044,"04","6",3,0,0,LOW
12707,12707,20,10,10,12707,EMP1044,"04","6",3,0,0,LOW
14179,14179,20,10,10,14179,EMP1044,"04","6",3,0,0,LOW
11836,11836,20,10,10,11836,EMP1044,"04","6",3,0,0,LOW
9687,9687,20,10,10,9687,EMP1044,"04","6",3,0,0,MEDIUM
11934,11934,20,10,10,11934,EMP1044,"04","6",3,0,0,LOW
13316,13316,20,10,10,13316,EMP1044,"04","7",3,0,0,LOW
1096,1096,30,10,10,1096,EMP1044,"04","6",1,0,0,LOW
897,897,30,10,10,897,EMP1044,"04","7",1,0,0,LOW
1105,1105,30,10,10,1105,EMP1044,"04","7",1,0,0,LOW
740,740,30,10,10,740,EMP1007,"04","4",1,0,0,LOW
944,944,30,10,10,944,EMP1007,"04","3",1,0,0,LOW
1130,1130,30,10,10,1130,EMP1007,"04","4",1,0,0,LOW
300000,3000,10,20,20,0,NONE,"04","4",2,0,0,LOW
250000,2500,10,20,20,0,NONE,"04","4",2,0,0,LOW
250000,2500,10,20,20,0,NONE,"04","4",2,0,0,LOW
300000,3000,10,20,20,0,NONE,"04","4",2,0,0,LOW
500000,5000,10,20,20,0,NONE,"04","4",2,0,0,LOW
54137,54137,20,10,10,54137,EMP1045,"04","4",3,0,0,LOW
95900,959,20,20,20,95900,EMP1045,"04","4",2,0,0,LOW
78487,785,20,20,20,78487,EMP1045,"04","4",2,0,0,LOW
500000,5000,10,20,20,0,NONE,"04","3",2,0,0,LOW
96687,967,20,20,20,96687,EMP1045,"04","4",2,0,0,LOW
500000,5000,10,20,20,0,NONE,"04","2",2,0,0,LOW
1500000,15000,10,20,20,0,NONE,"04","3",2,0,0,LOW
107887,1079,20,20,20,107887,EMP1045,"04","4",2,0,0,LOW
12604,12604,20,10,10,12604,EMP1045,"04","4",3,0,0,LOW
10315,10315,20,10,10,10315,EMP1045,"04","5",3,0,0,LOW
12707,12707,20,10,10,12707,EMP1045,"04","4",3,0,0,LOW
14179,14179,20,10,10,14179,EMP1045,"04","4",3,0,0,LOW
11836,11836,20,10,10,11836,EMP1045,"04","4",3,0,0,LOW
9687,9687,20,10,10,9687,EMP1045,"04","6",5,0,0,LOW
11934,11934,20,10,10,11934,EMP1045,"04","5",3,0,0,LOW
13316,13316,20,10,10,13316,EMP1045,"04","5",3,0,0,LOW
1096,1096,30,10,10,1096,EMP1045,"04","5",1,0,0,LOW
897,897,30,10,10,897,EMP1045,"04","4",1,0,0,LOW
1105,1105,30,10,10,1105,EMP1045,"04","4",1,0,0,LOW
1233,1233,30,10,10,1233,EMP1045,"04","5",1,0,0,LOW
1500000,15000,10,20,20,0,NONE,"04","4",2,0,0,LOW
54137,54137,20,10,10,54137,EMP1050,"04","5",3,0,0,LOW
500000,5000,10,20,20,0,NONE,"04","4",2,0,0,LOW
95900,959,20,20,20,95900,EMP1050,"04","5",2,0,0,LOW
500000,5000,10,20,20,0,NONE,"04","3",2,0,0,LOW
78487,785,20,20,20,78487,EMP1050,"04","5",2,0,0,LOW
500000,5000,10,20,20,0,NONE,"04","4",2,0,0,LOW
96687,967,20,20,20,96687,EMP1050,"04","5",2,0,0,LOW
500000,5000,10,20,20,0,NONE,"04","4",2,0,0,LOW
1500000,15000,10,20,20,0,NONE,"04","4",2,0,0,LOW
47187,47187,20,10,10,47187,EMP1051,"04","2",3,0,0,LOW
84087,841,20,20,20,84087,EMP1051,"04","2",2,0,0,LOW
1500000,15000,10,20,20,0,NONE,"04","1",2,0,0,LOW
64750,648,20,20,20,64750,EMP1051,"04","2",2,0,0,LOW
82600,826,20,20,20,82600,EMP1051,"04","2",2,0,0,LOW
1000000,10000,10,20,20,0,NONE,"04","1",2,0,0,LOW
98875,989,20,20,20,98875,EMP1051,"04","2",2,0,0,LOW
11051,11051,20,10,10,11051,EMP1051,"04","2",3,0,0,LOW
8510,8510,20,10,10,8510,EMP1051,"04","3",3,0,0,LOW
10856,10856,20,10,10,10856,EMP1051,"04","2",3,0,0,LOW
12995,12995,20,10,10,12995,EMP1051,"04","2",3,0,0,LOW
10378,10378,20,10,10,10378,EMP1051,"04","2",3,0,0,LOW
7992,7992,20,10,10,7992,EMP1051,"04","3",5,0,0,LOW
10195,10195,20,10,10,10195,EMP1051,"04","2",3,0,0,LOW
12204,12204,20,10,10,12204,EMP1051,"04","3",3,0,0,LOW
961,961,30,10,10,961,EMP1051,"04","2",1,0,0,LOW
740,740,30,10,10,740,EMP1051,"04","3",1,0,0,LOW
944,944,30,10,10,944,EMP1051,"04","2",1,0,0,LOW
1130,1130,30,10,10,1130,EMP1051,"04","3",1,0,0,LOW
47190,47190,20,10,10,47190,EMP1007,"04","3",3,0,0,LOW
500000,5000,10,20,20,0,NONE,"04","2",2,0,0,LOW
84090,841,20,20,20,84090,EMP1007,"04","3",2,0,0,LOW
500000,5000,10,20,20,0,NONE,"04","2",2,0,0,LOW
64750,648,20,20,20,64750,EMP1007,"04","3",2,0,0,LOW
500000,5000,10,20,20,0,NONE,"04","2",2,0,0,LOW
500000,5000,10,20,20,0,NONE,"04","2",2,0,0,LOW
1500000,15000,10,20,20,0,NONE,"04","2",2,0,0,LOW
82600,826,20,20,20,82600,EMP1007,"04","4",4,0,0,LOW
98875,989,20,20,20,98875,EMP1007,"04","3",2,0,0,LOW
11054,11054,20,10,10,11054,EMP1007,"04","3",3,0,0,LOW
8510,8510,20,10,10,8510,EMP1007,"04","3",3,0,0,LOW
10856,10856,20,10,10,10856,EMP1007,"04","3",3,0,0,LOW
12995,12995,20,10,10,12995,EMP1007,"04","3",3,0,0,LOW
10382,10382,20,10,10,10382,EMP1007,"04","3",3,0,0,LOW
7992,7992,20,10,10,7992,EMP1007,"04","3",3,0,0,LOW
10196,10196,20,10,10,10196,EMP1007,"04","3",3,0,0,LOW
12204,12204,20,10,10,12204,EMP1007,"04","4",3,0,0,LOW
961,961,30,10,10,961,EMP1007,"04","4",1,0,0,LOW
12204,12204,20,10,10,12204,EMP1057,"04","6",3,0,0,LOW
961,961,30,10,10,961,EMP1057,"04","6",1,0,0,LOW
740,740,30,10,10,740,EMP1057,"04","6",1,0,0,LOW
944,944,30,10,10,944,EMP1057,"04","6",1,0,0,LOW
1130,1130,30,10,10,1130,EMP1057,"04","5",1,0,0,LOW
47187,47187,20,10,10,47187,EMP1053,"04","6",3,0,0,LOW
500000,5000,10,20,20,0,NONE,"04","5",2,0,0,LOW
1500000,15000,10,20,20,0,NONE,"04","5",2,0,0,LOW
84087,841,20,20,20,84087,EMP1053,"04","6",2,0,0,LOW
500000,5000,10,20,20,0,NONE,"04","5",2,0,0,LOW
500000,5000,10,20,20,0,NONE,"04","4",2,0,0,LOW
64750,648,20,20,20,64750,EMP1053,"04","6",2,0,0,LOW
500000,5000,10,20,20,0,NONE,"04","5",2,0,0,LOW
82600,826,20,20,20,82600,EMP1053,"04","6",2,0,0,LOW
500000,5000,10,20,20,0,NONE,"04","5",2,0,0,LOW
500000,5000,10,20,20,0,NONE,"04","5",2,0,0,LOW
98875,989,20,20,20,98875,EMP1053,"04","6",2,0,0,LOW
11051,11051,20,10,10,11051,EMP1053,"04","6",3,0,0,LOW
8510,8510,20,10,10,8510,EMP1053,"04","6",3,0,0,LOW
10856,10856,20,10,10,10856,EMP1053,"04","6",3,0,0,LOW
12995,12995,20,10,10,12995,EMP1053,"04","6",3,0,0,LOW
10378,10378,20,10,10,10378,EMP1053,"04","7",3,0,0,MEDIUM
7992,7992,20,10,10,7992,EMP1053,"04","7",3,0,0,LOW
10195,10195,20,10,10,10195,EMP1053,"04","7",3,0,0,LOW
12204,12204,20,10,10,12204,EMP1053,"04","6",3,0,0,LOW
961,961,30,10,10,961,EMP1053,"04","6",1,0,0,LOW
740,740,30,10,10,740,EMP1053,"04","7",1,0,0,LOW
944,944,30,10,10,944,EMP1053,"04","6",1,0,0,LOW
1130,1130,30,10,10,1130,EMP1053,"04","7",1,0,0,LOW
300000,3000,10,20,20,0,NONE,"04","7",2,0,0,LOW
250000,2500,10,20,20,0,NONE,"04","7",2,0,0,LOW
250000,2500,10,20,20,0,NONE,"04","7",2,0,0,LOW
300000,3000,10,20,20,0,NONE,"04","7",2,0,0,LOW
300000,3000,10,20,20,0,NONE,"04","2",2,0,0,LOW
250000,2500,10,20,20,0,NONE,"04","2",2,0,0,LOW
250000,2500,10,20,20,0,NONE,"04","2",2,0,0,LOW
300000,3000,10,20,20,0,NONE,"04","2",2,0,0,LOW
1500000,15000,10,20,20,0,NONE,"04","1",2,0,0,LOW
500000,5000,10,20,20,0,NONE,"04","3",2,0,0,LOW
500000,5000,10,20,20,0,NONE,"04","3",2,0,0,LOW
84087,841,20,20,20,84087,EMP1052,"04","4",2,0,0,LOW
64750,648,20,20,20,64750,EMP1052,"04","4",2,0,0,LOW
500000,5000,10,20,20,0,NONE,"04","3",2,0,0,LOW
82600,826,20,20,20,82600,EMP1052,"04","4",2,0,0,LOW
1500000,15000,10,20,20,0,NONE,"04","3",2,0,0,LOW
98875,989,20,20,20,98875,EMP1052,"04","4",2,0,0,LOW
11051,11051,20,10,10,11051,EMP1052,"04","4",3,0,0,LOW
8510,8510,20,10,10,8510,EMP1052,"04","4",3,0,0,LOW
10856,10856,20,10,10,10856,EMP1052,"04","5",3,0,0,LOW
12995,12995,20,10,10,12995,EMP1052,"04","4",3,0,0,LOW
10378,10378,20,10,10,10378,EMP1052,"04","4",3,0,0,LOW
7992,7992,20,10,10,7992,EMP1052,"04","4",3,0,0,LOW
10195,10195,20,10,10,10195,EMP1052,"04","6",5,0,0,LOW
12204,12204,20,10,10,12204,EMP1052,"04","5",3,0,0,LOW
961,961,30,10,10,961,EMP1052,"04","4",1,0,0,LOW
740,740,30,10,10,740,EMP1052,"04","5",1,0,0,LOW
944,944,30,10,10,944,EMP1052,"04","4",1,0,0,LOW
1130,1130,30,10,10,1130,EMP1052,"04","5",1,0,0,LOW
300000,3000,10,20,20,0,NONE,"04","5",2,0,0,LOW
250000,2500,10,20,20,0,NONE,"04","5",2,0,0,LOW
250000,2500,10,20,20,0,NONE,"04","5",2,0,0,LOW
300000,3000,10,20,20,0,NONE,"04","5",2,0,0,LOW
47187,47187,20,10,10,47187,EMP1057,"04","6",5,0,0,LOW
84087,841,20,20,20,84087,EMP1057,"04","5",2,0,0,LOW
64750,648,20,20,20,64750,EMP1057,"04","5",2,0,0,LOW
500000,5000,10,20,20,0,NONE,"04","4",2,0,0,LOW
500000,5000,10,20,20,0,NONE,"04","4",2,0,0,LOW
82600,826,20,20,20,82600,EMP1057,"04","6",4,0,0,LOW
98875,989,20,20,20,98875,EMP1057,"04","5",2,0,0,LOW
11051,11051,20,10,10,11051,EMP1057,"04","5",3,0,0,LOW
8510,8510,20,10,10,8510,EMP1057,"04","6",3,0,0,LOW
10856,10856,20,10,10,10856,EMP1057,"04","5",3,0,0,LOW
12995,12995,20,10,10,12995,EMP1057,"04","5",3,0,0,LOW
10378,10378,20,10,10,10378,EMP1057,"04","5",3,0,0,LOW
7992,7992,20,10,10,7992,EMP1057,"04","5",3,0,0,LOW
10195,10195,20,10,10,10195,EMP1057,"04","5",3,0,0,LOW
13064,13064,20,10,10,13064,EMP1048,"04","2",3,0,0,LOW
9315,9315,20,10,10,9315,EMP1048,"04","3",5,0,0,LOW
9798,9798,20,10,10,9798,EMP1048,"04","2",3,0,0,LOW
10422,10422,20,10,10,10422,EMP1048,"04","2",3,0,0,LOW
12268,12268,20,10,10,12268,EMP1048,"04","3",3,0,0,LOW
8748,8748,20,10,10,8748,EMP1048,"04","2",3,0,0,MEDIUM
9201,9201,20,10,10,9201,EMP1048,"04","3",3,0,0,LOW
965,965,30,10,10,965,EMP1048,"04","3",1,0,0,LOW
1136,1136,30,10,10,1136,EMP1048,"04","3",1,0,0,LOW
810,810,30,10,10,810,EMP1048,"04","3",1,0,0,LOW
852,852,30,10,10,852,EMP1048,"04","2",1,0,0,LOW
300000,3000,10,20,20,0,NONE,"04","3",2,0,0,LOW
250000,2500,10,20,20,0,NONE,"04","3",2,0,0,LOW
250000,2500,10,20,20,0,NONE,"04","3",2,0,0,LOW
300000,3000,10,20,20,0,NONE,"04","3",2,0,0,LOW
47040,47040,20,10,10,47040,EMP1050,"04","3",3,0,0,LOW
1000000,10000,10,20,20,0,NONE,"04","2",2,0,0,LOW
84440,844,20,20,20,84440,EMP1050,"04","3",2,0,0,LOW
500000,5000,10,20,20,0,NONE,"04","2",2,0,0,LOW
99400,994,20,20,20,99400,EMP1050,"04","3",2,0,0,LOW
1500000,15000,10,20,20,0,NONE,"04","2",2,0,0,LOW
70875,709,20,20,20,70875,EMP1050,"04","3",2,0,0,LOW
74550,746,20,20,20,74550,EMP1050,"04","4",4,0,0,LOW
11100,11100,20,10,10,11100,EMP1050,"04","3",3,0,0,LOW
13064,13064,20,10,10,13064,EMP1050,"04","3",3,0,0,LOW
9315,9315,20,10,10,9315,EMP1050,"04","3",3,0,0,LOW
9798,9798,20,10,10,9798,EMP1050,"04","3",3,0,0,LOW
10422,10422,20,10,10,10422,EMP1050,"04","3",3,0,0,LOW
12272,12272,20,10,10,12272,EMP1050,"04","3",3,0,0,LOW
8748,8748,20,10,10,8748,EMP1050,"04","3",3,0,0,LOW
9204,9204,20,10,10,9204,EMP1050,"04","3",3,0,0,LOW
965,965,30,10,10,965,EMP1050,"04","4",1,0,0,LOW
1136,1136,30,10,10,1136,EMP1050,"04","4",1,0,0,LOW
810,810,30,10,10,810,EMP1050,"04","3",1,0,0,LOW
852,852,30,10,10,852,EMP1050,"04","4",1,0,0,LOW
500000,5000,10,20,20,0,NONE,"04","4",2,0,0,LOW
1500000,15000,10,20,20,0,NONE,"04","2",2,0,0,LOW
47187,47187,20,10,10,47187,EMP1052,"04","4",3,0,0,LOW
250000,2500,10,20,20,0,NONE,"04","6",2,0,0,LOW
250000,2500,10,20,20,0,NONE,"04","6",2,0,0,LOW
300000,3000,10,20,20,0,NONE,"04","6",4,0,0,LOW
1500000,15000,10,20,20,0,NONE,"04","4",2,0,0,LOW
47037,47037,20,10,10,47037,EMP1021,"04","6",3,0,0,MEDIUM
84437,844,20,20,20,84437,EMP1021,"04","6",2,0,0,LOW
500000,5000,10,20,20,0,NONE,"04","5",2,0,0,LOW
500000,5000,10,20,20,0,NONE,"04","4",2,0,0,LOW
99400,994,20,20,20,99400,EMP1021,"04","6",2,0,0,LOW
500000,5000,10,20,20,0,NONE,"04","4",2,0,0,LOW
70875,709,20,20,20,70875,EMP1021,"04","6",2,0,0,LOW
74550,746,20,20,20,74550,EMP1021,"04","7",4,0,0,LOW
11097,11097,20,10,10,11097,EMP1021,"04","6",3,0,0,LOW
13064,13064,20,10,10,13064,EMP1021,"04","6",3,0,0,LOW
9315,9315,20,10,10,9315,EMP1021,"04","6",3,0,0,LOW
9798,9798,20,10,10,9798,EMP1021,"04","6",3,0,0,LOW
10422,10422,20,10,10,10422,EMP1021,"04","7",3,0,0,MEDIUM
12268,12268,20,10,10,12268,EMP1021,"04","7",3,0,0,LOW
8748,8748,20,10,10,8748,EMP1021,"04","7",3,0,0,LOW
9201,9201,20,10,10,9201,EMP1021,"04","6",3,0,0,LOW
965,965,30,10,10,965,EMP1021,"04","7",1,0,0,LOW
1136,1136,30,10,10,1136,EMP1021,"04","7",1,0,0,LOW
810,810,30,10,10,810,EMP1021,"04","7",1,0,0,LOW
852,852,30,10,10,852,EMP1021,"04","7",1,0,0,LOW
300000,3000,10,20,20,0,NONE,"04","1",2,0,0,LOW
250000,2500,10,20,20,0,NONE,"04","1",2,0,0,LOW
250000,2500,10,20,20,0,NONE,"04","1",2,0,0,LOW
300000,3000,10,20,20,0,NONE,"04","1",2,0,0,LOW
47037,47037,20,10,10,47037,EMP1048,"04","2",3,0,0,LOW
1500000,15000,10,20,20,0,NONE,"04","1",4,0,0,LOW
84437,844,20,20,20,84437,EMP1048,"04","2",2,0,0,LOW
500000,5000,10,20,20,0,NONE,"04","1",2,0,0,LOW
99400,994,20,20,20,99400,EMP1048,"04","2",2,0,0,LOW
70875,709,20,20,20,70875,EMP1048,"04","2",2,0,0,LOW
500000,5000,10,20,20,0,NONE,"04","7",2,0,0,LOW
74550,746,20,20,20,74550,EMP1048,"04","2",2,0,0,LOW
11097,11097,20,10,10,11097,EMP1048,"04","3",5,0,0,LOW
500000,5000,10,20,20,0,NONE,"03","3",2,0,0,LOW
1500000,15000,10,20,20,0,NONE,"03","3",2,0,0,LOW
74550,746,20,20,20,74550,EMP1041,"04","4",2,0,0,LOW
11097,11097,20,10,10,11097,EMP1041,"04","4",3,0,0,LOW
13064,13064,20,10,10,13064,EMP1041,"04","4",3,0,0,LOW
9315,9315,20,10,10,9315,EMP1041,"04","4",3,0,0,LOW
9798,9798,20,10,10,9798,EMP1041,"04","4",3,0,0,LOW
10422,10422,20,10,10,10422,EMP1041,"04","4",3,0,0,LOW
12268,12268,20,10,10,12268,EMP1041,"04","4",3,0,0,LOW
8748,8748,20,10,10,8748,EMP1041,"04","5",5,0,0,LOW
9201,9201,20,10,10,9201,EMP1041,"04","4",3,0,0,LOW
965,965,30,10,10,965,EMP1041,"04","5",1,0,0,LOW
1136,1136,30,10,10,1136,EMP1041,"04","4",1,0,0,LOW
810,810,30,10,10,810,EMP1041,"04","5",1,0,0,LOW
852,852,30,10,10,852,EMP1041,"04","5",1,0,0,LOW
1500000,15000,10,20,20,0,NONE,"03","3",2,0,0,LOW
47037,47037,20,10,10,47037,EMP1057,"04","5",3,0,0,LOW
500000,5000,10,20,20,0,NONE,"04","4",2,0,0,LOW
84437,844,20,20,20,84437,EMP1057,"04","5",2,0,0,LOW
500000,5000,10,20,20,0,NONE,"03","3",2,0,0,LOW
500000,5000,10,20,20,0,NONE,"04","4",2,0,0,LOW
99400,994,20,20,20,99400,EMP1057,"04","5",2,0,0,LOW
70875,709,20,20,20,70875,EMP1057,"04","5",2,0,0,LOW
500000,5000,10,20,20,0,NONE,"03","3",2,0,0,LOW
74550,746,20,20,20,74550,EMP1057,"04","5",2,0,0,LOW
11097,11097,20,10,10,11097,EMP1057,"04","5",3,0,0,LOW
13064,13064,20,10,10,13064,EMP1057,"04","5",3,0,0,LOW
9315,9315,20,10,10,9315,EMP1057,"04","5",3,0,0,LOW
9798,9798,20,10,10,9798,EMP1057,"04","5",3,0,0,LOW
10422,10422,20,10,10,10422,EMP1057,"04","6",3,0,0,LOW
12268,12268,20,10,10,12268,EMP1057,"04","6",3,0,0,LOW
8748,8748,20,10,10,8748,EMP1057,"04","5",3,0,0,LOW
9201,9201,20,10,10,9201,EMP1057,"04","6",3,0,0,LOW
965,965,30,10,10,965,EMP1057,"04","6",1,0,0,LOW
1136,1136,30,10,10,1136,EMP1057,"04","6",1,0,0,LOW
810,810,30,10,10,810,EMP1057,"04","6",1,0,0,LOW
852,852,30,10,10,852,EMP1057,"04","6",1,0,0,LOW
300000,3000,10,20,20,0,NONE,"04","6",2,0,0,LOW
9018,9018,20,10,10,9018,EMP1055,"03","3",3,0,0,LOW
7851,7851,20,10,10,7851,EMP1055,"03","2",3,0,0,LOW
13996,13996,20,10,10,13996,EMP1055,"03","2",3,0,0,LOW
745,745,30,10,10,745,EMP1055,"03","3",1,0,0,LOW
835,835,30,10,10,835,EMP1055,"03","3",1,0,0,LOW
727,727,30,10,10,727,EMP1055,"03","3",1,0,0,LOW
1296,1296,30,10,10,1296,EMP1055,"03","3",3,0,0,LOW
45040,45040,20,10,10,45040,EMP1045,"03","3",3,0,0,LOW
500000,5000,10,20,20,0,NONE,"03","2",2,0,0,LOW
1000000,10000,10,20,20,0,NONE,"03","2",2,0,0,LOW
65190,652,20,20,20,65190,EMP1045,"03","3",2,0,0,LOW
1500000,15000,10,20,20,0,NONE,"03","2",2,0,0,LOW
73065,731,20,20,20,73065,EMP1045,"03","3",2,0,0,LOW
63615,636,20,20,20,63615,EMP1045,"03","3",2,0,0,LOW
500000,5000,10,20,20,0,NONE,"03","2",2,0,0,LOW
500000,5000,10,20,20,0,NONE,"03","1",2,0,0,LOW
113400,1134,20,20,20,113400,EMP1045,"03","3",2,0,0,LOW
8570,8570,20,10,10,8570,EMP1045,"03","3",3,0,0,LOW
9605,9605,20,10,10,9605,EMP1045,"03","3",3,0,0,LOW
8363,8363,20,10,10,8363,EMP1045,"03","3",3,0,0,LOW
14904,14904,20,10,10,14904,EMP1045,"03","3",3,0,0,LOW
8046,8046,20,10,10,8046,EMP1045,"04","4",3,0,0,LOW
9018,9018,20,10,10,9018,EMP1045,"04","4",3,0,0,LOW
7854,7854,20,10,10,7854,EMP1045,"04","4",3,0,0,LOW
14000,14000,20,10,10,14000,EMP1045,"04","4",3,0,0,LOW
745,745,30,10,10,745,EMP1045,"04","4",1,0,0,LOW
835,835,30,10,10,835,EMP1045,"03","3",1,0,0,LOW
727,727,30,10,10,727,EMP1045,"03","3",1,0,0,LOW
1296,1296,30,10,10,1296,EMP1045,"03","3",1,0,0,LOW
300000,3000,10,20,20,0,NONE,"04","4",2,0,0,LOW
250000,2500,10,20,20,0,NONE,"04","4",2,0,0,LOW
250000,2500,10,20,20,0,NONE,"04","4",2,0,0,LOW
300000,3000,10,20,20,0,NONE,"04","4",2,0,0,LOW
500000,5000,10,20,20,0,NONE,"04","4",2,0,0,LOW
47037,47037,20,10,10,47037,EMP1041,"04","4",3,0,0,LOW
84437,844,20,20,20,84437,EMP1041,"04","4",2,0,0,LOW
99400,994,20,20,20,99400,EMP1041,"04","4",2,0,0,LOW
70875,709,20,20,20,70875,EMP1041,"04","4",2,0,0,LOW
500000,5000,10,20,20,0,NONE,"03","5",2,0,0,LOW
63612,636,20,20,20,63612,EMP1041,"03","6",2,0,0,LOW
500000,5000,10,20,20,0,NONE,"03","5",2,0,0,LOW
500000,5000,10,20,20,0,NONE,"03","4",2,0,0,LOW
500000,5000,10,20,20,0,NONE,"03","5",4,0,0,LOW
113400,1134,20,20,20,113400,EMP1041,"03","6",2,0,0,LOW
8567,8567,20,10,10,8567,EMP1041,"03","6",3,0,0,LOW
9602,9602,20,10,10,9602,EMP1041,"03","6",3,0,0,LOW
8360,8360,20,10,10,8360,EMP1041,"03","6",3,0,0,LOW
14904,14904,20,10,10,14904,EMP1041,"03","6",3,0,0,LOW
8046,8046,20,10,10,8046,EMP1041,"03","6",3,0,0,LOW
9018,9018,20,10,10,9018,EMP1041,"03","6",3,0,0,MEDIUM
7851,7851,20,10,10,7851,EMP1041,"03","6",3,0,0,LOW
13996,13996,20,10,10,13996,EMP1041,"03","6",3,0,0,LOW
745,745,30,10,10,745,EMP1041,"03","6",1,0,0,LOW
835,835,30,10,10,835,EMP1041,"03","7",1,0,0,LOW
727,727,30,10,10,727,EMP1041,"03","7",1,0,0,LOW
1296,1296,30,10,10,1296,EMP1041,"03","7",3,0,0,LOW
300000,3000,10,20,20,0,NONE,"03","7",2,0,0,LOW
250000,2500,10,20,20,0,NONE,"03","7",2,0,0,LOW
250000,2500,10,20,20,0,NONE,"03","7",2,0,0,LOW
300000,3000,10,20,20,0,NONE,"03","7",2,0,0,LOW
300000,3000,10,20,20,0,NONE,"03","2",2,0,0,LOW
250000,2500,10,20,20,0,NONE,"03","2",2,0,0,LOW
250000,2500,10,20,20,0,NONE,"03","2",2,0,0,LOW
300000,3000,10,20,20,0,NONE,"03","2",2,0,0,LOW
1500000,15000,10,20,20,0,NONE,"03","1",2,0,0,LOW
45037,45037,20,10,10,45037,EMP1055,"03","2",3,0,0,LOW
1500000,15000,10,20,20,0,NONE,"03","1",2,0,0,LOW
65187,652,20,20,20,65187,EMP1055,"03","2",2,0,0,LOW
73062,731,20,20,20,73062,EMP1055,"03","2",2,0,0,LOW
63612,636,20,20,20,63612,EMP1055,"03","3",4,0,0,MEDIUM
113400,1134,20,20,20,113400,EMP1055,"03","2",2,0,0,LOW
8567,8567,20,10,10,8567,EMP1055,"03","3",3,0,0,LOW
9602,9602,20,10,10,9602,EMP1055,"03","2",3,0,0,LOW
8360,8360,20,10,10,8360,EMP1055,"03","2",3,0,0,LOW
14904,14904,20,10,10,14904,EMP1055,"03","2",3,0,0,LOW
8046,8046,20,10,10,8046,EMP1055,"03","2",3,0,0,LOW
8360,8360,20,10,10,8360,EMP1053,"03","5",3,0,0,LOW
14904,14904,20,10,10,14904,EMP1053,"03","4",3,0,0,LOW
8046,8046,20,10,10,8046,EMP1053,"03","4",3,0,0,LOW
9018,9018,20,10,10,9018,EMP1053,"03","4",3,0,0,LOW
7851,7851,20,10,10,7851,EMP1053,"03","4",3,0,0,LOW
13996,13996,20,10,10,13996,EMP1053,"03","4",3,0,0,LOW
745,745,30,10,10,745,EMP1053,"03","4",1,0,0,LOW
835,835,30,10,10,835,EMP1053,"03","5",1,0,0,LOW
727,727,30,10,10,727,EMP1053,"03","5",1,0,0,LOW
1296,1296,30,10,10,1296,EMP1053,"03","5",1,0,0,LOW
300000,3000,10,20,20,0,NONE,"03","5",2,0,0,LOW
250000,2500,10,20,20,0,NONE,"03","5",2,0,0,LOW
250000,2500,10,20,20,0,NONE,"03","5",2,0,0,LOW
300000,3000,10,20,20,0,NONE,"03","5",2,0,0,LOW
45037,45037,20,10,10,45037,EMP1052,"03","5",3,0,0,LOW
65187,652,20,20,20,65187,EMP1052,"03","5",2,0,0,LOW
500000,5000,10,20,20,0,NONE,"03","4",2,0,0,LOW
73062,731,20,20,20,73062,EMP1052,"03","5",2,0,0,LOW
63612,636,20,20,20,63612,EMP1052,"03","5",2,0,0,LOW
500000,5000,10,20,20,0,NONE,"03","4",2,0,0,LOW
1500000,15000,10,20,20,0,NONE,"03","4",2,0,0,LOW
113400,1134,20,20,20,113400,EMP1052,"03","5",2,0,0,LOW
8567,8567,20,10,10,8567,EMP1052,"03","5",3,0,0,LOW
9602,9602,20,10,10,9602,EMP1052,"03","5",3,0,0,LOW
8360,8360,20,10,10,8360,EMP1052,"03","5",3,0,0,LOW
14904,14904,20,10,10,14904,EMP1052,"03","5",3,0,0,LOW
8046,8046,20,10,10,8046,EMP1052,"03","5",3,0,0,LOW
9018,9018,20,10,10,9018,EMP1052,"03","5",3,0,0,LOW
7851,7851,20,10,10,7851,EMP1052,"03","5",3,0,0,LOW
13996,13996,20,10,10,13996,EMP1052,"03","5",3,0,0,LOW
745,745,30,10,10,745,EMP1052,"03","5",1,0,0,LOW
835,835,30,10,10,835,EMP1052,"03","6",1,0,0,LOW
727,727,30,10,10,727,EMP1052,"03","6",1,0,0,LOW
1296,1296,30,10,10,1296,EMP1052,"03","6",1,0,0,LOW
45037,45037,20,10,10,45037,EMP1041,"03","6",3,0,0,LOW
500000,5000,10,20,20,0,NONE,"03","5",2,0,0,LOW
65187,652,20,20,20,65187,EMP1041,"03","6",2,0,0,LOW
73062,731,20,20,20,73062,EMP1041,"03","6",2,0,0,LOW
250000,2500,10,20,20,0,NONE,"03","3",2,0,0,LOW
250000,2500,10,20,20,0,NONE,"03","3",2,0,0,LOW
300000,3000,10,20,20,0,NONE,"03","3",2,0,0,LOW
49625,49625,20,10,10,49625,EMP1045,"03","3",3,0,0,LOW
1500000,15000,10,20,20,0,NONE,"03","2",2,0,0,LOW
76650,767,20,20,20,76650,EMP1045,"03","3",2,0,0,LOW
83475,835,20,20,20,83475,EMP1045,"03","3",2,0,0,LOW
500000,5000,10,20,20,0,NONE,"03","1",2,0,0,LOW
80590,806,20,20,20,80590,EMP1045,"03","3",2,0,0,LOW
1000000,10000,10,20,20,0,NONE,"03","2",2,0,0,LOW
106665,1067,20,20,20,106665,EMP1045,"03","3",2,0,0,LOW
10074,10074,20,10,10,10074,EMP1045,"03","3",3,0,0,HIGH
10971,10971,20,10,10,10971,EMP1045,"03","3",3,0,0,MEDIUM
10594,10594,20,10,10,10594,EMP1045,"03","3",3,0,0,LOW
14021,14021,20,10,10,14021,EMP1045,"03","3",3,0,0,LOW
9464,9464,20,10,10,9464,EMP1045,"03","4",3,0,0,LOW
10304,10304,20,10,10,10304,EMP1045,"03","4",5,0,0,LOW
9950,9950,20,10,10,9950,EMP1045,"03","4",3,0,0,LOW
13166,13166,20,10,10,13166,EMP1045,"03","4",3,0,0,LOW
876,876,30,10,10,876,EMP1045,"03","3",1,0,0,LOW
954,954,30,10,10,954,EMP1045,"03","4",1,0,0,LOW
921,921,30,10,10,921,EMP1045,"03","4",1,0,0,LOW
1219,1219,30,10,10,1219,EMP1045,"03","4",1,0,0,LOW
500000,5000,10,20,20,0,NONE,"03","4",2,0,0,LOW
45037,45037,20,10,10,45037,EMP1053,"03","4",3,0,0,LOW
500000,5000,10,20,20,0,NONE,"03","2",2,0,0,LOW
65187,652,20,20,20,65187,EMP1053,"03","4",2,0,0,LOW
500000,5000,10,20,20,0,NONE,"03","3",4,0,0,HIGH
500000,5000,10,20,20,0,NONE,"03","3",2,0,0,LOW
500000,5000,10,20,20,0,NONE,"03","3",2,0,0,LOW
73062,731,20,20,20,73062,EMP1053,"03","4",2,0,0,LOW
1500000,15000,10,20,20,0,NONE,"03","3",2,0,0,LOW
63612,636,20,20,20,63612,EMP1053,"03","4",2,0,0,LOW
500000,5000,10,20,20,0,NONE,"03","3",2,0,0,LOW
113400,1134,20,20,20,113400,EMP1053,"03","4",2,0,0,LOW
8567,8567,20,10,10,8567,EMP1053,"03","4",3,0,0,LOW
9602,9602,20,10,10,9602,EMP1053,"03","5",3,0,0,LOW
10971,10971,20,10,10,10971,EMP1049,"03","6",3,0,0,LOW
10591,10591,20,10,10,10591,EMP1049,"03","6",3,0,0,LOW
14018,14018,20,10,10,14018,EMP1049,"03","6",3,0,0,LOW
9460,9460,20,10,10,9460,EMP1049,"03","7",3,0,0,LOW
10303,10303,20,10,10,10303,EMP1049,"03","6",3,0,0,LOW
9946,9946,20,10,10,9946,EMP1049,"03","6",3,0,0,LOW
13165,13165,20,10,10,13165,EMP1049,"03","7",3,0,0,LOW
876,876,30,10,10,876,EMP1049,"03","7",1,0,0,LOW
954,954,30,10,10,954,EMP1049,"03","7",1,0,0,LOW
921,921,30,10,10,921,EMP1049,"03","7",1,0,0,LOW
1219,1219,30,10,10,1219,EMP1049,"03","7",1,0,0,LOW
300000,3000,10,20,20,0,NONE,"03","1",2,0,0,LOW
250000,2500,10,20,20,0,NONE,"03","1",2,0,0,LOW
250000,2500,10,20,20,0,NONE,"03","1",2,0,0,LOW
300000,3000,10,20,20,0,NONE,"03","1",2,0,0,LOW
1500000,15000,10,20,20,0,NONE,"03","1",2,0,0,LOW
1500000,15000,10,20,20,0,NONE,"03","1",4,0,0,LOW
49625,49625,20,10,10,49625,EMP1004,"03","2",3,0,0,LOW
76650,767,20,20,20,76650,EMP1004,"03","2",2,0,0,LOW
83475,835,20,20,20,83475,EMP1004,"03","2",2,0,0,LOW
500000,5000,10,20,20,0,NONE,"03","1",2,0,0,LOW
80587,806,20,20,20,80587,EMP1004,"03","2",2,0,0,LOW
500000,5000,10,20,20,0,NONE,"03","1",2,0,0,LOW
500000,5000,10,20,20,0,NONE,"03","1",4,0,0,LOW
106662,1067,20,20,20,106662,EMP1004,"03","2",2,0,0,LOW
10074,10074,20,10,10,10074,EMP1004,"03","2",3,0,0,LOW
10971,10971,20,10,10,10971,EMP1004,"03","2",3,0,0,MEDIUM
10591,10591,20,10,10,10591,EMP1004,"03","2",3,0,0,LOW
14018,14018,20,10,10,14018,EMP1004,"03","2",3,0,0,LOW
9460,9460,20,10,10,9460,EMP1004,"03","3",3,0,0,LOW
10303,10303,20,10,10,10303,EMP1004,"03","2",3,0,0,LOW
9946,9946,20,10,10,9946,EMP1004,"03","2",3,0,0,LOW
13165,13165,20,10,10,13165,EMP1004,"03","3",3,0,0,LOW
876,876,30,10,10,876,EMP1004,"03","2",1,0,0,LOW
954,954,30,10,10,954,EMP1004,"03","3",1,0,0,LOW
921,921,30,10,10,921,EMP1004,"03","3",1,0,0,LOW
1219,1219,30,10,10,1219,EMP1004,"03","2",1,0,0,LOW
300000,3000,10,20,20,0,NONE,"03","3",2,0,0,LOW
954,954,30,10,10,954,EMP1053,"03","5",3,0,0,LOW
921,921,30,10,10,921,EMP1053,"03","5",1,0,0,LOW
1219,1219,30,10,10,1219,EMP1053,"03","5",1,0,0,LOW
49625,49625,20,10,10,49625,EMP1047,"03","5",3,0,0,LOW
500000,5000,10,20,20,0,NONE,"03","4",2,0,0,LOW
76650,767,20,20,20,76650,EMP1047,"03","5",2,0,0,LOW
500000,5000,10,20,20,0,NONE,"03","3",2,0,0,LOW
83475,835,20,20,20,83475,EMP1047,"03","5",2,0,0,LOW
80587,806,20,20,20,80587,EMP1047,"03","5",2,0,0,LOW
500000,5000,10,20,20,0,NONE,"03","4",2,0,0,LOW
500000,5000,10,20,20,0,NONE,"03","4",2,0,0,LOW
1500000,15000,10,20,20,0,NONE,"03","4",2,0,0,LOW
106662,1067,20,20,20,106662,EMP1047,"03","5",2,0,0,LOW
10074,10074,20,10,10,10074,EMP1047,"03","5",3,0,0,LOW
10971,10971,20,10,10,10971,EMP1047,"03","7",5,0,0,LOW
10591,10591,20,10,10,10591,EMP1047,"03","6",3,0,0,LOW
14018,14018,20,10,10,14018,EMP1047,"03","6",3,0,0,MEDIUM
9460,9460,20,10,10,9460,EMP1047,"03","5",3,0,0,LOW
10303,10303,20,10,10,10303,EMP1047,"03","6",3,0,0,LOW
9946,9946,20,10,10,9946,EMP1047,"03","6",5,0,0,LOW
13165,13165,20,10,10,13165,EMP1047,"03","5",3,0,0,LOW
876,876,30,10,10,876,EMP1047,"03","6",1,0,0,LOW
954,954,30,10,10,954,EMP1047,"03","6",1,0,0,LOW
921,921,30,10,10,921,EMP1047,"03","6",1,0,0,LOW
1219,1219,30,10,10,1219,EMP1047,"03","5",1,0,0,LOW
300000,3000,10,20,20,0,NONE,"03","6",2,0,0,LOW
250000,2500,10,20,20,0,NONE,"03","6",2,0,0,LOW
250000,2500,10,20,20,0,NONE,"03","6",2,0,0,LOW
300000,3000,10,20,20,0,NONE,"03","6",2,0,0,LOW
1500000,15000,10,20,20,0,NONE,"03","5",2,0,0,LOW
49625,49625,20,10,10,49625,EMP1049,"03","6",3,0,0,LOW
76650,767,20,20,20,76650,EMP1049,"03","6",2,0,0,LOW
500000,5000,10,20,20,0,NONE,"03","5",2,0,0,LOW
83475,835,20,20,20,83475,EMP1049,"03","6",2,0,0,LOW
80587,806,20,20,20,80587,EMP1049,"03","6",2,0,0,LOW
500000,5000,10,20,20,0,NONE,"03","5",2,0,0,LOW
106662,1067,20,20,20,106662,EMP1049,"03","6",2,0,0,LOW
10074,10074,20,10,10,10074,EMP1049,"03","6",3,0,0,HIGH
93015,930,20,20,20,93015,EMP1006,"03","3",2,0,0,LOW
76740,767,20,20,20,76740,EMP1006,"03","3",2,0,0,LOW
8869,8869,20,10,10,8869,EMP1006,"03","3",3,0,0,LOW
10258,10258,20,10,10,10258,EMP1006,"03","3",3,0,0,LOW
12227,12227,20,10,10,12227,EMP1006,"03","3",3,0,0,LOW
10088,10088,20,10,10,10088,EMP1006,"03","3",3,0,0,LOW
8330,8330,20,10,10,8330,EMP1006,"03","3",3,0,0,LOW
9636,9636,20,10,10,9636,EMP1006,"03","3",3,0,0,LOW
11482,11482,20,10,10,11482,EMP1006,"03","4",3,0,0,MEDIUM
9474,9474,20,10,10,9474,EMP1006,"03","3",3,0,0,LOW
771,771,30,10,10,771,EMP1006,"03","4",1,0,0,LOW
892,892,30,10,10,892,EMP1006,"03","4",1,0,0,LOW
1063,1063,30,10,10,1063,EMP1006,"03","4",1,0,0,LOW
877,877,30,10,10,877,EMP1006,"03","4",1,0,0,LOW
300000,3000,10,20,20,0,NONE,"03","4",2,0,0,LOW
250000,2500,10,20,20,0,NONE,"03","4",2,0,0,LOW
250000,2500,10,20,20,0,NONE,"03","4",2,0,0,LOW
300000,3000,10,20,20,0,NONE,"03","4",4,0,0,HIGH
500000,5000,10,20,20,0,NONE,"03","4",2,0,0,LOW
49625,49625,20,10,10,49625,EMP1053,"03","4",3,0,0,MEDIUM
500000,5000,10,20,20,0,NONE,"03","3",4,0,0,LOW
76650,767,20,20,20,76650,EMP1053,"03","4",2,0,0,LOW
83475,835,20,20,20,83475,EMP1053,"03","4",2,0,0,LOW
500000,5000,10,20,20,0,NONE,"03","3",2,0,0,LOW
1500000,15000,10,20,20,0,NONE,"03","3",2,0,0,LOW
80587,806,20,20,20,80587,EMP1053,"03","4",2,0,0,LOW
1000000,10000,10,20,20,0,NONE,"03","3",2,0,0,LOW
106662,1067,20,20,20,106662,EMP1053,"03","4",2,0,0,LOW
10074,10074,20,10,10,10074,EMP1053,"03","4",3,0,0,LOW
10971,10971,20,10,10,10971,EMP1053,"03","5",3,0,0,LOW
10591,10591,20,10,10,10591,EMP1053,"03","5",3,0,0,LOW
14018,14018,20,10,10,14018,EMP1053,"03","4",3,0,0,LOW
9460,9460,20,10,10,9460,EMP1053,"03","5",3,0,0,MEDIUM
10303,10303,20,10,10,10303,EMP1053,"03","5",3,0,0,HIGH
9946,9946,20,10,10,9946,EMP1053,"03","5",3,0,0,LOW
13165,13165,20,10,10,13165,EMP1053,"03","5",3,0,0,MEDIUM
876,876,30,10,10,876,EMP1053,"03","4",1,0,0,LOW
892,892,30,10,10,892,EMP1049,"03","6",1,0,0,LOW
1063,1063,30,10,10,1063,EMP1049,"03","7",1,0,0,LOW
877,877,30,10,10,877,EMP1049,"03","7",1,0,0,LOW
300000,3000,10,20,20,0,NONE,"03","7",2,0,0,LOW
250000,2500,10,20,20,0,NONE,"03","7",2,0,0,LOW
250000,2500,10,20,20,0,NONE,"03","7",2,0,0,LOW
300000,3000,10,20,20,0,NONE,"03","7",2,0,0,LOW
300000,3000,10,20,20,0,NONE,"03","2",2,0,0,LOW
250000,2500,10,20,20,0,NONE,"03","2",2,0,0,LOW
250000,2500,10,20,20,0,NONE,"03","2",2,0,0,LOW
300000,3000,10,20,20,0,NONE,"03","2",2,0,0,LOW
1500000,15000,10,20,20,0,NONE,"03","7",2,0,0,LOW
45037,45037,20,10,10,45037,EMP1007,"03","2",3,0,0,LOW
67462,675,20,20,20,67462,EMP1007,"03","2",2,0,0,LOW
78050,781,20,20,20,78050,EMP1007,"03","2",2,0,0,LOW
93012,930,20,20,20,93012,EMP1007,"03","2",2,0,0,LOW
76737,767,20,20,20,76737,EMP1007,"03","2",2,0,0,LOW
8866,8866,20,10,10,8866,EMP1007,"03","2",3,0,0,LOW
10258,10258,20,10,10,10258,EMP1007,"03","2",3,0,0,LOW
12224,12224,20,10,10,12224,EMP1007,"03","2",3,0,0,LOW
10085,10085,20,10,10,10085,EMP1007,"03","2",3,0,0,LOW
8326,8326,20,10,10,8326,EMP1007,"03","3",3,0,0,LOW
9633,9633,20,10,10,9633,EMP1007,"03","2",3,0,0,LOW
11480,11480,20,10,10,11480,EMP1007,"03","2",3,0,0,LOW
9471,9471,20,10,10,9471,EMP1007,"03","3",3,0,0,LOW
771,771,30,10,10,771,EMP1007,"03","3",1,0,0,LOW
892,892,30,10,10,892,EMP1007,"03","3",1,0,0,LOW
1063,1063,30,10,10,1063,EMP1007,"03","2",1,0,0,LOW
877,877,30,10,10,877,EMP1007,"03","3",1,0,0,LOW
1500000,15000,10,20,20,0,NONE,"03","1",2,0,0,LOW
45040,45040,20,10,10,45040,EMP1006,"03","3",3,0,0,LOW
500000,5000,10,20,20,0,NONE,"03","2",2,0,0,LOW
500000,5000,10,20,20,0,NONE,"03","2",2,0,0,LOW
67465,675,20,20,20,67465,EMP1006,"03","3",2,0,0,LOW
1500000,15000,10,20,20,0,NONE,"03","2",2,0,0,LOW
78050,781,20,20,20,78050,EMP1006,"03","3",2,0,0,LOW
500000,5000,10,20,20,0,NONE,"03","2",2,0,0,LOW
500000,5000,10,20,20,0,NONE,"03","1",2,0,0,LOW
45037,45037,20,10,10,45037,EMP1050,"03","5",3,0,0,LOW
67462,675,20,20,20,67462,EMP1050,"03","5",2,0,0,LOW
78050,781,20,20,20,78050,EMP1050,"03","5",2,0,0,LOW
500000,5000,10,20,20,0,NONE,"03","4",2,0,0,LOW
1500000,15000,10,20,20,0,NONE,"03","4",2,0,0,LOW
93012,930,20,20,20,93012,EMP1050,"03","5",2,0,0,LOW
76737,767,20,20,20,76737,EMP1050,"03","5",2,0,0,LOW
8866,8866,20,10,10,8866,EMP1050,"03","5",3,0,0,LOW
10258,10258,20,10,10,10258,EMP1050,"03","5",3,0,0,LOW
12224,12224,20,10,10,12224,EMP1050,"03","5",3,0,0,LOW
10085,10085,20,10,10,10085,EMP1050,"03","5",3,0,0,LOW
8326,8326,20,10,10,8326,EMP1050,"03","6",3,0,0,LOW
9633,9633,20,10,10,9633,EMP1050,"03","5",3,0,0,LOW
11480,11480,20,10,10,11480,EMP1050,"03","6",3,0,0,LOW
9471,9471,20,10,10,9471,EMP1050,"03","5",3,0,0,LOW
771,771,30,10,10,771,EMP1050,"03","6",1,0,0,LOW
892,892,30,10,10,892,EMP1050,"03","5",1,0,0,LOW
1063,1063,30,10,10,1063,EMP1050,"03","6",3,0,0,LOW
877,877,30,10,10,877,EMP1050,"03","6",1,0,0,LOW
45037,45037,20,10,10,45037,EMP1049,"03","6",3,0,0,LOW
500000,5000,10,20,20,0,NONE,"03","5",2,0,0,LOW
500000,5000,10,20,20,0,NONE,"03","5",2,0,0,LOW
67462,675,20,20,20,67462,EMP1049,"03","6",2,0,0,LOW
500000,5000,10,20,20,0,NONE,"03","5",2,0,0,LOW
78050,781,20,20,20,78050,EMP1049,"03","6",2,0,0,LOW
500000,5000,10,20,20,0,NONE,"03","4",2,0,0,LOW
500000,5000,10,20,20,0,NONE,"03","5",2,0,0,LOW
93012,930,20,20,20,93012,EMP1049,"03","6",2,0,0,LOW
76737,767,20,20,20,76737,EMP1049,"03","6",2,0,0,LOW
8866,8866,20,10,10,8866,EMP1049,"03","7",3,0,0,LOW
10258,10258,20,10,10,10258,EMP1049,"03","6",3,0,0,LOW
12224,12224,20,10,10,12224,EMP1049,"03","6",3,0,0,LOW
10085,10085,20,10,10,10085,EMP1049,"03","6",3,0,0,MEDIUM
8326,8326,20,10,10,8326,EMP1049,"03","7",3,0,0,LOW
9633,9633,20,10,10,9633,EMP1049,"03","7",3,0,0,LOW
11480,11480,20,10,10,11480,EMP1049,"03","7",3,0,0,LOW
9471,9471,20,10,10,9471,EMP1049,"03","6",3,0,0,LOW
771,771,30,10,10,771,EMP1049,"03","7",1,0,0,LOW
10893,10893,20,10,10,10893,EMP1045,"03","3",3,0,0,LOW
13975,13975,20,10,10,13975,EMP1045,"03","3",3,0,0,LOW
8502,8502,20,10,10,8502,EMP1045,"03","3",3,0,0,LOW
11526,11526,20,10,10,11526,EMP1045,"03","3",3,0,0,LOW
10230,10230,20,10,10,10230,EMP1045,"03","3",3,0,0,LOW
13122,13122,20,10,10,13122,EMP1045,"03","3",3,0,0,LOW
787,787,30,10,10,787,EMP1045,"03","3",1,0,0,LOW
1067,1067,30,10,10,1067,EMP1045,"03","3",1,0,0,LOW
947,947,30,10,10,947,EMP1045,"03","3",1,0,0,LOW
1215,1215,30,10,10,1215,EMP1045,"03","3",1,0,0,LOW
500000,5000,10,20,20,0,NONE,"03","4",2,0,0,LOW
1500000,15000,10,20,20,0,NONE,"03","3",2,0,0,LOW
45037,45037,20,10,10,45037,EMP1047,"03","4",3,0,0,LOW
67462,675,20,20,20,67462,EMP1047,"03","4",2,0,0,LOW
1500000,15000,10,20,20,0,NONE,"03","3",2,0,0,LOW
78050,781,20,20,20,78050,EMP1047,"03","4",2,0,0,LOW
500000,5000,10,20,20,0,NONE,"03","3",2,0,0,LOW
500000,5000,10,20,20,0,NONE,"03","3",2,0,0,LOW
93012,930,20,20,20,93012,EMP1047,"03","4",2,0,0,LOW
500000,5000,10,20,20,0,NONE,"03","3",2,0,0,LOW
1000000,10000,10,20,20,0,NONE,"03","3",2,0,0,LOW
76737,767,20,20,20,76737,EMP1047,"03","4",2,0,0,LOW
8866,8866,20,10,10,8866,EMP1047,"03","5",3,0,0,LOW
10258,10258,20,10,10,10258,EMP1047,"03","4",3,0,0,LOW
12224,12224,20,10,10,12224,EMP1047,"03","5",3,0,0,LOW
10085,10085,20,10,10,10085,EMP1047,"03","4",3,0,0,LOW
8326,8326,20,10,10,8326,EMP1047,"03","4",3,0,0,LOW
9633,9633,20,10,10,9633,EMP1047,"03","5",3,0,0,LOW
11480,11480,20,10,10,11480,EMP1047,"03","5",3,0,0,HIGH
9471,9471,20,10,10,9471,EMP1047,"03","4",3,0,0,LOW
771,771,30,10,10,771,EMP1047,"03","5",1,0,0,LOW
892,892,30,10,10,892,EMP1047,"03","5",1,0,0,LOW
1063,1063,30,10,10,1063,EMP1047,"03","4",1,0,0,LOW
877,877,30,10,10,877,EMP1047,"03","4",1,0,0,LOW
300000,3000,10,20,20,0,NONE,"03","5",2,0,0,LOW
250000,2500,10,20,20,0,NONE,"03","5",2,0,0,LOW
250000,2500,10,20,20,0,NONE,"03","5",2,0,0,LOW
300000,3000,10,20,20,0,NONE,"03","5",2,0,0,LOW
30000,30000,40,10,10,0,NONE,"03","7",3,0,0,LOW
300000,3000,10,20,20,0,NONE,"03","1",2,0,0,LOW
250000,2500,10,20,20,0,NONE,"03","1",2,0,0,LOW
250000,2500,10,20,20,0,NONE,"03","1",2,0,0,LOW
300000,3000,10,20,20,0,NONE,"03","1",4,0,0,LOW
50200,50200,20,10,10,50200,EMP1055,"03","2",3,0,0,LOW
68862,689,20,20,20,68862,EMP1055,"03","2",2,0,0,LOW
93362,934,20,20,20,93362,EMP1055,"03","2",2,0,0,LOW
500000,5000,10,20,20,0,NONE,"03","1",2,0,0,LOW
82862,829,20,20,20,82862,EMP1055,"03","2",2,0,0,LOW
500000,5000,10,20,20,0,NONE,"03","1",2,0,0,LOW
106312,1063,20,20,20,106312,EMP1055,"03","2",2,0,0,LOW
9050,9050,20,10,10,9050,EMP1055,"03","3",3,0,0,LOW
12270,12270,20,10,10,12270,EMP1055,"03","3",3,0,0,LOW
10890,10890,20,10,10,10890,EMP1055,"03","2",3,0,0,LOW
13972,13972,20,10,10,13972,EMP1055,"03","2",3,0,0,LOW
8499,8499,20,10,10,8499,EMP1055,"03","2",3,0,0,LOW
11523,11523,20,10,10,11523,EMP1055,"03","2",3,0,0,LOW
10227,10227,20,10,10,10227,EMP1055,"03","3",3,0,0,LOW
13122,13122,20,10,10,13122,EMP1055,"03","3",3,0,0,LOW
787,787,30,10,10,787,EMP1055,"03","2",1,0,0,LOW
1067,1067,30,10,10,1067,EMP1055,"03","2",1,0,0,LOW
947,947,30,10,10,947,EMP1055,"03","2",1,0,0,LOW
1215,1215,30,10,10,1215,EMP1055,"03","3",1,0,0,LOW
300000,3000,10,20,20,0,NONE,"03","3",2,0,0,LOW
250000,2500,10,20,20,0,NONE,"03","3",2,0,0,LOW
250000,2500,10,20,20,0,NONE,"03","3",2,0,0,LOW
300000,3000,10,20,20,0,NONE,"03","3",2,0,0,LOW
1500000,15000,10,20,20,0,NONE,"03","2",4,0,0,LOW
50200,50200,20,10,10,50200,EMP1045,"03","4",5,0,0,LOW
68865,689,20,20,20,68865,EMP1045,"03","3",2,0,0,LOW
93365,934,20,20,20,93365,EMP1045,"03","3",2,0,0,LOW
82865,829,20,20,20,82865,EMP1045,"03","3",2,0,0,LOW
500000,5000,10,20,20,0,NONE,"03","2",2,0,0,LOW
500000,5000,10,20,20,0,NONE,"03","2",2,0,0,LOW
106315,1063,20,20,20,106315,EMP1045,"03","3",2,0,0,LOW
9053,9053,20,10,10,9053,EMP1045,"03","3",3,0,0,LOW
12273,12273,20,10,10,12273,EMP1045,"03","3",3,0,0,LOW
8499,8499,20,10,10,8499,EMP1045,"03","5",3,0,0,LOW
11523,11523,20,10,10,11523,EMP1045,"03","5",3,0,0,LOW
10227,10227,20,10,10,10227,EMP1045,"03","5",3,0,0,LOW
13122,13122,20,10,10,13122,EMP1045,"03","5",3,0,0,LOW
787,787,30,10,10,787,EMP1045,"03","5",1,0,0,LOW
1067,1067,30,10,10,1067,EMP1045,"03","6",1,0,0,LOW
947,947,30,10,10,947,EMP1045,"03","6",1,0,0,LOW
1215,1215,30,10,10,1215,EMP1045,"03","6",1,0,0,LOW
300000,3000,10,20,20,0,NONE,"03","6",2,0,0,LOW
250000,2500,10,20,20,0,NONE,"03","6",2,0,0,LOW
250000,2500,10,20,20,0,NONE,"03","6",2,0,0,LOW
300000,3000,10,20,20,0,NONE,"03","6",2,0,0,LOW
1500000,15000,10,20,20,0,NONE,"03","5",2,0,0,LOW
50200,50200,20,10,10,50200,EMP1042,"03","6",3,0,0,LOW
68862,689,20,20,20,68862,EMP1042,"03","6",2,0,0,LOW
500000,5000,10,20,20,0,NONE,"03","5",2,0,0,LOW
93362,934,20,20,20,93362,EMP1042,"03","6",2,0,0,LOW
82862,829,20,20,20,82862,EMP1042,"03","6",2,0,0,LOW
500000,5000,10,20,20,0,NONE,"03","5",2,0,0,LOW
500000,5000,10,20,20,0,NONE,"03","4",2,0,0,LOW
1500000,15000,10,20,20,0,NONE,"03","5",2,0,0,LOW
106312,1063,20,20,20,106312,EMP1042,"03","6",2,0,0,LOW
9050,9050,20,10,10,9050,EMP1042,"03","6",3,0,0,LOW
12270,12270,20,10,10,12270,EMP1042,"03","6",3,0,0,LOW
10890,10890,20,10,10,10890,EMP1042,"03","6",3,0,0,LOW
13972,13972,20,10,10,13972,EMP1042,"03","6",3,0,0,LOW
8499,8499,20,10,10,8499,EMP1042,"03","7",3,0,0,LOW
11523,11523,20,10,10,11523,EMP1042,"03","6",3,0,0,LOW
10227,10227,20,10,10,10227,EMP1042,"03","7",3,0,0,LOW
13122,13122,20,10,10,13122,EMP1042,"03","6",3,0,0,LOW
787,787,30,10,10,787,EMP1042,"03","7",1,0,0,LOW
1067,1067,30,10,10,1067,EMP1042,"03","7",1,0,0,LOW
947,947,30,10,10,947,EMP1042,"03","7",1,0,0,LOW
1215,1215,30,10,10,1215,EMP1042,"03","7",1,0,0,LOW
500000,500000,40,10,10,0,NONE,"03","7",3,0,0,LOW
500000,500000,40,10,10,0,NONE,"03","7",5,0,0,MEDIUM
400000,400000,40,10,10,0,NONE,"03","7",3,0,0,LOW
400000,400000,40,10,10,0,NONE,"03","7",3,0,0,LOW
250000,2500,10,20,20,0,NONE,"03","4",2,0,0,LOW
300000,3000,10,20,20,0,NONE,"03","4",2,0,0,LOW
500000,5000,10,20,20,0,NONE,"03","4",2,0,0,LOW
50200,50200,20,10,10,50200,EMP1042,"03","4",3,0,0,LOW
68862,689,20,20,20,68862,EMP1042,"03","4",2,0,0,LOW
93362,934,20,20,20,93362,EMP1042,"03","4",2,0,0,LOW
500000,5000,10,20,20,0,NONE,"03","3",2,0,0,LOW
1500000,15000,10,20,20,0,NONE,"03","3",2,0,0,LOW
82862,829,20,20,20,82862,EMP1042,"03","4",2,0,0,LOW
500000,5000,10,20,20,0,NONE,"03","2",2,0,0,LOW
106312,1063,20,20,20,106312,EMP1042,"03","4",2,0,0,LOW
9050,9050,20,10,10,9050,EMP1042,"03","4",3,0,0,LOW
12270,12270,20,10,10,12270,EMP1042,"03","4",3,0,0,LOW
10890,10890,20,10,10,10890,EMP1042,"03","4",3,0,0,LOW
13972,13972,20,10,10,13972,EMP1042,"03","5",3,0,0,MEDIUM
8499,8499,20,10,10,8499,EMP1042,"03","4",3,0,0,LOW
11523,11523,20,10,10,11523,EMP1042,"03","4",3,0,0,LOW
10227,10227,20,10,10,10227,EMP1042,"03","4",3,0,0,MEDIUM
13122,13122,20,10,10,13122,EMP1042,"03","4",3,0,0,LOW
787,787,30,10,10,787,EMP1042,"03","4",1,0,0,LOW
1067,1067,30,10,10,1067,EMP1042,"03","5",1,0,0,LOW
947,947,30,10,10,947,EMP1042,"03","4",1,0,0,LOW
1215,1215,30,10,10,1215,EMP1042,"03","4",1,0,0,LOW
1000000,10000,10,20,20,0,NONE,"03","4",2,0,0,LOW
50200,50200,20,10,10,50200,EMP1045,"03","5",3,0,0,LOW
68862,689,20,20,20,68862,EMP1045,"03","5",2,0,0,LOW
500000,5000,10,20,20,0,NONE,"03","4",2,0,0,LOW
500000,5000,10,20,20,0,NONE,"03","4",2,0,0,LOW
93362,934,20,20,20,93362,EMP1045,"03","6",4,0,0,LOW
500000,5000,10,20,20,0,NONE,"03","4",2,0,0,LOW
82862,829,20,20,20,82862,EMP1045,"03","5",2,0,0,LOW
500000,5000,10,20,20,0,NONE,"03","4",2,0,0,LOW
1500000,15000,10,20,20,0,NONE,"03","4",2,0,0,LOW
106312,1063,20,20,20,106312,EMP1045,"03","5",2,0,0,LOW
9050,9050,20,10,10,9050,EMP1045,"03","5",3,0,0,LOW
12270,12270,20,10,10,12270,EMP1045,"03","5",3,0,0,LOW
10890,10890,20,10,10,10890,EMP1045,"03","5",3,0,0,LOW
13972,13972,20,10,10,13972,EMP1045,"03","6",3,0,0,LOW
112612,1126,20,20,20,112612,EMP1004,"03","2",2,0,0,LOW
11454,11454,20,10,10,11454,EMP1004,"03","2",3,0,0,LOW
9430,9430,20,10,10,9430,EMP1004,"03","2",3,0,0,LOW
14731,14731,20,10,10,14731,EMP1004,"03","2",3,0,0,LOW
14800,14800,20,10,10,14800,EMP1004,"03","2",3,0,0,LOW
10756,10756,20,10,10,10756,EMP1004,"03","3",3,0,0,LOW
8856,8856,20,10,10,8856,EMP1004,"03","2",3,0,0,LOW
13834,13834,20,10,10,13834,EMP1004,"03","2",3,0,0,LOW
13899,13899,20,10,10,13899,EMP1004,"03","3",3,0,0,LOW
996,996,30,10,10,996,EMP1004,"03","3",1,0,0,LOW
820,820,30,10,10,820,EMP1004,"03","3",1,0,0,LOW
1281,1281,30,10,10,1281,EMP1004,"03","3",1,0,0,LOW
1287,1287,30,10,10,1287,EMP1004,"03","3",1,0,0,LOW
1500000,15000,10,20,20,0,NONE,"03","2",2,0,0,LOW
54800,54800,20,10,10,54800,EMP1059,"03","3",3,0,0,LOW
500000,5000,10,20,20,0,NONE,"03","2",2,0,0,LOW
87150,872,20,20,20,87150,EMP1059,"03","3",2,0,0,LOW
1500000,15000,10,20,20,0,NONE,"03","2",2,0,0,LOW
71750,718,20,20,20,71750,EMP1059,"03","3",2,0,0,LOW
500000,5000,10,20,20,0,NONE,"03","2",2,0,0,LOW
500000,5000,10,20,20,0,NONE,"03","2",2,0,0,LOW
112090,1121,20,20,20,112090,EMP1059,"03","3",2,0,0,LOW
500000,5000,10,20,20,0,NONE,"03","1",2,0,0,LOW
112615,1126,20,20,20,112615,EMP1059,"03","3",2,0,0,LOW
11454,11454,20,10,10,11454,EMP1059,"03","3",3,0,0,LOW
9430,9430,20,10,10,9430,EMP1059,"03","3",3,0,0,LOW
14734,14734,20,10,10,14734,EMP1059,"03","3",3,0,0,LOW
14803,14803,20,10,10,14803,EMP1059,"03","3",3,0,0,LOW
10761,10761,20,10,10,10761,EMP1059,"03","4",3,0,0,LOW
8856,8856,20,10,10,8856,EMP1059,"03","4",3,0,0,MEDIUM
13839,13839,20,10,10,13839,EMP1059,"03","4",3,0,0,LOW
13903,13903,20,10,10,13903,EMP1059,"03","4",3,0,0,MEDIUM
996,996,30,10,10,996,EMP1059,"03","3",1,0,0,LOW
820,820,30,10,10,820,EMP1059,"03","4",1,0,0,LOW
1281,1281,30,10,10,1281,EMP1059,"03","3",1,0,0,LOW
1287,1287,30,10,10,1287,EMP1059,"03","4",1,0,0,LOW
300000,3000,10,20,20,0,NONE,"03","4",4,0,0,LOW
250000,2500,10,20,20,0,NONE,"03","4",2,0,0,LOW
1287,1287,30,10,10,1287,EMP1006,"02","7",2,0,1,LOW
300000,3000,10,20,20,0,NONE,"02","7",3,0,1,LOW
250000,2500,10,20,20,0,NONE,"02","7",3,0,1,LOW
250000,2500,10,20,20,0,NONE,"02","7",3,0,1,LOW
300000,3000,10,20,20,0,NONE,"02","7",3,0,1,LOW
54800,54800,20,10,10,54800,EMP1051,"03","1",3,0,0,MEDIUM
1500000,15000,10,20,20,0,NONE,"02","5",3,0,1,LOW
87150,872,20,20,20,87150,EMP1051,"03","1",2,0,0,LOW
71750,718,20,20,20,71750,EMP1051,"03","3",4,0,0,LOW
500000,5000,10,20,20,0,NONE,"02","6",3,0,1,LOW
112087,1121,20,20,20,112087,EMP1051,"03","1",2,0,0,LOW
112612,1126,20,20,20,112612,EMP1051,"03","1",2,0,0,LOW
11454,11454,20,10,10,11454,EMP1051,"03","1",3,0,0,LOW
9430,9430,20,10,10,9430,EMP1051,"03","1",3,0,0,LOW
14731,14731,20,10,10,14731,EMP1051,"03","3",5,0,0,LOW
14800,14800,20,10,10,14800,EMP1051,"03","3",7,0,0,LOW
10756,10756,20,10,10,10756,EMP1051,"03","2",3,0,0,LOW
8856,8856,20,10,10,8856,EMP1051,"03","2",3,0,0,LOW
13834,13834,20,10,10,13834,EMP1051,"03","2",3,0,0,LOW
13899,13899,20,10,10,13899,EMP1051,"03","4",7,0,0,LOW
996,996,30,10,10,996,EMP1051,"03","1",2,0,0,LOW
820,820,30,10,10,820,EMP1051,"03","1",2,0,0,LOW
1281,1281,30,10,10,1281,EMP1051,"03","1",1,0,0,LOW
1287,1287,30,10,10,1287,EMP1051,"03","1",2,0,0,LOW
300000,3000,10,20,20,0,NONE,"03","2",2,0,0,LOW
250000,2500,10,20,20,0,NONE,"03","2",2,0,0,LOW
250000,2500,10,20,20,0,NONE,"03","2",2,0,0,LOW
300000,3000,10,20,20,0,NONE,"03","2",2,0,0,LOW
54800,54800,20,10,10,54800,EMP1004,"03","2",3,0,0,LOW
1500000,15000,10,20,20,0,NONE,"03","1",5,0,0,LOW
87150,872,20,20,20,87150,EMP1004,"03","2",2,0,0,LOW
500000,5000,10,20,20,0,NONE,"03","1",2,0,0,LOW
71750,718,20,20,20,71750,EMP1004,"03","2",2,0,0,LOW
500000,5000,10,20,20,0,NONE,"03","1",3,0,0,LOW
500000,5000,10,20,20,0,NONE,"03","1",2,0,0,LOW
112087,1121,20,20,20,112087,EMP1004,"03","2",2,0,0,LOW
500000,5000,10,20,20,0,NONE,"03","1",2,0,0,LOW
500000,5000,10,20,20,0,NONE,"03","1",2,0,0,LOW
14731,14731,20,10,10,14731,EMP1055,"02","6",4,0,1,LOW
14800,14800,20,10,10,14800,EMP1055,"02","7",6,0,1,LOW
10756,10756,20,10,10,10756,EMP1055,"02","7",4,0,1,LOW
8856,8856,20,10,10,8856,EMP1055,"03","1",5,0,0,LOW
13834,13834,20,10,10,13834,EMP1055,"03","1",6,0,0,LOW
13899,13899,20,10,10,13899,EMP1055,"02","7",6,0,1,LOW
996,996,30,10,10,996,EMP1055,"02","5",2,0,1,LOW
820,820,30,10,10,820,EMP1055,"02","6",2,0,1,LOW
1281,1281,30,10,10,1281,EMP1055,"02","5",2,0,1,LOW
1287,1287,30,10,10,1287,EMP1055,"02","6",2,0,1,LOW
1500000,15000,10,20,20,0,NONE,"02","4",3,0,1,LOW
1500000,15000,10,20,20,0,NONE,"02","5",3,0,1,LOW
54800,54800,20,10,10,54800,EMP1006,"02","7",4,0,1,LOW
500000,5000,10,20,20,0,NONE,"02","5",3,0,1,LOW
500000,5000,10,20,20,0,NONE,"02","4",5,0,1,LOW
87150,872,20,20,20,87150,EMP1006,"02","7",3,0,1,LOW
500000,5000,10,20,20,0,NONE,"02","5",3,0,1,HIGH
500000,5000,10,20,20,0,NONE,"02","5",3,0,1,LOW
71750,718,20,20,20,71750,EMP1006,"02","7",3,0,1,LOW
500000,5000,10,20,20,0,NONE,"02","4",5,0,1,LOW
500000,5000,10,20,20,0,NONE,"02","5",3,0,1,LOW
112087,1121,20,20,20,112087,EMP1006,"02","7",3,0,1,LOW
500000,5000,10,20,20,0,NONE,"02","5",3,0,1,LOW
500000,5000,10,20,20,0,NONE,"02","5",3,0,1,LOW
1000000,10000,10,20,20,0,NONE,"02","5",7,0,1,LOW
112612,1126,20,20,20,112612,EMP1006,"02","7",3,0,1,LOW
11454,11454,20,10,10,11454,EMP1006,"02","7",4,0,1,LOW
9430,9430,20,10,10,9430,EMP1006,"02","7",4,0,1,LOW
14731,14731,20,10,10,14731,EMP1006,"03","1",4,0,0,LOW
14800,14800,20,10,10,14800,EMP1006,"03","2",5,0,0,MEDIUM
10756,10756,20,10,10,10756,EMP1006,"02","7",4,0,1,LOW
8856,8856,20,10,10,8856,EMP1006,"02","7",4,0,1,LOW
13834,13834,20,10,10,13834,EMP1006,"02","7",4,0,1,LOW
13899,13899,20,10,10,13899,EMP1006,"03","1",5,0,0,LOW
996,996,30,10,10,996,EMP1006,"02","7",2,0,1,LOW
820,820,30,10,10,820,EMP1006,"02","6",2,0,1,LOW
1281,1281,30,10,10,1281,EMP1006,"03","2",5,0,0,MEDIUM
500000,5000,10,20,20,0,NONE,"02","4",3,0,1,LOW
1500000,15000,10,20,20,0,NONE,"02","3",3,0,1,LOW
54800,54800,20,10,10,54800,EMP1004,"02","7",6,0,1,LOW
500000,5000,10,20,20,0,NONE,"02","3",3,0,1,LOW
87150,872,20,20,20,87150,EMP1004,"02","7",5,0,1,LOW
500000,5000,10,20,20,0,NONE,"02","3",5,0,1,HIGH
500000,5000,10,20,20,0,NONE,"02","3",3,0,1,LOW
71750,718,20,20,20,71750,EMP1004,"02","5",3,0,1,LOW
500000,5000,10,20,20,0,NONE,"02","3",3,0,1,LOW
112087,1121,20,20,20,112087,EMP1004,"02","7",7,0,1,LOW
500000,5000,10,20,20,0,NONE,"02","3",5,0,1,LOW
112612,1126,20,20,20,112612,EMP1004,"02","5",3,0,1,MEDIUM
11454,11454,20,10,10,11454,EMP1004,"02","6",4,0,1,LOW
9430,9430,20,10,10,9430,EMP1004,"02","5",4,0,1,MEDIUM
14731,14731,20,10,10,14731,EMP1004,"02","5",4,0,1,LOW
14800,14800,20,10,10,14800,EMP1004,"02","5",4,0,1,LOW
10756,10756,20,10,10,10756,EMP1004,"02","6",4,0,1,LOW
8856,8856,20,10,10,8856,EMP1004,"02","6",4,0,1,MEDIUM
13834,13834,20,10,10,13834,EMP1004,"02","5",4,0,1,LOW
13899,13899,20,10,10,13899,EMP1004,"02","6",4,0,1,LOW
996,996,30,10,10,996,EMP1004,"02","6",4,0,1,LOW
820,820,30,10,10,820,EMP1004,"02","5",2,0,1,LOW
1281,1281,30,10,10,1281,EMP1004,"02","6",4,0,1,MEDIUM
1287,1287,30,10,10,1287,EMP1004,"02","6",4,0,1,LOW
300000,3000,10,20,20,0,NONE,"02","5",3,0,1,LOW
250000,2500,10,20,20,0,NONE,"02","5",5,0,1,LOW
250000,2500,10,20,20,0,NONE,"02","5",3,0,1,LOW
300000,3000,10,20,20,0,NONE,"02","5",3,0,1,LOW
1500000,15000,10,20,20,0,NONE,"02","4",3,0,1,LOW
54800,54800,20,10,10,54800,EMP1055,"02","6",4,0,1,LOW
87150,872,20,20,20,87150,EMP1055,"02","7",7,0,1,HIGH
71750,718,20,20,20,71750,EMP1055,"02","6",3,0,1,LOW
500000,5000,10,20,20,0,NONE,"02","4",5,0,1,LOW
112087,1121,20,20,20,112087,EMP1055,"02","6",3,0,1,LOW
112612,1126,20,20,20,112612,EMP1055,"02","6",3,0,1,LOW
11454,11454,20,10,10,11454,EMP1055,"02","7",8,0,1,LOW
9430,9430,20,10,10,9430,EMP1055,"02","6",4,0,1,LOW
8866,8866,20,10,10,8866,EMP1003,"02","3",4,0,1,LOW
10361,10361,20,10,10,10361,EMP1003,"02","3",4,0,1,MEDIUM
11167,11167,20,10,10,11167,EMP1003,"02","6",6,0,1,LOW
10476,10476,20,10,10,10476,EMP1003,"02","3",4,0,1,LOW
8326,8326,20,10,10,8326,EMP1003,"02","3",4,0,1,LOW
9730,9730,20,10,10,9730,EMP1003,"02","5",6,0,1,LOW
1034,1034,30,10,10,1034,EMP1003,"02","6",6,0,1,HIGH
970,970,30,10,10,970,EMP1003,"02","3",2,0,1,LOW
771,771,30,10,10,771,EMP1003,"02","3",2,0,1,LOW
901,901,30,10,10,901,EMP1003,"02","2",2,0,1,LOW
300000,3000,10,20,20,0,NONE,"02","3",3,0,1,LOW
250000,2500,10,20,20,0,NONE,"02","3",5,0,1,LOW
250000,2500,10,20,20,0,NONE,"02","3",3,0,1,LOW
300000,3000,10,20,20,0,NONE,"02","3",3,0,1,LOW
45950,45950,20,10,10,45950,EMP1052,"02","4",4,0,1,LOW
90475,905,20,20,20,90475,EMP1052,"02","4",3,0,1,HIGH
84875,849,20,20,20,84875,EMP1052,"02","4",3,0,1,LOW
500000,5000,10,20,20,0,NONE,"02","2",5,0,1,LOW
67465,675,20,20,20,67465,EMP1052,"02","4",3,0,1,LOW
500000,5000,10,20,20,0,NONE,"02","2",3,0,1,LOW
1500000,15000,10,20,20,0,NONE,"02","2",3,0,1,HIGH
1500000,15000,10,20,20,0,NONE,"02","1",5,0,1,HIGH
1500000,15000,10,20,20,0,NONE,"02","2",3,0,1,LOW
78840,788,20,20,20,78840,EMP1052,"02","4",3,0,1,LOW
11891,11891,20,10,10,11891,EMP1052,"02","4",4,0,1,LOW
11155,11155,20,10,10,11155,EMP1052,"02","6",6,0,1,LOW
8869,8869,20,10,10,8869,EMP1052,"02","5",4,0,1,LOW
10364,10364,20,10,10,10364,EMP1052,"02","4",4,0,1,LOW
11168,11168,20,10,10,11168,EMP1052,"02","4",4,0,1,LOW
10476,10476,20,10,10,10476,EMP1052,"02","5",4,0,1,MEDIUM
8330,8330,20,10,10,8330,EMP1052,"02","4",4,0,1,LOW
9734,9734,20,10,10,9734,EMP1052,"02","4",4,0,1,MEDIUM
1034,1034,30,10,10,1034,EMP1052,"02","4",2,0,1,LOW
970,970,30,10,10,970,EMP1052,"02","4",2,0,1,LOW
771,771,30,10,10,771,EMP1052,"02","4",2,0,1,LOW
901,901,30,10,10,901,EMP1052,"02","4",2,0,1,LOW
500000,5000,40,20,20,0,NONE,"02","6",3,0,1,LOW
500000,5000,40,20,20,0,NONE,"02","6",3,0,1,LOW
45950,45950,20,10,10,45950,EMP1059,"02","7",4,0,1,LOW
90475,905,20,20,20,90475,EMP1059,"02","7",3,0,1,LOW
84875,849,20,20,20,84875,EMP1059,"02","7",3,0,1,LOW
500000,5000,10,20,20,0,NONE,"02","4",3,0,1,HIGH
500000,5000,10,20,20,0,NONE,"02","5",3,0,1,LOW
67462,675,20,20,20,67462,EMP1059,"02","7",3,0,1,LOW
78837,788,20,20,20,78837,EMP1059,"02","7",3,0,1,LOW
11891,11891,20,10,10,11891,EMP1059,"02","7",4,0,1,MEDIUM
11155,11155,20,10,10,11155,EMP1059,"02","7",4,0,1,MEDIUM
8866,8866,20,10,10,8866,EMP1059,"02","1",4,0,1,LOW
10361,10361,20,10,10,10361,EMP1059,"02","7",4,0,1,LOW
11167,11167,20,10,10,11167,EMP1059,"02","7",4,0,1,LOW
10476,10476,20,10,10,10476,EMP1059,"02","1",6,0,1,LOW
8326,8326,20,10,10,8326,EMP1059,"02","2",8,0,1,LOW
9730,9730,20,10,10,9730,EMP1059,"02","1",4,0,1,LOW
1034,1034,30,10,10,1034,EMP1059,"02","6",2,0,1,LOW
970,970,30,10,10,970,EMP1059,"02","6",2,0,1,LOW
771,771,30,10,10,771,EMP1059,"02","2",6,0,1,LOW
901,901,30,10,10,901,EMP1059,"02","2",6,0,1,LOW
300000,3000,10,20,20,0,NONE,"02","1",3,0,1,HIGH
250000,2500,10,20,20,0,NONE,"02","1",5,0,1,LOW
250000,2500,10,20,20,0,NONE,"02","1",7,0,1,LOW
300000,3000,10,20,20,0,NONE,"02","1",3,0,1,LOW
45950,45950,20,10,10,45950,EMP1003,"02","5",6,0,1,LOW
500000,5000,10,20,20,0,NONE,"02","1",3,0,1,LOW
90475,905,20,20,20,90475,EMP1003,"02","3",3,0,1,LOW
500000,5000,10,20,20,0,NONE,"02","1",3,0,1,HIGH
500000,5000,10,20,20,0,NONE,"02","1",3,0,1,LOW
84875,849,20,20,20,84875,EMP1003,"02","3",3,0,1,LOW
1500000,15000,10,20,20,0,NONE,"02","1",3,0,1,LOW
67462,675,20,20,20,67462,EMP1003,"02","5",7,0,1,LOW
500000,5000,10,20,20,0,NONE,"02","1",3,0,1,LOW
78837,788,20,20,20,78837,EMP1003,"02","3",3,0,1,LOW
11891,11891,20,10,10,11891,EMP1003,"02","3",4,0,1,LOW
11155,11155,20,10,10,11155,EMP1003,"02","3",4,0,1,LOW
10361,10361,20,10,10,10361,EMP1055,"02","6",4,0,1,LOW
11167,11167,20,10,10,11167,EMP1055,"02","6",4,0,1,LOW
10476,10476,20,10,10,10476,EMP1055,"02","1",6,0,1,LOW
8326,8326,20,10,10,8326,EMP1055,"02","6",4,0,1,LOW
9730,9730,20,10,10,9730,EMP1055,"02","6",4,0,1,LOW
1034,1034,30,10,10,1034,EMP1055,"02","5",2,0,1,LOW
970,970,30,10,10,970,EMP1055,"02","5",2,0,1,LOW
771,771,30,10,10,771,EMP1055,"02","5",2,0,1,LOW
901,901,30,10,10,901,EMP1055,"02","5",2,0,1,LOW
1500000,15000,10,20,20,0,NONE,"02","4",3,0,1,LOW
45950,45950,20,10,10,45950,EMP1050,"02","1",6,0,1,LOW
90475,905,20,20,20,90475,EMP1050,"02","6",3,0,1,MEDIUM
84875,849,20,20,20,84875,EMP1050,"02","6",3,0,1,LOW
500000,5000,10,20,20,0,NONE,"02","4",5,0,1,LOW
500000,5000,10,20,20,0,NONE,"02","4",3,0,1,LOW
67462,675,20,20,20,67462,EMP1050,"02","6",3,0,1,LOW
500000,5000,10,20,20,0,NONE,"02","4",7,0,1,LOW
78837,788,20,20,20,78837,EMP1050,"02","6",3,0,1,LOW
11891,11891,20,10,10,11891,EMP1050,"02","1",6,0,1,HIGH
11155,11155,20,10,10,11155,EMP1050,"02","7",6,0,1,LOW
8866,8866,20,10,10,8866,EMP1050,"02","1",6,0,1,LOW
10361,10361,20,10,10,10361,EMP1050,"02","7",8,0,1,LOW
11167,11167,20,10,10,11167,EMP1050,"02","6",4,0,1,LOW
10476,10476,20,10,10,10476,EMP1050,"02","7",4,0,1,LOW
8326,8326,20,10,10,8326,EMP1050,"02","6",4,0,1,LOW
9730,9730,20,10,10,9730,EMP1050,"02","7",4,0,1,LOW
1034,1034,30,10,10,1034,EMP1050,"02","6",2,0,1,LOW
970,970,30,10,10,970,EMP1050,"02","6",2,0,1,LOW
771,771,30,10,10,771,EMP1050,"02","7",4,0,1,LOW
901,901,30,10,10,901,EMP1050,"02","5",2,0,1,LOW
300000,3000,10,20,20,0,NONE,"02","6",3,0,1,LOW
250000,2500,10,20,20,0,NONE,"02","6",3,0,1,LOW
250000,2500,10,20,20,0,NONE,"02","6",3,0,1,LOW
300000,3000,10,20,20,0,NONE,"02","6",3,0,1,LOW
1500000,15000,10,20,20,0,NONE,"02","6",3,0,1,LOW
1500000,15000,10,20,20,0,NONE,"02","6",5,0,1,LOW
1000000,10000,10,20,20,0,NONE,"02","6",3,0,1,LOW
500,500,40,10,10,0,NONE,"02","6",2,0,1,LOW
500000,5000,10,20,20,0,NONE,"02","3",5,0,1,LOW
500000,5000,10,20,20,0,NONE,"02","2",3,0,1,HIGH
500000,5000,10,20,20,0,NONE,"02","2",3,0,1,LOW
105790,1058,20,20,20,105790,EMP1003,"02","4",3,0,1,LOW
500000,5000,10,20,20,0,NONE,"02","1",3,0,1,LOW
1500000,15000,10,20,20,0,NONE,"02","2",3,0,1,LOW
74640,746,20,20,20,74640,EMP1003,"02","6",5,0,1,LOW
500000,5000,10,20,20,0,NONE,"02","2",3,0,1,LOW
86625,866,20,20,20,86625,EMP1003,"02","6",5,0,1,LOW
11606,11606,20,10,10,11606,EMP1003,"02","4",4,0,1,MEDIUM
13906,13906,20,10,10,13906,EMP1003,"02","4",4,0,1,LOW
9812,9812,20,10,10,9812,EMP1003,"02","4",4,0,1,LOW
11385,11385,20,10,10,11385,EMP1003,"02","4",4,0,1,LOW
10898,10898,20,10,10,10898,EMP1003,"02","5",4,0,1,LOW
13058,13058,20,10,10,13058,EMP1003,"02","5",4,0,1,LOW
9214,9214,20,10,10,9214,EMP1003,"02","5",4,0,1,LOW
10692,10692,20,10,10,10692,EMP1003,"02","4",4,0,1,LOW
1009,1009,30,10,10,1009,EMP1003,"02","4",2,0,1,LOW
1209,1209,30,10,10,1209,EMP1003,"02","3",2,0,1,LOW
853,853,30,10,10,853,EMP1003,"02","3",2,0,1,LOW
990,990,30,10,10,990,EMP1003,"02","4",2,0,1,LOW
300000,3000,10,20,20,0,NONE,"02","4",3,0,1,LOW
250000,2500,10,20,20,0,NONE,"02","4",3,0,1,LOW
250000,2500,10,20,20,0,NONE,"02","4",3,0,1,LOW
300000,3000,10,20,20,0,NONE,"02","4",3,0,1,HIGH
500000,5000,10,20,20,0,NONE,"02","4",3,0,1,LOW
45950,45950,20,10,10,45950,EMP1055,"02","6",8,0,1,LOW
500000,5000,10,20,20,0,NONE,"02","3",3,0,1,LOW
90475,905,20,20,20,90475,EMP1055,"02","5",3,0,1,LOW
84875,849,20,20,20,84875,EMP1055,"02","5",3,0,1,LOW
67462,675,20,20,20,67462,EMP1055,"02","7",5,0,1,LOW
500000,5000,10,20,20,0,NONE,"02","3",3,0,1,LOW
500000,5000,10,20,20,0,NONE,"02","3",3,0,1,LOW
78837,788,20,20,20,78837,EMP1055,"02","7",5,0,1,HIGH
11891,11891,20,10,10,11891,EMP1055,"02","1",6,0,1,LOW
11155,11155,20,10,10,11155,EMP1055,"02","5",4,0,1,LOW
8866,8866,20,10,10,8866,EMP1055,"02","5",4,0,1,LOW
10692,10692,20,10,10,10692,EMP1053,"02","1",8,0,1,LOW
1009,1009,30,10,10,1009,EMP1053,"02","6",2,0,1,LOW
1209,1209,30,10,10,1209,EMP1053,"02","7",2,0,1,LOW
853,853,30,10,10,853,EMP1053,"02","7",2,0,1,LOW
990,990,30,10,10,990,EMP1053,"02","7",2,0,1,LOW
300000,3000,10,20,20,0,NONE,"02","7",7,0,1,LOW
250000,2500,10,20,20,0,NONE,"02","7",3,0,1,LOW
250000,2500,10,20,20,0,NONE,"02","7",3,0,1,LOW
300000,3000,10,20,20,0,NONE,"02","7",5,0,1,LOW
300000,3000,10,20,20,0,NONE,"02","2",7,0,1,LOW
250000,2500,10,20,20,0,NONE,"02","2",5,0,1,LOW
250000,2500,10,20,20,0,NONE,"02","2",3,0,1,LOW
300000,3000,10,20,20,0,NONE,"02","2",3,0,1,LOW
1500000,15000,10,20,20,0,NONE,"02","1",3,0,1,LOW
50762,50762,20,10,10,50762,EMP1005,"02","3",4,0,1,LOW
88287,883,20,20,20,88287,EMP1005,"02","5",5,0,1,LOW
1500000,15000,10,20,20,0,NONE,"02","1",3,0,1,HIGH
1500000,15000,10,20,20,0,NONE,"02","1",3,0,1,LOW
105787,1058,20,20,20,105787,EMP1005,"02","3",3,0,1,LOW
74637,746,20,20,20,74637,EMP1005,"02","3",3,0,1,LOW
500000,5000,10,20,20,0,NONE,"02","1",3,0,1,LOW
86625,866,20,20,20,86625,EMP1005,"02","5",5,0,1,LOW
11603,11603,20,10,10,11603,EMP1005,"02","3",4,0,1,LOW
13903,13903,20,10,10,13903,EMP1005,"02","3",4,0,1,LOW
9809,9809,20,10,10,9809,EMP1005,"02","4",6,0,1,LOW
11385,11385,20,10,10,11385,EMP1005,"02","5",6,0,1,LOW
10897,10897,20,10,10,10897,EMP1005,"02","3",4,0,1,LOW
13057,13057,20,10,10,13057,EMP1005,"02","3",4,0,1,LOW
9212,9212,20,10,10,9212,EMP1005,"02","4",4,0,1,LOW
10692,10692,20,10,10,10692,EMP1005,"02","4",4,0,1,HIGH
1009,1009,30,10,10,1009,EMP1005,"02","3",2,0,1,LOW
1209,1209,30,10,10,1209,EMP1005,"02","3",2,0,1,LOW
853,853,30,10,10,853,EMP1005,"02","3",2,0,1,LOW
990,990,30,10,10,990,EMP1005,"02","3",2,0,1,LOW
50765,50765,20,10,10,50765,EMP1003,"02","5",8,0,1,LOW
500000,5000,10,20,20,0,NONE,"02","2",5,0,1,LOW
1000000,10000,10,20,20,0,NONE,"02","2",3,0,1,LOW
88290,883,20,20,20,88290,EMP1003,"02","4",3,0,1,LOW
500000,5000,10,20,20,0,NONE,"02","4",3,0,1,HIGH
500000,5000,10,20,20,0,NONE,"02","4",3,0,1,LOW
105787,1058,20,20,20,105787,EMP1004,"02","1",5,0,1,LOW
74637,746,20,20,20,74637,EMP1004,"02","1",5,0,1,LOW
500000,5000,10,20,20,0,NONE,"02","4",3,0,1,LOW
500000,5000,10,20,20,0,NONE,"02","4",3,0,1,LOW
86625,866,20,20,20,86625,EMP1004,"02","6",3,0,1,LOW
11603,11603,20,10,10,11603,EMP1004,"02","1",6,0,1,HIGH
13903,13903,20,10,10,13903,EMP1004,"02","6",4,0,1,LOW
9809,9809,20,10,10,9809,EMP1004,"02","6",4,0,1,LOW
11385,11385,20,10,10,11385,EMP1004,"02","6",4,0,1,LOW
10897,10897,20,10,10,10897,EMP1004,"02","6",4,0,1,LOW
13057,13057,20,10,10,13057,EMP1004,"02","6",4,0,1,MEDIUM
9212,9212,20,10,10,9212,EMP1004,"02","1",8,0,1,LOW
10692,10692,20,10,10,10692,EMP1004,"02","6",4,0,1,LOW
1009,1009,30,10,10,1009,EMP1004,"02","6",2,0,1,LOW
1209,1209,30,10,10,1209,EMP1004,"02","6",4,0,1,HIGH
853,853,30,10,10,853,EMP1004,"02","6",4,0,1,LOW
990,990,30,10,10,990,EMP1004,"02","2",6,0,1,LOW
50762,50762,20,10,10,50762,EMP1053,"02","7",4,0,1,LOW
1500000,15000,10,20,20,0,NONE,"02","5",3,0,1,HIGH
1500000,15000,10,20,20,0,NONE,"02","4",5,0,1,LOW
88287,883,20,20,20,88287,EMP1053,"02","7",3,0,1,LOW
500000,5000,10,20,20,0,NONE,"02","5",3,0,1,LOW
105787,1058,20,20,20,105787,EMP1053,"02","1",5,0,1,LOW
500000,5000,10,20,20,0,NONE,"02","5",3,0,1,LOW
500000,5000,10,20,20,0,NONE,"02","5",3,0,1,LOW
74637,746,20,20,20,74637,EMP1053,"02","1",5,0,1,LOW
86625,866,20,20,20,86625,EMP1053,"02","1",7,0,1,LOW
11603,11603,20,10,10,11603,EMP1053,"02","7",4,0,1,LOW
13903,13903,20,10,10,13903,EMP1053,"02","2",8,0,1,LOW
9809,9809,20,10,10,9809,EMP1053,"02","7",4,0,1,LOW
11385,11385,20,10,10,11385,EMP1053,"02","7",4,0,1,LOW
10897,10897,20,10,10,10897,EMP1053,"02","7",4,0,1,LOW
13057,13057,20,10,10,13057,EMP1053,"02","7",4,0,1,LOW
9212,9212,20,10,10,9212,EMP1053,"02","3",6,0,1,HIGH
11384,11384,20,10,10,11384,EMP1048,"02","4",4,0,1,LOW
1226,1226,30,10,10,1226,EMP1048,"02","4",2,0,1,LOW
1000,1000,30,10,10,1000,EMP1048,"02","5",4,0,1,MEDIUM
1113,1113,30,10,10,1113,EMP1048,"02","4",4,0,1,LOW
1054,1054,30,10,10,1054,EMP1048,"02","4",2,0,1,LOW
500000,5000,10,20,20,0,NONE,"02","4",3,0,1,LOW
1500000,15000,10,20,20,0,NONE,"02","3",5,0,1,LOW
50762,50762,20,10,10,50762,EMP1001,"02","7",6,0,1,LOW
88287,883,20,20,20,88287,EMP1001,"02","5",3,0,1,MEDIUM
500000,5000,10,20,20,0,NONE,"02","3",3,0,1,LOW
500000,5000,10,20,20,0,NONE,"02","2",3,0,1,LOW
500000,5000,10,20,20,0,NONE,"02","3",5,0,1,LOW
105787,1058,20,20,20,105787,EMP1001,"02","5",3,0,1,LOW
74637,746,20,20,20,74637,EMP1001,"02","7",5,0,1,LOW
86625,866,20,20,20,86625,EMP1001,"02","5",3,0,1,LOW
11603,11603,20,10,10,11603,EMP1001,"02","5",4,0,1,MEDIUM
13903,13903,20,10,10,13903,EMP1001,"02","6",6,0,1,LOW
9809,9809,20,10,10,9809,EMP1001,"02","6",8,0,1,HIGH
11385,11385,20,10,10,11385,EMP1001,"02","5",4,0,1,LOW
10897,10897,20,10,10,10897,EMP1001,"02","5",4,0,1,LOW
13057,13057,20,10,10,13057,EMP1001,"02","6",6,0,1,HIGH
9212,9212,20,10,10,9212,EMP1001,"02","5",4,0,1,LOW
10692,10692,20,10,10,10692,EMP1001,"02","5",4,0,1,LOW
1009,1009,30,10,10,1009,EMP1001,"02","5",2,0,1,LOW
1209,1209,30,10,10,1209,EMP1001,"02","6",4,0,1,LOW
853,853,30,10,10,853,EMP1001,"02","6",4,0,1,LOW
990,990,30,10,10,990,EMP1001,"02","5",2,0,1,LOW
300000,3000,10,20,20,0,NONE,"02","5",3,0,1,LOW
250000,2500,10,20,20,0,NONE,"02","5",3,0,1,LOW
250000,2500,10,20,20,0,NONE,"02","5",3,0,1,HIGH
300000,3000,10,20,20,0,NONE,"02","5",3,0,1,LOW
50762,50762,20,10,10,50762,EMP1004,"02","6",4,0,1,LOW
1500000,15000,10,20,20,0,NONE,"02","4",3,0,1,LOW
88287,883,20,20,20,88287,EMP1004,"02","6",3,0,1,LOW
500000,5000,10,20,20,0,NONE,"02","4",3,0,1,HIGH
500000,5000,10,20,20,0,NONE,"02","4",3,0,1,LOW
500000,5000,10,20,20,0,NONE,"02","7",7,0,1,LOW
97387,974,20,20,20,97387,EMP1001,"02","3",3,0,1,LOW
1500000,15000,10,20,20,0,NONE,"02","1",5,0,1,LOW
92225,922,20,20,20,92225,EMP1001,"02","5",5,0,1,LOW
14099,14099,20,10,10,14099,EMP1001,"02","5",6,0,1,LOW
11500,11500,20,10,10,11500,EMP1001,"02","3",4,0,1,LOW
12799,12799,20,10,10,12799,EMP1001,"02","4",4,0,1,LOW
12121,12121,20,10,10,12121,EMP1001,"02","5",6,0,1,LOW
13240,13240,20,10,10,13240,EMP1001,"02","3",4,0,1,LOW
10800,10800,20,10,10,10800,EMP1001,"02","3",4,0,1,LOW
12020,12020,20,10,10,12020,EMP1001,"02","3",4,0,1,LOW
11383,11383,20,10,10,11383,EMP1001,"02","4",4,0,1,LOW
1226,1226,30,10,10,1226,EMP1001,"02","2",2,0,1,LOW
1000,1000,30,10,10,1000,EMP1001,"02","2",2,0,1,LOW
1113,1113,30,10,10,1113,EMP1001,"02","3",2,0,1,LOW
1054,1054,30,10,10,1054,EMP1001,"02","3",2,0,1,LOW
300000,3000,10,20,20,0,NONE,"02","3",3,0,1,LOW
250000,2500,10,20,20,0,NONE,"02","3",3,0,1,LOW
250000,2500,10,20,20,0,NONE,"02","3",3,0,1,LOW
300000,3000,10,20,20,0,NONE,"02","3",3,0,1,LOW
54915,54915,20,10,10,54915,EMP1048,"02","5",8,0,1,LOW
107275,1073,20,20,20,107275,EMP1048,"02","4",3,0,1,LOW
500000,5000,10,20,20,0,NONE,"02","2",3,0,1,LOW
87500,875,20,20,20,87500,EMP1048,"02","5",5,0,1,LOW
500000,5000,10,20,20,0,NONE,"02","2",3,0,1,HIGH
500000,5000,10,20,20,0,NONE,"02","1",3,0,1,LOW
97390,974,20,20,20,97390,EMP1048,"02","4",3,0,1,LOW
500000,5000,10,20,20,0,NONE,"02","2",5,0,1,LOW
1500000,15000,10,20,20,0,NONE,"02","2",5,0,1,LOW
1000000,10000,10,20,20,0,NONE,"02","1",7,0,1,LOW
92225,922,20,20,20,92225,EMP1048,"02","6",5,0,1,LOW
14099,14099,20,10,10,14099,EMP1048,"02","4",4,0,1,LOW
11500,11500,20,10,10,11500,EMP1048,"02","5",4,0,1,LOW
12802,12802,20,10,10,12802,EMP1048,"02","4",4,0,1,LOW
12121,12121,20,10,10,12121,EMP1048,"02","4",4,0,1,LOW
13244,13244,20,10,10,13244,EMP1048,"02","4",4,0,1,LOW
10800,10800,20,10,10,10800,EMP1048,"02","5",6,0,1,LOW
12022,12022,20,10,10,12022,EMP1048,"02","4",4,0,1,LOW
1113,1113,30,10,10,1113,EMP1056,"02","5",2,0,1,LOW
1054,1054,30,10,10,1054,EMP1056,"02","6",2,0,1,LOW
300000,3000,10,20,20,0,NONE,"02","6",3,0,1,HIGH
250000,2500,10,20,20,0,NONE,"02","6",3,0,1,LOW
250000,2500,10,20,20,0,NONE,"02","6",3,0,1,LOW
300000,3000,10,20,20,0,NONE,"02","6",3,0,1,LOW
54912,54912,20,10,10,54912,EMP1042,"02","7",4,0,1,LOW
500000,5000,10,20,20,0,NONE,"02","5",3,0,1,LOW
500000,5000,10,20,20,0,NONE,"02","5",3,0,1,LOW
107275,1073,20,20,20,107275,EMP1042,"02","7",3,0,1,LOW
87500,875,20,20,20,87500,EMP1042,"02","7",3,0,1,LOW
500000,5000,10,20,20,0,NONE,"02","5",3,0,1,LOW
97387,974,20,20,20,97387,EMP1042,"02","7",3,0,1,LOW
500000,5000,10,20,20,0,NONE,"02","5",3,0,1,LOW
1500000,15000,10,20,20,0,NONE,"02","5",3,0,1,LOW
92225,922,20,20,20,92225,EMP1042,"02","1",5,0,1,LOW
14099,14099,20,10,10,14099,EMP1042,"02","7",4,0,1,LOW
11500,11500,20,10,10,11500,EMP1042,"02","7",4,0,1,LOW
12799,12799,20,10,10,12799,EMP1042,"02","7",4,0,1,LOW
12121,12121,20,10,10,12121,EMP1042,"02","1",4,0,1,MEDIUM
13240,13240,20,10,10,13240,EMP1042,"02","7",4,0,1,LOW
10800,10800,20,10,10,10800,EMP1042,"02","7",4,0,1,LOW
12020,12020,20,10,10,12020,EMP1042,"02","1",4,0,1,LOW
11383,11383,20,10,10,11383,EMP1042,"02","7",4,0,1,LOW
1226,1226,30,10,10,1226,EMP1042,"02","3",6,0,1,LOW
1000,1000,30,10,10,1000,EMP1042,"02","7",2,0,1,LOW
1113,1113,30,10,10,1113,EMP1042,"02","7",2,0,1,LOW
1054,1054,30,10,10,1054,EMP1042,"02","7",2,0,1,LOW
300000,3000,10,20,20,0,NONE,"02","1",3,0,1,LOW
250000,2500,10,20,20,0,NONE,"02","1",3,0,1,LOW
250000,2500,10,20,20,0,NONE,"02","1",3,0,1,LOW
300000,3000,10,20,20,0,NONE,"02","1",3,0,1,LOW
1500000,15000,10,20,20,0,NONE,"02","1",3,0,1,LOW
54912,54912,20,10,10,54912,EMP1001,"02","3",4,0,1,LOW
107275,1073,20,20,20,107275,EMP1001,"02","3",3,0,1,LOW
500000,5000,10,20,20,0,NONE,"02","1",3,0,1,LOW
87500,875,20,20,20,87500,EMP1001,"02","3",3,0,1,LOW
500000,5000,10,20,20,0,NONE,"02","1",3,0,1,LOW
500000,5000,10,20,20,0,NONE,"02","3",3,0,1,LOW
1500000,15000,10,20,20,0,NONE,"02","3",7,0,1,LOW
97387,974,20,20,20,97387,EMP1043,"02","5",3,0,1,LOW
1000000,10000,10,20,20,0,NONE,"02","3",3,0,1,LOW
92225,922,20,20,20,92225,EMP1043,"02","6",7,0,1,LOW
14099,14099,20,10,10,14099,EMP1043,"02","5",4,0,1,LOW
11500,11500,20,10,10,11500,EMP1043,"02","5",4,0,1,LOW
12799,12799,20,10,10,12799,EMP1043,"02","5",4,0,1,LOW
12121,12121,20,10,10,12121,EMP1043,"02","5",4,0,1,LOW
13240,13240,20,10,10,13240,EMP1043,"02","6",4,0,1,LOW
10800,10800,20,10,10,10800,EMP1043,"02","6",6,0,1,LOW
12020,12020,20,10,10,12020,EMP1043,"02","7",6,0,1,LOW
11383,11383,20,10,10,11383,EMP1043,"02","6",4,0,1,LOW
1226,1226,30,10,10,1226,EMP1043,"02","1",6,0,1,LOW
1000,1000,30,10,10,1000,EMP1043,"02","5",2,0,1,LOW
1113,1113,30,10,10,1113,EMP1043,"02","1",6,0,1,HIGH
1054,1054,30,10,10,1054,EMP1043,"02","5",2,0,1,LOW
54912,54912,20,10,10,54912,EMP1056,"02","6",4,0,1,LOW
500000,5000,10,20,20,0,NONE,"02","3",7,0,1,LOW
500000,5000,10,20,20,0,NONE,"02","4",3,0,1,LOW
107275,1073,20,20,20,107275,EMP1056,"02","6",3,0,1,LOW
500000,5000,10,20,20,0,NONE,"02","4",3,0,1,LOW
87500,875,20,20,20,87500,EMP1056,"02","6",3,0,1,LOW
500000,5000,10,20,20,0,NONE,"02","4",3,0,1,LOW
500000,5000,10,20,20,0,NONE,"02","3",3,0,1,LOW
1500000,15000,10,20,20,0,NONE,"02","3",3,0,1,LOW
97387,974,20,20,20,97387,EMP1056,"02","6",3,0,1,LOW
92225,922,20,20,20,92225,EMP1056,"02","6",3,0,1,LOW
14099,14099,20,10,10,14099,EMP1056,"02","2",6,0,1,LOW
11500,11500,20,10,10,11500,EMP1056,"02","6",4,0,1,LOW
12799,12799,20,10,10,12799,EMP1056,"02","6",4,0,1,LOW
12121,12121,20,10,10,12121,EMP1056,"02","7",6,0,1,LOW
13240,13240,20,10,10,13240,EMP1056,"02","6",4,0,1,LOW
10800,10800,20,10,10,10800,EMP1056,"02","7",4,0,1,LOW
12020,12020,20,10,10,12020,EMP1056,"02","7",4,0,1,LOW
11383,11383,20,10,10,11383,EMP1056,"02","6",4,0,1,LOW
1226,1226,30,10,10,1226,EMP1056,"02","6",2,0,1,LOW
1000,1000,30,10,10,1000,EMP1056,"02","6",2,0,1,LOW
1237,1237,30,10,10,1237,EMP1048,"02","4",4,0,1,LOW
1241,1241,30,10,10,1241,EMP1048,"02","4",4,0,1,LOW
55550,55550,20,10,10,55550,EMP1006,"02","4",4,0,1,LOW
500000,5000,10,20,20,0,NONE,"02","2",3,0,1,LOW
91090,911,20,20,20,91090,EMP1006,"02","6",5,0,1,LOW
500000,5000,10,20,20,0,NONE,"02","1",7,0,1,LOW
80940,809,20,20,20,80940,EMP1006,"02","4",3,0,1,LOW
500000,5000,10,20,20,0,NONE,"02","1",3,0,1,HIGH
500000,5000,10,20,20,0,NONE,"02","2",3,0,1,LOW
1500000,15000,10,20,20,0,NONE,"02","2",3,0,1,LOW
108240,1082,20,20,20,108240,EMP1006,"02","4",3,0,1,LOW
500000,5000,10,20,20,0,NONE,"02","2",3,0,1,HIGH
500000,5000,10,20,20,0,NONE,"02","2",3,0,1,LOW
500000,5000,10,20,20,0,NONE,"02","2",3,0,1,LOW
108590,1086,20,20,20,108590,EMP1006,"02","6",5,0,1,MEDIUM
11974,11974,20,10,10,11974,EMP1006,"02","4",4,0,1,LOW
10640,10640,20,10,10,10640,EMP1006,"02","5",6,0,1,LOW
14228,14228,20,10,10,14228,EMP1006,"02","4",4,0,1,LOW
14274,14274,20,10,10,14274,EMP1006,"02","4",4,0,1,LOW
11247,11247,20,10,10,11247,EMP1006,"02","4",4,0,1,LOW
9990,9990,20,10,10,9990,EMP1006,"02","6",8,0,1,LOW
13363,13363,20,10,10,13363,EMP1006,"02","7",8,0,1,LOW
13407,13407,20,10,10,13407,EMP1006,"02","7",6,0,1,LOW
1041,1041,30,10,10,1041,EMP1006,"02","4",2,0,1,LOW
925,925,30,10,10,925,EMP1006,"02","4",2,0,1,LOW
1237,1237,30,10,10,1237,EMP1006,"02","4",2,0,1,LOW
1241,1241,30,10,10,1241,EMP1006,"02","3",2,0,1,LOW
300000,3000,10,20,20,0,NONE,"02","4",3,0,1,LOW
250000,2500,10,20,20,0,NONE,"02","4",3,0,1,LOW
250000,2500,10,20,20,0,NONE,"02","4",5,0,1,LOW
300000,3000,10,20,20,0,NONE,"02","4",3,0,1,LOW
500000,5000,10,20,20,0,NONE,"02","4",5,0,1,HIGH
1500000,15000,10,20,20,0,NONE,"02","3",7,0,1,LOW
54912,54912,20,10,10,54912,EMP1043,"02","5",4,0,1,LOW
500000,5000,10,20,20,0,NONE,"02","3",3,0,1,LOW
107275,1073,20,20,20,107275,EMP1043,"02","7",7,0,1,LOW
87500,875,20,20,20,87500,EMP1043,"02","5",3,0,1,LOW
108587,1086,20,20,20,108587,EMP1054,"02","3",5,0,1,LOW
11971,11971,20,10,10,11971,EMP1054,"02","1",4,0,1,LOW
10637,10637,20,10,10,10637,EMP1054,"02","1",4,0,1,LOW
14225,14225,20,10,10,14225,EMP1054,"02","2",6,0,1,LOW
14271,14271,20,10,10,14271,EMP1054,"02","2",6,0,1,LOW
11242,11242,20,10,10,11242,EMP1054,"02","3",8,0,1,LOW
9990,9990,20,10,10,9990,EMP1054,"02","3",6,0,1,LOW
13359,13359,20,10,10,13359,EMP1054,"02","1",4,0,1,LOW
13402,13402,20,10,10,13402,EMP1054,"02","3",6,0,1,LOW
1041,1041,30,10,10,1041,EMP1054,"02","1",2,0,1,LOW
925,925,30,10,10,925,EMP1054,"02","2",2,0,1,LOW
1237,1237,30,10,10,1237,EMP1054,"02","2",2,0,1,LOW
1241,1241,30,10,10,1241,EMP1054,"02","2",2,0,1,LOW
300000,3000,10,20,20,0,NONE,"02","2",5,0,1,LOW
250000,2500,10,20,20,0,NONE,"02","2",3,0,1,LOW
250000,2500,10,20,20,0,NONE,"02","2",3,0,1,LOW
300000,3000,10,20,20,0,NONE,"02","2",3,0,1,LOW
55550,55550,20,10,10,55550,EMP1048,"02","3",4,0,1,LOW
91087,911,20,20,20,91087,EMP1048,"02","5",5,0,1,LOW
500000,5000,10,20,20,0,NONE,"02","1",3,0,1,LOW
500000,5000,10,20,20,0,NONE,"02","1",3,0,1,LOW
1500000,15000,10,20,20,0,NONE,"02","1",3,0,1,LOW
80937,809,20,20,20,80937,EMP1048,"02","5",5,0,1,LOW
500000,5000,10,20,20,0,NONE,"02","1",4,0,1,LOW
108237,1082,20,20,20,108237,EMP1048,"02","3",3,0,1,LOW
500000,5000,10,20,20,0,NONE,"02","1",3,0,1,HIGH
500000,5000,10,20,20,0,NONE,"02","1",3,0,1,LOW
108587,1086,20,20,20,108587,EMP1048,"02","3",3,0,1,LOW
11971,11971,20,10,10,11971,EMP1048,"02","5",8,0,1,LOW
10637,10637,20,10,10,10637,EMP1048,"02","3",4,0,1,LOW
14225,14225,20,10,10,14225,EMP1048,"02","5",6,0,1,LOW
14271,14271,20,10,10,14271,EMP1048,"02","3",4,0,1,LOW
11242,11242,20,10,10,11242,EMP1048,"02","4",8,0,1,LOW
9990,9990,20,10,10,9990,EMP1048,"02","4",4,0,1,LOW
13359,13359,20,10,10,13359,EMP1048,"02","5",6,0,1,LOW
13402,13402,20,10,10,13402,EMP1048,"02","3",4,0,1,LOW
1041,1041,30,10,10,1041,EMP1048,"02","3",2,0,1,LOW
925,925,30,10,10,925,EMP1048,"02","3",2,0,1,LOW
91087,911,20,20,20,91087,EMP1044,"01","7",4,0,1,LOW
80937,809,20,20,20,80937,EMP1044,"02","1",7,0,1,HIGH
500000,5000,10,20,20,0,NONE,"01","5",4,0,1,HIGH
500000,5000,10,20,20,0,NONE,"01","5",6,0,1,LOW
500000,5000,10,20,20,0,NONE,"01","5",6,0,1,LOW
108237,1082,20,20,20,108237,EMP1044,"02","1",5,0,1,LOW
500000,5000,10,20,20,0,NONE,"01","5",6,0,1,LOW
500000,5000,10,20,20,0,NONE,"01","4",4,0,1,LOW
1000000,10000,10,20,20,0,NONE,"01","5",8,0,1,LOW
108587,1086,20,20,20,108587,EMP1044,"02","2",5,0,1,LOW
11971,11971,20,10,10,11971,EMP1044,"02","1",6,0,1,HIGH
10637,10637,20,10,10,10637,EMP1044,"01","7",5,0,1,MEDIUM
14225,14225,20,10,10,14225,EMP1044,"02","1",5,0,1,LOW
14271,14271,20,10,10,14271,EMP1044,"02","2",8,0,1,LOW
11242,11242,20,10,10,11242,EMP1044,"02","1",5,0,1,MEDIUM
9990,9990,20,10,10,9990,EMP1044,"01","7",5,0,1,LOW
13359,13359,20,10,10,13359,EMP1044,"02","3",8,0,1,HIGH
13402,13402,20,10,10,13402,EMP1044,"02","2",8,0,1,LOW
1041,1041,30,10,10,1041,EMP1044,"02","1",3,0,1,MEDIUM
925,925,30,10,10,925,EMP1044,"02","1",3,0,1,LOW
1237,1237,30,10,10,1237,EMP1044,"02","1",2,0,1,LOW
1241,1241,30,10,10,1241,EMP1044,"02","1",3,0,1,LOW
300000,3000,10,20,20,0,NONE,"01","7",4,0,1,HIGH
250000,2500,10,20,20,0,NONE,"01","7",6,0,1,HIGH
250000,2500,10,20,20,0,NONE,"01","7",6,0,1,LOW
300000,3000,10,20,20,0,NONE,"01","7",4,0,1,LOW
1500000,15000,10,20,20,0,NONE,"01","6",6,0,1,HIGH
1500000,15000,10,20,20,0,NONE,"01","6",6,0,1,LOW
55550,55550,20,10,10,55550,EMP1054,"02","2",6,0,1,LOW
500000,5000,10,20,20,0,NONE,"01","6",8,0,1,LOW
91087,911,20,20,20,91087,EMP1054,"02","3",5,0,1,LOW
500000,5000,10,20,20,0,NONE,"01","6",4,0,1,LOW
1500000,15000,10,20,20,0,NONE,"01","6",4,0,1,LOW
80937,809,20,20,20,80937,EMP1054,"02","1",3,0,1,LOW
500000,5000,10,20,20,0,NONE,"01","6",4,0,1,LOW
108237,1082,20,20,20,108237,EMP1054,"02","1",3,0,1,LOW
13359,13359,20,10,10,13359,EMP1054,"01","7",7,0,1,HIGH
13402,13402,20,10,10,13402,EMP1054,"01","7",7,0,1,HIGH
1041,1041,30,10,10,1041,EMP1054,"01","6",3,0,1,LOW
925,925,30,10,10,925,EMP1054,"01","6",3,0,1,LOW
1237,1237,30,10,10,1237,EMP1054,"01","5",3,0,1,LOW
1241,1241,30,10,10,1241,EMP1054,"01","5",3,0,1,LOW
300000,3000,10,20,20,0,NONE,"01","5",4,0,1,LOW
250000,2500,10,20,20,0,NONE,"01","5",4,0,1,HIGH
250000,2500,10,20,20,0,NONE,"01","5",6,0,1,HIGH
300000,3000,10,20,20,0,NONE,"01","5",6,0,1,LOW
55550,55550,20,10,10,55550,EMP1055,"02","1",8,0,1,LOW
1500000,15000,10,20,20,0,NONE,"01","4",8,0,1,LOW
91087,911,20,20,20,91087,EMP1055,"01","6",4,0,1,LOW
500000,5000,10,20,20,0,NONE,"01","4",6,0,1,LOW
80937,809,20,20,20,80937,EMP1055,"01","6",4,0,1,HIGH
500000,5000,10,20,20,0,NONE,"01","4",4,0,1,LOW
108237,1082,20,20,20,108237,EMP1055,"01","6",4,0,1,MEDIUM
108587,1086,20,20,20,108587,EMP1055,"01","7",6,0,1,LOW
11971,11971,20,10,10,11971,EMP1055,"01","7",7,0,1,LOW
10637,10637,20,10,10,10637,EMP1055,"02","1",7,0,1,HIGH
14225,14225,20,10,10,14225,EMP1055,"01","6",5,0,1,LOW
14271,14271,20,10,10,14271,EMP1055,"01","7",9,0,1,HIGH
11242,11242,20,10,10,11242,EMP1055,"01","7",5,0,1,LOW
9990,9990,20,10,10,9990,EMP1055,"01","7",7,0,1,LOW
13359,13359,20,10,10,13359,EMP1055,"02","1",6,0,1,LOW
13402,13402,20,10,10,13402,EMP1055,"02","1",6,0,1,LOW
1041,1041,30,10,10,1041,EMP1055,"01","7",3,0,1,LOW
925,925,30,10,10,925,EMP1055,"01","7",3,0,1,LOW
1237,1237,30,10,10,1237,EMP1055,"01","7",3,0,1,LOW
1241,1241,30,10,10,1241,EMP1055,"01","7",3,0,1,MEDIUM
55550,55550,20,10,10,55550,EMP1044,"01","7",5,0,1,LOW
500000,5000,10,20,20,0,NONE,"01","4",6,0,1,LOW
500000,5000,10,20,20,0,NONE,"01","5",4,0,1,HIGH
500000,5000,10,20,20,0,NONE,"01","4",6,0,1,LOW
1500000,15000,10,20,20,0,NONE,"01","4",6,0,1,LOW
110165,1102,20,20,20,110165,EMP1021,"01","5",6,0,1,HIGH
88290,883,20,20,20,88290,EMP1021,"01","4",4,0,1,LOW
500000,5000,10,20,20,0,NONE,"01","2",6,0,1,LOW
500000,5000,10,20,20,0,NONE,"01","2",4,0,1,LOW
63615,636,20,20,20,63615,EMP1021,"01","5",6,0,1,LOW
106400,1064,20,20,20,106400,EMP1021,"01","5",6,0,1,LOW
14481,14481,20,10,10,14481,EMP1021,"01","4",5,0,1,LOW
11606,11606,20,10,10,11606,EMP1021,"01","5",5,0,1,HIGH
8363,8363,20,10,10,8363,EMP1021,"01","7",7,0,1,LOW
13984,13984,20,10,10,13984,EMP1021,"01","6",7,0,1,LOW
13598,13598,20,10,10,13598,EMP1021,"01","5",5,0,1,LOW
10898,10898,20,10,10,10898,EMP1021,"01","4",5,0,1,LOW
7854,7854,20,10,10,7854,EMP1021,"01","5",7,0,1,LOW
13136,13136,20,10,10,13136,EMP1021,"01","5",7,0,1,LOW
1259,1259,30,10,10,1259,EMP1021,"01","5",3,0,1,LOW
1009,1009,30,10,10,1009,EMP1021,"01","4",3,0,1,LOW
727,727,30,10,10,727,EMP1021,"01","4",3,0,1,LOW
1216,1216,30,10,10,1216,EMP1021,"01","5",3,0,1,MEDIUM
500000,5000,10,20,20,0,NONE,"01","4",4,0,1,LOW
1500000,15000,10,20,20,0,NONE,"01","3",4,0,1,LOW
1500000,15000,10,20,20,0,NONE,"01","3",4,0,1,LOW
55550,55550,20,10,10,55550,EMP1054,"01","5",5,0,1,LOW
500000,5000,10,20,20,0,NONE,"01","3",4,0,1,LOW
500000,5000,10,20,20,0,NONE,"01","3",4,0,1,LOW
91087,911,20,20,20,91087,EMP1054,"01","5",4,0,1,MEDIUM
80937,809,20,20,20,80937,EMP1054,"01","7",6,0,1,HIGH
500000,5000,10,20,20,0,NONE,"01","3",4,0,1,LOW
108237,1082,20,20,20,108237,EMP1054,"01","5",4,0,1,LOW
500000,5000,10,20,20,0,NONE,"01","3",4,0,1,LOW
500000,5000,10,20,20,0,NONE,"01","2",4,0,1,LOW
108587,1086,20,20,20,108587,EMP1054,"01","7",6,0,1,LOW
11971,11971,20,10,10,11971,EMP1054,"01","5",5,0,1,LOW
10637,10637,20,10,10,10637,EMP1054,"01","5",5,0,1,LOW
14225,14225,20,10,10,14225,EMP1054,"01","6",5,0,1,LOW
14271,14271,20,10,10,14271,EMP1054,"01","5",5,0,1,LOW
11242,11242,20,10,10,11242,EMP1054,"01","6",5,0,1,LOW
9990,9990,20,10,10,9990,EMP1054,"01","6",5,0,1,LOW
13132,13132,20,10,10,13132,EMP1044,"01","7",5,0,1,LOW
1259,1259,30,10,10,1259,EMP1044,"01","1",3,0,1,LOW
1009,1009,30,10,10,1009,EMP1044,"01","1",3,0,1,LOW
727,727,30,10,10,727,EMP1044,"01","1",5,0,1,LOW
1216,1216,30,10,10,1216,EMP1044,"01","1",3,0,1,LOW
300000,3000,10,20,20,0,NONE,"01","1",6,0,1,LOW
250000,2500,10,20,20,0,NONE,"01","1",4,0,1,LOW
250000,2500,10,20,20,0,NONE,"01","1",8,0,1,LOW
300000,3000,10,20,20,0,NONE,"01","1",4,0,1,LOW
1500000,15000,10,20,20,0,NONE,"01","7",4,0,1,LOW
52637,52637,20,10,10,52637,EMP1004,"01","4",9,0,1,LOW
110162,1102,20,20,20,110162,EMP1004,"01","3",4,0,1,MEDIUM
88287,883,20,20,20,88287,EMP1004,"01","3",4,0,1,LOW
500000,5000,10,20,20,0,NONE,"01","1",6,0,1,LOW
63612,636,20,20,20,63612,EMP1004,"01","3",4,0,1,MEDIUM
500000,5000,10,20,20,0,NONE,"01","1",6,0,1,LOW
1500000,15000,10,20,20,0,NONE,"01","7",4,0,1,LOW
106400,1064,20,20,20,106400,EMP1004,"01","3",4,0,1,MEDIUM
14478,14478,20,10,10,14478,EMP1004,"01","3",5,0,1,LOW
11603,11603,20,10,10,11603,EMP1004,"01","4",7,0,1,LOW
8360,8360,20,10,10,8360,EMP1004,"01","5",7,0,1,HIGH
13984,13984,20,10,10,13984,EMP1004,"01","5",7,0,1,LOW
13597,13597,20,10,10,13597,EMP1004,"01","3",5,0,1,LOW
10897,10897,20,10,10,10897,EMP1004,"01","4",5,0,1,LOW
7851,7851,20,10,10,7851,EMP1004,"01","4",5,0,1,LOW
13132,13132,20,10,10,13132,EMP1004,"01","5",7,0,1,HIGH
1259,1259,30,10,10,1259,EMP1004,"01","4",5,0,1,LOW
1009,1009,30,10,10,1009,EMP1004,"01","4",3,0,1,LOW
727,727,30,10,10,727,EMP1004,"01","3",5,0,1,LOW
1216,1216,30,10,10,1216,EMP1004,"01","4",5,0,1,LOW
300000,3000,10,20,20,0,NONE,"01","3",4,0,1,LOW
250000,2500,10,20,20,0,NONE,"01","3",8,0,1,LOW
250000,2500,10,20,20,0,NONE,"01","3",4,0,1,LOW
300000,3000,10,20,20,0,NONE,"01","3",4,0,1,LOW
1000000,10000,10,20,20,0,NONE,"01","2",6,0,1,HIGH
1000000,10000,10,20,20,0,NONE,"01","2",6,0,1,LOW
52640,52640,20,10,10,52640,EMP1021,"01","4",5,0,1,LOW
63612,636,20,20,20,63612,EMP1003,"01","6",4,0,1,LOW
500000,5000,10,20,20,0,NONE,"01","4",4,0,1,LOW
500000,5000,10,20,20,0,NONE,"01","4",4,0,1,HIGH
500000,5000,10,20,20,0,NONE,"01","4",4,0,1,LOW
106400,1064,20,20,20,106400,EMP1003,"01","6",4,0,1,LOW
14478,14478,20,10,10,14478,EMP1003,"01","2",7,0,1,LOW
11603,11603,20,10,10,11603,EMP1003,"01","6",5,0,1,LOW
8360,8360,20,10,10,8360,EMP1003,"01","6",5,0,1,LOW
13984,13984,20,10,10,13984,EMP1003,"01","7",5,0,1,MEDIUM
13597,13597,20,10,10,13597,EMP1003,"01","6",5,0,1,LOW
10897,10897,20,10,10,10897,EMP1003,"01","1",9,0,1,LOW
7851,7851,20,10,10,7851,EMP1003,"01","6",5,0,1,LOW
13132,13132,20,10,10,13132,EMP1003,"01","6",5,0,1,LOW
1259,1259,30,10,10,1259,EMP1003,"01","7",3,0,1,LOW
1009,1009,30,10,10,1009,EMP1003,"01","7",3,0,1,LOW
727,727,30,10,10,727,EMP1003,"01","7",5,0,1,HIGH
1216,1216,30,10,10,1216,EMP1003,"01","7",3,0,1,LOW
300000,3000,10,20,20,0,NONE,"01","6",4,0,1,LOW
250000,2500,10,20,20,0,NONE,"01","6",4,0,1,LOW
250000,2500,10,20,20,0,NONE,"01","6",4,0,1,HIGH
300000,3000,10,20,20,0,NONE,"01","6",4,0,1,LOW
52637,52637,20,10,10,52637,EMP1044,"01","7",5,0,1,LOW
110162,1102,20,20,20,110162,EMP1044,"01","7",4,0,1,LOW
500000,5000,10,20,20,0,NONE,"01","5",4,0,1,LOW
88287,883,20,20,20,88287,EMP1044,"01","7",4,0,1,LOW
63612,636,20,20,20,63612,EMP1044,"01","1",6,0,1,LOW
500000,5000,10,20,20,0,NONE,"01","4",4,0,1,LOW
500000,5000,10,20,20,0,NONE,"01","4",4,0,1,LOW
1500000,15000,10,20,20,0,NONE,"01","4",4,0,1,LOW
106400,1064,20,20,20,106400,EMP1044,"01","1",8,0,1,LOW
14478,14478,20,10,10,14478,EMP1044,"01","2",9,0,1,LOW
11603,11603,20,10,10,11603,EMP1044,"01","3",7,0,1,LOW
8360,8360,20,10,10,8360,EMP1044,"01","7",5,0,1,LOW
13984,13984,20,10,10,13984,EMP1044,"01","7",5,0,1,LOW
13597,13597,20,10,10,13597,EMP1044,"01","7",5,0,1,MEDIUM
10897,10897,20,10,10,10897,EMP1044,"01","7",5,0,1,LOW
7851,7851,20,10,10,7851,EMP1044,"01","7",5,0,1,LOW
1500000,15000,10,20,20,0,NONE,"01","4",4,0,1,LOW
500000,500000,40,10,10,0,NONE,"01","4",5,0,1,HIGH
500000,500000,40,10,10,0,NONE,"01","4",7,0,1,LOW
400000,400000,40,10,10,0,NONE,"01","4",5,0,1,LOW
400000,400000,40,10,10,0,NONE,"01","4",7,0,1,LOW
30000,30000,40,10,10,0,NONE,"01","4",7,0,1,LOW
52637,52637,20,10,10,52637,EMP1021,"01","5",5,0,1,HIGH
500000,5000,10,20,20,0,NONE,"01","3",6,0,1,LOW
1000000,10000,10,20,20,0,NONE,"01","3",4,0,1,HIGH
1000000,10000,10,20,20,0,NONE,"01","2",6,0,1,HIGH
1000000,10000,10,20,20,0,NONE,"01","3",4,0,1,LOW
110162,1102,20,20,20,110162,EMP1021,"01","5",4,0,1,LOW
88287,883,20,20,20,88287,EMP1021,"01","6",6,0,1,LOW
63612,636,20,20,20,63612,EMP1021,"01","6",6,0,1,LOW
500000,5000,10,20,20,0,NONE,"01","3",6,0,1,LOW
500000,5000,10,20,20,0,NONE,"01","3",4,0,1,LOW
106400,1064,20,20,20,106400,EMP1021,"01","5",4,0,1,LOW
14478,14478,20,10,10,14478,EMP1021,"01","5",5,0,1,LOW
11603,11603,20,10,10,11603,EMP1021,"01","5",5,0,1,MEDIUM
8360,8360,20,10,10,8360,EMP1021,"01","5",5,0,1,LOW
13984,13984,20,10,10,13984,EMP1021,"01","5",5,0,1,LOW
13597,13597,20,10,10,13597,EMP1021,"01","7",7,0,1,LOW
10897,10897,20,10,10,10897,EMP1021,"01","5",5,0,1,LOW
7851,7851,20,10,10,7851,EMP1021,"01","6",9,0,1,LOW
13132,13132,20,10,10,13132,EMP1021,"01","5",5,0,1,LOW
1259,1259,30,10,10,1259,EMP1021,"01","1",7,0,1,LOW
1009,1009,30,10,10,1009,EMP1021,"01","6",3,0,1,LOW
727,727,30,10,10,727,EMP1021,"01","6",5,0,1,LOW
1216,1216,30,10,10,1216,EMP1021,"01","6",3,0,1,LOW
52637,52637,20,10,10,52637,EMP1003,"01","6",5,0,1,LOW
500000,5000,10,20,20,0,NONE,"01","3",4,0,1,LOW
110162,1102,20,20,20,110162,EMP1003,"01","6",4,0,1,LOW
500000,5000,10,20,20,0,NONE,"01","4",8,0,1,HIGH
500000,5000,10,20,20,0,NONE,"01","4",6,0,1,LOW
500000,5000,10,20,20,0,NONE,"01","4",4,0,1,LOW
88287,883,20,20,20,88287,EMP1003,"01","6",4,0,1,LOW
1500000,15000,10,20,20,0,NONE,"01","4",4,0,1,LOW
9993,9993,20,10,10,9993,EMP1001,"01","5",9,0,1,LOW
11270,11270,20,10,10,11270,EMP1001,"01","3",5,0,1,MEDIUM
8648,8648,20,10,10,8648,EMP1001,"01","3",5,0,1,LOW
10422,10422,20,10,10,10422,EMP1001,"01","4",7,0,1,LOW
9385,9385,20,10,10,9385,EMP1001,"01","6",7,0,1,LOW
10584,10584,20,10,10,10584,EMP1001,"01","5",9,0,1,LOW
8121,8121,20,10,10,8121,EMP1001,"01","4",5,0,1,LOW
965,965,30,10,10,965,EMP1001,"01","4",3,0,1,LOW
869,869,30,10,10,869,EMP1001,"01","3",5,0,1,LOW
980,980,30,10,10,980,EMP1001,"01","3",5,0,1,LOW
752,752,30,10,10,752,EMP1001,"01","4",5,0,1,LOW
44575,44575,20,10,10,44575,EMP1003,"01","4",5,0,1,LOW
1500000,15000,10,20,20,0,NONE,"01","1",8,0,1,LOW
84440,844,20,20,20,84440,EMP1003,"01","4",4,0,1,LOW
500000,5000,10,20,20,0,NONE,"01","2",6,0,1,LOW
500000,5000,10,20,20,0,NONE,"01","2",8,0,1,LOW
76040,760,20,20,20,76040,EMP1003,"01","4",4,0,1,LOW
500000,5000,10,20,20,0,NONE,"01","2",4,0,1,LOW
85750,858,20,20,20,85750,EMP1003,"01","4",4,0,1,LOW
65800,658,20,20,20,65800,EMP1003,"01","4",4,0,1,LOW
11100,11100,20,10,10,11100,EMP1003,"01","6",9,0,1,LOW
9996,9996,20,10,10,9996,EMP1003,"01","5",5,0,1,MEDIUM
11270,11270,20,10,10,11270,EMP1003,"01","4",5,0,1,LOW
8648,8648,20,10,10,8648,EMP1003,"01","4",5,0,1,LOW
10422,10422,20,10,10,10422,EMP1003,"01","4",5,0,1,LOW
9387,9387,20,10,10,9387,EMP1003,"01","4",5,0,1,LOW
10584,10584,20,10,10,10584,EMP1003,"01","5",9,0,1,LOW
8125,8125,20,10,10,8125,EMP1003,"01","5",7,0,1,LOW
965,965,30,10,10,965,EMP1003,"01","5",3,0,1,LOW
869,869,30,10,10,869,EMP1003,"01","4",3,0,1,LOW
980,980,30,10,10,980,EMP1003,"01","4",5,0,1,LOW
752,752,30,10,10,752,EMP1003,"01","5",3,0,1,LOW
300000,3000,10,20,20,0,NONE,"01","4",4,0,1,LOW
250000,2500,10,20,20,0,NONE,"01","4",4,0,1,LOW
250000,2500,10,20,20,0,NONE,"01","4",4,0,1,LOW
300000,3000,10,20,20,0,NONE,"01","4",6,0,1,LOW
500000,5000,10,20,20,0,NONE,"01","4",4,0,1,LOW
1500000,15000,10,20,20,0,NONE,"01","4",4,0,1,LOW
250000,2500,10,20,20,0,NONE,"01","7",6,0,1,LOW
300000,3000,10,20,20,0,NONE,"01","7",6,0,1,LOW
1500000,15000,10,20,20,0,NONE,"01","6",6,0,1,HIGH
1500000,15000,10,20,20,0,NONE,"01","6",4,0,1,LOW
44575,44575,20,10,10,44575,EMP1007,"01","2",7,0,1,LOW
84437,844,20,20,20,84437,EMP1007,"01","3",6,0,1,LOW
76037,760,20,20,20,76037,EMP1007,"01","1",4,0,1,LOW
500000,5000,10,20,20,0,NONE,"01","6",4,0,1,LOW
500000,5000,10,20,20,0,NONE,"01","5",8,0,1,HIGH
500000,5000,10,20,20,0,NONE,"01","6",6,0,1,LOW
85750,858,20,20,20,85750,EMP1007,"01","1",4,0,1,LOW
65800,658,20,20,20,65800,EMP1007,"01","3",8,0,1,LOW
11097,11097,20,10,10,11097,EMP1007,"01","1",5,0,1,LOW
9993,9993,20,10,10,9993,EMP1007,"01","1",5,0,1,LOW
11270,11270,20,10,10,11270,EMP1007,"01","1",5,0,1,LOW
8648,8648,20,10,10,8648,EMP1007,"01","3",7,0,1,LOW
10422,10422,20,10,10,10422,EMP1007,"01","4",7,0,1,HIGH
9385,9385,20,10,10,9385,EMP1007,"01","4",9,0,1,HIGH
10584,10584,20,10,10,10584,EMP1007,"01","2",5,0,1,LOW
8121,8121,20,10,10,8121,EMP1007,"01","2",5,0,1,LOW
965,965,30,10,10,965,EMP1007,"01","2",3,0,1,LOW
869,869,30,10,10,869,EMP1007,"01","2",3,0,1,LOW
980,980,30,10,10,980,EMP1007,"01","2",5,0,1,LOW
752,752,30,10,10,752,EMP1007,"01","1",3,0,1,LOW
300000,3000,10,20,20,0,NONE,"01","2",4,0,1,LOW
250000,2500,10,20,20,0,NONE,"01","2",6,0,1,LOW
250000,2500,10,20,20,0,NONE,"01","2",6,0,1,LOW
300000,3000,10,20,20,0,NONE,"01","2",4,0,1,LOW
1500000,15000,10,20,20,0,NONE,"01","7",4,0,1,LOW
44575,44575,20,10,10,44575,EMP1001,"01","3",5,0,1,LOW
84437,844,20,20,20,84437,EMP1001,"01","3",4,0,1,LOW
500000,5000,10,20,20,0,NONE,"01","1",4,0,1,LOW
76037,760,20,20,20,76037,EMP1001,"01","3",4,0,1,LOW
500000,5000,10,20,20,0,NONE,"01","1",8,0,1,LOW
85750,858,20,20,20,85750,EMP1001,"01","5",6,0,1,HIGH
65800,658,20,20,20,65800,EMP1001,"01","3",4,0,1,LOW
11097,11097,20,10,10,11097,EMP1001,"01","5",7,0,1,LOW
65800,658,20,20,20,65800,EMP1057,"01","6",4,0,1,LOW
11097,11097,20,10,10,11097,EMP1057,"01","6",5,0,1,LOW
9993,9993,20,10,10,9993,EMP1057,"01","6",5,0,1,MEDIUM
11270,11270,20,10,10,11270,EMP1057,"01","6",5,0,1,MEDIUM
8648,8648,20,10,10,8648,EMP1057,"01","7",9,0,1,LOW
10422,10422,20,10,10,10422,EMP1057,"01","1",9,0,1,LOW
9385,9385,20,10,10,9385,EMP1057,"01","7",5,0,1,LOW
10584,10584,20,10,10,10584,EMP1057,"01","6",5,0,1,LOW
8121,8121,20,10,10,8121,EMP1057,"01","1",7,0,1,HIGH
965,965,30,10,10,965,EMP1057,"01","6",3,0,1,LOW
869,869,30,10,10,869,EMP1057,"01","7",5,0,1,LOW
980,980,30,10,10,980,EMP1057,"01","7",5,0,1,LOW
752,752,30,10,10,752,EMP1057,"01","2",7,0,1,LOW
44575,44575,20,10,10,44575,EMP1052,"01","7",5,0,1,LOW
500000,5000,10,20,20,0,NONE,"01","4",4,0,1,LOW
84437,844,20,20,20,84437,EMP1052,"01","7",4,0,1,LOW
500000,5000,10,20,20,0,NONE,"01","5",4,0,1,LOW
500000,5000,10,20,20,0,NONE,"01","5",4,0,1,LOW
76037,760,20,20,20,76037,EMP1052,"01","7",4,0,1,LOW
500000,5000,10,20,20,0,NONE,"01","4",4,0,1,LOW
1500000,15000,10,20,20,0,NONE,"01","5",4,0,1,LOW
85750,858,20,20,20,85750,EMP1052,"01","1",6,0,1,LOW
65800,658,20,20,20,65800,EMP1052,"01","1",6,0,1,LOW
11097,11097,20,10,10,11097,EMP1052,"01","7",5,0,1,LOW
9993,9993,20,10,10,9993,EMP1052,"01","7",5,0,1,LOW
11270,11270,20,10,10,11270,EMP1052,"01","7",5,0,1,LOW
8648,8648,20,10,10,8648,EMP1052,"01","7",5,0,1,LOW
10422,10422,20,10,10,10422,EMP1052,"01","7",5,0,1,LOW
9385,9385,20,10,10,9385,EMP1052,"01","3",9,0,1,LOW
10584,10584,20,10,10,10584,EMP1052,"01","7",5,0,1,LOW
8121,8121,20,10,10,8121,EMP1052,"01","7",5,0,1,LOW
965,965,30,10,10,965,EMP1052,"01","1",3,0,1,LOW
869,869,30,10,10,869,EMP1052,"01","1",3,0,1,LOW
980,980,30,10,10,980,EMP1052,"01","1",3,0,1,LOW
752,752,30,10,10,752,EMP1052,"01","7",3,0,1,LOW
300000,3000,10,20,20,0,NONE,"01","7",6,0,1,LOW
250000,2500,10,20,20,0,NONE,"01","7",4,0,1,LOW
1047,1047,30,10,10,1047,EMP1057,"01","5",3,0,1,LOW
937,937,30,10,10,937,EMP1057,"01","5",5,0,1,MEDIUM
1248,1248,30,10,10,1248,EMP1057,"01","5",5,0,1,LOW
500000,5000,10,20,20,0,NONE,"01","4",4,0,1,LOW
44575,44575,20,10,10,44575,EMP1049,"01","7",7,0,1,LOW
500000,5000,10,20,20,0,NONE,"01","2",8,0,1,LOW
84437,844,20,20,20,84437,EMP1049,"01","5",4,0,1,LOW
500000,5000,10,20,20,0,NONE,"01","3",4,0,1,LOW
500000,5000,10,20,20,0,NONE,"01","3",8,0,1,LOW
76037,760,20,20,20,76037,EMP1049,"01","6",6,0,1,LOW
85750,858,20,20,20,85750,EMP1049,"01","6",6,0,1,LOW
500000,5000,10,20,20,0,NONE,"01","3",8,0,1,LOW
65800,658,20,20,20,65800,EMP1049,"01","5",4,0,1,HIGH
11097,11097,20,10,10,11097,EMP1049,"01","7",7,0,1,LOW
9993,9993,20,10,10,9993,EMP1049,"01","6",5,0,1,LOW
11270,11270,20,10,10,11270,EMP1049,"01","6",7,0,1,LOW
8648,8648,20,10,10,8648,EMP1049,"01","5",5,0,1,LOW
10422,10422,20,10,10,10422,EMP1049,"01","5",5,0,1,LOW
9385,9385,20,10,10,9385,EMP1049,"01","5",5,0,1,MEDIUM
10584,10584,20,10,10,10584,EMP1049,"01","6",5,0,1,LOW
8121,8121,20,10,10,8121,EMP1049,"01","6",5,0,1,LOW
965,965,30,10,10,965,EMP1049,"01","5",3,0,1,MEDIUM
869,869,30,10,10,869,EMP1049,"01","5",3,0,1,LOW
980,980,30,10,10,980,EMP1049,"01","1",7,0,1,LOW
752,752,30,10,10,752,EMP1049,"01","1",7,0,1,LOW
300000,3000,10,20,20,0,NONE,"01","5",4,0,1,LOW
250000,2500,10,20,20,0,NONE,"01","5",6,0,1,HIGH
250000,2500,10,20,20,0,NONE,"01","5",6,0,1,LOW
300000,3000,10,20,20,0,NONE,"01","5",4,0,1,LOW
44575,44575,20,10,10,44575,EMP1057,"01","6",5,0,1,LOW
1500000,15000,10,20,20,0,NONE,"01","3",4,0,1,LOW
1000000,10000,10,20,20,0,NONE,"01","3",4,0,1,LOW
84437,844,20,20,20,84437,EMP1057,"01","6",4,0,1,LOW
76037,760,20,20,20,76037,EMP1057,"01","6",4,0,1,LOW
500000,5000,10,20,20,0,NONE,"01","4",4,0,1,LOW
500000,5000,10,20,20,0,NONE,"01","4",4,0,1,LOW
85750,858,20,20,20,85750,EMP1057,"01","6",4,0,1,LOW
109200,1092,20,20,20,109200,EMP1006,"01","3",4,0,1,MEDIUM
13501,13501,20,10,10,13501,EMP1006,"01","3",5,0,1,LOW
12040,12040,20,10,10,12040,EMP1006,"01","4",5,0,1,LOW
10775,10775,20,10,10,10775,EMP1006,"01","3",5,0,1,LOW
14352,14352,20,10,10,14352,EMP1006,"01","4",9,0,1,LOW
12679,12679,20,10,10,12679,EMP1006,"01","3",5,0,1,LOW
11307,11307,20,10,10,11307,EMP1006,"01","3",5,0,1,LOW
10119,10119,20,10,10,10119,EMP1006,"01","4",7,0,1,LOW
13478,13478,20,10,10,13478,EMP1006,"01","4",7,0,1,LOW
1174,1174,30,10,10,1174,EMP1006,"01","4",3,0,1,LOW
1047,1047,30,10,10,1047,EMP1006,"01","4",3,0,1,LOW
937,937,30,10,10,937,EMP1006,"01","3",5,0,1,LOW
1248,1248,30,10,10,1248,EMP1006,"01","4",3,0,1,LOW
300000,3000,10,20,20,0,NONE,"01","3",4,0,1,LOW
250000,2500,10,20,20,0,NONE,"01","3",4,0,1,LOW
250000,2500,10,20,20,0,NONE,"01","3",4,0,1,LOW
300000,3000,10,20,20,0,NONE,"01","3",4,0,1,HIGH
1500000,15000,10,20,20,0,NONE,"01","1",4,0,1,LOW
55075,55075,20,10,10,55075,EMP1057,"01","4",5,0,1,LOW
102725,1027,20,20,20,102725,EMP1057,"01","4",4,0,1,LOW
500000,5000,10,20,20,0,NONE,"01","2",6,0,1,LOW
500000,5000,10,20,20,0,NONE,"01","2",4,0,1,LOW
91615,916,20,20,20,91615,EMP1057,"01","4",4,0,1,LOW
500000,5000,10,20,20,0,NONE,"01","2",8,0,1,LOW
81990,820,20,20,20,81990,EMP1057,"01","4",4,0,1,LOW
500000,5000,10,20,20,0,NONE,"01","1",4,0,1,LOW
1500000,15000,10,20,20,0,NONE,"01","1",4,0,1,LOW
109200,1092,20,20,20,109200,EMP1057,"01","6",8,0,1,LOW
13501,13501,20,10,10,13501,EMP1057,"01","5",5,0,1,LOW
12043,12043,20,10,10,12043,EMP1057,"01","5",7,0,1,HIGH
10778,10778,20,10,10,10778,EMP1057,"01","5",5,0,1,LOW
14352,14352,20,10,10,14352,EMP1057,"01","4",5,0,1,LOW
12680,12680,20,10,10,12680,EMP1057,"01","7",7,0,1,LOW
11310,11310,20,10,10,11310,EMP1057,"01","5",5,0,1,LOW
10122,10122,20,10,10,10122,EMP1057,"01","4",5,0,1,LOW
13480,13480,20,10,10,13480,EMP1057,"01","4",5,0,1,LOW
1174,1174,30,10,10,1174,EMP1057,"01","5",3,0,1,LOW
1000000,10000,10,20,20,0,NONE,"01","5",4,0,1,LOW
102725,1027,20,20,20,102725,EMP1057,"01","1",6,0,1,LOW
500000,5000,10,20,20,0,NONE,"01","5",4,0,1,HIGH
500000,5000,10,20,20,0,NONE,"01","5",6,0,1,LOW
500000,5000,10,20,20,0,NONE,"01","5",6,0,1,LOW
91612,916,20,20,20,91612,EMP1057,"01","1",8,0,1,LOW
500000,5000,10,20,20,0,NONE,"01","5",4,0,1,LOW
81987,820,20,20,20,81987,EMP1057,"01","7",4,0,1,LOW
500000,5000,10,20,20,0,NONE,"01","5",4,0,1,LOW
500000,5000,10,20,20,0,NONE,"01","5",6,0,1,HIGH
500000,5000,10,20,20,0,NONE,"01","5",4,0,1,LOW
1500000,15000,10,20,20,0,NONE,"01","4",4,0,1,LOW
109200,1092,20,20,20,109200,EMP1057,"01","1",6,0,1,LOW
13501,13501,20,10,10,13501,EMP1057,"01","7",5,0,1,HIGH
12040,12040,20,10,10,12040,EMP1057,"01","7",5,0,1,LOW
10775,10775,20,10,10,10775,EMP1057,"01","7",5,0,1,LOW
14352,14352,20,10,10,14352,EMP1057,"01","2",7,0,1,LOW
12679,12679,20,10,10,12679,EMP1057,"01","7",5,0,1,LOW
11307,11307,20,10,10,11307,EMP1057,"01","2",7,0,1,LOW
10119,10119,20,10,10,10119,EMP1057,"01","1",5,0,1,LOW
13478,13478,20,10,10,13478,EMP1057,"01","1",5,0,1,LOW
1174,1174,30,10,10,1174,EMP1057,"01","1",3,0,1,LOW
1047,1047,30,10,10,1047,EMP1057,"01","1",3,0,1,MEDIUM
937,937,30,10,10,937,EMP1057,"01","1",5,0,1,LOW
1248,1248,30,10,10,1248,EMP1057,"01","1",3,0,1,LOW
300000,3000,10,20,20,0,NONE,"01","1",6,0,1,HIGH
250000,2500,10,20,20,0,NONE,"01","1",6,0,1,LOW
250000,2500,10,20,20,0,NONE,"01","1",4,0,1,LOW
300000,3000,10,20,20,0,NONE,"01","1",6,0,1,LOW
55075,55075,20,10,10,55075,EMP1006,"01","3",5,0,1,LOW
102725,1027,20,20,20,102725,EMP1006,"01","5",6,0,1,LOW
91612,916,20,20,20,91612,EMP1006,"01","3",4,0,1,LOW
500000,5000,10,20,20,0,NONE,"01","7",6,0,1,LOW
81987,820,20,20,20,81987,EMP1006,"01","3",4,0,1,LOW
500000,5000,10,20,20,0,NONE,"01","1",6,0,1,LOW
1500000,15000,10,20,20,0,NONE,"01","2",6,0,1,HIGH
1500000,15000,10,20,20,0,NONE,"01","1",4,0,1,LOW
14352,14352,20,10,10,14352,EMP1041,"01","5",5,0,1,LOW
12679,12679,20,10,10,12679,EMP1041,"01","6",7,0,1,LOW
11307,11307,20,10,10,11307,EMP1041,"01","1",7,0,1,LOW
10119,10119,20,10,10,10119,EMP1041,"01","6",5,0,1,LOW
13478,13478,20,10,10,13478,EMP1041,"01","5",5,0,1,LOW
1174,1174,30,10,10,1174,EMP1041,"01","6",5,0,1,MEDIUM
1047,1047,30,10,10,1047,EMP1041,"01","6",3,0,1,LOW
937,937,30,10,10,937,EMP1041,"01","6",5,0,1,LOW
1248,1248,30,10,10,1248,EMP1041,"01","6",5,0,1,LOW
55075,55075,20,10,10,55075,EMP1001,"01","6",5,0,1,LOW
500000,5000,10,20,20,0,NONE,"01","4",4,0,1,LOW
500000,5000,10,20,20,0,NONE,"01","4",4,0,1,LOW
102725,1027,20,20,20,102725,EMP1001,"01","6",4,0,1,LOW
500000,5000,10,20,20,0,NONE,"01","4",4,0,1,LOW
91612,916,20,20,20,91612,EMP1001,"01","6",4,0,1,LOW
500000,5000,10,20,20,0,NONE,"01","4",4,0,1,LOW
1500000,15000,10,20,20,0,NONE,"01","4",4,0,1,LOW
81987,820,20,20,20,81987,EMP1001,"01","7",6,0,1,HIGH
109200,1092,20,20,20,109200,EMP1001,"01","6",4,0,1,LOW
13501,13501,20,10,10,13501,EMP1001,"01","7",5,0,1,LOW
12040,12040,20,10,10,12040,EMP1001,"01","6",5,0,1,MEDIUM
10775,10775,20,10,10,10775,EMP1001,"01","6",5,0,1,LOW
14352,14352,20,10,10,14352,EMP1001,"01","6",5,0,1,LOW
12679,12679,20,10,10,12679,EMP1001,"01","7",5,0,1,LOW
11307,11307,20,10,10,11307,EMP1001,"01","7",5,0,1,LOW
10119,10119,20,10,10,10119,EMP1001,"01","6",5,0,1,MEDIUM
13478,13478,20,10,10,13478,EMP1001,"01","6",5,0,1,LOW
1174,1174,30,10,10,1174,EMP1001,"01","7",3,0,1,LOW
1047,1047,30,10,10,1047,EMP1001,"01","7",5,0,1,LOW
937,937,30,10,10,937,EMP1001,"01","7",3,0,1,LOW
1248,1248,30,10,10,1248,EMP1001,"01","7",3,0,1,LOW
300000,3000,10,20,20,0,NONE,"01","6",4,0,1,LOW
250000,2500,10,20,20,0,NONE,"01","6",4,0,1,HIGH
250000,2500,10,20,20,0,NONE,"01","6",6,0,1,HIGH
300000,3000,10,20,20,0,NONE,"01","6",6,0,1,LOW
1500000,15000,10,20,20,0,NONE,"01","4",4,0,1,LOW
55075,55075,20,10,10,55075,EMP1057,"01","7",5,0,1,LOW
53600,53600,20,10,10,53600,EMP1005,"01","6",9,0,1,LOW
500000,5000,10,20,20,0,NONE,"01","1",4,0,1,LOW
103425,1034,20,20,20,103425,EMP1005,"01","4",4,0,1,LOW
500000,5000,10,20,20,0,NONE,"01","2",4,0,1,LOW
1500000,15000,10,20,20,0,NONE,"01","2",4,0,1,LOW
93800,938,20,20,20,93800,EMP1005,"01","5",6,0,1,LOW
500000,5000,10,20,20,0,NONE,"01","2",6,0,1,LOW
100890,1009,20,20,20,100890,EMP1005,"01","4",4,0,1,LOW
77090,771,20,20,20,77090,EMP1005,"01","4",4,0,1,LOW
13593,13593,20,10,10,13593,EMP1005,"01","6",9,0,1,LOW
12328,12328,20,10,10,12328,EMP1005,"01","4",5,0,1,HIGH
13262,13262,20,10,10,13262,EMP1005,"01","4",5,0,1,LOW
10134,10134,20,10,10,10134,EMP1005,"01","6",9,0,1,LOW
12768,12768,20,10,10,12768,EMP1005,"01","5",7,0,1,LOW
11580,11580,20,10,10,11580,EMP1005,"01","4",5,0,1,LOW
12454,12454,20,10,10,12454,EMP1005,"01","4",5,0,1,LOW
9518,9518,20,10,10,9518,EMP1005,"01","6",7,0,1,LOW
1182,1182,30,10,10,1182,EMP1005,"01","4",3,0,1,LOW
1072,1072,30,10,10,1072,EMP1005,"01","4",3,0,1,MEDIUM
1153,1153,30,10,10,1153,EMP1005,"01","5",3,0,1,LOW
881,881,30,10,10,881,EMP1005,"01","6",7,0,1,HIGH
300000,3000,10,20,20,0,NONE,"01","4",6,0,1,LOW
250000,2500,10,20,20,0,NONE,"01","4",6,0,1,LOW
250000,2500,10,20,20,0,NONE,"01","4",4,0,1,LOW
300000,3000,10,20,20,0,NONE,"01","4",4,0,1,LOW
500000,5000,10,20,20,0,NONE,"01","4",6,0,1,LOW
55075,55075,20,10,10,55075,EMP1041,"01","7",7,0,1,LOW
102725,1027,20,20,20,102725,EMP1041,"01","5",4,0,1,MEDIUM
91612,916,20,20,20,91612,EMP1041,"01","7",6,0,1,HIGH
500000,5000,10,20,20,0,NONE,"01","3",4,0,1,LOW
500000,5000,10,20,20,0,NONE,"01","3",6,0,1,LOW
1500000,15000,10,20,20,0,NONE,"01","3",4,0,1,LOW
81987,820,20,20,20,81987,EMP1041,"01","7",8,0,1,LOW
109200,1092,20,20,20,109200,EMP1041,"01","5",4,0,1,LOW
13501,13501,20,10,10,13501,EMP1041,"01","7",9,0,1,LOW
12040,12040,20,10,10,12040,EMP1041,"01","5",5,0,1,LOW
10775,10775,20,10,10,10775,EMP1041,"01","5",5,0,1,LOW
12452,12452,20,10,10,12452,EMP1047,"01","2",9,0,1,LOW
9514,9514,20,10,10,9514,EMP1047,"01","1",5,0,1,LOW
1182,1182,30,10,10,1182,EMP1047,"01","1",3,0,1,LOW
1072,1072,30,10,10,1072,EMP1047,"01","7",3,0,1,LOW
1153,1153,30,10,10,1153,EMP1047,"01","1",5,0,1,LOW
881,881,30,10,10,881,EMP1047,"01","1",3,0,1,LOW
300000,3000,10,20,20,0,NONE,"01","7",6,0,1,LOW
250000,2500,10,20,20,0,NONE,"01","7",6,0,1,LOW
250000,2500,10,20,20,0,NONE,"01","7",6,0,1,LOW
300000,3000,10,20,20,0,NONE,"01","7",6,0,1,LOW
300000,3000,10,20,20,0,NONE,"01","2",4,0,1,LOW
250000,2500,10,20,20,0,NONE,"01","2",4,0,1,LOW
250000,2500,10,20,20,0,NONE,"01","2",6,0,1,LOW
300000,3000,10,20,20,0,NONE,"01","2",6,0,1,LOW
53600,53600,20,10,10,53600,EMP1055,"01","4",9,0,1,LOW
1500000,15000,10,20,20,0,NONE,"01","1",4,0,1,LOW
1000000,10000,10,20,20,0,NONE,"01","7",4,0,1,HIGH
1000000,10000,10,20,20,0,NONE,"01","1",4,0,1,LOW
103425,1034,20,20,20,103425,EMP1055,"01","3",4,0,1,LOW
93800,938,20,20,20,93800,EMP1055,"01","3",4,0,1,LOW
500000,5000,10,20,20,0,NONE,"01","1",4,0,1,LOW
500000,5000,10,20,20,0,NONE,"01","1",4,0,1,LOW
100887,1009,20,20,20,100887,EMP1055,"01","3",4,0,1,LOW
77087,771,20,20,20,77087,EMP1055,"01","3",4,0,1,LOW
13593,13593,20,10,10,13593,EMP1055,"01","3",5,0,1,LOW
12328,12328,20,10,10,12328,EMP1055,"01","6",7,0,1,HIGH
13259,13259,20,10,10,13259,EMP1055,"01","3",5,0,1,MEDIUM
10131,10131,20,10,10,10131,EMP1055,"01","4",5,0,1,LOW
12765,12765,20,10,10,12765,EMP1055,"01","4",5,0,1,LOW
11577,11577,20,10,10,11577,EMP1055,"01","3",5,0,1,LOW
12452,12452,20,10,10,12452,EMP1055,"01","4",7,0,1,LOW
9514,9514,20,10,10,9514,EMP1055,"01","3",5,0,1,LOW
1182,1182,30,10,10,1182,EMP1055,"01","3",3,0,1,LOW
1072,1072,30,10,10,1072,EMP1055,"01","4",3,0,1,LOW
1153,1153,30,10,10,1153,EMP1055,"01","4",3,0,1,LOW
881,881,30,10,10,881,EMP1055,"01","4",3,0,1,LOW
1500000,15000,10,20,20,0,NONE,"01","2",4,0,1,LOW
1500000,15000,10,20,20,0,NONE,"12","4",3,0,1,LOW
103425,1034,20,20,20,103425,EMP1001,"01","1",8,0,1,LOW
500000,5000,10,20,20,0,NONE,"12","4",3,0,1,LOW
500000,5000,10,20,20,0,NONE,"12","4",7,0,1,LOW
93800,938,20,20,20,93800,EMP1001,"01","6",4,0,1,LOW
100887,1009,20,20,20,100887,EMP1001,"01","1",8,0,1,LOW
77087,771,20,20,20,77087,EMP1001,"01","6",4,0,1,LOW
13593,13593,20,10,10,13593,EMP1001,"01","1",9,0,1,LOW
12328,12328,20,10,10,12328,EMP1001,"01","6",5,0,1,LOW
13259,13259,20,10,10,13259,EMP1001,"01","6",5,0,1,LOW
10131,10131,20,10,10,10131,EMP1001,"01","6",5,0,1,LOW
12765,12765,20,10,10,12765,EMP1001,"01","2",9,0,1,LOW
11577,11577,20,10,10,11577,EMP1001,"01","6",5,0,1,LOW
12452,12452,20,10,10,12452,EMP1001,"01","7",5,0,1,LOW
9514,9514,20,10,10,9514,EMP1001,"01","7",5,0,1,LOW
1182,1182,30,10,10,1182,EMP1001,"01","7",3,0,1,LOW
1072,1072,30,10,10,1072,EMP1001,"01","7",3,0,1,MEDIUM
1153,1153,30,10,10,1153,EMP1001,"01","7",3,0,1,LOW
881,881,30,10,10,881,EMP1001,"01","2",7,0,1,LOW
53600,53600,20,10,10,53600,EMP1047,"01","7",5,0,1,LOW
500000,5000,10,20,20,0,NONE,"12","4",5,0,1,LOW
500000,5000,10,20,20,0,NONE,"01","5",4,0,1,LOW
1500000,15000,10,20,20,0,NONE,"01","5",3,0,1,HIGH
1500000,15000,10,20,20,0,NONE,"01","5",4,0,1,LOW
103425,1034,20,20,20,103425,EMP1047,"01","7",4,0,1,LOW
93800,938,20,20,20,93800,EMP1047,"01","7",4,0,1,LOW
500000,5000,10,20,20,0,NONE,"01","5",4,0,1,LOW
500000,5000,10,20,20,0,NONE,"01","5",4,0,1,LOW
100887,1009,20,20,20,100887,EMP1047,"01","2",6,0,1,LOW
500000,5000,10,20,20,0,NONE,"01","5",3,0,1,LOW
500000,5000,10,20,20,0,NONE,"01","5",4,0,1,LOW
77087,771,20,20,20,77087,EMP1047,"01","7",4,0,1,LOW
13593,13593,20,10,10,13593,EMP1047,"01","7",5,0,1,LOW
12328,12328,20,10,10,12328,EMP1047,"01","7",5,0,1,LOW
13259,13259,20,10,10,13259,EMP1047,"01","2",7,0,1,LOW
10131,10131,20,10,10,10131,EMP1047,"01","7",5,0,1,LOW
12765,12765,20,10,10,12765,EMP1047,"01","7",5,0,1,LOW
11577,11577,20,10,10,11577,EMP1047,"01","1",7,0,1,LOW
13770,13770,20,10,10,13770,EMP1051,"12","4",4,0,1,LOW
11968,11968,20,10,10,11968,EMP1051,"01","6",7,0,1,LOW
8708,8708,20,10,10,8708,EMP1051,"01","5",4,0,1,LOW
1058,1058,30,10,10,1058,EMP1051,"12","3",2,0,1,LOW
1275,1275,30,10,10,1275,EMP1051,"01","5",4,0,1,LOW
1108,1108,30,10,10,1108,EMP1051,"12","4",2,0,1,LOW
806,806,30,10,10,806,EMP1051,"01","5",5,0,1,LOW
500000,5000,10,20,20,0,NONE,"12","4",3,0,1,LOW
1500000,15000,10,20,20,0,NONE,"12","3",3,0,1,LOW
53600,53600,20,10,10,53600,EMP1002,"01","5",5,0,1,LOW
500000,5000,10,20,20,0,NONE,"12","2",5,0,1,LOW
500000,5000,10,20,20,0,NONE,"12","2",3,0,1,LOW
103425,1034,20,20,20,103425,EMP1002,"01","7",6,0,1,LOW
93800,938,20,20,20,93800,EMP1002,"01","5",4,0,1,LOW
500000,5000,10,20,20,0,NONE,"12","3",3,0,1,LOW
100887,1009,20,20,20,100887,EMP1002,"01","7",6,0,1,HIGH
77087,771,20,20,20,77087,EMP1002,"01","5",4,0,1,LOW
13593,13593,20,10,10,13593,EMP1002,"01","5",5,0,1,LOW
12328,12328,20,10,10,12328,EMP1002,"01","6",7,0,1,LOW
13259,13259,20,10,10,13259,EMP1002,"01","5",5,0,1,LOW
10131,10131,20,10,10,10131,EMP1002,"01","5",5,0,1,LOW
12765,12765,20,10,10,12765,EMP1002,"01","5",5,0,1,LOW
11577,11577,20,10,10,11577,EMP1002,"01","5",5,0,1,LOW
12452,12452,20,10,10,12452,EMP1002,"01","6",5,0,1,LOW
9514,9514,20,10,10,9514,EMP1002,"01","1",7,0,1,LOW
1182,1182,30,10,10,1182,EMP1002,"01","5",2,0,1,LOW
1072,1072,30,10,10,1072,EMP1002,"01","5",3,0,1,LOW
1153,1153,30,10,10,1153,EMP1002,"01","5",5,0,1,LOW
881,881,30,10,10,881,EMP1002,"01","6",5,0,1,HIGH
300000,3000,10,20,20,0,NONE,"01","5",4,0,1,LOW
250000,2500,10,20,20,0,NONE,"01","5",4,0,1,LOW
250000,2500,10,20,20,0,NONE,"01","5",4,0,1,LOW
300000,3000,10,20,20,0,NONE,"01","5",6,0,1,LOW
1500000,15000,10,20,20,0,NONE,"12","4",5,0,1,LOW
53600,53600,20,10,10,53600,EMP1001,"01","7",9,0,1,LOW
500000,5000,10,20,20,0,NONE,"12","3",3,0,1,HIGH
500000,5000,10,20,20,0,NONE,"12","4",5,0,1,LOW
1500000,15000,10,20,20,0,NONE,"12","1",3,0,1,LOW
53087,53087,20,10,10,53087,EMP1006,"01","5",7,0,1,LOW
92575,926,20,20,20,92575,EMP1006,"12","3",3,0,1,LOW
111562,1116,20,20,20,111562,EMP1006,"12","3",3,0,1,LOW
500000,5000,10,20,20,0,NONE,"12","1",5,0,1,LOW
500000,5000,10,20,20,0,NONE,"12","1",3,0,1,LOW
96950,970,20,20,20,96950,EMP1006,"12","3",3,0,1,LOW
1500000,15000,10,20,20,0,NONE,"12","7",3,0,1,LOW
70525,705,20,20,20,70525,EMP1006,"01","5",6,0,1,LOW
12167,12167,20,10,10,12167,EMP1006,"01","6",9,0,1,LOW
14662,14662,20,10,10,14662,EMP1006,"12","3",4,0,1,LOW
12742,12742,20,10,10,12742,EMP1006,"12","3",4,0,1,LOW
9269,9269,20,10,10,9269,EMP1006,"12","3",4,0,1,LOW
11426,11426,20,10,10,11426,EMP1006,"12","3",4,0,1,LOW
13770,13770,20,10,10,13770,EMP1006,"12","3",4,0,1,LOW
11966,11966,20,10,10,11966,EMP1006,"12","3",4,0,1,LOW
8704,8704,20,10,10,8704,EMP1006,"12","4",4,0,1,LOW
1058,1058,30,10,10,1058,EMP1006,"12","2",2,0,1,LOW
1275,1275,30,10,10,1275,EMP1006,"12","3",2,0,1,LOW
1108,1108,30,10,10,1108,EMP1006,"12","2",2,0,1,LOW
806,806,30,10,10,806,EMP1006,"12","3",2,0,1,LOW
300000,3000,10,20,20,0,NONE,"12","3",3,0,1,LOW
250000,2500,10,20,20,0,NONE,"12","3",3,0,1,LOW
250000,2500,10,20,20,0,NONE,"12","3",5,0,1,LOW
300000,3000,10,20,20,0,NONE,"12","3",7,0,1,LOW
1000000,10000,10,20,20,0,NONE,"12","2",3,0,1,LOW
53090,53090,20,10,10,53090,EMP1051,"12","4",4,0,1,LOW
92575,926,20,20,20,92575,EMP1051,"12","4",3,0,1,LOW
500000,5000,10,20,20,0,NONE,"12","2",3,0,1,LOW
111565,1116,20,20,20,111565,EMP1051,"12","4",3,0,1,LOW
500000,5000,10,20,20,0,NONE,"12","2",3,0,1,LOW
96950,970,20,20,20,96950,EMP1051,"01","6",6,0,1,HIGH
70525,705,20,20,20,70525,EMP1051,"12","4",3,0,1,LOW
12167,12167,20,10,10,12167,EMP1051,"12","4",4,0,1,LOW
14665,14665,20,10,10,14665,EMP1051,"01","5",4,0,1,LOW
12742,12742,20,10,10,12742,EMP1051,"12","4",4,0,1,MEDIUM
9269,9269,20,10,10,9269,EMP1051,"12","4",4,0,1,LOW
11428,11428,20,10,10,11428,EMP1051,"01","5",4,0,1,LOW
11966,11966,20,10,10,11966,EMP1055,"12","6",4,0,1,LOW
8704,8704,20,10,10,8704,EMP1055,"12","6",4,0,1,MEDIUM
1058,1058,30,10,10,1058,EMP1055,"12","5",2,0,1,LOW
1275,1275,30,10,10,1275,EMP1055,"12","7",4,0,1,LOW
1108,1108,30,10,10,1108,EMP1055,"12","5",2,0,1,LOW
806,806,30,10,10,806,EMP1055,"12","6",2,0,1,LOW
300000,3000,10,20,20,0,NONE,"12","6",7,0,1,HIGH
250000,2500,10,20,20,0,NONE,"12","6",5,0,1,LOW
250000,2500,10,20,20,0,NONE,"12","6",5,0,1,LOW
300000,3000,10,20,20,0,NONE,"12","6",3,0,1,LOW
53087,53087,20,10,10,53087,EMP1054,"12","7",4,0,1,LOW
92575,926,20,20,20,92575,EMP1054,"12","7",3,0,1,LOW
500000,5000,10,20,20,0,NONE,"12","5",5,0,1,LOW
500000,5000,10,20,20,0,NONE,"12","5",3,0,1,LOW
111562,1116,20,20,20,111562,EMP1054,"12","7",3,0,1,LOW
500000,5000,10,20,20,0,NONE,"12","5",5,0,1,LOW
1500000,15000,10,20,20,0,NONE,"12","5",3,0,1,LOW
96950,970,20,20,20,96950,EMP1054,"12","7",3,0,1,LOW
500000,5000,10,20,20,0,NONE,"12","4",3,0,1,LOW
500000,5000,10,20,20,0,NONE,"12","5",3,0,1,LOW
70525,705,20,20,20,70525,EMP1054,"12","1",5,0,1,MEDIUM
12167,12167,20,10,10,12167,EMP1054,"12","1",8,0,1,LOW
14662,14662,20,10,10,14662,EMP1054,"12","1",8,0,1,LOW
12742,12742,20,10,10,12742,EMP1054,"12","1",8,0,1,LOW
9269,9269,20,10,10,9269,EMP1054,"12","7",4,0,1,LOW
11426,11426,20,10,10,11426,EMP1054,"12","3",6,0,1,LOW
13770,13770,20,10,10,13770,EMP1054,"12","7",4,0,1,LOW
11966,11966,20,10,10,11966,EMP1054,"12","7",4,0,1,LOW
8704,8704,20,10,10,8704,EMP1054,"12","2",6,0,1,LOW
1058,1058,30,10,10,1058,EMP1054,"12","1",4,0,1,LOW
1275,1275,30,10,10,1275,EMP1054,"12","1",4,0,1,LOW
1108,1108,30,10,10,1108,EMP1054,"12","1",4,0,1,LOW
806,806,30,10,10,806,EMP1054,"12","7",2,0,1,LOW
300000,3000,10,20,20,0,NONE,"12","1",3,0,1,LOW
250000,2500,10,20,20,0,NONE,"12","1",3,0,1,LOW
250000,2500,10,20,20,0,NONE,"12","1",5,0,1,LOW
300000,3000,10,20,20,0,NONE,"12","1",7,0,1,LOW
92575,926,20,20,20,92575,EMP1001,"12","5",3,0,1,LOW
1500000,15000,10,20,20,0,NONE,"12","3",3,0,1,LOW
111562,1116,20,20,20,111562,EMP1001,"12","5",3,0,1,MEDIUM
500000,5000,10,20,20,0,NONE,"12","3",3,0,1,LOW
96950,970,20,20,20,96950,EMP1001,"12","6",5,0,1,LOW
500000,5000,10,20,20,0,NONE,"12","3",3,0,1,HIGH
500000,5000,10,20,20,0,NONE,"12","3",3,0,1,LOW
70525,705,20,20,20,70525,EMP1001,"12","6",5,0,1,LOW
12167,12167,20,10,10,12167,EMP1001,"12","5",4,0,1,LOW
14662,14662,20,10,10,14662,EMP1001,"12","6",4,0,1,LOW
12742,12742,20,10,10,12742,EMP1001,"12","7",8,0,1,HIGH
9269,9269,20,10,10,9269,EMP1001,"12","5",4,0,1,LOW
11426,11426,20,10,10,11426,EMP1001,"12","5",4,0,1,LOW
13770,13770,20,10,10,13770,EMP1001,"12","6",4,0,1,LOW
11966,11966,20,10,10,11966,EMP1001,"12","5",4,0,1,MEDIUM
8704,8704,20,10,10,8704,EMP1001,"12","1",8,0,1,LOW
1058,1058,30,10,10,1058,EMP1001,"12","6",4,0,1,LOW
1275,1275,30,10,10,1275,EMP1001,"12","5",4,0,1,LOW
1108,1108,30,10,10,1108,EMP1001,"12","6",4,0,1,LOW
806,806,30,10,10,806,EMP1001,"12","5",2,0,1,LOW
53087,53087,20,10,10,53087,EMP1055,"12","6",4,0,1,LOW
500000,5000,10,20,20,0,NONE,"12","5",3,0,1,LOW
92575,926,20,20,20,92575,EMP1055,"12","6",3,0,1,LOW
500000,5000,10,20,20,0,NONE,"12","4",3,0,1,LOW
111562,1116,20,20,20,111562,EMP1055,"12","1",5,0,1,MEDIUM
500000,5000,10,20,20,0,NONE,"12","4",3,0,1,HIGH
500000,5000,10,20,20,0,NONE,"12","4",3,0,1,LOW
1500000,15000,10,20,20,0,NONE,"12","4",3,0,1,LOW
96950,970,20,20,20,96950,EMP1055,"12","6",3,0,1,LOW
70525,705,20,20,20,70525,EMP1055,"12","6",3,0,1,LOW
12167,12167,20,10,10,12167,EMP1055,"12","6",4,0,1,LOW
14662,14662,20,10,10,14662,EMP1055,"12","6",4,0,1,LOW
12742,12742,20,10,10,12742,EMP1055,"12","6",4,0,1,LOW
9269,9269,20,10,10,9269,EMP1055,"12","6",4,0,1,LOW
11426,11426,20,10,10,11426,EMP1055,"12","6",4,0,1,LOW
13770,13770,20,10,10,13770,EMP1055,"12","7",4,0,1,MEDIUM
11156,11156,20,10,10,11156,EMP1041,"12","4",6,0,1,LOW
11685,11685,20,10,10,11685,EMP1041,"12","4",4,0,1,LOW
10951,10951,20,10,10,10951,EMP1041,"12","4",4,0,1,LOW
1069,1069,30,10,10,1069,EMP1041,"12","3",2,0,1,LOW
1033,1033,30,10,10,1033,EMP1041,"12","5",6,0,1,LOW
1082,1082,30,10,10,1082,EMP1041,"12","3",2,0,1,LOW
1014,1014,30,10,10,1014,EMP1041,"12","3",2,0,1,LOW
52475,52475,20,10,10,52475,EMP1051,"12","6",6,0,1,LOW
500000,5000,10,20,20,0,NONE,"12","2",3,0,1,LOW
93540,935,20,20,20,93540,EMP1051,"12","4",3,0,1,LOW
500000,5000,10,20,20,0,NONE,"12","2",3,0,1,LOW
500000,5000,10,20,20,0,NONE,"12","2",3,0,1,LOW
1500000,15000,10,20,20,0,NONE,"12","2",5,0,1,LOW
90390,904,20,20,20,90390,EMP1051,"12","6",5,0,1,LOW
94675,947,20,20,20,94675,EMP1051,"12","4",3,0,1,LOW
500000,5000,10,20,20,0,NONE,"12","2",5,0,1,LOW
500000,5000,10,20,20,0,NONE,"12","2",5,0,1,LOW
88725,887,20,20,20,88725,EMP1051,"12","5",5,0,1,LOW
12296,12296,20,10,10,12296,EMP1051,"12","6",6,0,1,LOW
11882,11882,20,10,10,11882,EMP1051,"12","4",4,0,1,LOW
12443,12443,20,10,10,12443,EMP1051,"12","5",8,0,1,LOW
11661,11661,20,10,10,11661,EMP1051,"12","4",4,0,1,LOW
11547,11547,20,10,10,11547,EMP1051,"12","6",8,0,1,LOW
11159,11159,20,10,10,11159,EMP1051,"12","5",4,0,1,LOW
11689,11689,20,10,10,11689,EMP1051,"12","4",4,0,1,LOW
10953,10953,20,10,10,10953,EMP1051,"12","5",6,0,1,LOW
1069,1069,30,10,10,1069,EMP1051,"12","5",4,0,1,LOW
1033,1033,30,10,10,1033,EMP1051,"12","4",2,0,1,LOW
1082,1082,30,10,10,1082,EMP1051,"12","5",4,0,1,LOW
1014,1014,30,10,10,1014,EMP1051,"12","3",2,0,1,LOW
300000,3000,10,20,20,0,NONE,"12","4",3,0,1,LOW
250000,2500,10,20,20,0,NONE,"12","4",5,0,1,LOW
250000,2500,10,20,20,0,NONE,"12","4",3,0,1,LOW
300000,3000,10,20,20,0,NONE,"12","4",7,0,1,HIGH
500000,5000,10,20,20,0,NONE,"12","4",3,0,1,LOW
1500000,15000,10,20,20,0,NONE,"12","2",3,0,1,LOW
53087,53087,20,10,10,53087,EMP1001,"12","5",4,0,1,LOW
500000,5000,10,20,20,0,NONE,"12","3",3,0,1,LOW
12443,12443,20,10,10,12443,EMP1052,"12","3",8,0,1,LOW
11661,11661,20,10,10,11661,EMP1052,"12","2",4,0,1,LOW
11545,11545,20,10,10,11545,EMP1052,"12","1",4,0,1,MEDIUM
11156,11156,20,10,10,11156,EMP1052,"12","3",6,0,1,LOW
11685,11685,20,10,10,11685,EMP1052,"12","1",4,0,1,LOW
10951,10951,20,10,10,10951,EMP1052,"12","2",6,0,1,LOW
1069,1069,30,10,10,1069,EMP1052,"12","2",4,0,1,LOW
1033,1033,30,10,10,1033,EMP1052,"12","7",2,0,1,LOW
1082,1082,30,10,10,1082,EMP1052,"12","1",2,0,1,LOW
1014,1014,30,10,10,1014,EMP1052,"12","1",2,0,1,LOW
300000,3000,10,20,20,0,NONE,"12","2",5,0,1,LOW
250000,2500,10,20,20,0,NONE,"12","2",3,0,1,HIGH
250000,2500,10,20,20,0,NONE,"12","2",3,0,1,LOW
300000,3000,10,20,20,0,NONE,"12","2",3,0,1,LOW
1500000,15000,10,20,20,0,NONE,"12","2",5,0,1,LOW
1500000,15000,10,20,20,0,NONE,"12","2",3,0,1,LOW
1000000,10000,10,20,20,0,NONE,"12","2",3,0,1,LOW
500,500,40,10,10,0,NONE,"12","2",4,0,1,LOW
500000,5000,40,20,20,0,NONE,"12","2",7,0,1,LOW
500000,5000,40,20,20,0,NONE,"12","2",3,0,1,MEDIUM
52475,52475,20,10,10,52475,EMP1041,"12","3",4,0,1,LOW
93537,935,20,20,20,93537,EMP1041,"12","3",3,0,1,MEDIUM
500000,5000,10,20,20,0,NONE,"12","7",7,0,1,HIGH
500000,5000,10,20,20,0,NONE,"12","1",3,0,1,HIGH
500000,5000,10,20,20,0,NONE,"12","1",3,0,1,LOW
500000,5000,10,20,20,0,NONE,"12","1",7,0,1,LOW
90387,904,20,20,20,90387,EMP1041,"12","3",3,0,1,LOW
500000,5000,10,20,20,0,NONE,"12","1",3,0,1,LOW
500000,5000,10,20,20,0,NONE,"12","7",3,0,1,LOW
94675,947,20,20,20,94675,EMP1041,"12","3",3,0,1,LOW
88725,887,20,20,20,88725,EMP1041,"12","3",3,0,1,LOW
12293,12293,20,10,10,12293,EMP1041,"12","3",4,0,1,LOW
11879,11879,20,10,10,11879,EMP1041,"12","4",4,0,1,HIGH
12443,12443,20,10,10,12443,EMP1041,"12","3",4,0,1,LOW
11661,11661,20,10,10,11661,EMP1041,"12","3",4,0,1,LOW
11545,11545,20,10,10,11545,EMP1041,"12","3",4,0,1,LOW
1014,1014,30,10,10,1014,EMP1049,"12","6",2,0,1,LOW
52475,52475,20,10,10,52475,EMP1042,"12","7",4,0,1,LOW
500000,5000,10,20,20,0,NONE,"12","4",3,0,1,LOW
93537,935,20,20,20,93537,EMP1042,"12","7",3,0,1,LOW
90387,904,20,20,20,90387,EMP1042,"12","7",3,0,1,LOW
500000,5000,10,20,20,0,NONE,"12","5",3,0,1,HIGH
500000,5000,10,20,20,0,NONE,"12","5",3,0,1,LOW
500000,5000,10,20,20,0,NONE,"12","5",5,0,1,LOW
94675,947,20,20,20,94675,EMP1042,"12","1",5,0,1,LOW
500000,5000,10,20,20,0,NONE,"12","5",3,0,1,LOW
88725,887,20,20,20,88725,EMP1042,"12","7",3,0,1,LOW
12293,12293,20,10,10,12293,EMP1042,"12","7",4,0,1,LOW
11879,11879,20,10,10,11879,EMP1042,"12","7",4,0,1,LOW
12443,12443,20,10,10,12443,EMP1042,"12","7",4,0,1,LOW
11661,11661,20,10,10,11661,EMP1042,"12","1",6,0,1,LOW
11545,11545,20,10,10,11545,EMP1042,"12","2",8,0,1,LOW
11156,11156,20,10,10,11156,EMP1042,"12","1",4,0,1,LOW
11685,11685,20,10,10,11685,EMP1042,"12","2",6,0,1,LOW
10951,10951,20,10,10,10951,EMP1042,"12","2",6,0,1,LOW
1069,1069,30,10,10,1069,EMP1042,"12","6",2,0,1,LOW
1033,1033,30,10,10,1033,EMP1042,"12","7",2,0,1,LOW
1082,1082,30,10,10,1082,EMP1042,"12","1",4,0,1,LOW
1014,1014,30,10,10,1014,EMP1042,"12","7",2,0,1,LOW
300000,3000,10,20,20,0,NONE,"12","7",3,0,1,LOW
250000,2500,10,20,20,0,NONE,"12","7",3,0,1,LOW
250000,2500,10,20,20,0,NONE,"12","7",3,0,1,LOW
300000,3000,10,20,20,0,NONE,"12","7",3,0,1,LOW
1500000,15000,10,20,20,0,NONE,"12","6",3,0,1,LOW
52475,52475,20,10,10,52475,EMP1052,"12","1",4,0,1,LOW
93537,935,20,20,20,93537,EMP1052,"12","2",7,0,1,LOW
500000,5000,10,20,20,0,NONE,"12","5",3,0,1,LOW
90387,904,20,20,20,90387,EMP1052,"12","1",3,0,1,LOW
94675,947,20,20,20,94675,EMP1052,"12","1",3,0,1,HIGH
500000,5000,10,20,20,0,NONE,"12","6",3,0,1,LOW
88725,887,20,20,20,88725,EMP1052,"12","1",3,0,1,MEDIUM
12293,12293,20,10,10,12293,EMP1052,"12","1",4,0,1,LOW
11879,11879,20,10,10,11879,EMP1052,"12","1",4,0,1,LOW
11545,11545,20,10,10,11545,EMP1042,"12","5",4,0,1,LOW
11156,11156,20,10,10,11156,EMP1042,"12","6",4,0,1,LOW
11685,11685,20,10,10,11685,EMP1042,"12","6",4,0,1,LOW
10951,10951,20,10,10,10951,EMP1042,"12","7",8,0,1,LOW
1069,1069,30,10,10,1069,EMP1042,"12","5",4,0,1,MEDIUM
1033,1033,30,10,10,1033,EMP1042,"12","6",4,0,1,LOW
1082,1082,30,10,10,1082,EMP1042,"12","5",2,0,1,LOW
1014,1014,30,10,10,1014,EMP1042,"12","4",2,0,1,LOW
300000,3000,10,20,20,0,NONE,"12","5",5,0,1,LOW
250000,2500,10,20,20,0,NONE,"12","5",3,0,1,LOW
250000,2500,10,20,20,0,NONE,"12","5",5,0,1,LOW
300000,3000,10,20,20,0,NONE,"12","5",3,0,1,HIGH
1500000,15000,10,20,20,0,NONE,"12","4",5,0,1,LOW
52475,52475,20,10,10,52475,EMP1049,"12","6",4,0,1,LOW
500000,5000,10,20,20,0,NONE,"12","3",3,0,1,LOW
1000000,10000,10,20,20,0,NONE,"12","3",7,0,1,HIGH
1000000,10000,10,20,20,0,NONE,"12","4",3,0,1,LOW
93537,935,20,20,20,93537,EMP1049,"12","6",3,0,1,MEDIUM
500000,5000,10,20,20,0,NONE,"12","3",3,0,1,LOW
90387,904,20,20,20,90387,EMP1049,"12","6",3,0,1,LOW
500000,5000,10,20,20,0,NONE,"12","4",3,0,1,LOW
94675,947,20,20,20,94675,EMP1049,"12","6",3,0,1,LOW
500000,5000,10,20,20,0,NONE,"12","4",5,0,1,LOW
1500000,15000,10,20,20,0,NONE,"12","4",5,0,1,HIGH
1500000,15000,10,20,20,0,NONE,"12","3",3,0,1,LOW
88725,887,20,20,20,88725,EMP1049,"12","1",5,0,1,LOW
12293,12293,20,10,10,12293,EMP1049,"12","2",6,0,1,LOW
11879,11879,20,10,10,11879,EMP1049,"12","6",4,0,1,LOW
12443,12443,20,10,10,12443,EMP1049,"12","6",4,0,1,LOW
11661,11661,20,10,10,11661,EMP1049,"12","6",4,0,1,LOW
11545,11545,20,10,10,11545,EMP1049,"12","2",6,0,1,HIGH
11156,11156,20,10,10,11156,EMP1049,"12","7",4,0,1,LOW
11685,11685,20,10,10,11685,EMP1049,"12","1",8,0,1,LOW
10951,10951,20,10,10,10951,EMP1049,"12","7",4,0,1,LOW
1069,1069,30,10,10,1069,EMP1049,"12","6",2,0,1,LOW
1033,1033,30,10,10,1033,EMP1049,"12","1",6,0,1,LOW
1082,1082,30,10,10,1082,EMP1049,"12","6",2,0,1,LOW
84265,843,20,20,20,84265,EMP1045,"12","4",3,0,1,LOW
500000,5000,10,20,20,0,NONE,"12","1",5,0,1,HIGH
500000,5000,10,20,20,0,NONE,"12","2",3,0,1,LOW
1500000,15000,10,20,20,0,NONE,"12","2",3,0,1,LOW
100975,1010,20,20,20,100975,EMP1045,"12","4",3,0,1,LOW
500000,5000,10,20,20,0,NONE,"12","2",5,0,1,LOW
65890,659,20,20,20,65890,EMP1045,"12","4",3,0,1,LOW
500000,5000,10,20,20,0,NONE,"12","1",3,0,1,LOW
83215,832,20,20,20,83215,EMP1045,"12","4",3,0,1,LOW
11077,11077,20,10,10,11077,EMP1045,"12","4",4,0,1,MEDIUM
13271,13271,20,10,10,13271,EMP1045,"12","4",4,0,1,HIGH
8662,8662,20,10,10,8662,EMP1045,"12","5",4,0,1,LOW
10939,10939,20,10,10,10939,EMP1045,"12","4",4,0,1,LOW
10403,10403,20,10,10,10403,EMP1045,"12","4",4,0,1,LOW
12465,12465,20,10,10,12465,EMP1045,"12","5",4,0,1,LOW
8135,8135,20,10,10,8135,EMP1045,"12","5",4,0,1,LOW
10275,10275,20,10,10,10275,EMP1045,"12","6",6,0,1,HIGH
963,963,30,10,10,963,EMP1045,"12","4",2,0,1,LOW
1154,1154,30,10,10,1154,EMP1045,"12","4",2,0,1,LOW
753,753,30,10,10,753,EMP1045,"12","4",2,0,1,LOW
951,951,30,10,10,951,EMP1045,"12","3",2,0,1,LOW
500000,5000,10,20,20,0,NONE,"12","4",5,0,1,HIGH
52475,52475,20,10,10,52475,EMP1042,"12","5",4,0,1,LOW
500000,5000,10,20,20,0,NONE,"12","2",3,0,1,LOW
93537,935,20,20,20,93537,EMP1042,"12","6",7,0,1,LOW
500000,5000,10,20,20,0,NONE,"12","2",3,0,1,LOW
500000,5000,10,20,20,0,NONE,"12","3",3,0,1,LOW
90387,904,20,20,20,90387,EMP1042,"12","5",3,0,1,LOW
500000,5000,10,20,20,0,NONE,"12","3",3,0,1,LOW
94675,947,20,20,20,94675,EMP1042,"12","5",3,0,1,LOW
500000,5000,10,20,20,0,NONE,"12","3",5,0,1,LOW
1500000,15000,10,20,20,0,NONE,"12","3",3,0,1,LOW
88725,887,20,20,20,88725,EMP1042,"12","7",5,0,1,LOW
12293,12293,20,10,10,12293,EMP1042,"12","5",4,0,1,MEDIUM
11879,11879,20,10,10,11879,EMP1042,"12","6",4,0,1,LOW
12443,12443,20,10,10,12443,EMP1042,"12","7",8,0,1,LOW
11661,11661,20,10,10,11661,EMP1042,"12","6",6,0,1,LOW
12463,12463,20,10,10,12463,EMP1042,"12","2",6,0,1,HIGH
8132,8132,20,10,10,8132,EMP1042,"12","1",4,0,1,LOW
10270,10270,20,10,10,10270,EMP1042,"12","1",4,0,1,LOW
963,963,30,10,10,963,EMP1042,"12","2",4,0,1,LOW
1154,1154,30,10,10,1154,EMP1042,"12","1",2,0,1,LOW
753,753,30,10,10,753,EMP1042,"12","1",4,0,1,LOW
951,951,30,10,10,951,EMP1042,"12","1",2,0,1,LOW
300000,3000,10,20,20,0,NONE,"12","1",3,0,1,HIGH
250000,2500,10,20,20,0,NONE,"12","1",3,0,1,LOW
250000,2500,10,20,20,0,NONE,"12","1",7,0,1,LOW
300000,3000,10,20,20,0,NONE,"12","1",3,0,1,HIGH
1500000,15000,10,20,20,0,NONE,"12","1",7,0,1,LOW
47762,47762,20,10,10,47762,EMP1005,"12","3",4,0,1,LOW
84262,843,20,20,20,84262,EMP1005,"12","3",3,0,1,LOW
500000,5000,10,20,20,0,NONE,"12","1",5,0,1,LOW
500000,5000,10,20,20,0,NONE,"12","7",3,0,1,LOW
1500000,15000,10,20,20,0,NONE,"12","1",3,0,1,LOW
100975,1010,20,20,20,100975,EMP1005,"12","4",7,0,1,LOW
65887,659,20,20,20,65887,EMP1005,"12","3",3,0,1,LOW
83212,832,20,20,20,83212,EMP1005,"12","5",5,0,1,LOW
11074,11074,20,10,10,11074,EMP1005,"12","4",8,0,1,LOW
13271,13271,20,10,10,13271,EMP1005,"12","3",4,0,1,LOW
8659,8659,20,10,10,8659,EMP1005,"12","3",4,0,1,MEDIUM
10936,10936,20,10,10,10936,EMP1005,"12","4",6,0,1,LOW
10400,10400,20,10,10,10400,EMP1005,"12","3",4,0,1,LOW
12463,12463,20,10,10,12463,EMP1005,"12","5",6,0,1,LOW
8132,8132,20,10,10,8132,EMP1005,"12","4",4,0,1,LOW
10270,10270,20,10,10,10270,EMP1005,"12","3",4,0,1,LOW
963,963,30,10,10,963,EMP1005,"12","3",2,0,1,LOW
1154,1154,30,10,10,1154,EMP1005,"12","3",2,0,1,LOW
753,753,30,10,10,753,EMP1005,"12","3",2,0,1,LOW
951,951,30,10,10,951,EMP1005,"12","3",4,0,1,LOW
300000,3000,10,20,20,0,NONE,"12","3",3,0,1,LOW
250000,2500,10,20,20,0,NONE,"12","3",3,0,1,LOW
250000,2500,10,20,20,0,NONE,"12","3",3,0,1,LOW
300000,3000,10,20,20,0,NONE,"12","3",5,0,1,LOW
47765,47765,20,10,10,47765,EMP1045,"12","6",8,0,1,LOW
47762,47762,20,10,10,47762,EMP1043,"12","7",4,0,1,LOW
84262,843,20,20,20,84262,EMP1043,"12","7",3,0,1,LOW
100975,1010,20,20,20,100975,EMP1043,"12","7",3,0,1,LOW
500000,5000,10,20,20,0,NONE,"12","5",5,0,1,LOW
500000,5000,10,20,20,0,NONE,"12","5",3,0,1,LOW
65887,659,20,20,20,65887,EMP1043,"12","2",7,0,1,LOW
500000,5000,10,20,20,0,NONE,"12","5",5,0,1,LOW
1000000,10000,10,20,20,0,NONE,"12","5",3,0,1,LOW
83212,832,20,20,20,83212,EMP1043,"12","7",3,0,1,MEDIUM
11074,11074,20,10,10,11074,EMP1043,"12","1",4,0,1,LOW
13271,13271,20,10,10,13271,EMP1043,"12","7",4,0,1,LOW
8659,8659,20,10,10,8659,EMP1043,"12","7",4,0,1,MEDIUM
10936,10936,20,10,10,10936,EMP1043,"12","7",4,0,1,LOW
10400,10400,20,10,10,10400,EMP1043,"12","7",4,0,1,LOW
12463,12463,20,10,10,12463,EMP1043,"12","7",4,0,1,LOW
8132,8132,20,10,10,8132,EMP1043,"12","7",4,0,1,MEDIUM
10270,10270,20,10,10,10270,EMP1043,"12","7",4,0,1,LOW
963,963,30,10,10,963,EMP1043,"12","7",2,0,1,LOW
1154,1154,30,10,10,1154,EMP1043,"12","3",6,0,1,LOW
753,753,30,10,10,753,EMP1043,"12","1",4,0,1,LOW
951,951,30,10,10,951,EMP1043,"12","1",4,0,1,LOW
1500000,15000,10,20,20,0,NONE,"12","5",3,0,1,LOW
47762,47762,20,10,10,47762,EMP1042,"12","1",4,0,1,LOW
500000,5000,10,20,20,0,NONE,"12","6",5,0,1,LOW
84262,843,20,20,20,84262,EMP1042,"12","1",3,0,1,MEDIUM
500000,5000,10,20,20,0,NONE,"12","6",3,0,1,LOW
500000,5000,10,20,20,0,NONE,"12","6",3,0,1,LOW
100975,1010,20,20,20,100975,EMP1042,"12","3",5,0,1,LOW
65887,659,20,20,20,65887,EMP1042,"12","2",5,0,1,LOW
500000,5000,10,20,20,0,NONE,"12","6",3,0,1,LOW
500000,5000,10,20,20,0,NONE,"12","5",5,0,1,LOW
83212,832,20,20,20,83212,EMP1042,"12","1",3,0,1,LOW
11074,11074,20,10,10,11074,EMP1042,"12","1",4,0,1,LOW
13271,13271,20,10,10,13271,EMP1042,"12","2",8,0,1,LOW
8659,8659,20,10,10,8659,EMP1042,"12","2",6,0,1,LOW
10936,10936,20,10,10,10936,EMP1042,"12","1",4,0,1,LOW
10400,10400,20,10,10,10400,EMP1042,"12","1",4,0,1,LOW
8659,8659,20,10,10,8659,EMP1021,"12","6",6,0,1,LOW
10936,10936,20,10,10,10936,EMP1021,"12","1",8,0,1,HIGH
10400,10400,20,10,10,10400,EMP1021,"12","5",4,0,1,LOW
12463,12463,20,10,10,12463,EMP1021,"12","5",4,0,1,LOW
8132,8132,20,10,10,8132,EMP1021,"12","5",4,0,1,LOW
10270,10270,20,10,10,10270,EMP1021,"12","5",4,0,1,LOW
963,963,30,10,10,963,EMP1021,"12","6",4,0,1,LOW
1154,1154,30,10,10,1154,EMP1021,"12","5",2,0,1,LOW
753,753,30,10,10,753,EMP1021,"12","5",2,0,1,LOW
951,951,30,10,10,951,EMP1021,"12","4",2,0,1,LOW
1500000,15000,10,20,20,0,NONE,"12","4",5,0,1,LOW
47762,47762,20,10,10,47762,EMP1005,"12","1",6,0,1,HIGH
500000,5000,10,20,20,0,NONE,"12","4",7,0,1,LOW
84262,843,20,20,20,84262,EMP1005,"12","6",3,0,1,LOW
500000,5000,10,20,20,0,NONE,"12","4",3,0,1,LOW
500000,5000,10,20,20,0,NONE,"12","4",3,0,1,LOW
100975,1010,20,20,20,100975,EMP1005,"12","6",3,0,1,LOW
500000,5000,10,20,20,0,NONE,"12","4",3,0,1,LOW
65887,659,20,20,20,65887,EMP1005,"12","6",3,0,1,LOW
1500000,15000,10,20,20,0,NONE,"12","4",5,0,1,LOW
83212,832,20,20,20,83212,EMP1005,"12","6",3,0,1,LOW
11074,11074,20,10,10,11074,EMP1005,"12","7",4,0,1,LOW
13271,13271,20,10,10,13271,EMP1005,"12","6",4,0,1,LOW
8659,8659,20,10,10,8659,EMP1005,"12","6",4,0,1,LOW
10936,10936,20,10,10,10936,EMP1005,"12","1",6,0,1,LOW
10400,10400,20,10,10,10400,EMP1005,"12","1",6,0,1,LOW
12463,12463,20,10,10,12463,EMP1005,"12","7",4,0,1,LOW
8132,8132,20,10,10,8132,EMP1005,"12","6",4,0,1,LOW
10270,10270,20,10,10,10270,EMP1005,"12","7",6,0,1,LOW
963,963,30,10,10,963,EMP1005,"12","5",2,0,1,LOW
1154,1154,30,10,10,1154,EMP1005,"12","6",2,0,1,LOW
753,753,30,10,10,753,EMP1005,"12","7",4,0,1,LOW
951,951,30,10,10,951,EMP1005,"12","5",2,0,1,LOW
300000,3000,10,20,20,0,NONE,"12","6",5,0,1,LOW
250000,2500,10,20,20,0,NONE,"12","6",3,0,1,HIGH
250000,2500,10,20,20,0,NONE,"12","6",5,0,1,LOW
300000,3000,10,20,20,0,NONE,"12","6",3,0,1,LOW
1207,1207,30,10,10,1207,EMP1056,"12","3",2,0,1,LOW
54750,54750,20,10,10,54750,EMP1050,"12","5",6,0,1,LOW
66325,663,20,20,20,66325,EMP1050,"12","4",3,0,1,LOW
500000,5000,10,20,20,0,NONE,"12","2",3,0,1,LOW
1500000,15000,10,20,20,0,NONE,"12","1",3,0,1,LOW
100015,1000,20,20,20,100015,EMP1050,"12","4",3,0,1,LOW
500000,5000,10,20,20,0,NONE,"12","2",3,0,1,LOW
111300,1113,20,20,20,111300,EMP1050,"12","5",7,0,1,LOW
105615,1056,20,20,20,105615,EMP1050,"12","6",5,0,1,LOW
8717,8717,20,10,10,8717,EMP1050,"12","4",4,0,1,LOW
13147,13147,20,10,10,13147,EMP1050,"12","5",6,0,1,LOW
14628,14628,20,10,10,14628,EMP1050,"12","4",4,0,1,LOW
13883,13883,20,10,10,13883,EMP1050,"12","5",8,0,1,LOW
8188,8188,20,10,10,8188,EMP1050,"12","7",6,0,1,LOW
12346,12346,20,10,10,12346,EMP1050,"12","6",8,0,1,LOW
13740,13740,20,10,10,13740,EMP1050,"12","5",8,0,1,LOW
13038,13038,20,10,10,13038,EMP1050,"12","4",4,0,1,LOW
758,758,30,10,10,758,EMP1050,"12","3",2,0,1,LOW
1143,1143,30,10,10,1143,EMP1050,"12","4",2,0,1,LOW
1272,1272,30,10,10,1272,EMP1050,"12","4",4,0,1,LOW
1207,1207,30,10,10,1207,EMP1050,"12","3",2,0,1,LOW
300000,3000,10,20,20,0,NONE,"12","4",3,0,1,LOW
250000,2500,10,20,20,0,NONE,"12","4",3,0,1,LOW
250000,2500,10,20,20,0,NONE,"12","4",3,0,1,LOW
300000,3000,10,20,20,0,NONE,"12","4",3,0,1,LOW
500000,5000,10,20,20,0,NONE,"12","4",5,0,1,LOW
47762,47762,20,10,10,47762,EMP1021,"12","5",4,0,1,LOW
84262,843,20,20,20,84262,EMP1021,"12","5",3,0,1,MEDIUM
500000,5000,10,20,20,0,NONE,"12","3",7,0,1,LOW
500000,5000,10,20,20,0,NONE,"12","3",3,0,1,LOW
1500000,15000,10,20,20,0,NONE,"12","3",3,0,1,HIGH
1500000,15000,10,20,20,0,NONE,"12","3",5,0,1,LOW
100975,1010,20,20,20,100975,EMP1021,"12","5",3,0,1,LOW
65887,659,20,20,20,65887,EMP1021,"12","5",3,0,1,LOW
83212,832,20,20,20,83212,EMP1021,"12","5",3,0,1,LOW
11074,11074,20,10,10,11074,EMP1021,"12","6",6,0,1,HIGH
13271,13271,20,10,10,13271,EMP1021,"12","6",6,0,1,LOW
300000,3000,10,20,20,0,NONE,"12","7",3,0,1,LOW
250000,2500,10,20,20,0,NONE,"12","7",3,0,1,LOW
250000,2500,10,20,20,0,NONE,"12","7",3,0,1,LOW
300000,3000,10,20,20,0,NONE,"12","7",3,0,1,LOW
500000,500000,40,10,10,0,NONE,"12","1",4,0,1,LOW
500000,500000,40,10,10,0,NONE,"12","1",6,0,1,LOW
400000,400000,40,10,10,0,NONE,"12","1",4,0,1,LOW
400000,400000,40,10,10,0,NONE,"12","1",4,0,1,LOW
30000,30000,40,10,10,0,NONE,"12","1",4,0,1,LOW
300000,3000,10,20,20,0,NONE,"12","2",3,0,1,LOW
250000,2500,10,20,20,0,NONE,"12","2",3,0,1,LOW
250000,2500,10,20,20,0,NONE,"12","2",3,0,1,LOW
300000,3000,10,20,20,0,NONE,"12","2",3,0,1,LOW
1000000,10000,10,20,20,0,NONE,"12","1",3,0,1,LOW
1500000,15000,10,20,20,0,NONE,"12","1",7,0,1,HIGH
1500000,15000,10,20,20,0,NONE,"12","1",7,0,1,HIGH
1500000,15000,10,20,20,0,NONE,"12","1",3,0,1,LOW
54750,54750,20,10,10,54750,EMP1056,"12","4",6,0,1,LOW
66325,663,20,20,20,66325,EMP1056,"12","3",3,0,1,LOW
1500000,15000,10,20,20,0,NONE,"12","1",3,0,1,LOW
100012,1000,20,20,20,100012,EMP1056,"12","3",3,0,1,LOW
500000,5000,10,20,20,0,NONE,"12","7",3,0,1,HIGH
500000,5000,10,20,20,0,NONE,"12","1",7,0,1,LOW
111300,1113,20,20,20,111300,EMP1056,"12","3",3,0,1,LOW
500000,5000,10,20,20,0,NONE,"12","1",5,0,1,LOW
105612,1056,20,20,20,105612,EMP1056,"12","3",3,0,1,LOW
8717,8717,20,10,10,8717,EMP1056,"12","3",4,0,1,LOW
13144,13144,20,10,10,13144,EMP1056,"12","3",4,0,1,LOW
14628,14628,20,10,10,14628,EMP1056,"12","5",8,0,1,HIGH
13880,13880,20,10,10,13880,EMP1056,"12","4",4,0,1,LOW
8186,8186,20,10,10,8186,EMP1056,"12","3",4,0,1,LOW
12344,12344,20,10,10,12344,EMP1056,"12","3",4,0,1,LOW
13737,13737,20,10,10,13737,EMP1056,"12","3",4,0,1,LOW
13035,13035,20,10,10,13035,EMP1056,"12","3",4,0,1,LOW
758,758,30,10,10,758,EMP1056,"12","3",2,0,1,LOW
1143,1143,30,10,10,1143,EMP1056,"12","4",4,0,1,LOW
1272,1272,30,10,10,1272,EMP1056,"12","3",2,0,1,LOW
14628,14628,20,10,10,14628,EMP1059,"12","7",4,0,1,LOW
13880,13880,20,10,10,13880,EMP1059,"12","2",6,0,1,LOW
8186,8186,20,10,10,8186,EMP1059,"12","6",4,0,1,LOW
12344,12344,20,10,10,12344,EMP1059,"12","7",8,0,1,LOW
13737,13737,20,10,10,13737,EMP1059,"12","7",4,0,1,LOW
13035,13035,20,10,10,13035,EMP1059,"12","2",6,0,1,LOW
758,758,30,10,10,758,EMP1059,"12","6",2,0,1,LOW
1143,1143,30,10,10,1143,EMP1059,"12","6",2,0,1,LOW
1272,1272,30,10,10,1272,EMP1059,"12","5",2,0,1,LOW
1207,1207,30,10,10,1207,EMP1059,"12","6",2,0,1,LOW
54750,54750,20,10,10,54750,EMP1056,"12","2",6,0,1,HIGH
1500000,15000,10,20,20,0,NONE,"12","4",3,0,1,LOW
66325,663,20,20,20,66325,EMP1056,"12","1",5,0,1,LOW
500000,5000,10,20,20,0,NONE,"12","5",3,0,1,LOW
500000,5000,10,20,20,0,NONE,"12","4",3,0,1,LOW
500000,5000,10,20,20,0,NONE,"12","5",5,0,1,HIGH
500000,5000,10,20,20,0,NONE,"12","5",3,0,1,LOW
100012,1000,20,20,20,100012,EMP1056,"12","7",3,0,1,LOW
500000,5000,10,20,20,0,NONE,"12","5",3,0,1,LOW
111300,1113,20,20,20,111300,EMP1056,"12","2",5,0,1,LOW
500000,5000,10,20,20,0,NONE,"12","5",3,0,1,HIGH
500000,5000,10,20,20,0,NONE,"12","5",3,0,1,LOW
500000,5000,10,20,20,0,NONE,"12","5",3,0,1,LOW
105612,1056,20,20,20,105612,EMP1056,"12","2",5,0,1,LOW
8717,8717,20,10,10,8717,EMP1056,"12","1",4,0,1,LOW
13144,13144,20,10,10,13144,EMP1056,"12","1",4,0,1,MEDIUM
14628,14628,20,10,10,14628,EMP1056,"12","2",6,0,1,HIGH
13880,13880,20,10,10,13880,EMP1056,"12","7",4,0,1,LOW
8186,8186,20,10,10,8186,EMP1056,"12","3",6,0,1,LOW
12344,12344,20,10,10,12344,EMP1056,"12","1",6,0,1,LOW
13737,13737,20,10,10,13737,EMP1056,"12","1",8,0,1,LOW
13035,13035,20,10,10,13035,EMP1056,"12","7",4,0,1,LOW
758,758,30,10,10,758,EMP1056,"12","7",2,0,1,LOW
1143,1143,30,10,10,1143,EMP1056,"12","3",6,0,1,HIGH
1272,1272,30,10,10,1272,EMP1056,"12","6",2,0,1,LOW
1207,1207,30,10,10,1207,EMP1056,"12","7",2,0,1,LOW
1500000,15000,10,20,20,0,NONE,"12","2",3,0,1,LOW
54750,54750,20,10,10,54750,EMP1045,"12","5",4,0,1,LOW
66325,663,20,20,20,66325,EMP1045,"12","5",3,0,1,LOW
500000,5000,10,20,20,0,NONE,"12","3",3,0,1,LOW
500000,5000,10,20,20,0,NONE,"12","3",3,0,1,LOW
100012,1000,20,20,20,100012,EMP1045,"12","5",3,0,1,LOW
111300,1113,20,20,20,111300,EMP1045,"12","5",3,0,1,LOW
500000,5000,10,20,20,0,NONE,"12","3",3,0,1,LOW
500000,5000,10,20,20,0,NONE,"12","3",3,0,1,HIGH
500000,5000,10,20,20,0,NONE,"12","2",5,0,1,LOW
105612,1056,20,20,20,105612,EMP1045,"12","5",3,0,1,LOW
8717,8717,20,10,10,8717,EMP1045,"12","5",4,0,1,LOW
13144,13144,20,10,10,13144,EMP1045,"12","5",4,0,1,LOW
14628,14628,20,10,10,14628,EMP1045,"12","5",4,0,1,LOW
13880,13880,20,10,10,13880,EMP1045,"12","6",4,0,1,MEDIUM
8186,8186,20,10,10,8186,EMP1045,"12","5",4,0,1,LOW
12344,12344,20,10,10,12344,EMP1045,"12","6",4,0,1,LOW
13737,13737,20,10,10,13737,EMP1045,"12","6",4,0,1,LOW
13035,13035,20,10,10,13035,EMP1045,"12","7",8,0,1,LOW
758,758,30,10,10,758,EMP1045,"12","5",2,0,1,LOW
1143,1143,30,10,10,1143,EMP1045,"12","5",2,0,1,LOW
1272,1272,30,10,10,1272,EMP1045,"12","5",2,0,1,LOW
1207,1207,30,10,10,1207,EMP1045,"12","5",4,0,1,LOW
300000,3000,10,20,20,0,NONE,"12","5",5,0,1,LOW
250000,2500,10,20,20,0,NONE,"12","5",3,0,1,LOW
250000,2500,10,20,20,0,NONE,"12","5",3,0,1,LOW
300000,3000,10,20,20,0,NONE,"12","5",3,0,1,LOW
1500000,15000,10,20,20,0,NONE,"12","3",5,0,1,LOW
54750,54750,20,10,10,54750,EMP1059,"12","6",4,0,1,LOW
66325,663,20,20,20,66325,EMP1059,"12","6",3,0,1,LOW
100012,1000,20,20,20,100012,EMP1059,"12","7",5,0,1,HIGH
500000,5000,10,20,20,0,NONE,"12","3",3,0,1,LOW
500000,5000,10,20,20,0,NONE,"12","4",3,0,1,LOW
111300,1113,20,20,20,111300,EMP1059,"12","7",5,0,1,LOW
105612,1056,20,20,20,105612,EMP1059,"12","7",5,0,1,LOW
8717,8717,20,10,10,8717,EMP1059,"12","6",4,0,1,LOW
13144,13144,20,10,10,13144,EMP1059,"12","6",4,0,1,LOW
14800,14800,20,10,10,14800,EMP1047,"12","3",4,0,1,LOW
12983,12983,20,10,10,12983,EMP1047,"12","3",4,0,1,LOW
12730,12730,20,10,10,12730,EMP1047,"12","3",4,0,1,LOW
11188,11188,20,10,10,11188,EMP1047,"12","4",4,0,1,LOW
13899,13899,20,10,10,13899,EMP1047,"12","4",4,0,1,MEDIUM
12193,12193,20,10,10,12193,EMP1047,"12","3",4,0,1,LOW
11955,11955,20,10,10,11955,EMP1047,"12","4",4,0,1,LOW
1036,1036,30,10,10,1036,EMP1047,"12","4",4,0,1,MEDIUM
1287,1287,30,10,10,1287,EMP1047,"12","3",2,0,1,LOW
1129,1129,30,10,10,1129,EMP1047,"12","3",2,0,1,LOW
1107,1107,30,10,10,1107,EMP1047,"12","2",2,0,1,LOW
300000,3000,10,20,20,0,NONE,"12","3",3,0,1,LOW
250000,2500,10,20,20,0,NONE,"12","3",3,0,1,LOW
250000,2500,10,20,20,0,NONE,"12","3",3,0,1,LOW
300000,3000,10,20,20,0,NONE,"12","3",3,0,1,LOW
56990,56990,20,10,10,56990,EMP1051,"12","4",4,0,1,LOW
90650,907,20,20,20,90650,EMP1051,"12","4",3,0,1,LOW
500000,5000,10,20,20,0,NONE,"12","2",5,0,1,LOW
500000,5000,10,20,20,0,NONE,"12","2",3,0,1,LOW
112615,1126,20,20,20,112615,EMP1051,"12","5",5,0,1,LOW
98790,988,20,20,20,98790,EMP1051,"12","4",3,0,1,LOW
500000,5000,10,20,20,0,NONE,"12","2",3,0,1,LOW
96865,969,20,20,20,96865,EMP1051,"12","5",7,0,1,LOW
11914,11914,20,10,10,11914,EMP1051,"12","4",4,0,1,LOW
14803,14803,20,10,10,14803,EMP1051,"12","4",4,0,1,LOW
12986,12986,20,10,10,12986,EMP1051,"12","6",6,0,1,HIGH
12733,12733,20,10,10,12733,EMP1051,"12","4",4,0,1,LOW
11192,11192,20,10,10,11192,EMP1051,"12","4",4,0,1,LOW
13902,13902,20,10,10,13902,EMP1051,"12","4",4,0,1,LOW
12194,12194,20,10,10,12194,EMP1051,"12","5",4,0,1,LOW
11958,11958,20,10,10,11958,EMP1051,"12","4",4,0,1,LOW
1036,1036,30,10,10,1036,EMP1051,"12","4",2,0,1,LOW
1287,1287,30,10,10,1287,EMP1051,"12","4",2,0,1,LOW
1129,1129,30,10,10,1129,EMP1051,"12","5",6,0,1,LOW
1107,1107,30,10,10,1107,EMP1051,"12","3",2,0,1,LOW
500000,5000,10,20,20,0,NONE,"12","4",3,0,1,LOW
1500000,15000,10,20,20,0,NONE,"12","3",3,0,1,LOW
300000,3000,10,20,20,0,NONE,"11","6",2,0,0,LOW
1500000,15000,10,20,20,0,NONE,"11","5",2,0,0,LOW
56987,56987,20,10,10,56987,EMP1001,"11","6",3,0,0,LOW
90650,907,20,20,20,90650,EMP1001,"11","6",2,0,0,LOW
112612,1126,20,20,20,112612,EMP1001,"11","6",2,0,0,LOW
500000,5000,10,20,20,0,NONE,"11","4",2,0,0,LOW
500000,5000,10,20,20,0,NONE,"11","5",2,0,0,LOW
98787,988,20,20,20,98787,EMP1001,"11","6",2,0,0,LOW
1500000,15000,10,20,20,0,NONE,"11","5",2,0,0,LOW
96862,969,20,20,20,96862,EMP1001,"11","7",4,0,0,LOW
11914,11914,20,10,10,11914,EMP1001,"11","6",3,0,0,LOW
14800,14800,20,10,10,14800,EMP1001,"11","7",3,0,0,LOW
12983,12983,20,10,10,12983,EMP1001,"11","7",3,0,0,LOW
12730,12730,20,10,10,12730,EMP1001,"11","6",3,0,0,LOW
11188,11188,20,10,10,11188,EMP1001,"11","7",3,0,0,LOW
13899,13899,20,10,10,13899,EMP1001,"11","6",3,0,0,LOW
12193,12193,20,10,10,12193,EMP1001,"11","7",3,0,0,LOW
11955,11955,20,10,10,11955,EMP1001,"11","7",3,0,0,LOW
1036,1036,30,10,10,1036,EMP1001,"11","7",1,0,0,LOW
1287,1287,30,10,10,1287,EMP1001,"11","6",1,0,0,LOW
1129,1129,30,10,10,1129,EMP1001,"11","7",1,0,0,LOW
1107,1107,30,10,10,1107,EMP1001,"11","7",1,0,0,LOW
300000,3000,10,20,20,0,NONE,"11","1",2,0,0,LOW
250000,2500,10,20,20,0,NONE,"11","1",2,0,0,LOW
250000,2500,10,20,20,0,NONE,"11","1",2,0,0,LOW
300000,3000,10,20,20,0,NONE,"11","1",2,0,0,LOW
56987,56987,20,10,10,56987,EMP1047,"12","5",6,0,1,HIGH
90650,907,20,20,20,90650,EMP1047,"12","3",3,0,1,LOW
500000,5000,10,20,20,0,NONE,"11","1",2,0,0,LOW
500000,5000,10,20,20,0,NONE,"11","7",2,0,0,LOW
112612,1126,20,20,20,112612,EMP1047,"12","3",3,0,1,LOW
500000,5000,10,20,20,0,NONE,"11","1",2,0,0,LOW
500000,5000,10,20,20,0,NONE,"11","1",2,0,0,LOW
98787,988,20,20,20,98787,EMP1047,"12","5",5,0,1,LOW
1500000,15000,10,20,20,0,NONE,"11","1",4,0,0,LOW
1000000,10000,10,20,20,0,NONE,"11","7",2,0,0,LOW
96862,969,20,20,20,96862,EMP1047,"12","3",3,0,1,LOW
11914,11914,20,10,10,11914,EMP1047,"12","6",6,0,1,LOW
11914,11914,20,10,10,11914,EMP1050,"11","4",3,0,0,LOW
14800,14800,20,10,10,14800,EMP1050,"11","4",3,0,0,LOW
12983,12983,20,10,10,12983,EMP1050,"11","4",3,0,0,LOW
12730,12730,20,10,10,12730,EMP1050,"11","4",3,0,0,LOW
11188,11188,20,10,10,11188,EMP1050,"11","5",3,0,0,LOW
13899,13899,20,10,10,13899,EMP1050,"11","4",3,0,0,MEDIUM
12193,12193,20,10,10,12193,EMP1050,"11","5",3,0,0,LOW
11955,11955,20,10,10,11955,EMP1050,"11","4",3,0,0,LOW
1036,1036,30,10,10,1036,EMP1050,"11","5",1,0,0,LOW
1287,1287,30,10,10,1287,EMP1050,"11","5",1,0,0,LOW
1129,1129,30,10,10,1129,EMP1050,"11","4",1,0,0,LOW
1107,1107,30,10,10,1107,EMP1050,"11","5",1,0,0,LOW
56987,56987,20,10,10,56987,EMP1042,"11","5",3,0,0,LOW
500000,5000,10,20,20,0,NONE,"11","4",2,0,0,LOW
90650,907,20,20,20,90650,EMP1042,"11","5",2,0,0,LOW
500000,5000,10,20,20,0,NONE,"11","4",2,0,0,LOW
500000,5000,10,20,20,0,NONE,"11","4",2,0,0,LOW
112612,1126,20,20,20,112612,EMP1042,"11","5",2,0,0,LOW
98787,988,20,20,20,98787,EMP1042,"11","5",2,0,0,LOW
500000,5000,10,20,20,0,NONE,"11","4",2,0,0,LOW
500000,5000,10,20,20,0,NONE,"11","4",2,0,0,LOW
1500000,15000,10,20,20,0,NONE,"11","4",2,0,0,LOW
96862,969,20,20,20,96862,EMP1042,"11","5",2,0,0,LOW
11914,11914,20,10,10,11914,EMP1042,"11","5",3,0,0,LOW
14800,14800,20,10,10,14800,EMP1042,"11","5",3,0,0,LOW
12983,12983,20,10,10,12983,EMP1042,"11","5",3,0,0,LOW
12730,12730,20,10,10,12730,EMP1042,"11","5",3,0,0,LOW
11188,11188,20,10,10,11188,EMP1042,"11","6",3,0,0,LOW
13899,13899,20,10,10,13899,EMP1042,"11","5",3,0,0,LOW
12193,12193,20,10,10,12193,EMP1042,"11","6",3,0,0,LOW
11955,11955,20,10,10,11955,EMP1042,"11","5",3,0,0,MEDIUM
1036,1036,30,10,10,1036,EMP1042,"11","6",1,0,0,LOW
1287,1287,30,10,10,1287,EMP1042,"11","5",1,0,0,LOW
1129,1129,30,10,10,1129,EMP1042,"11","5",1,0,0,LOW
1107,1107,30,10,10,1107,EMP1042,"11","6",1,0,0,LOW
300000,3000,10,20,20,0,NONE,"11","6",2,0,0,LOW
250000,2500,10,20,20,0,NONE,"11","6",2,0,0,LOW
250000,2500,10,20,20,0,NONE,"11","6",2,0,0,LOW
893,893,30,10,10,893,EMP1005,"11","3",1,0,0,LOW
52865,52865,20,10,10,52865,EMP1048,"11","3",3,0,0,LOW
500000,5000,10,20,20,0,NONE,"11","2",4,0,0,LOW
500000,5000,10,20,20,0,NONE,"11","2",2,0,0,LOW
94325,943,20,20,20,94325,EMP1048,"11","3",2,0,0,LOW
108940,1089,20,20,20,108940,EMP1048,"11","3",2,0,0,LOW
500000,5000,10,20,20,0,NONE,"11","2",2,0,0,LOW
1500000,15000,10,20,20,0,NONE,"11","2",2,0,0,LOW
88640,886,20,20,20,88640,EMP1048,"11","3",2,0,0,LOW
1000000,10000,10,20,20,0,NONE,"11","1",2,0,0,LOW
78140,781,20,20,20,78140,EMP1048,"11","3",2,0,0,LOW
12397,12397,20,10,10,12397,EMP1048,"11","3",3,0,0,MEDIUM
14320,14320,20,10,10,14320,EMP1048,"11","4",3,0,0,LOW
11652,11652,20,10,10,11652,EMP1048,"11","3",3,0,0,LOW
10272,10272,20,10,10,10272,EMP1048,"11","3",3,0,0,LOW
11644,11644,20,10,10,11644,EMP1048,"11","3",3,0,0,LOW
13446,13446,20,10,10,13446,EMP1048,"11","4",3,0,0,LOW
10942,10942,20,10,10,10942,EMP1048,"11","3",3,0,0,LOW
9646,9646,20,10,10,9646,EMP1048,"11","4",3,0,0,LOW
1078,1078,30,10,10,1078,EMP1048,"11","4",1,0,0,LOW
1245,1245,30,10,10,1245,EMP1048,"11","4",1,0,0,LOW
1013,1013,30,10,10,1013,EMP1048,"11","4",1,0,0,LOW
893,893,30,10,10,893,EMP1048,"11","4",1,0,0,LOW
300000,3000,10,20,20,0,NONE,"11","4",2,0,0,LOW
250000,2500,10,20,20,0,NONE,"11","4",2,0,0,LOW
250000,2500,10,20,20,0,NONE,"11","4",2,0,0,LOW
300000,3000,10,20,20,0,NONE,"11","4",2,0,0,LOW
500000,5000,10,20,20,0,NONE,"11","4",2,0,0,LOW
56987,56987,20,10,10,56987,EMP1050,"11","4",3,0,0,LOW
90650,907,20,20,20,90650,EMP1050,"11","4",2,0,0,LOW
500000,5000,10,20,20,0,NONE,"11","3",2,0,0,LOW
500000,5000,10,20,20,0,NONE,"11","3",2,0,0,LOW
112612,1126,20,20,20,112612,EMP1050,"11","4",2,0,0,LOW
98787,988,20,20,20,98787,EMP1050,"11","4",2,0,0,LOW
500000,5000,10,20,20,0,NONE,"11","2",2,0,0,LOW
500000,5000,10,20,20,0,NONE,"11","3",2,0,0,LOW
1500000,15000,10,20,20,0,NONE,"11","3",2,0,0,LOW
96862,969,20,20,20,96862,EMP1050,"11","4",2,0,0,LOW
11649,11649,20,10,10,11649,EMP1050,"11","6",3,0,0,LOW
10269,10269,20,10,10,10269,EMP1050,"11","6",3,0,0,LOW
11642,11642,20,10,10,11642,EMP1050,"11","6",3,0,0,HIGH
13446,13446,20,10,10,13446,EMP1050,"11","6",3,0,0,LOW
10940,10940,20,10,10,10940,EMP1050,"11","7",3,0,0,LOW
9644,9644,20,10,10,9644,EMP1050,"11","6",3,0,0,MEDIUM
1078,1078,30,10,10,1078,EMP1050,"11","7",1,0,0,LOW
1245,1245,30,10,10,1245,EMP1050,"11","6",1,0,0,LOW
1013,1013,30,10,10,1013,EMP1050,"11","6",1,0,0,LOW
893,893,30,10,10,893,EMP1050,"11","7",3,0,0,LOW
300000,3000,10,20,20,0,NONE,"11","7",2,0,0,LOW
250000,2500,10,20,20,0,NONE,"11","7",2,0,0,LOW
250000,2500,10,20,20,0,NONE,"11","7",2,0,0,LOW
300000,3000,10,20,20,0,NONE,"11","7",2,0,0,LOW
1500000,15000,10,20,20,0,NONE,"11","7",2,0,0,LOW
1500000,15000,10,20,20,0,NONE,"11","7",2,0,0,LOW
300000,3000,10,20,20,0,NONE,"11","2",2,0,0,LOW
250000,2500,10,20,20,0,NONE,"11","2",2,0,0,LOW
250000,2500,10,20,20,0,NONE,"11","2",2,0,0,LOW
300000,3000,10,20,20,0,NONE,"11","2",2,0,0,LOW
52862,52862,20,10,10,52862,EMP1005,"11","2",3,0,0,LOW
94325,943,20,20,20,94325,EMP1005,"11","2",2,0,0,LOW
108937,1089,20,20,20,108937,EMP1005,"11","2",2,0,0,LOW
500000,5000,10,20,20,0,NONE,"11","1",2,0,0,LOW
88637,886,20,20,20,88637,EMP1005,"11","2",2,0,0,LOW
78137,781,20,20,20,78137,EMP1005,"11","2",2,0,0,LOW
12397,12397,20,10,10,12397,EMP1005,"11","3",3,0,0,LOW
14317,14317,20,10,10,14317,EMP1005,"11","3",3,0,0,MEDIUM
11649,11649,20,10,10,11649,EMP1005,"11","2",3,0,0,LOW
10269,10269,20,10,10,10269,EMP1005,"11","2",3,0,0,LOW
11642,11642,20,10,10,11642,EMP1005,"11","2",3,0,0,LOW
13446,13446,20,10,10,13446,EMP1005,"11","3",3,0,0,LOW
10940,10940,20,10,10,10940,EMP1005,"11","2",3,0,0,LOW
9644,9644,20,10,10,9644,EMP1005,"11","3",3,0,0,LOW
1078,1078,30,10,10,1078,EMP1005,"11","2",1,0,0,LOW
1245,1245,30,10,10,1245,EMP1005,"11","3",1,0,0,LOW
1013,1013,30,10,10,1013,EMP1005,"11","3",1,0,0,LOW
893,893,30,10,10,893,EMP1041,"11","5",3,0,0,LOW
300000,3000,10,20,20,0,NONE,"11","5",2,0,0,LOW
250000,2500,10,20,20,0,NONE,"11","5",2,0,0,LOW
250000,2500,10,20,20,0,NONE,"11","5",2,0,0,LOW
300000,3000,10,20,20,0,NONE,"11","5",2,0,0,LOW
52862,52862,20,10,10,52862,EMP1045,"11","5",3,0,0,LOW
1500000,15000,10,20,20,0,NONE,"11","4",2,0,0,LOW
94325,943,20,20,20,94325,EMP1045,"11","5",2,0,0,LOW
108937,1089,20,20,20,108937,EMP1045,"11","5",2,0,0,LOW
500000,5000,10,20,20,0,NONE,"11","4",2,0,0,LOW
88637,886,20,20,20,88637,EMP1045,"11","5",2,0,0,LOW
500000,5000,10,20,20,0,NONE,"11","4",2,0,0,LOW
78137,781,20,20,20,78137,EMP1045,"11","5",2,0,0,LOW
12397,12397,20,10,10,12397,EMP1045,"11","5",3,0,0,MEDIUM
14317,14317,20,10,10,14317,EMP1045,"11","5",3,0,0,LOW
11649,11649,20,10,10,11649,EMP1045,"11","5",3,0,0,LOW
10269,10269,20,10,10,10269,EMP1045,"11","5",3,0,0,LOW
11642,11642,20,10,10,11642,EMP1045,"11","5",3,0,0,LOW
13446,13446,20,10,10,13446,EMP1045,"11","5",3,0,0,LOW
10940,10940,20,10,10,10940,EMP1045,"11","5",3,0,0,LOW
9644,9644,20,10,10,9644,EMP1045,"11","5",3,0,0,LOW
1078,1078,30,10,10,1078,EMP1045,"11","6",1,0,0,LOW
1245,1245,30,10,10,1245,EMP1045,"11","5",1,0,0,LOW
1013,1013,30,10,10,1013,EMP1045,"11","6",1,0,0,LOW
893,893,30,10,10,893,EMP1045,"11","5",1,0,0,LOW
1500000,15000,10,20,20,0,NONE,"11","5",2,0,0,LOW
52862,52862,20,10,10,52862,EMP1050,"11","6",3,0,0,LOW
500000,5000,10,20,20,0,NONE,"11","5",2,0,0,LOW
94325,943,20,20,20,94325,EMP1050,"11","6",2,0,0,LOW
500000,5000,10,20,20,0,NONE,"11","5",2,0,0,LOW
500000,5000,10,20,20,0,NONE,"11","5",2,0,0,LOW
1500000,15000,10,20,20,0,NONE,"11","5",2,0,0,LOW
108937,1089,20,20,20,108937,EMP1050,"11","6",2,0,0,LOW
500000,5000,10,20,20,0,NONE,"11","5",2,0,0,LOW
88637,886,20,20,20,88637,EMP1050,"11","6",2,0,0,LOW
78137,781,20,20,20,78137,EMP1050,"11","6",2,0,0,LOW
12397,12397,20,10,10,12397,EMP1050,"11","6",3,0,0,LOW
14317,14317,20,10,10,14317,EMP1050,"11","6",3,0,0,LOW
107540,1075,20,20,20,107540,EMP1007,"11","3",2,0,0,LOW
69650,697,20,20,20,69650,EMP1007,"11","3",2,0,0,LOW
12687,12687,20,10,10,12687,EMP1007,"11","3",3,0,0,LOW
14205,14205,20,10,10,14205,EMP1007,"11","3",3,0,0,MEDIUM
14136,14136,20,10,10,14136,EMP1007,"11","3",3,0,0,LOW
9154,9154,20,10,10,9154,EMP1007,"11","3",3,0,0,LOW
11914,11914,20,10,10,11914,EMP1007,"11","3",3,0,0,LOW
13338,13338,20,10,10,13338,EMP1007,"11","4",3,0,0,MEDIUM
13274,13274,20,10,10,13274,EMP1007,"11","4",3,0,0,LOW
8600,8600,20,10,10,8600,EMP1007,"11","3",3,0,0,LOW
1103,1103,30,10,10,1103,EMP1007,"11","4",1,0,0,LOW
1235,1235,30,10,10,1235,EMP1007,"11","3",3,0,0,LOW
1229,1229,30,10,10,1229,EMP1007,"11","4",1,0,0,LOW
796,796,30,10,10,796,EMP1007,"11","3",1,0,0,LOW
500000,5000,10,20,20,0,NONE,"11","4",2,0,0,LOW
52862,52862,20,10,10,52862,EMP1041,"11","4",3,0,0,MEDIUM
500000,5000,10,20,20,0,NONE,"11","3",2,0,0,LOW
1500000,15000,10,20,20,0,NONE,"11","3",2,0,0,LOW
1000000,10000,10,20,20,0,NONE,"11","3",2,0,0,LOW
94325,943,20,20,20,94325,EMP1041,"11","4",2,0,0,LOW
500000,5000,10,20,20,0,NONE,"11","3",2,0,0,LOW
500000,5000,10,20,20,0,NONE,"11","3",2,0,0,LOW
108937,1089,20,20,20,108937,EMP1041,"11","4",2,0,0,LOW
88637,886,20,20,20,88637,EMP1041,"11","4",2,0,0,LOW
500000,5000,10,20,20,0,NONE,"11","2",2,0,0,LOW
78137,781,20,20,20,78137,EMP1041,"11","5",4,0,0,LOW
12397,12397,20,10,10,12397,EMP1041,"11","4",3,0,0,LOW
14317,14317,20,10,10,14317,EMP1041,"11","4",3,0,0,LOW
11649,11649,20,10,10,11649,EMP1041,"11","4",3,0,0,LOW
10269,10269,20,10,10,10269,EMP1041,"11","4",3,0,0,LOW
11642,11642,20,10,10,11642,EMP1041,"11","4",3,0,0,LOW
13446,13446,20,10,10,13446,EMP1041,"11","5",5,0,0,MEDIUM
10940,10940,20,10,10,10940,EMP1041,"11","4",3,0,0,LOW
9644,9644,20,10,10,9644,EMP1041,"11","4",3,0,0,LOW
1078,1078,30,10,10,1078,EMP1041,"11","5",1,0,0,LOW
1245,1245,30,10,10,1245,EMP1041,"11","5",1,0,0,LOW
1013,1013,30,10,10,1013,EMP1041,"11","4",1,0,0,LOW
300000,3000,10,20,20,0,NONE,"11","1",2,0,0,LOW
250000,2500,10,20,20,0,NONE,"11","1",2,0,0,LOW
250000,2500,10,20,20,0,NONE,"11","1",2,0,0,LOW
300000,3000,10,20,20,0,NONE,"11","1",2,0,0,LOW
1500000,15000,10,20,20,0,NONE,"11","1",2,0,0,LOW
54537,54537,20,10,10,54537,EMP1021,"11","2",3,0,0,LOW
96512,965,20,20,20,96512,EMP1021,"11","2",2,0,0,LOW
500000,5000,10,20,20,0,NONE,"11","1",2,0,0,LOW
108062,1081,20,20,20,108062,EMP1021,"11","2",2,0,0,LOW
500000,5000,10,20,20,0,NONE,"11","1",2,0,0,LOW
500000,5000,10,20,20,0,NONE,"11","1",2,0,0,LOW
107537,1075,20,20,20,107537,EMP1021,"11","2",2,0,0,LOW
69650,697,20,20,20,69650,EMP1021,"11","2",2,0,0,LOW
12684,12684,20,10,10,12684,EMP1021,"11","3",3,0,0,HIGH
14202,14202,20,10,10,14202,EMP1021,"11","3",3,0,0,LOW
14133,14133,20,10,10,14133,EMP1021,"11","2",3,0,0,HIGH
9154,9154,20,10,10,9154,EMP1021,"11","3",5,0,0,LOW
11912,11912,20,10,10,11912,EMP1021,"11","2",3,0,0,LOW
13338,13338,20,10,10,13338,EMP1021,"11","3",3,0,0,LOW
13273,13273,20,10,10,13273,EMP1021,"11","2",3,0,0,LOW
8596,8596,20,10,10,8596,EMP1021,"11","2",3,0,0,LOW
1103,1103,30,10,10,1103,EMP1021,"11","2",1,0,0,LOW
1235,1235,30,10,10,1235,EMP1021,"11","2",1,0,0,LOW
1229,1229,30,10,10,1229,EMP1021,"11","3",1,0,0,LOW
796,796,30,10,10,796,EMP1021,"11","3",1,0,0,LOW
300000,3000,10,20,20,0,NONE,"11","3",2,0,0,LOW
250000,2500,10,20,20,0,NONE,"11","3",2,0,0,LOW
250000,2500,10,20,20,0,NONE,"11","3",2,0,0,LOW
300000,3000,10,20,20,0,NONE,"11","3",2,0,0,LOW
1500000,15000,10,20,20,0,NONE,"11","1",2,0,0,LOW
1500000,15000,10,20,20,0,NONE,"11","2",2,0,0,LOW
54540,54540,20,10,10,54540,EMP1007,"11","4",5,0,0,LOW
500000,5000,10,20,20,0,NONE,"11","2",2,0,0,LOW
96515,965,20,20,20,96515,EMP1007,"11","3",2,0,0,LOW
500000,5000,10,20,20,0,NONE,"11","2",2,0,0,LOW
108065,1081,20,20,20,108065,EMP1007,"11","3",2,0,0,LOW
500000,5000,10,20,20,0,NONE,"11","2",2,0,0,LOW
500000,5000,10,20,20,0,NONE,"11","2",2,0,0,LOW
1500000,15000,10,20,20,0,NONE,"11","4",2,0,0,LOW
69650,697,20,20,20,69650,EMP1045,"11","5",2,0,0,LOW
12684,12684,20,10,10,12684,EMP1045,"11","6",3,0,0,LOW
14202,14202,20,10,10,14202,EMP1045,"11","5",3,0,0,LOW
14133,14133,20,10,10,14133,EMP1045,"11","5",3,0,0,MEDIUM
9154,9154,20,10,10,9154,EMP1045,"11","6",3,0,0,LOW
11912,11912,20,10,10,11912,EMP1045,"11","6",3,0,0,LOW
13338,13338,20,10,10,13338,EMP1045,"11","5",3,0,0,LOW
13273,13273,20,10,10,13273,EMP1045,"11","6",3,0,0,LOW
8596,8596,20,10,10,8596,EMP1045,"11","6",3,0,0,LOW
1103,1103,30,10,10,1103,EMP1045,"11","6",1,0,0,LOW
1235,1235,30,10,10,1235,EMP1045,"11","5",1,0,0,LOW
1229,1229,30,10,10,1229,EMP1045,"11","5",1,0,0,LOW
796,796,30,10,10,796,EMP1045,"11","5",1,0,0,LOW
300000,3000,10,20,20,0,NONE,"11","6",2,0,0,LOW
250000,2500,10,20,20,0,NONE,"11","6",2,0,0,LOW
250000,2500,10,20,20,0,NONE,"11","6",2,0,0,LOW
300000,3000,10,20,20,0,NONE,"11","6",2,0,0,LOW
54537,54537,20,10,10,54537,EMP1007,"11","6",3,0,0,LOW
96512,965,20,20,20,96512,EMP1007,"11","6",2,0,0,LOW
500000,5000,10,20,20,0,NONE,"11","5",2,0,0,LOW
108062,1081,20,20,20,108062,EMP1007,"11","6",2,0,0,LOW
500000,5000,10,20,20,0,NONE,"11","5",2,0,0,LOW
107537,1075,20,20,20,107537,EMP1007,"11","6",2,0,0,LOW
69650,697,20,20,20,69650,EMP1007,"11","6",2,0,0,LOW
12684,12684,20,10,10,12684,EMP1007,"11","6",3,0,0,LOW
14202,14202,20,10,10,14202,EMP1007,"11","6",3,0,0,LOW
14133,14133,20,10,10,14133,EMP1007,"11","6",3,0,0,HIGH
9154,9154,20,10,10,9154,EMP1007,"11","6",3,0,0,LOW
11912,11912,20,10,10,11912,EMP1007,"11","7",3,0,0,LOW
13338,13338,20,10,10,13338,EMP1007,"11","6",3,0,0,MEDIUM
13273,13273,20,10,10,13273,EMP1007,"11","7",3,0,0,LOW
8596,8596,20,10,10,8596,EMP1007,"11","6",3,0,0,LOW
1103,1103,30,10,10,1103,EMP1007,"11","7",1,0,0,LOW
1235,1235,30,10,10,1235,EMP1007,"11","7",1,0,0,LOW
1229,1229,30,10,10,1229,EMP1007,"11","7",1,0,0,LOW
796,796,30,10,10,796,EMP1007,"11","6",1,0,0,LOW
732,732,30,10,10,732,EMP1043,"11","4",1,0,0,LOW
300000,3000,10,20,20,0,NONE,"11","4",2,0,0,LOW
250000,2500,10,20,20,0,NONE,"11","4",2,0,0,LOW
250000,2500,10,20,20,0,NONE,"11","4",2,0,0,LOW
300000,3000,10,20,20,0,NONE,"11","4",2,0,0,LOW
500000,5000,10,20,20,0,NONE,"11","4",2,0,0,LOW
54537,54537,20,10,10,54537,EMP1053,"11","4",3,0,0,LOW
96512,965,20,20,20,96512,EMP1053,"11","4",2,0,0,LOW
500000,5000,10,20,20,0,NONE,"11","3",2,0,0,LOW
108062,1081,20,20,20,108062,EMP1053,"11","5",4,0,0,LOW
500000,5000,10,20,20,0,NONE,"11","3",2,0,0,LOW
1500000,15000,10,20,20,0,NONE,"11","3",2,0,0,LOW
107537,1075,20,20,20,107537,EMP1053,"11","4",2,0,0,LOW
1000000,10000,10,20,20,0,NONE,"11","3",2,0,0,LOW
69650,697,20,20,20,69650,EMP1053,"11","4",2,0,0,LOW
12684,12684,20,10,10,12684,EMP1053,"11","4",3,0,0,LOW
14202,14202,20,10,10,14202,EMP1053,"11","4",3,0,0,LOW
14133,14133,20,10,10,14133,EMP1053,"11","4",3,0,0,LOW
9154,9154,20,10,10,9154,EMP1053,"11","4",3,0,0,LOW
11912,11912,20,10,10,11912,EMP1053,"11","4",3,0,0,LOW
13338,13338,20,10,10,13338,EMP1053,"11","4",3,0,0,LOW
13273,13273,20,10,10,13273,EMP1053,"11","4",3,0,0,LOW
8596,8596,20,10,10,8596,EMP1053,"11","4",3,0,0,LOW
1103,1103,30,10,10,1103,EMP1053,"11","5",3,0,0,LOW
1235,1235,30,10,10,1235,EMP1053,"11","5",1,0,0,LOW
1229,1229,30,10,10,1229,EMP1053,"11","5",1,0,0,LOW
796,796,30,10,10,796,EMP1053,"11","5",1,0,0,LOW
1500000,15000,10,20,20,0,NONE,"11","3",2,0,0,LOW
54537,54537,20,10,10,54537,EMP1045,"11","5",3,0,0,LOW
500000,5000,10,20,20,0,NONE,"11","4",2,0,0,LOW
96512,965,20,20,20,96512,EMP1045,"11","5",2,0,0,LOW
500000,5000,10,20,20,0,NONE,"11","4",2,0,0,LOW
500000,5000,10,20,20,0,NONE,"11","4",2,0,0,LOW
108062,1081,20,20,20,108062,EMP1045,"11","5",2,0,0,LOW
500000,5000,10,20,20,0,NONE,"11","3",2,0,0,LOW
500000,5000,10,20,20,0,NONE,"11","4",2,0,0,LOW
107537,1075,20,20,20,107537,EMP1045,"11","5",2,0,0,LOW
500000,5000,10,20,20,0,NONE,"11","4",2,0,0,LOW
64575,646,20,20,20,64575,EMP1004,"11","2",2,0,0,LOW
80937,809,20,20,20,80937,EMP1004,"11","2",2,0,0,LOW
500000,5000,10,20,20,0,NONE,"11","1",2,0,0,LOW
500000,5000,10,20,20,0,NONE,"11","7",2,0,0,LOW
81200,812,20,20,20,81200,EMP1004,"11","2",2,0,0,LOW
64050,641,20,20,20,64050,EMP1004,"11","2",2,0,0,LOW
8487,8487,20,10,10,8487,EMP1004,"11","2",3,0,0,MEDIUM
10637,10637,20,10,10,10637,EMP1004,"11","2",3,0,0,LOW
10672,10672,20,10,10,10672,EMP1004,"11","2",3,0,0,LOW
8418,8418,20,10,10,8418,EMP1004,"11","2",3,0,0,LOW
7970,7970,20,10,10,7970,EMP1004,"11","2",3,0,0,LOW
9990,9990,20,10,10,9990,EMP1004,"11","2",3,0,0,LOW
10022,10022,20,10,10,10022,EMP1004,"11","3",3,0,0,LOW
7905,7905,20,10,10,7905,EMP1004,"11","2",3,0,0,LOW
738,738,30,10,10,738,EMP1004,"11","2",1,0,0,LOW
925,925,30,10,10,925,EMP1004,"11","3",1,0,0,LOW
928,928,30,10,10,928,EMP1004,"11","3",3,0,0,LOW
732,732,30,10,10,732,EMP1004,"11","3",1,0,0,LOW
41540,41540,20,10,10,41540,EMP1043,"11","3",3,0,0,LOW
500000,5000,10,20,20,0,NONE,"11","2",2,0,0,LOW
64575,646,20,20,20,64575,EMP1043,"11","3",2,0,0,LOW
500000,5000,10,20,20,0,NONE,"11","2",2,0,0,LOW
80940,809,20,20,20,80940,EMP1043,"11","3",2,0,0,LOW
1500000,15000,10,20,20,0,NONE,"11","3",2,0,0,LOW
81200,812,20,20,20,81200,EMP1043,"11","3",2,0,0,LOW
500000,5000,10,20,20,0,NONE,"11","2",2,0,0,LOW
64050,641,20,20,20,64050,EMP1043,"11","3",2,0,0,LOW
8487,8487,20,10,10,8487,EMP1043,"11","4",3,0,0,LOW
10640,10640,20,10,10,10640,EMP1043,"11","3",3,0,0,LOW
10672,10672,20,10,10,10672,EMP1043,"11","3",3,0,0,LOW
8418,8418,20,10,10,8418,EMP1043,"11","3",3,0,0,LOW
7973,7973,20,10,10,7973,EMP1043,"11","3",3,0,0,LOW
9990,9990,20,10,10,9990,EMP1043,"11","4",3,0,0,LOW
10025,10025,20,10,10,10025,EMP1043,"11","4",3,0,0,LOW
7909,7909,20,10,10,7909,EMP1043,"11","3",3,0,0,LOW
738,738,30,10,10,738,EMP1043,"11","4",1,0,0,LOW
925,925,30,10,10,925,EMP1043,"11","4",1,0,0,LOW
928,928,30,10,10,928,EMP1043,"11","3",3,0,0,LOW
7970,7970,20,10,10,7970,EMP1052,"11","7",3,0,0,LOW
9990,9990,20,10,10,9990,EMP1052,"11","6",3,0,0,LOW
10022,10022,20,10,10,10022,EMP1052,"11","6",3,0,0,LOW
7905,7905,20,10,10,7905,EMP1052,"11","6",3,0,0,LOW
738,738,30,10,10,738,EMP1052,"11","6",1,0,0,LOW
925,925,30,10,10,925,EMP1052,"11","7",1,0,0,LOW
928,928,30,10,10,928,EMP1052,"11","7",1,0,0,LOW
732,732,30,10,10,732,EMP1052,"11","7",1,0,0,LOW
300000,3000,10,20,20,0,NONE,"11","7",2,0,0,LOW
250000,2500,10,20,20,0,NONE,"11","7",2,0,0,LOW
250000,2500,10,20,20,0,NONE,"11","7",2,0,0,LOW
300000,3000,10,20,20,0,NONE,"11","7",2,0,0,LOW
41537,41537,20,10,10,41537,EMP1004,"11","7",3,0,0,LOW
64575,646,20,20,20,64575,EMP1004,"11","7",2,0,0,LOW
500000,5000,10,20,20,0,NONE,"11","6",2,0,0,LOW
80937,809,20,20,20,80937,EMP1004,"11","7",2,0,0,LOW
81200,812,20,20,20,81200,EMP1004,"11","7",2,0,0,LOW
500000,5000,10,20,20,0,NONE,"11","6",2,0,0,LOW
64050,641,20,20,20,64050,EMP1004,"11","7",2,0,0,LOW
8487,8487,20,10,10,8487,EMP1004,"11","1",3,0,0,LOW
10637,10637,20,10,10,10637,EMP1004,"11","7",3,0,0,LOW
10672,10672,20,10,10,10672,EMP1004,"11","7",3,0,0,LOW
8418,8418,20,10,10,8418,EMP1004,"11","1",3,0,0,LOW
7970,7970,20,10,10,7970,EMP1004,"11","7",3,0,0,LOW
9990,9990,20,10,10,9990,EMP1004,"11","1",3,0,0,LOW
10022,10022,20,10,10,10022,EMP1004,"11","1",5,0,0,LOW
7905,7905,20,10,10,7905,EMP1004,"11","1",3,0,0,LOW
738,738,30,10,10,738,EMP1004,"11","1",1,0,0,LOW
925,925,30,10,10,925,EMP1004,"11","1",1,0,0,LOW
928,928,30,10,10,928,EMP1004,"11","1",1,0,0,LOW
732,732,30,10,10,732,EMP1004,"11","1",1,0,0,LOW
300000,3000,10,20,20,0,NONE,"11","2",2,0,0,LOW
250000,2500,10,20,20,0,NONE,"11","2",2,0,0,LOW
250000,2500,10,20,20,0,NONE,"11","2",2,0,0,LOW
300000,3000,10,20,20,0,NONE,"11","2",2,0,0,LOW
1500000,15000,10,20,20,0,NONE,"11","1",2,0,0,LOW
41537,41537,20,10,10,41537,EMP1004,"11","2",3,0,0,LOW
1500000,15000,10,20,20,0,NONE,"11","1",2,0,0,LOW
250000,2500,10,20,20,0,NONE,"11","5",2,0,0,LOW
250000,2500,10,20,20,0,NONE,"11","5",2,0,0,LOW
300000,3000,10,20,20,0,NONE,"11","5",2,0,0,LOW
1000000,10000,10,20,20,0,NONE,"11","4",2,0,0,LOW
1500000,15000,10,20,20,0,NONE,"11","3",2,0,0,LOW
41537,41537,20,10,10,41537,EMP1048,"11","5",3,0,0,LOW
1500000,15000,10,20,20,0,NONE,"11","4",2,0,0,LOW
64575,646,20,20,20,64575,EMP1048,"11","5",2,0,0,LOW
80937,809,20,20,20,80937,EMP1048,"11","5",2,0,0,LOW
500000,5000,10,20,20,0,NONE,"11","3",2,0,0,LOW
81200,812,20,20,20,81200,EMP1048,"11","5",2,0,0,LOW
64050,641,20,20,20,64050,EMP1048,"11","5",2,0,0,LOW
8487,8487,20,10,10,8487,EMP1048,"11","5",3,0,0,LOW
10637,10637,20,10,10,10637,EMP1048,"11","5",3,0,0,LOW
10672,10672,20,10,10,10672,EMP1048,"11","5",3,0,0,LOW
8418,8418,20,10,10,8418,EMP1048,"11","5",3,0,0,LOW
7970,7970,20,10,10,7970,EMP1048,"11","5",3,0,0,MEDIUM
9990,9990,20,10,10,9990,EMP1048,"11","5",3,0,0,LOW
10022,10022,20,10,10,10022,EMP1048,"11","5",3,0,0,LOW
7905,7905,20,10,10,7905,EMP1048,"11","5",3,0,0,LOW
738,738,30,10,10,738,EMP1048,"11","6",1,0,0,LOW
925,925,30,10,10,925,EMP1048,"11","6",1,0,0,LOW
928,928,30,10,10,928,EMP1048,"11","6",1,0,0,LOW
732,732,30,10,10,732,EMP1048,"11","6",1,0,0,LOW
41537,41537,20,10,10,41537,EMP1052,"11","6",3,0,0,LOW
500000,5000,10,20,20,0,NONE,"11","4",2,0,0,LOW
64575,646,20,20,20,64575,EMP1052,"11","6",2,0,0,LOW
500000,5000,10,20,20,0,NONE,"11","5",2,0,0,LOW
500000,5000,10,20,20,0,NONE,"11","5",2,0,0,LOW
80937,809,20,20,20,80937,EMP1052,"11","6",2,0,0,LOW
500000,5000,10,20,20,0,NONE,"11","5",2,0,0,LOW
1500000,15000,10,20,20,0,NONE,"11","5",2,0,0,LOW
81200,812,20,20,20,81200,EMP1052,"11","6",2,0,0,LOW
64050,641,20,20,20,64050,EMP1052,"11","6",2,0,0,LOW
8487,8487,20,10,10,8487,EMP1052,"11","6",3,0,0,LOW
10637,10637,20,10,10,10637,EMP1052,"11","7",3,0,0,LOW
10672,10672,20,10,10,10672,EMP1052,"11","6",3,0,0,LOW
8418,8418,20,10,10,8418,EMP1052,"11","6",3,0,0,LOW
500000,5000,10,20,20,0,NONE,"11","2",2,0,0,LOW
105790,1058,20,20,20,105790,EMP1045,"11","3",2,0,0,LOW
500000,5000,10,20,20,0,NONE,"11","2",2,0,0,LOW
1500000,15000,10,20,20,0,NONE,"11","1",2,0,0,LOW
89515,895,20,20,20,89515,EMP1045,"11","4",4,0,0,LOW
12512,12512,20,10,10,12512,EMP1045,"11","3",3,0,0,LOW
14159,14159,20,10,10,14159,EMP1045,"11","3",3,0,0,LOW
13906,13906,20,10,10,13906,EMP1045,"11","4",3,0,0,LOW
11767,11767,20,10,10,11767,EMP1045,"11","3",3,0,0,LOW
11753,11753,20,10,10,11753,EMP1045,"11","4",3,0,0,LOW
13299,13299,20,10,10,13299,EMP1045,"11","3",3,0,0,LOW
13059,13059,20,10,10,13059,EMP1045,"11","4",3,0,0,LOW
11051,11051,20,10,10,11051,EMP1045,"11","4",3,0,0,MEDIUM
1088,1088,30,10,10,1088,EMP1045,"11","3",1,0,0,LOW
1231,1231,30,10,10,1231,EMP1045,"11","4",1,0,0,LOW
1209,1209,30,10,10,1209,EMP1045,"11","4",1,0,0,LOW
1023,1023,30,10,10,1023,EMP1045,"11","3",1,0,0,LOW
500000,5000,10,20,20,0,NONE,"11","4",2,0,0,LOW
41537,41537,20,10,10,41537,EMP1021,"11","4",3,0,0,LOW
64575,646,20,20,20,64575,EMP1021,"11","4",2,0,0,LOW
500000,5000,10,20,20,0,NONE,"11","3",2,0,0,LOW
80937,809,20,20,20,80937,EMP1021,"11","4",2,0,0,LOW
500000,5000,10,20,20,0,NONE,"11","3",2,0,0,LOW
81200,812,20,20,20,81200,EMP1021,"11","4",2,0,0,LOW
64050,641,20,20,20,64050,EMP1021,"11","4",2,0,0,LOW
8487,8487,20,10,10,8487,EMP1021,"11","4",3,0,0,LOW
10637,10637,20,10,10,10637,EMP1021,"11","4",3,0,0,LOW
10672,10672,20,10,10,10672,EMP1021,"11","4",3,0,0,LOW
8418,8418,20,10,10,8418,EMP1021,"11","4",3,0,0,LOW
7970,7970,20,10,10,7970,EMP1021,"11","4",3,0,0,LOW
9990,9990,20,10,10,9990,EMP1021,"11","5",3,0,0,LOW
10022,10022,20,10,10,10022,EMP1021,"11","4",3,0,0,LOW
7905,7905,20,10,10,7905,EMP1021,"11","5",3,0,0,LOW
738,738,30,10,10,738,EMP1021,"11","5",1,0,0,LOW
925,925,30,10,10,925,EMP1021,"11","5",1,0,0,LOW
928,928,30,10,10,928,EMP1021,"11","5",1,0,0,LOW
732,732,30,10,10,732,EMP1021,"11","5",1,0,0,LOW
300000,3000,10,20,20,0,NONE,"11","5",2,0,0,LOW
1209,1209,30,10,10,1209,EMP1055,"11","1",1,0,0,LOW
1023,1023,30,10,10,1023,EMP1055,"11","1",1,0,0,LOW
300000,3000,10,20,20,0,NONE,"11","1",4,0,0,LOW
250000,2500,10,20,20,0,NONE,"11","1",2,0,0,LOW
250000,2500,10,20,20,0,NONE,"11","1",2,0,0,LOW
300000,3000,10,20,20,0,NONE,"11","1",2,0,0,LOW
1500000,15000,10,20,20,0,NONE,"11","7",4,0,0,HIGH
1500000,15000,10,20,20,0,NONE,"11","1",2,0,0,LOW
56887,56887,20,10,10,56887,EMP1005,"11","2",3,0,0,LOW
95200,952,20,20,20,95200,EMP1005,"11","2",2,0,0,LOW
500000,5000,10,20,20,0,NONE,"11","7",2,0,0,LOW
107712,1077,20,20,20,107712,EMP1005,"11","2",2,0,0,LOW
500000,5000,10,20,20,0,NONE,"11","1",2,0,0,LOW
500000,5000,10,20,20,0,NONE,"11","7",2,0,0,LOW
105787,1058,20,20,20,105787,EMP1005,"11","2",2,0,0,LOW
1500000,15000,10,20,20,0,NONE,"11","7",2,0,0,LOW
89512,895,20,20,20,89512,EMP1005,"11","2",2,0,0,LOW
12512,12512,20,10,10,12512,EMP1005,"11","2",3,0,0,LOW
14156,14156,20,10,10,14156,EMP1005,"11","2",3,0,0,HIGH
13903,13903,20,10,10,13903,EMP1005,"11","2",3,0,0,LOW
11764,11764,20,10,10,11764,EMP1005,"11","3",3,0,0,LOW
11750,11750,20,10,10,11750,EMP1005,"11","3",3,0,0,LOW
13294,13294,20,10,10,13294,EMP1005,"11","3",3,0,0,MEDIUM
13057,13057,20,10,10,13057,EMP1005,"11","3",3,0,0,LOW
11048,11048,20,10,10,11048,EMP1005,"11","3",3,0,0,LOW
1088,1088,30,10,10,1088,EMP1005,"11","3",1,0,0,LOW
1231,1231,30,10,10,1231,EMP1005,"11","3",1,0,0,LOW
1209,1209,30,10,10,1209,EMP1005,"11","3",1,0,0,LOW
1023,1023,30,10,10,1023,EMP1005,"11","3",1,0,0,LOW
300000,3000,10,20,20,0,NONE,"11","3",2,0,0,LOW
250000,2500,10,20,20,0,NONE,"11","3",2,0,0,LOW
250000,2500,10,20,20,0,NONE,"11","3",2,0,0,LOW
300000,3000,10,20,20,0,NONE,"11","3",2,0,0,LOW
56890,56890,20,10,10,56890,EMP1045,"11","3",3,0,0,LOW
95200,952,20,20,20,95200,EMP1045,"11","3",2,0,0,LOW
500000,5000,10,20,20,0,NONE,"11","2",2,0,0,LOW
107715,1077,20,20,20,107715,EMP1045,"11","3",2,0,0,LOW
500000,5000,10,20,20,0,NONE,"10","4",2,0,0,LOW
1500000,15000,10,20,20,0,NONE,"10","4",2,0,0,LOW
105787,1058,20,20,20,105787,EMP1002,"10","6",2,0,0,LOW
89512,895,20,20,20,89512,EMP1002,"10","6",2,0,0,LOW
12512,12512,20,10,10,12512,EMP1002,"10","6",3,0,0,LOW
14156,14156,20,10,10,14156,EMP1002,"10","6",3,0,0,LOW
13903,13903,20,10,10,13903,EMP1002,"10","6",3,0,0,LOW
11764,11764,20,10,10,11764,EMP1002,"10","6",3,0,0,LOW
11750,11750,20,10,10,11750,EMP1002,"11","7",3,0,0,LOW
13294,13294,20,10,10,13294,EMP1002,"11","7",3,0,0,LOW
13057,13057,20,10,10,13057,EMP1002,"11","7",3,0,0,LOW
11048,11048,20,10,10,11048,EMP1002,"10","6",3,0,0,LOW
1088,1088,30,10,10,1088,EMP1002,"10","6",1,0,0,LOW
1231,1231,30,10,10,1231,EMP1002,"11","7",1,0,0,LOW
1209,1209,30,10,10,1209,EMP1002,"10","6",1,0,0,LOW
1023,1023,30,10,10,1023,EMP1002,"11","7",1,0,0,LOW
56887,56887,20,10,10,56887,EMP1055,"11","7",3,0,0,LOW
500000,5000,10,20,20,0,NONE,"10","5",2,0,0,LOW
95200,952,20,20,20,95200,EMP1055,"11","7",2,0,0,LOW
500000,5000,10,20,20,0,NONE,"10","6",2,0,0,LOW
500000,5000,10,20,20,0,NONE,"10","6",2,0,0,LOW
107712,1077,20,20,20,107712,EMP1055,"11","7",2,0,0,LOW
500000,5000,10,20,20,0,NONE,"10","6",2,0,0,LOW
500000,5000,10,20,20,0,NONE,"10","6",2,0,0,LOW
1500000,15000,10,20,20,0,NONE,"10","5",2,0,0,LOW
105787,1058,20,20,20,105787,EMP1055,"11","7",2,0,0,LOW
500000,5000,10,20,20,0,NONE,"10","6",2,0,0,LOW
89512,895,20,20,20,89512,EMP1055,"11","7",2,0,0,LOW
12512,12512,20,10,10,12512,EMP1055,"11","7",3,0,0,LOW
14156,14156,20,10,10,14156,EMP1055,"11","7",3,0,0,MEDIUM
13903,13903,20,10,10,13903,EMP1055,"11","7",3,0,0,LOW
11764,11764,20,10,10,11764,EMP1055,"11","7",3,0,0,LOW
11750,11750,20,10,10,11750,EMP1055,"11","7",3,0,0,LOW
13294,13294,20,10,10,13294,EMP1055,"11","7",3,0,0,LOW
13057,13057,20,10,10,13057,EMP1055,"11","7",3,0,0,LOW
11048,11048,20,10,10,11048,EMP1055,"11","7",3,0,0,LOW
1088,1088,30,10,10,1088,EMP1055,"11","1",1,0,0,LOW
1231,1231,30,10,10,1231,EMP1055,"11","1",1,0,0,LOW
11048,11048,20,10,10,11048,EMP1043,"10","5",3,0,0,LOW
1088,1088,30,10,10,1088,EMP1043,"10","5",1,0,0,LOW
1231,1231,30,10,10,1231,EMP1043,"10","5",1,0,0,LOW
1209,1209,30,10,10,1209,EMP1043,"10","5",1,0,0,LOW
1023,1023,30,10,10,1023,EMP1043,"10","5",1,0,0,LOW
1500000,15000,10,20,20,0,NONE,"10","4",2,0,0,LOW
56887,56887,20,10,10,56887,EMP1042,"10","5",3,0,0,LOW
500000,5000,10,20,20,0,NONE,"10","4",2,0,0,LOW
95200,952,20,20,20,95200,EMP1042,"10","5",2,0,0,LOW
500000,5000,10,20,20,0,NONE,"10","4",2,0,0,LOW
500000,5000,10,20,20,0,NONE,"10","4",2,0,0,LOW
107712,1077,20,20,20,107712,EMP1042,"10","5",2,0,0,LOW
500000,5000,10,20,20,0,NONE,"10","4",2,0,0,LOW
1500000,15000,10,20,20,0,NONE,"10","4",2,0,0,LOW
105787,1058,20,20,20,105787,EMP1042,"10","5",2,0,0,LOW
89512,895,20,20,20,89512,EMP1042,"10","5",2,0,0,LOW
12512,12512,20,10,10,12512,EMP1042,"10","5",3,0,0,LOW
14156,14156,20,10,10,14156,EMP1042,"10","5",3,0,0,LOW
13903,13903,20,10,10,13903,EMP1042,"10","5",3,0,0,LOW
11764,11764,20,10,10,11764,EMP1042,"10","5",3,0,0,LOW
11750,11750,20,10,10,11750,EMP1042,"10","5",3,0,0,LOW
13294,13294,20,10,10,13294,EMP1042,"10","5",3,0,0,LOW
13057,13057,20,10,10,13057,EMP1042,"10","5",3,0,0,LOW
11048,11048,20,10,10,11048,EMP1042,"10","5",3,0,0,LOW
1088,1088,30,10,10,1088,EMP1042,"10","5",1,0,0,LOW
1231,1231,30,10,10,1231,EMP1042,"10","5",1,0,0,LOW
1209,1209,30,10,10,1209,EMP1042,"10","6",1,0,0,LOW
1023,1023,30,10,10,1023,EMP1042,"10","6",1,0,0,LOW
300000,3000,10,20,20,0,NONE,"10","6",2,0,0,LOW
250000,2500,10,20,20,0,NONE,"10","6",2,0,0,LOW
250000,2500,10,20,20,0,NONE,"10","6",2,0,0,LOW
300000,3000,10,20,20,0,NONE,"10","6",2,0,0,LOW
56887,56887,20,10,10,56887,EMP1002,"10","6",3,0,0,LOW
1000000,10000,10,20,20,0,NONE,"10","5",4,0,0,LOW
95200,952,20,20,20,95200,EMP1002,"10","6",2,0,0,LOW
500000,5000,10,20,20,0,NONE,"10","5",2,0,0,LOW
500000,5000,10,20,20,0,NONE,"10","5",2,0,0,LOW
107712,1077,20,20,20,107712,EMP1002,"10","6",2,0,0,LOW
102200,1022,20,20,20,102200,EMP1057,"10","3",2,0,0,LOW
500000,5000,10,20,20,0,NONE,"10","2",2,0,0,LOW
500000,5000,10,20,20,0,NONE,"10","2",2,0,0,LOW
89600,896,20,20,20,89600,EMP1057,"10","3",2,0,0,LOW
78575,786,20,20,20,78575,EMP1057,"10","3",2,0,0,LOW
10916,10916,20,10,10,10916,EMP1057,"10","3",3,0,0,LOW
13432,13432,20,10,10,13432,EMP1057,"10","3",3,0,0,LOW
11776,11776,20,10,10,11776,EMP1057,"10","3",3,0,0,MEDIUM
10327,10327,20,10,10,10327,EMP1057,"10","3",3,0,0,MEDIUM
10250,10250,20,10,10,10250,EMP1057,"10","3",3,0,0,LOW
12616,12616,20,10,10,12616,EMP1057,"10","3",3,0,0,LOW
11060,11060,20,10,10,11060,EMP1057,"10","4",3,0,0,LOW
9700,9700,20,10,10,9700,EMP1057,"10","4",3,0,0,LOW
949,949,30,10,10,949,EMP1057,"10","3",1,0,0,LOW
1168,1168,30,10,10,1168,EMP1057,"10","4",1,0,0,LOW
1024,1024,30,10,10,1024,EMP1057,"10","3",1,0,0,LOW
898,898,30,10,10,898,EMP1057,"10","3",1,0,0,LOW
300000,3000,10,20,20,0,NONE,"10","4",2,0,0,LOW
250000,2500,10,20,20,0,NONE,"10","4",2,0,0,LOW
250000,2500,10,20,20,0,NONE,"10","4",2,0,0,LOW
300000,3000,10,20,20,0,NONE,"10","4",2,0,0,LOW
500000,5000,10,20,20,0,NONE,"10","4",2,0,0,LOW
56887,56887,20,10,10,56887,EMP1043,"10","4",3,0,0,LOW
95200,952,20,20,20,95200,EMP1043,"10","4",2,0,0,LOW
107712,1077,20,20,20,107712,EMP1043,"10","4",2,0,0,LOW
500000,5000,10,20,20,0,NONE,"10","3",2,0,0,LOW
1500000,15000,10,20,20,0,NONE,"10","2",2,0,0,LOW
105787,1058,20,20,20,105787,EMP1043,"10","4",2,0,0,LOW
500000,5000,10,20,20,0,NONE,"10","3",2,0,0,LOW
89512,895,20,20,20,89512,EMP1043,"10","4",2,0,0,LOW
12512,12512,20,10,10,12512,EMP1043,"10","4",3,0,0,MEDIUM
14156,14156,20,10,10,14156,EMP1043,"10","5",3,0,0,LOW
13903,13903,20,10,10,13903,EMP1043,"10","5",3,0,0,LOW
11764,11764,20,10,10,11764,EMP1043,"10","4",3,0,0,LOW
11750,11750,20,10,10,11750,EMP1043,"10","4",3,0,0,LOW
13294,13294,20,10,10,13294,EMP1043,"10","5",3,0,0,LOW
13057,13057,20,10,10,13057,EMP1043,"10","4",3,0,0,LOW
11059,11059,20,10,10,11059,EMP1004,"10","6",3,0,0,LOW
9698,9698,20,10,10,9698,EMP1004,"10","6",3,0,0,LOW
949,949,30,10,10,949,EMP1004,"10","6",1,0,0,LOW
1168,1168,30,10,10,1168,EMP1004,"10","7",1,0,0,LOW
1024,1024,30,10,10,1024,EMP1004,"10","7",3,0,0,LOW
898,898,30,10,10,898,EMP1004,"10","6",1,0,0,LOW
300000,3000,10,20,20,0,NONE,"10","7",2,0,0,LOW
250000,2500,10,20,20,0,NONE,"10","7",2,0,0,LOW
250000,2500,10,20,20,0,NONE,"10","7",2,0,0,LOW
300000,3000,10,20,20,0,NONE,"10","7",2,0,0,LOW
300000,3000,10,20,20,0,NONE,"10","2",2,0,0,LOW
250000,2500,10,20,20,0,NONE,"10","2",2,0,0,LOW
250000,2500,10,20,20,0,NONE,"10","2",2,0,0,LOW
300000,3000,10,20,20,0,NONE,"10","2",2,0,0,LOW
50487,50487,20,10,10,50487,EMP1004,"10","2",3,0,0,MEDIUM
1500000,15000,10,20,20,0,NONE,"10","1",2,0,0,LOW
83037,830,20,20,20,83037,EMP1004,"10","2",2,0,0,LOW
102200,1022,20,20,20,102200,EMP1004,"10","2",2,0,0,LOW
500000,5000,10,20,20,0,NONE,"10","1",2,0,0,LOW
89600,896,20,20,20,89600,EMP1004,"10","2",2,0,0,LOW
78575,786,20,20,20,78575,EMP1004,"10","2",2,0,0,LOW
10913,10913,20,10,10,10913,EMP1004,"10","3",3,0,0,LOW
13432,13432,20,10,10,13432,EMP1004,"10","3",3,0,0,LOW
11776,11776,20,10,10,11776,EMP1004,"10","3",3,0,0,LOW
10327,10327,20,10,10,10327,EMP1004,"10","2",3,0,0,LOW
10249,10249,20,10,10,10249,EMP1004,"10","3",3,0,0,LOW
12614,12614,20,10,10,12614,EMP1004,"10","2",3,0,0,LOW
11059,11059,20,10,10,11059,EMP1004,"10","2",3,0,0,MEDIUM
9698,9698,20,10,10,9698,EMP1004,"10","2",3,0,0,LOW
949,949,30,10,10,949,EMP1004,"10","3",1,0,0,LOW
1168,1168,30,10,10,1168,EMP1004,"10","3",1,0,0,LOW
1024,1024,30,10,10,1024,EMP1004,"10","3",1,0,0,LOW
898,898,30,10,10,898,EMP1004,"10","3",1,0,0,LOW
50490,50490,20,10,10,50490,EMP1057,"10","3",3,0,0,LOW
500000,5000,10,20,20,0,NONE,"10","2",2,0,0,LOW
83040,830,20,20,20,83040,EMP1057,"10","3",2,0,0,LOW
500000,5000,10,20,20,0,NONE,"10","2",2,0,0,LOW
1500000,15000,10,20,20,0,NONE,"10","2",2,0,0,LOW
500,500,40,10,10,0,NONE,"10","5",1,0,0,LOW
500000,5000,40,20,20,0,NONE,"10","5",2,0,0,LOW
500000,5000,40,20,20,0,NONE,"10","5",2,0,0,LOW
50487,50487,20,10,10,50487,EMP1056,"10","5",3,0,0,LOW
83037,830,20,20,20,83037,EMP1056,"10","5",2,0,0,LOW
102200,1022,20,20,20,102200,EMP1056,"10","5",2,0,0,LOW
500000,5000,10,20,20,0,NONE,"10","4",2,0,0,LOW
89600,896,20,20,20,89600,EMP1056,"10","5",2,0,0,LOW
78575,786,20,20,20,78575,EMP1056,"10","6",4,0,0,LOW
10913,10913,20,10,10,10913,EMP1056,"10","5",3,0,0,LOW
13432,13432,20,10,10,13432,EMP1056,"10","6",3,0,0,LOW
11776,11776,20,10,10,11776,EMP1056,"10","5",3,0,0,LOW
10327,10327,20,10,10,10327,EMP1056,"10","5",3,0,0,LOW
10249,10249,20,10,10,10249,EMP1056,"10","6",3,0,0,LOW
12614,12614,20,10,10,12614,EMP1056,"10","5",3,0,0,LOW
11059,11059,20,10,10,11059,EMP1056,"10","6",3,0,0,MEDIUM
9698,9698,20,10,10,9698,EMP1056,"10","6",3,0,0,LOW
949,949,30,10,10,949,EMP1056,"10","6",1,0,0,LOW
1168,1168,30,10,10,1168,EMP1056,"10","6",1,0,0,LOW
1024,1024,30,10,10,1024,EMP1056,"10","5",1,0,0,LOW
898,898,30,10,10,898,EMP1056,"10","6",1,0,0,LOW
50487,50487,20,10,10,50487,EMP1004,"10","6",3,0,0,LOW
500000,5000,10,20,20,0,NONE,"10","5",2,0,0,LOW
500000,5000,10,20,20,0,NONE,"10","5",2,0,0,LOW
83037,830,20,20,20,83037,EMP1004,"10","6",2,0,0,LOW
500000,5000,10,20,20,0,NONE,"10","5",2,0,0,LOW
102200,1022,20,20,20,102200,EMP1004,"10","6",2,0,0,LOW
89600,896,20,20,20,89600,EMP1004,"10","6",2,0,0,LOW
500000,5000,10,20,20,0,NONE,"10","5",2,0,0,LOW
500000,5000,10,20,20,0,NONE,"10","5",4,0,0,LOW
500000,5000,10,20,20,0,NONE,"10","5",2,0,0,LOW
78575,786,20,20,20,78575,EMP1004,"10","6",2,0,0,LOW
10913,10913,20,10,10,10913,EMP1004,"10","6",3,0,0,LOW
13432,13432,20,10,10,13432,EMP1004,"10","6",3,0,0,LOW
11776,11776,20,10,10,11776,EMP1004,"10","6",3,0,0,LOW
10327,10327,20,10,10,10327,EMP1004,"10","6",3,0,0,LOW
10249,10249,20,10,10,10249,EMP1004,"10","7",3,0,0,LOW
12614,12614,20,10,10,12614,EMP1004,"10","6",3,0,0,LOW
959,959,30,10,10,959,EMP1005,"10","3",1,0,0,LOW
500000,5000,10,20,20,0,NONE,"10","4",2,0,0,LOW
1500000,15000,10,20,20,0,NONE,"10","2",2,0,0,LOW
50487,50487,20,10,10,50487,EMP1055,"10","4",3,0,0,LOW
500000,5000,10,20,20,0,NONE,"10","2",2,0,0,LOW
500000,5000,10,20,20,0,NONE,"10","3",2,0,0,LOW
83037,830,20,20,20,83037,EMP1055,"10","4",2,0,0,LOW
500000,5000,10,20,20,0,NONE,"10","3",2,0,0,LOW
102200,1022,20,20,20,102200,EMP1055,"10","4",2,0,0,LOW
500000,5000,10,20,20,0,NONE,"10","3",2,0,0,LOW
500000,5000,10,20,20,0,NONE,"10","3",2,0,0,LOW
89600,896,20,20,20,89600,EMP1055,"10","4",2,0,0,LOW
1500000,15000,10,20,20,0,NONE,"10","3",2,0,0,LOW
78575,786,20,20,20,78575,EMP1055,"10","4",2,0,0,LOW
10913,10913,20,10,10,10913,EMP1055,"10","5",3,0,0,LOW
13432,13432,20,10,10,13432,EMP1055,"10","4",3,0,0,LOW
11776,11776,20,10,10,11776,EMP1055,"10","4",3,0,0,LOW
10327,10327,20,10,10,10327,EMP1055,"10","5",3,0,0,HIGH
10249,10249,20,10,10,10249,EMP1055,"10","5",3,0,0,LOW
12614,12614,20,10,10,12614,EMP1055,"10","4",3,0,0,LOW
11059,11059,20,10,10,11059,EMP1055,"10","4",3,0,0,LOW
9698,9698,20,10,10,9698,EMP1055,"10","4",3,0,0,LOW
949,949,30,10,10,949,EMP1055,"10","5",1,0,0,LOW
1168,1168,30,10,10,1168,EMP1055,"10","5",3,0,0,LOW
1024,1024,30,10,10,1024,EMP1055,"10","5",1,0,0,LOW
898,898,30,10,10,898,EMP1055,"10","5",1,0,0,LOW
300000,3000,10,20,20,0,NONE,"10","5",2,0,0,LOW
250000,2500,10,20,20,0,NONE,"10","5",2,0,0,LOW
250000,2500,10,20,20,0,NONE,"10","5",2,0,0,LOW
300000,3000,10,20,20,0,NONE,"10","5",2,0,0,LOW
1500000,15000,10,20,20,0,NONE,"10","5",4,0,0,LOW
1500000,15000,10,20,20,0,NONE,"10","5",2,0,0,LOW
1000000,10000,10,20,20,0,NONE,"10","5",2,0,0,LOW
500000,500000,40,10,10,0,NONE,"10","5",3,0,0,LOW
500000,500000,40,10,10,0,NONE,"10","5",3,0,0,LOW
400000,400000,40,10,10,0,NONE,"10","5",3,0,0,LOW
400000,400000,40,10,10,0,NONE,"10","5",3,0,0,LOW
30000,30000,40,10,10,0,NONE,"10","5",3,0,0,LOW
111650,1117,20,20,20,111650,EMP1021,"10","2",2,0,0,LOW
83912,839,20,20,20,83912,EMP1021,"10","2",2,0,0,LOW
10706,10706,20,10,10,10706,EMP1021,"10","2",3,0,0,LOW
11787,11787,20,10,10,11787,EMP1021,"10","2",3,0,0,MEDIUM
14674,14674,20,10,10,14674,EMP1021,"10","2",3,0,0,LOW
11028,11028,20,10,10,11028,EMP1021,"10","3",3,0,0,LOW
10054,10054,20,10,10,10054,EMP1021,"10","3",3,0,0,LOW
11070,11070,20,10,10,11070,EMP1021,"10","3",3,0,0,LOW
13780,13780,20,10,10,13780,EMP1021,"10","2",3,0,0,LOW
10357,10357,20,10,10,10357,EMP1021,"10","2",3,0,0,LOW
931,931,30,10,10,931,EMP1021,"10","2",1,0,0,LOW
1025,1025,30,10,10,1025,EMP1021,"10","3",1,0,0,LOW
1276,1276,30,10,10,1276,EMP1021,"10","2",1,0,0,LOW
959,959,30,10,10,959,EMP1021,"10","3",1,0,0,LOW
300000,3000,10,20,20,0,NONE,"10","3",2,0,0,LOW
250000,2500,10,20,20,0,NONE,"10","3",2,0,0,LOW
250000,2500,10,20,20,0,NONE,"10","3",2,0,0,LOW
300000,3000,10,20,20,0,NONE,"10","3",2,0,0,LOW
52390,52390,20,10,10,52390,EMP1005,"10","3",3,0,0,LOW
81465,815,20,20,20,81465,EMP1005,"10","3",2,0,0,LOW
89690,897,20,20,20,89690,EMP1005,"10","3",2,0,0,LOW
500000,5000,10,20,20,0,NONE,"10","2",2,0,0,LOW
500000,5000,10,20,20,0,NONE,"10","2",2,0,0,LOW
1500000,15000,10,20,20,0,NONE,"10","1",2,0,0,LOW
111650,1117,20,20,20,111650,EMP1005,"10","3",2,0,0,LOW
83915,839,20,20,20,83915,EMP1005,"10","3",2,0,0,LOW
10709,10709,20,10,10,10709,EMP1005,"10","4",3,0,0,LOW
11790,11790,20,10,10,11790,EMP1005,"10","3",3,0,0,LOW
14674,14674,20,10,10,14674,EMP1005,"10","3",3,0,0,LOW
11031,11031,20,10,10,11031,EMP1005,"10","3",3,0,0,LOW
10058,10058,20,10,10,10058,EMP1005,"10","3",3,0,0,LOW
11070,11070,20,10,10,11070,EMP1005,"10","3",3,0,0,LOW
13784,13784,20,10,10,13784,EMP1005,"10","4",3,0,0,LOW
10358,10358,20,10,10,10358,EMP1005,"10","3",3,0,0,MEDIUM
931,931,30,10,10,931,EMP1005,"10","4",1,0,0,LOW
1025,1025,30,10,10,1025,EMP1005,"10","3",1,0,0,LOW
1276,1276,30,10,10,1276,EMP1005,"10","3",1,0,0,LOW
959,959,30,10,10,959,EMP1006,"10","5",1,0,0,LOW
300000,3000,10,20,20,0,NONE,"10","6",2,0,0,LOW
250000,2500,10,20,20,0,NONE,"10","6",2,0,0,LOW
250000,2500,10,20,20,0,NONE,"10","6",2,0,0,LOW
300000,3000,10,20,20,0,NONE,"10","6",2,0,0,LOW
1500000,15000,10,20,20,0,NONE,"10","5",2,0,0,LOW
52387,52387,20,10,10,52387,EMP1043,"10","6",3,0,0,LOW
81462,815,20,20,20,81462,EMP1043,"10","6",2,0,0,LOW
500000,5000,10,20,20,0,NONE,"10","5",2,0,0,LOW
1500000,15000,10,20,20,0,NONE,"10","5",4,0,0,LOW
89687,897,20,20,20,89687,EMP1043,"10","6",2,0,0,LOW
500000,5000,10,20,20,0,NONE,"10","5",2,0,0,LOW
111650,1117,20,20,20,111650,EMP1043,"10","6",2,0,0,LOW
500000,5000,10,20,20,0,NONE,"10","5",2,0,0,LOW
83912,839,20,20,20,83912,EMP1043,"10","6",2,0,0,LOW
10706,10706,20,10,10,10706,EMP1043,"10","6",3,0,0,LOW
11787,11787,20,10,10,11787,EMP1043,"10","6",3,0,0,LOW
14674,14674,20,10,10,14674,EMP1043,"10","6",3,0,0,LOW
11028,11028,20,10,10,11028,EMP1043,"10","7",5,0,0,LOW
10054,10054,20,10,10,10054,EMP1043,"10","7",3,0,0,LOW
11070,11070,20,10,10,11070,EMP1043,"10","7",3,0,0,LOW
13780,13780,20,10,10,13780,EMP1043,"10","6",3,0,0,LOW
10357,10357,20,10,10,10357,EMP1043,"10","7",3,0,0,MEDIUM
931,931,30,10,10,931,EMP1043,"10","7",1,0,0,LOW
1025,1025,30,10,10,1025,EMP1043,"10","7",1,0,0,LOW
1276,1276,30,10,10,1276,EMP1043,"10","7",1,0,0,LOW
959,959,30,10,10,959,EMP1043,"10","7",1,0,0,LOW
300000,3000,10,20,20,0,NONE,"10","1",2,0,0,LOW
250000,2500,10,20,20,0,NONE,"10","1",2,0,0,LOW
250000,2500,10,20,20,0,NONE,"10","1",2,0,0,LOW
300000,3000,10,20,20,0,NONE,"10","1",2,0,0,LOW
52387,52387,20,10,10,52387,EMP1021,"10","2",3,0,0,LOW
1000000,10000,10,20,20,0,NONE,"10","7",2,0,0,LOW
81462,815,20,20,20,81462,EMP1021,"10","2",2,0,0,LOW
89687,897,20,20,20,89687,EMP1021,"10","2",2,0,0,LOW
500000,5000,10,20,20,0,NONE,"10","1",2,0,0,LOW
500000,5000,10,20,20,0,NONE,"10","1",2,0,0,LOW
1500000,15000,10,20,20,0,NONE,"10","1",2,0,0,LOW
111650,1117,20,20,20,111650,EMP1021,"10","4",2,0,0,LOW
83912,839,20,20,20,83912,EMP1021,"10","4",2,0,0,LOW
10706,10706,20,10,10,10706,EMP1021,"10","4",3,0,0,LOW
11787,11787,20,10,10,11787,EMP1021,"10","4",3,0,0,LOW
14674,14674,20,10,10,14674,EMP1021,"10","4",3,0,0,LOW
11028,11028,20,10,10,11028,EMP1021,"10","4",3,0,0,LOW
10054,10054,20,10,10,10054,EMP1021,"10","4",3,0,0,MEDIUM
11070,11070,20,10,10,11070,EMP1021,"10","5",3,0,0,LOW
13780,13780,20,10,10,13780,EMP1021,"10","4",3,0,0,LOW
10357,10357,20,10,10,10357,EMP1021,"10","4",3,0,0,LOW
931,931,30,10,10,931,EMP1021,"10","5",1,0,0,LOW
1025,1025,30,10,10,1025,EMP1021,"10","5",1,0,0,LOW
1276,1276,30,10,10,1276,EMP1021,"10","4",1,0,0,LOW
959,959,30,10,10,959,EMP1021,"10","5",1,0,0,LOW
52387,52387,20,10,10,52387,EMP1006,"10","6",5,0,0,LOW
500000,5000,10,20,20,0,NONE,"10","3",2,0,0,LOW
500000,5000,10,20,20,0,NONE,"10","4",2,0,0,LOW
1500000,15000,10,20,20,0,NONE,"10","4",2,0,0,LOW
81462,815,20,20,20,81462,EMP1006,"10","5",2,0,0,LOW
89687,897,20,20,20,89687,EMP1006,"10","5",2,0,0,LOW
500000,5000,10,20,20,0,NONE,"10","3",2,0,0,LOW
500000,5000,10,20,20,0,NONE,"10","4",2,0,0,LOW
111650,1117,20,20,20,111650,EMP1006,"10","5",2,0,0,LOW
500000,5000,10,20,20,0,NONE,"10","4",2,0,0,LOW
500000,5000,10,20,20,0,NONE,"10","4",4,0,0,LOW
83912,839,20,20,20,83912,EMP1006,"10","5",2,0,0,LOW
10706,10706,20,10,10,10706,EMP1006,"10","6",3,0,0,LOW
11787,11787,20,10,10,11787,EMP1006,"10","5",3,0,0,LOW
14674,14674,20,10,10,14674,EMP1006,"10","5",3,0,0,LOW
11028,11028,20,10,10,11028,EMP1006,"10","5",3,0,0,LOW
10054,10054,20,10,10,10054,EMP1006,"10","5",3,0,0,LOW
11070,11070,20,10,10,11070,EMP1006,"10","5",3,0,0,LOW
13780,13780,20,10,10,13780,EMP1006,"10","5",3,0,0,LOW
10357,10357,20,10,10,10357,EMP1006,"10","5",3,0,0,LOW
931,931,30,10,10,931,EMP1006,"10","6",1,0,0,LOW
1025,1025,30,10,10,1025,EMP1006,"10","6",1,0,0,LOW
1276,1276,30,10,10,1276,EMP1006,"10","6",1,0,0,LOW
9817,9817,20,10,10,9817,EMP1003,"10","4",5,0,0,LOW
7624,7624,20,10,10,7624,EMP1003,"10","3",3,0,0,LOW
1079,1079,30,10,10,1079,EMP1003,"10","3",1,0,0,LOW
972,972,30,10,10,972,EMP1003,"10","2",1,0,0,LOW
909,909,30,10,10,909,EMP1003,"10","3",1,0,0,LOW
706,706,30,10,10,706,EMP1003,"10","3",1,0,0,LOW
1500000,15000,10,20,20,0,NONE,"10","2",2,0,0,LOW
45825,45825,20,10,10,45825,EMP1005,"10","3",3,0,0,LOW
500000,5000,10,20,20,0,NONE,"10","2",2,0,0,LOW
94415,944,20,20,20,94415,EMP1005,"10","3",2,0,0,LOW
500000,5000,10,20,20,0,NONE,"10","1",2,0,0,LOW
85050,851,20,20,20,85050,EMP1005,"10","4",4,0,0,LOW
500000,5000,10,20,20,0,NONE,"10","2",2,0,0,LOW
500000,5000,10,20,20,0,NONE,"10","2",2,0,0,LOW
79540,795,20,20,20,79540,EMP1005,"10","3",2,0,0,LOW
61775,618,20,20,20,61775,EMP1005,"10","3",2,0,0,LOW
12411,12411,20,10,10,12411,EMP1005,"10","4",3,0,0,LOW
11178,11178,20,10,10,11178,EMP1005,"10","3",3,0,0,LOW
10456,10456,20,10,10,10456,EMP1005,"10","3",3,0,0,LOW
8119,8119,20,10,10,8119,EMP1005,"10","3",3,0,0,LOW
11655,11655,20,10,10,11655,EMP1005,"10","4",3,0,0,LOW
10501,10501,20,10,10,10501,EMP1005,"10","3",3,0,0,LOW
9819,9819,20,10,10,9819,EMP1005,"10","4",3,0,0,LOW
7629,7629,20,10,10,7629,EMP1005,"10","3",3,0,0,LOW
1079,1079,30,10,10,1079,EMP1005,"10","3",1,0,0,LOW
972,972,30,10,10,972,EMP1005,"10","4",1,0,0,LOW
909,909,30,10,10,909,EMP1005,"10","4",1,0,0,LOW
706,706,30,10,10,706,EMP1005,"10","4",1,0,0,LOW
300000,3000,10,20,20,0,NONE,"10","4",2,0,0,LOW
250000,2500,10,20,20,0,NONE,"10","4",2,0,0,LOW
250000,2500,10,20,20,0,NONE,"10","4",2,0,0,LOW
300000,3000,10,20,20,0,NONE,"10","4",2,0,0,LOW
500000,5000,10,20,20,0,NONE,"10","4",2,0,0,LOW
52387,52387,20,10,10,52387,EMP1021,"10","4",3,0,0,LOW
1500000,15000,10,20,20,0,NONE,"10","3",2,0,0,LOW
81462,815,20,20,20,81462,EMP1021,"10","4",2,0,0,LOW
89687,897,20,20,20,89687,EMP1021,"10","4",2,0,0,LOW
500000,5000,10,20,20,0,NONE,"10","2",2,0,0,LOW
94412,944,20,20,20,94412,EMP1047,"10","1",4,0,0,LOW
500000,5000,10,20,20,0,NONE,"10","6",2,0,0,LOW
1500000,15000,10,20,20,0,NONE,"10","6",2,0,0,LOW
85050,851,20,20,20,85050,EMP1047,"10","7",2,0,0,LOW
500000,5000,10,20,20,0,NONE,"10","6",2,0,0,LOW
79537,795,20,20,20,79537,EMP1047,"10","7",2,0,0,LOW
500000,5000,10,20,20,0,NONE,"10","6",2,0,0,LOW
61775,618,20,20,20,61775,EMP1047,"10","7",2,0,0,LOW
12408,12408,20,10,10,12408,EMP1047,"10","7",3,0,0,LOW
11178,11178,20,10,10,11178,EMP1047,"10","1",3,0,0,LOW
10453,10453,20,10,10,10453,EMP1047,"10","7",3,0,0,LOW
8119,8119,20,10,10,8119,EMP1047,"10","7",3,0,0,LOW
11653,11653,20,10,10,11653,EMP1047,"10","7",3,0,0,LOW
10497,10497,20,10,10,10497,EMP1047,"10","7",3,0,0,LOW
9817,9817,20,10,10,9817,EMP1047,"10","7",3,0,0,LOW
7624,7624,20,10,10,7624,EMP1047,"10","7",3,0,0,LOW
1079,1079,30,10,10,1079,EMP1047,"10","1",1,0,0,LOW
972,972,30,10,10,972,EMP1047,"10","1",1,0,0,LOW
909,909,30,10,10,909,EMP1047,"10","7",1,0,0,LOW
706,706,30,10,10,706,EMP1047,"10","1",1,0,0,LOW
300000,3000,10,20,20,0,NONE,"10","2",2,0,0,LOW
250000,2500,10,20,20,0,NONE,"10","2",2,0,0,LOW
250000,2500,10,20,20,0,NONE,"10","2",2,0,0,LOW
300000,3000,10,20,20,0,NONE,"10","2",2,0,0,LOW
45825,45825,20,10,10,45825,EMP1003,"10","2",3,0,0,LOW
94412,944,20,20,20,94412,EMP1003,"10","2",2,0,0,LOW
85050,851,20,20,20,85050,EMP1003,"10","2",2,0,0,LOW
79537,795,20,20,20,79537,EMP1003,"10","2",2,0,0,LOW
500000,5000,10,20,20,0,NONE,"10","1",2,0,0,LOW
1500000,15000,10,20,20,0,NONE,"10","1",2,0,0,LOW
1000000,10000,10,20,20,0,NONE,"10","1",2,0,0,LOW
61775,618,20,20,20,61775,EMP1003,"10","2",2,0,0,LOW
12408,12408,20,10,10,12408,EMP1003,"10","2",3,0,0,LOW
11178,11178,20,10,10,11178,EMP1003,"10","3",3,0,0,LOW
10453,10453,20,10,10,10453,EMP1003,"10","3",3,0,0,LOW
8119,8119,20,10,10,8119,EMP1003,"10","2",3,0,0,LOW
11653,11653,20,10,10,11653,EMP1003,"10","2",3,0,0,LOW
10497,10497,20,10,10,10497,EMP1003,"10","2",3,0,0,LOW
11178,11178,20,10,10,11178,EMP1051,"10","5",3,0,0,MEDIUM
8119,8119,20,10,10,8119,EMP1051,"10","5",3,0,0,LOW
11653,11653,20,10,10,11653,EMP1051,"10","6",3,0,0,LOW
10497,10497,20,10,10,10497,EMP1051,"10","5",3,0,0,LOW
9817,9817,20,10,10,9817,EMP1051,"10","5",3,0,0,LOW
7624,7624,20,10,10,7624,EMP1051,"10","5",3,0,0,MEDIUM
1079,1079,30,10,10,1079,EMP1051,"10","6",1,0,0,LOW
972,972,30,10,10,972,EMP1051,"10","6",1,0,0,LOW
909,909,30,10,10,909,EMP1051,"10","6",1,0,0,LOW
706,706,30,10,10,706,EMP1051,"10","6",1,0,0,LOW
1500000,15000,10,20,20,0,NONE,"10","5",2,0,0,LOW
45825,45825,20,10,10,45825,EMP1059,"10","6",3,0,0,LOW
500000,5000,10,20,20,0,NONE,"10","5",2,0,0,LOW
500000,5000,10,20,20,0,NONE,"10","5",2,0,0,LOW
1500000,15000,10,20,20,0,NONE,"10","5",2,0,0,LOW
94412,944,20,20,20,94412,EMP1059,"10","6",2,0,0,LOW
85050,851,20,20,20,85050,EMP1059,"10","6",2,0,0,LOW
79537,795,20,20,20,79537,EMP1059,"10","6",2,0,0,LOW
61775,618,20,20,20,61775,EMP1059,"10","6",2,0,0,LOW
12408,12408,20,10,10,12408,EMP1059,"10","6",3,0,0,LOW
11178,11178,20,10,10,11178,EMP1059,"10","6",3,0,0,LOW
10453,10453,20,10,10,10453,EMP1059,"10","6",3,0,0,LOW
8119,8119,20,10,10,8119,EMP1059,"10","7",3,0,0,LOW
11653,11653,20,10,10,11653,EMP1059,"10","7",3,0,0,LOW
10497,10497,20,10,10,10497,EMP1059,"10","7",3,0,0,MEDIUM
9817,9817,20,10,10,9817,EMP1059,"10","6",3,0,0,LOW
7624,7624,20,10,10,7624,EMP1059,"10","7",3,0,0,LOW
1079,1079,30,10,10,1079,EMP1059,"10","7",1,0,0,LOW
972,972,30,10,10,972,EMP1059,"10","7",1,0,0,LOW
909,909,30,10,10,909,EMP1059,"10","7",1,0,0,LOW
706,706,30,10,10,706,EMP1059,"10","7",1,0,0,LOW
300000,3000,10,20,20,0,NONE,"10","7",2,0,0,LOW
250000,2500,10,20,20,0,NONE,"10","7",2,0,0,LOW
250000,2500,10,20,20,0,NONE,"10","7",2,0,0,LOW
300000,3000,10,20,20,0,NONE,"10","7",2,0,0,LOW
45825,45825,20,10,10,45825,EMP1047,"10","7",3,0,0,LOW
500000,5000,10,20,20,0,NONE,"10","5",2,0,0,LOW
934,934,30,10,10,934,EMP1045,"10","4",3,0,0,LOW
500000,5000,10,20,20,0,NONE,"10","4",2,0,0,LOW
45825,45825,20,10,10,45825,EMP1003,"10","4",3,0,0,LOW
500000,5000,10,20,20,0,NONE,"10","3",2,0,0,LOW
500000,5000,10,20,20,0,NONE,"10","3",2,0,0,LOW
94412,944,20,20,20,94412,EMP1003,"10","4",2,0,0,LOW
500000,5000,10,20,20,0,NONE,"10","3",2,0,0,LOW
85050,851,20,20,20,85050,EMP1003,"10","4",2,0,0,LOW
500000,5000,10,20,20,0,NONE,"10","3",2,0,0,LOW
79537,795,20,20,20,79537,EMP1003,"10","4",2,0,0,LOW
500000,5000,10,20,20,0,NONE,"10","3",2,0,0,LOW
1500000,15000,10,20,20,0,NONE,"10","2",2,0,0,LOW
61775,618,20,20,20,61775,EMP1003,"10","4",2,0,0,LOW
12408,12408,20,10,10,12408,EMP1003,"10","4",3,0,0,LOW
11178,11178,20,10,10,11178,EMP1003,"10","4",3,0,0,LOW
10453,10453,20,10,10,10453,EMP1003,"10","5",3,0,0,LOW
8119,8119,20,10,10,8119,EMP1003,"10","4",3,0,0,LOW
11653,11653,20,10,10,11653,EMP1003,"10","4",3,0,0,LOW
10497,10497,20,10,10,10497,EMP1003,"10","5",3,0,0,LOW
9817,9817,20,10,10,9817,EMP1003,"10","5",3,0,0,LOW
7624,7624,20,10,10,7624,EMP1003,"10","4",3,0,0,MEDIUM
1079,1079,30,10,10,1079,EMP1003,"10","4",1,0,0,LOW
972,972,30,10,10,972,EMP1003,"10","4",1,0,0,LOW
909,909,30,10,10,909,EMP1003,"10","4",1,0,0,LOW
706,706,30,10,10,706,EMP1003,"10","5",1,0,0,LOW
300000,3000,10,20,20,0,NONE,"10","5",2,0,0,LOW
250000,2500,10,20,20,0,NONE,"10","5",2,0,0,LOW
250000,2500,10,20,20,0,NONE,"10","5",2,0,0,LOW
300000,3000,10,20,20,0,NONE,"10","5",2,0,0,LOW
45825,45825,20,10,10,45825,EMP1051,"10","5",3,0,0,LOW
500000,5000,10,20,20,0,NONE,"10","4",2,0,0,LOW
94412,944,20,20,20,94412,EMP1051,"10","5",2,0,0,LOW
85050,851,20,20,20,85050,EMP1051,"10","5",2,0,0,LOW
500000,5000,10,20,20,0,NONE,"10","3",2,0,0,LOW
79537,795,20,20,20,79537,EMP1051,"10","5",2,0,0,LOW
61775,618,20,20,20,61775,EMP1051,"10","5",2,0,0,LOW
12408,12408,20,10,10,12408,EMP1051,"10","5",3,0,0,LOW
10453,10453,20,10,10,10453,EMP1051,"10","5",3,0,0,LOW
81725,817,20,20,20,81725,EMP1001,"10","2",2,0,0,LOW
10085,10085,20,10,10,10085,EMP1001,"10","2",3,0,0,LOW
12776,12776,20,10,10,12776,EMP1001,"10","3",3,0,0,LOW
9315,9315,20,10,10,9315,EMP1001,"10","2",3,0,0,LOW
10741,10741,20,10,10,10741,EMP1001,"10","2",3,0,0,LOW
9471,9471,20,10,10,9471,EMP1001,"10","2",3,0,0,LOW
11998,11998,20,10,10,11998,EMP1001,"10","2",3,0,0,LOW
8748,8748,20,10,10,8748,EMP1001,"10","2",3,0,0,LOW
10087,10087,20,10,10,10087,EMP1001,"10","3",3,0,0,LOW
877,877,30,10,10,877,EMP1001,"10","3",1,0,0,LOW
1111,1111,30,10,10,1111,EMP1001,"10","3",1,0,0,LOW
810,810,30,10,10,810,EMP1001,"10","3",1,0,0,LOW
934,934,30,10,10,934,EMP1001,"10","3",1,0,0,LOW
300000,3000,10,20,20,0,NONE,"10","3",2,0,0,LOW
250000,2500,10,20,20,0,NONE,"10","3",4,0,0,LOW
250000,2500,10,20,20,0,NONE,"10","3",2,0,0,LOW
300000,3000,10,20,20,0,NONE,"10","3",2,0,0,LOW
1500000,15000,10,20,20,0,NONE,"10","2",2,0,0,LOW
46650,46650,20,10,10,46650,EMP1045,"10","3",3,0,0,LOW
76740,767,20,20,20,76740,EMP1045,"10","3",2,0,0,LOW
97215,972,20,20,20,97215,EMP1045,"10","3",2,0,0,LOW
500000,5000,10,20,20,0,NONE,"10","2",2,0,0,LOW
500000,5000,10,20,20,0,NONE,"10","2",2,0,0,LOW
1500000,15000,10,20,20,0,NONE,"10","2",2,0,0,LOW
70875,709,20,20,20,70875,EMP1045,"10","3",2,0,0,LOW
1000000,10000,10,20,20,0,NONE,"10","1",4,0,0,LOW
81725,817,20,20,20,81725,EMP1045,"10","3",2,0,0,LOW
10088,10088,20,10,10,10088,EMP1045,"10","3",3,0,0,LOW
12779,12779,20,10,10,12779,EMP1045,"10","3",3,0,0,LOW
9315,9315,20,10,10,9315,EMP1045,"10","3",3,0,0,LOW
10741,10741,20,10,10,10741,EMP1045,"10","3",3,0,0,LOW
9475,9475,20,10,10,9475,EMP1045,"10","3",3,0,0,LOW
12003,12003,20,10,10,12003,EMP1045,"10","3",3,0,0,LOW
8748,8748,20,10,10,8748,EMP1045,"10","4",3,0,0,MEDIUM
10089,10089,20,10,10,10089,EMP1045,"10","4",3,0,0,LOW
877,877,30,10,10,877,EMP1045,"10","3",1,0,0,LOW
1111,1111,30,10,10,1111,EMP1045,"10","4",1,0,0,LOW
810,810,30,10,10,810,EMP1045,"10","4",1,0,0,LOW
10087,10087,20,10,10,10087,EMP1042,"10","7",3,0,0,LOW
877,877,30,10,10,877,EMP1042,"10","6",1,0,0,LOW
1111,1111,30,10,10,1111,EMP1042,"10","6",1,0,0,LOW
810,810,30,10,10,810,EMP1042,"10","6",1,0,0,LOW
934,934,30,10,10,934,EMP1042,"10","7",1,0,0,LOW
1500000,15000,10,20,20,0,NONE,"10","5",2,0,0,LOW
46650,46650,20,10,10,46650,EMP1007,"10","7",3,0,0,LOW
500000,5000,10,20,20,0,NONE,"10","6",2,0,0,LOW
76737,767,20,20,20,76737,EMP1007,"10","7",2,0,0,LOW
500000,5000,10,20,20,0,NONE,"10","6",2,0,0,LOW
97212,972,20,20,20,97212,EMP1007,"10","7",2,0,0,LOW
500000,5000,10,20,20,0,NONE,"10","6",2,0,0,LOW
500000,5000,10,20,20,0,NONE,"10","5",2,0,0,LOW
70875,709,20,20,20,70875,EMP1007,"10","7",2,0,0,LOW
81725,817,20,20,20,81725,EMP1007,"10","7",2,0,0,LOW
10085,10085,20,10,10,10085,EMP1007,"10","7",3,0,0,LOW
12776,12776,20,10,10,12776,EMP1007,"10","7",3,0,0,LOW
9315,9315,20,10,10,9315,EMP1007,"10","1",3,0,0,LOW
10741,10741,20,10,10,10741,EMP1007,"10","7",3,0,0,LOW
9471,9471,20,10,10,9471,EMP1007,"10","7",3,0,0,LOW
11998,11998,20,10,10,11998,EMP1007,"10","7",3,0,0,LOW
8748,8748,20,10,10,8748,EMP1007,"10","1",3,0,0,LOW
10087,10087,20,10,10,10087,EMP1007,"10","7",3,0,0,LOW
877,877,30,10,10,877,EMP1007,"10","1",1,0,0,LOW
1111,1111,30,10,10,1111,EMP1007,"10","7",1,0,0,LOW
810,810,30,10,10,810,EMP1007,"10","1",1,0,0,LOW
934,934,30,10,10,934,EMP1007,"10","1",1,0,0,LOW
300000,3000,10,20,20,0,NONE,"10","1",2,0,0,LOW
250000,2500,10,20,20,0,NONE,"10","1",2,0,0,LOW
250000,2500,10,20,20,0,NONE,"10","1",2,0,0,LOW
300000,3000,10,20,20,0,NONE,"10","1",2,0,0,LOW
46650,46650,20,10,10,46650,EMP1001,"10","2",3,0,0,LOW
76737,767,20,20,20,76737,EMP1001,"10","2",2,0,0,LOW
500000,5000,10,20,20,0,NONE,"10","1",2,0,0,LOW
1500000,15000,10,20,20,0,NONE,"10","1",2,0,0,LOW
97212,972,20,20,20,97212,EMP1001,"10","2",2,0,0,LOW
500000,5000,10,20,20,0,NONE,"10","1",2,0,0,LOW
70875,709,20,20,20,70875,EMP1001,"10","2",2,0,0,LOW
500000,5000,10,20,20,0,NONE,"10","4",2,0,0,LOW
97212,972,20,20,20,97212,EMP1047,"10","5",2,0,0,LOW
70875,709,20,20,20,70875,EMP1047,"10","5",2,0,0,LOW
500000,5000,10,20,20,0,NONE,"10","4",2,0,0,LOW
1500000,15000,10,20,20,0,NONE,"10","4",2,0,0,LOW
81725,817,20,20,20,81725,EMP1047,"10","5",2,0,0,LOW
10085,10085,20,10,10,10085,EMP1047,"10","5",3,0,0,LOW
12776,12776,20,10,10,12776,EMP1047,"10","5",3,0,0,LOW
9315,9315,20,10,10,9315,EMP1047,"10","6",5,0,0,HIGH
10741,10741,20,10,10,10741,EMP1047,"10","6",3,0,0,LOW
9471,9471,20,10,10,9471,EMP1047,"10","5",3,0,0,LOW
11998,11998,20,10,10,11998,EMP1047,"10","6",3,0,0,LOW
8748,8748,20,10,10,8748,EMP1047,"10","6",3,0,0,LOW
10087,10087,20,10,10,10087,EMP1047,"10","5",3,0,0,LOW
877,877,30,10,10,877,EMP1047,"10","6",1,0,0,LOW
1111,1111,30,10,10,1111,EMP1047,"10","6",1,0,0,LOW
810,810,30,10,10,810,EMP1047,"10","6",1,0,0,LOW
934,934,30,10,10,934,EMP1047,"10","6",1,0,0,LOW
300000,3000,10,20,20,0,NONE,"10","6",2,0,0,LOW
250000,2500,10,20,20,0,NONE,"10","6",2,0,0,LOW
250000,2500,10,20,20,0,NONE,"10","6",2,0,0,LOW
300000,3000,10,20,20,0,NONE,"10","6",2,0,0,LOW
1500000,15000,10,20,20,0,NONE,"10","5",2,0,0,LOW
46650,46650,20,10,10,46650,EMP1042,"10","6",3,0,0,LOW
76737,767,20,20,20,76737,EMP1042,"10","6",2,0,0,LOW
500000,5000,10,20,20,0,NONE,"10","5",2,0,0,LOW
97212,972,20,20,20,97212,EMP1042,"10","6",2,0,0,LOW
70875,709,20,20,20,70875,EMP1042,"10","6",2,0,0,LOW
500000,5000,10,20,20,0,NONE,"10","5",2,0,0,LOW
81725,817,20,20,20,81725,EMP1042,"10","6",2,0,0,LOW
10085,10085,20,10,10,10085,EMP1042,"10","6",3,0,0,LOW
12776,12776,20,10,10,12776,EMP1042,"10","7",5,0,0,LOW
9315,9315,20,10,10,9315,EMP1042,"10","6",3,0,0,LOW
10741,10741,20,10,10,10741,EMP1042,"10","6",3,0,0,LOW
9471,9471,20,10,10,9471,EMP1042,"10","6",3,0,0,LOW
11998,11998,20,10,10,11998,EMP1042,"10","7",3,0,0,LOW
8748,8748,20,10,10,8748,EMP1042,"10","7",3,0,0,LOW
13363,13363,20,10,10,13363,EMP1021,"09","3",3,0,0,LOW
9030,9030,20,10,10,9030,EMP1021,"09","3",3,0,0,LOW
10240,10240,20,10,10,10240,EMP1021,"10","4",3,0,0,LOW
9106,9106,20,10,10,9106,EMP1021,"09","3",3,0,0,LOW
12552,12552,20,10,10,12552,EMP1021,"09","3",3,0,0,LOW
8478,8478,20,10,10,8478,EMP1021,"09","3",3,0,0,LOW
948,948,30,10,10,948,EMP1021,"10","4",1,0,0,LOW
843,843,30,10,10,843,EMP1021,"10","4",1,0,0,LOW
1162,1162,30,10,10,1162,EMP1021,"09","3",1,0,0,LOW
785,785,30,10,10,785,EMP1021,"10","4",1,0,0,LOW
300000,3000,10,20,20,0,NONE,"10","4",2,0,0,LOW
250000,2500,10,20,20,0,NONE,"10","4",2,0,0,LOW
250000,2500,10,20,20,0,NONE,"10","4",2,0,0,LOW
300000,3000,10,20,20,0,NONE,"10","4",2,0,0,LOW
500000,5000,10,20,20,0,NONE,"10","4",2,0,0,LOW
46650,46650,20,10,10,46650,EMP1047,"10","5",5,0,0,LOW
76737,767,20,20,20,76737,EMP1047,"10","4",2,0,0,LOW
1500000,15000,10,20,20,0,NONE,"09","3",4,0,0,LOW
97212,972,20,20,20,97212,EMP1047,"10","4",2,0,0,LOW
500000,5000,10,20,20,0,NONE,"09","3",2,0,0,LOW
70875,709,20,20,20,70875,EMP1047,"10","4",2,0,0,LOW
81725,817,20,20,20,81725,EMP1047,"10","4",2,0,0,LOW
10085,10085,20,10,10,10085,EMP1047,"10","4",3,0,0,LOW
12776,12776,20,10,10,12776,EMP1047,"10","4",3,0,0,LOW
9315,9315,20,10,10,9315,EMP1047,"10","4",3,0,0,LOW
10741,10741,20,10,10,10741,EMP1047,"10","4",3,0,0,LOW
9471,9471,20,10,10,9471,EMP1047,"10","5",3,0,0,MEDIUM
11998,11998,20,10,10,11998,EMP1047,"10","5",3,0,0,LOW
8748,8748,20,10,10,8748,EMP1047,"10","4",3,0,0,LOW
10087,10087,20,10,10,10087,EMP1047,"10","5",3,0,0,LOW
877,877,30,10,10,877,EMP1047,"10","5",1,0,0,LOW
1111,1111,30,10,10,1111,EMP1047,"10","4",3,0,0,LOW
810,810,30,10,10,810,EMP1047,"10","4",1,0,0,LOW
934,934,30,10,10,934,EMP1047,"10","5",1,0,0,LOW
1000000,10000,10,20,20,0,NONE,"10","4",2,0,0,LOW
46650,46650,20,10,10,46650,EMP1047,"10","5",3,0,0,LOW
500000,5000,10,20,20,0,NONE,"10","4",2,0,0,LOW
76737,767,20,20,20,76737,EMP1047,"10","5",2,0,0,LOW
300000,3000,10,20,20,0,NONE,"09","7",2,0,0,LOW
250000,2500,10,20,20,0,NONE,"09","7",2,0,0,LOW
250000,2500,10,20,20,0,NONE,"09","7",2,0,0,LOW
300000,3000,10,20,20,0,NONE,"09","7",2,0,0,LOW
300000,3000,10,20,20,0,NONE,"09","2",2,0,0,LOW
250000,2500,10,20,20,0,NONE,"09","2",2,0,0,LOW
250000,2500,10,20,20,0,NONE,"09","2",2,0,0,LOW
300000,3000,10,20,20,0,NONE,"09","2",2,0,0,LOW
46725,46725,20,10,10,46725,EMP1054,"09","3",5,0,0,LOW
82950,830,20,20,20,82950,EMP1054,"09","2",2,0,0,LOW
73762,738,20,20,20,73762,EMP1054,"09","2",2,0,0,LOW
101675,1017,20,20,20,101675,EMP1054,"09","3",4,0,0,LOW
68687,687,20,20,20,68687,EMP1054,"09","2",2,0,0,LOW
10902,10902,20,10,10,10902,EMP1054,"09","2",3,0,0,LOW
9694,9694,20,10,10,9694,EMP1054,"09","2",3,0,0,LOW
13363,13363,20,10,10,13363,EMP1054,"09","2",3,0,0,LOW
9027,9027,20,10,10,9027,EMP1054,"09","2",3,0,0,LOW
10238,10238,20,10,10,10238,EMP1054,"09","3",3,0,0,LOW
9104,9104,20,10,10,9104,EMP1054,"09","2",3,0,0,HIGH
12549,12549,20,10,10,12549,EMP1054,"09","2",3,0,0,LOW
8478,8478,20,10,10,8478,EMP1054,"09","3",3,0,0,LOW
948,948,30,10,10,948,EMP1054,"09","3",1,0,0,LOW
843,843,30,10,10,843,EMP1054,"09","2",1,0,0,LOW
1162,1162,30,10,10,1162,EMP1054,"09","2",1,0,0,LOW
785,785,30,10,10,785,EMP1054,"09","3",1,0,0,LOW
1500000,15000,10,20,20,0,NONE,"09","2",4,0,0,LOW
46725,46725,20,10,10,46725,EMP1021,"09","3",3,0,0,LOW
500000,5000,10,20,20,0,NONE,"09","2",2,0,0,LOW
1500000,15000,10,20,20,0,NONE,"09","2",2,0,0,LOW
82950,830,20,20,20,82950,EMP1021,"10","4",4,0,0,LOW
73765,738,20,20,20,73765,EMP1021,"09","3",2,0,0,LOW
500000,5000,10,20,20,0,NONE,"09","2",4,0,0,LOW
500000,5000,10,20,20,0,NONE,"09","2",2,0,0,LOW
500000,5000,10,20,20,0,NONE,"09","2",2,0,0,LOW
101675,1017,20,20,20,101675,EMP1021,"09","3",2,0,0,LOW
68690,687,20,20,20,68690,EMP1021,"09","3",2,0,0,LOW
10902,10902,20,10,10,10902,EMP1021,"09","3",3,0,0,LOW
9697,9697,20,10,10,9697,EMP1021,"09","3",3,0,0,LOW
500000,5000,10,20,20,0,NONE,"09","4",2,0,0,LOW
68687,687,20,20,20,68687,EMP1055,"09","5",2,0,0,LOW
10902,10902,20,10,10,10902,EMP1055,"09","5",3,0,0,LOW
9694,9694,20,10,10,9694,EMP1055,"09","5",3,0,0,LOW
13363,13363,20,10,10,13363,EMP1055,"09","5",3,0,0,LOW
9027,9027,20,10,10,9027,EMP1055,"09","5",3,0,0,LOW
10238,10238,20,10,10,10238,EMP1055,"09","5",3,0,0,LOW
9104,9104,20,10,10,9104,EMP1055,"09","6",5,0,0,LOW
12549,12549,20,10,10,12549,EMP1055,"09","5",3,0,0,LOW
8478,8478,20,10,10,8478,EMP1055,"09","5",3,0,0,LOW
948,948,30,10,10,948,EMP1055,"09","5",1,0,0,LOW
843,843,30,10,10,843,EMP1055,"09","6",1,0,0,LOW
1162,1162,30,10,10,1162,EMP1055,"09","5",1,0,0,LOW
785,785,30,10,10,785,EMP1055,"09","6",1,0,0,LOW
46725,46725,20,10,10,46725,EMP1001,"09","6",3,0,0,LOW
500000,5000,10,20,20,0,NONE,"09","4",2,0,0,LOW
82950,830,20,20,20,82950,EMP1001,"09","6",2,0,0,LOW
500000,5000,10,20,20,0,NONE,"09","5",2,0,0,LOW
73762,738,20,20,20,73762,EMP1001,"09","6",2,0,0,LOW
500000,5000,10,20,20,0,NONE,"09","4",2,0,0,LOW
500000,5000,10,20,20,0,NONE,"09","4",4,0,0,LOW
500000,5000,10,20,20,0,NONE,"09","5",2,0,0,LOW
101675,1017,20,20,20,101675,EMP1001,"09","6",2,0,0,LOW
500000,5000,10,20,20,0,NONE,"09","5",2,0,0,LOW
1500000,15000,10,20,20,0,NONE,"09","5",2,0,0,LOW
68687,687,20,20,20,68687,EMP1001,"09","6",2,0,0,LOW
10902,10902,20,10,10,10902,EMP1001,"09","6",3,0,0,LOW
9694,9694,20,10,10,9694,EMP1001,"09","6",3,0,0,LOW
13363,13363,20,10,10,13363,EMP1001,"09","6",3,0,0,LOW
9027,9027,20,10,10,9027,EMP1001,"09","6",3,0,0,LOW
10238,10238,20,10,10,10238,EMP1001,"09","1",5,0,0,LOW
9104,9104,20,10,10,9104,EMP1001,"09","6",3,0,0,LOW
12549,12549,20,10,10,12549,EMP1001,"09","7",3,0,0,LOW
8478,8478,20,10,10,8478,EMP1001,"09","7",3,0,0,LOW
948,948,30,10,10,948,EMP1001,"09","7",1,0,0,LOW
843,843,30,10,10,843,EMP1001,"09","7",1,0,0,LOW
1162,1162,30,10,10,1162,EMP1001,"09","6",1,0,0,LOW
785,785,30,10,10,785,EMP1001,"09","7",1,0,0,LOW
7821,7821,20,10,10,7821,EMP1050,"09","4",3,0,0,LOW
1126,1126,30,10,10,1126,EMP1050,"09","4",1,0,0,LOW
880,880,30,10,10,880,EMP1050,"09","4",1,0,0,LOW
1167,1167,30,10,10,1167,EMP1050,"09","4",1,0,0,LOW
724,724,30,10,10,724,EMP1050,"09","4",1,0,0,LOW
500000,5000,10,20,20,0,NONE,"09","4",2,0,0,LOW
46725,46725,20,10,10,46725,EMP1042,"09","4",3,0,0,MEDIUM
500000,5000,10,20,20,0,NONE,"09","2",2,0,0,LOW
500000,5000,10,20,20,0,NONE,"09","3",2,0,0,LOW
82950,830,20,20,20,82950,EMP1042,"09","4",2,0,0,LOW
1500000,15000,10,20,20,0,NONE,"09","3",2,0,0,LOW
73762,738,20,20,20,73762,EMP1042,"09","4",2,0,0,LOW
500000,5000,10,20,20,0,NONE,"09","2",2,0,0,LOW
101675,1017,20,20,20,101675,EMP1042,"09","4",2,0,0,LOW
68687,687,20,20,20,68687,EMP1042,"09","4",2,0,0,LOW
10902,10902,20,10,10,10902,EMP1042,"09","5",3,0,0,LOW
9694,9694,20,10,10,9694,EMP1042,"09","5",5,0,0,LOW
13363,13363,20,10,10,13363,EMP1042,"09","5",3,0,0,LOW
9027,9027,20,10,10,9027,EMP1042,"09","4",3,0,0,LOW
10238,10238,20,10,10,10238,EMP1042,"09","4",3,0,0,LOW
9104,9104,20,10,10,9104,EMP1042,"09","4",3,0,0,LOW
12549,12549,20,10,10,12549,EMP1042,"09","5",3,0,0,LOW
8478,8478,20,10,10,8478,EMP1042,"09","5",3,0,0,LOW
948,948,30,10,10,948,EMP1042,"09","5",1,0,0,LOW
843,843,30,10,10,843,EMP1042,"09","5",1,0,0,LOW
1162,1162,30,10,10,1162,EMP1042,"09","4",1,0,0,LOW
785,785,30,10,10,785,EMP1042,"09","4",1,0,0,LOW
300000,3000,10,20,20,0,NONE,"09","5",2,0,0,LOW
250000,2500,10,20,20,0,NONE,"09","5",2,0,0,LOW
250000,2500,10,20,20,0,NONE,"09","5",2,0,0,LOW
300000,3000,10,20,20,0,NONE,"09","5",2,0,0,LOW
1000000,10000,10,20,20,0,NONE,"09","4",2,0,0,LOW
46725,46725,20,10,10,46725,EMP1055,"09","5",3,0,0,LOW
82950,830,20,20,20,82950,EMP1055,"09","5",2,0,0,LOW
73762,738,20,20,20,73762,EMP1055,"09","5",2,0,0,LOW
500000,5000,10,20,20,0,NONE,"09","4",2,0,0,LOW
1500000,15000,10,20,20,0,NONE,"09","3",2,0,0,LOW
101675,1017,20,20,20,101675,EMP1055,"09","5",2,0,0,LOW
98525,985,20,20,20,98525,EMP1043,"09","2",2,0,0,LOW
77000,770,20,20,20,77000,EMP1043,"09","2",2,0,0,LOW
500000,5000,10,20,20,0,NONE,"09","1",2,0,0,LOW
102112,1021,20,20,20,102112,EMP1043,"09","2",2,0,0,LOW
63350,634,20,20,20,63350,EMP1043,"09","2",2,0,0,LOW
12949,12949,20,10,10,12949,EMP1043,"09","2",3,0,0,LOW
10120,10120,20,10,10,10120,EMP1043,"09","3",5,0,0,LOW
13420,13420,20,10,10,13420,EMP1043,"09","3",3,0,0,LOW
8326,8326,20,10,10,8326,EMP1043,"09","3",3,0,0,LOW
12160,12160,20,10,10,12160,EMP1043,"09","2",3,0,0,LOW
9504,9504,20,10,10,9504,EMP1043,"09","2",3,0,0,LOW
12603,12603,20,10,10,12603,EMP1043,"09","2",3,0,0,LOW
7819,7819,20,10,10,7819,EMP1043,"09","2",3,0,0,LOW
1126,1126,30,10,10,1126,EMP1043,"09","2",1,0,0,LOW
880,880,30,10,10,880,EMP1043,"09","3",1,0,0,LOW
1167,1167,30,10,10,1167,EMP1043,"09","3",1,0,0,LOW
724,724,30,10,10,724,EMP1043,"09","3",1,0,0,LOW
300000,3000,10,20,20,0,NONE,"09","3",2,0,0,LOW
250000,2500,10,20,20,0,NONE,"09","3",2,0,0,LOW
250000,2500,10,20,20,0,NONE,"09","3",2,0,0,LOW
300000,3000,10,20,20,0,NONE,"09","3",2,0,0,LOW
1500000,15000,10,20,20,0,NONE,"09","3",2,0,0,LOW
1500000,15000,10,20,20,0,NONE,"09","3",2,0,0,LOW
48715,48715,20,10,10,48715,EMP1050,"09","3",3,0,0,LOW
98525,985,20,20,20,98525,EMP1050,"09","3",2,0,0,LOW
500000,5000,10,20,20,0,NONE,"09","2",2,0,0,LOW
500000,5000,10,20,20,0,NONE,"09","2",2,0,0,LOW
77000,770,20,20,20,77000,EMP1050,"09","3",2,0,0,LOW
500000,5000,10,20,20,0,NONE,"09","2",2,0,0,LOW
102115,1021,20,20,20,102115,EMP1050,"09","3",2,0,0,LOW
63350,634,20,20,20,63350,EMP1050,"09","4",4,0,0,LOW
12949,12949,20,10,10,12949,EMP1050,"09","3",3,0,0,LOW
10120,10120,20,10,10,10120,EMP1050,"09","3",3,0,0,LOW
13423,13423,20,10,10,13423,EMP1050,"09","3",3,0,0,LOW
8326,8326,20,10,10,8326,EMP1050,"09","4",3,0,0,LOW
12165,12165,20,10,10,12165,EMP1050,"09","5",5,0,0,LOW
9504,9504,20,10,10,9504,EMP1050,"09","3",3,0,0,LOW
12607,12607,20,10,10,12607,EMP1050,"09","4",3,0,0,LOW
8326,8326,20,10,10,8326,EMP1055,"09","6",3,0,0,LOW
12160,12160,20,10,10,12160,EMP1055,"09","6",3,0,0,LOW
9504,9504,20,10,10,9504,EMP1055,"09","7",3,0,0,LOW
12603,12603,20,10,10,12603,EMP1055,"09","7",3,0,0,LOW
7819,7819,20,10,10,7819,EMP1055,"09","7",5,0,0,LOW
1126,1126,30,10,10,1126,EMP1055,"09","6",1,0,0,LOW
880,880,30,10,10,880,EMP1055,"09","6",1,0,0,LOW
1167,1167,30,10,10,1167,EMP1055,"09","7",1,0,0,LOW
724,724,30,10,10,724,EMP1055,"09","7",1,0,0,LOW
1500000,15000,10,20,20,0,NONE,"09","6",2,0,0,LOW
48712,48712,20,10,10,48712,EMP1047,"09","7",3,0,0,LOW
500000,5000,10,20,20,0,NONE,"09","6",2,0,0,LOW
500000,5000,10,20,20,0,NONE,"09","6",2,0,0,LOW
98525,985,20,20,20,98525,EMP1047,"09","7",2,0,0,LOW
77000,770,20,20,20,77000,EMP1047,"09","7",2,0,0,LOW
500000,5000,10,20,20,0,NONE,"09","6",2,0,0,LOW
500000,5000,10,20,20,0,NONE,"09","6",2,0,0,LOW
500000,5000,10,20,20,0,NONE,"09","5",2,0,0,LOW
102112,1021,20,20,20,102112,EMP1047,"09","7",2,0,0,LOW
1500000,15000,10,20,20,0,NONE,"09","5",2,0,0,LOW
63350,634,20,20,20,63350,EMP1047,"09","7",2,0,0,LOW
12949,12949,20,10,10,12949,EMP1047,"09","7",3,0,0,LOW
10120,10120,20,10,10,10120,EMP1047,"09","7",3,0,0,LOW
13420,13420,20,10,10,13420,EMP1047,"09","7",3,0,0,LOW
8326,8326,20,10,10,8326,EMP1047,"09","7",3,0,0,LOW
12160,12160,20,10,10,12160,EMP1047,"09","1",3,0,0,LOW
9504,9504,20,10,10,9504,EMP1047,"09","1",3,0,0,MEDIUM
12603,12603,20,10,10,12603,EMP1047,"09","7",3,0,0,LOW
7819,7819,20,10,10,7819,EMP1047,"09","1",3,0,0,LOW
1126,1126,30,10,10,1126,EMP1047,"09","1",1,0,0,LOW
880,880,30,10,10,880,EMP1047,"09","1",1,0,0,LOW
1167,1167,30,10,10,1167,EMP1047,"09","1",1,0,0,LOW
724,724,30,10,10,724,EMP1047,"09","1",1,0,0,LOW
300000,3000,10,20,20,0,NONE,"09","1",2,0,0,LOW
250000,2500,10,20,20,0,NONE,"09","1",2,0,0,LOW
250000,2500,10,20,20,0,NONE,"09","1",2,0,0,LOW
300000,3000,10,20,20,0,NONE,"09","1",2,0,0,LOW
48712,48712,20,10,10,48712,EMP1043,"09","3",5,0,0,LOW
500000,5000,10,20,20,0,NONE,"09","4",2,0,0,LOW
98525,985,20,20,20,98525,EMP1056,"09","5",2,0,0,LOW
500000,5000,10,20,20,0,NONE,"09","5",2,0,0,LOW
1500000,15000,10,20,20,0,NONE,"09","4",4,0,0,HIGH
1500000,15000,10,20,20,0,NONE,"09","4",2,0,0,LOW
77000,770,20,20,20,77000,EMP1056,"09","5",2,0,0,LOW
500000,5000,10,20,20,0,NONE,"09","5",2,0,0,LOW
500000,5000,10,20,20,0,NONE,"09","3",2,0,0,LOW
500000,5000,10,20,20,0,NONE,"09","3",2,0,0,LOW
102112,1021,20,20,20,102112,EMP1056,"09","6",4,0,0,LOW
63350,634,20,20,20,63350,EMP1056,"09","5",2,0,0,LOW
12949,12949,20,10,10,12949,EMP1056,"09","5",3,0,0,LOW
10120,10120,20,10,10,10120,EMP1056,"09","5",3,0,0,LOW
13420,13420,20,10,10,13420,EMP1056,"09","5",3,0,0,LOW
8326,8326,20,10,10,8326,EMP1056,"09","5",3,0,0,LOW
12160,12160,20,10,10,12160,EMP1056,"09","5",3,0,0,LOW
9504,9504,20,10,10,9504,EMP1056,"09","5",3,0,0,LOW
12603,12603,20,10,10,12603,EMP1056,"09","6",3,0,0,LOW
7819,7819,20,10,10,7819,EMP1056,"09","5",3,0,0,LOW
1126,1126,30,10,10,1126,EMP1056,"09","5",1,0,0,LOW
880,880,30,10,10,880,EMP1056,"09","6",1,0,0,LOW
1167,1167,30,10,10,1167,EMP1056,"09","6",1,0,0,LOW
724,724,30,10,10,724,EMP1056,"09","5",1,0,0,LOW
300000,3000,10,20,20,0,NONE,"09","6",2,0,0,LOW
250000,2500,10,20,20,0,NONE,"09","6",2,0,0,LOW
250000,2500,10,20,20,0,NONE,"09","6",2,0,0,LOW
300000,3000,10,20,20,0,NONE,"09","6",4,0,0,LOW
48712,48712,20,10,10,48712,EMP1055,"09","6",3,0,0,LOW
1000000,10000,10,20,20,0,NONE,"09","5",2,0,0,LOW
98525,985,20,20,20,98525,EMP1055,"09","6",2,0,0,LOW
77000,770,20,20,20,77000,EMP1055,"09","7",4,0,0,LOW
500000,5000,10,20,20,0,NONE,"09","4",2,0,0,LOW
1500000,15000,10,20,20,0,NONE,"09","4",2,0,0,LOW
102112,1021,20,20,20,102112,EMP1055,"09","6",2,0,0,LOW
63350,634,20,20,20,63350,EMP1055,"09","6",2,0,0,LOW
12949,12949,20,10,10,12949,EMP1055,"09","6",3,0,0,LOW
10120,10120,20,10,10,10120,EMP1055,"09","6",3,0,0,LOW
13420,13420,20,10,10,13420,EMP1055,"09","6",3,0,0,LOW
10603,10603,20,10,10,10603,EMP1006,"09","3",3,0,0,LOW
11077,11077,20,10,10,11077,EMP1006,"09","3",3,0,0,LOW
9862,9862,20,10,10,9862,EMP1006,"09","3",3,0,0,LOW
8988,8988,20,10,10,8988,EMP1006,"09","3",3,0,0,LOW
9960,9960,20,10,10,9960,EMP1006,"09","3",3,0,0,LOW
10402,10402,20,10,10,10402,EMP1006,"09","4",3,0,0,LOW
913,913,30,10,10,913,EMP1006,"09","4",1,0,0,LOW
832,832,30,10,10,832,EMP1006,"09","4",1,0,0,LOW
922,922,30,10,10,922,EMP1006,"09","4",1,0,0,LOW
963,963,30,10,10,963,EMP1006,"09","4",1,0,0,LOW
300000,3000,10,20,20,0,NONE,"09","4",2,0,0,LOW
250000,2500,10,20,20,0,NONE,"09","4",2,0,0,LOW
250000,2500,10,20,20,0,NONE,"09","4",2,0,0,LOW
300000,3000,10,20,20,0,NONE,"09","4",2,0,0,LOW
500000,5000,10,20,20,0,NONE,"09","4",2,0,0,LOW
1500000,15000,10,20,20,0,NONE,"09","3",2,0,0,LOW
48712,48712,20,10,10,48712,EMP1007,"09","4",3,0,0,LOW
1500000,15000,10,20,20,0,NONE,"09","3",2,0,0,LOW
98525,985,20,20,20,98525,EMP1007,"09","4",2,0,0,LOW
500000,5000,10,20,20,0,NONE,"09","3",2,0,0,LOW
77000,770,20,20,20,77000,EMP1007,"09","4",2,0,0,LOW
102112,1021,20,20,20,102112,EMP1007,"09","4",2,0,0,LOW
500000,5000,10,20,20,0,NONE,"09","3",2,0,0,LOW
63350,634,20,20,20,63350,EMP1007,"09","4",2,0,0,LOW
12949,12949,20,10,10,12949,EMP1007,"09","4",3,0,0,LOW
10120,10120,20,10,10,10120,EMP1007,"09","4",3,0,0,LOW
13420,13420,20,10,10,13420,EMP1007,"09","4",3,0,0,LOW
8326,8326,20,10,10,8326,EMP1007,"09","4",3,0,0,LOW
12160,12160,20,10,10,12160,EMP1007,"09","5",3,0,0,LOW
9504,9504,20,10,10,9504,EMP1007,"09","4",3,0,0,LOW
12603,12603,20,10,10,12603,EMP1007,"09","4",3,0,0,LOW
7819,7819,20,10,10,7819,EMP1007,"09","5",3,0,0,LOW
1126,1126,30,10,10,1126,EMP1007,"09","5",1,0,0,LOW
880,880,30,10,10,880,EMP1007,"09","4",1,0,0,LOW
1167,1167,30,10,10,1167,EMP1007,"09","5",3,0,0,LOW
724,724,30,10,10,724,EMP1007,"09","5",1,0,0,LOW
48712,48712,20,10,10,48712,EMP1056,"09","5",3,0,0,HIGH
963,963,30,10,10,963,EMP1002,"09","7",1,0,0,LOW
300000,3000,10,20,20,0,NONE,"09","7",2,0,0,LOW
250000,2500,10,20,20,0,NONE,"09","7",2,0,0,LOW
250000,2500,10,20,20,0,NONE,"09","7",2,0,0,LOW
300000,3000,10,20,20,0,NONE,"09","7",2,0,0,LOW
300000,3000,10,20,20,0,NONE,"09","2",2,0,0,LOW
250000,2500,10,20,20,0,NONE,"09","2",2,0,0,LOW
250000,2500,10,20,20,0,NONE,"09","2",2,0,0,LOW
300000,3000,10,20,20,0,NONE,"09","2",2,0,0,LOW
45375,45375,20,10,10,45375,EMP1050,"09","2",3,0,0,LOW
79887,799,20,20,20,79887,EMP1050,"09","2",2,0,0,LOW
72800,728,20,20,20,72800,EMP1050,"09","2",2,0,0,LOW
500000,5000,10,20,20,0,NONE,"09","7",2,0,0,LOW
80675,807,20,20,20,80675,EMP1050,"09","2",2,0,0,LOW
500000,5000,10,20,20,0,NONE,"09","1",2,0,0,LOW
1500000,15000,10,20,20,0,NONE,"09","7",2,0,0,LOW
84262,843,20,20,20,84262,EMP1050,"09","2",2,0,0,LOW
10499,10499,20,10,10,10499,EMP1050,"09","2",3,0,0,LOW
9568,9568,20,10,10,9568,EMP1050,"09","2",3,0,0,LOW
10603,10603,20,10,10,10603,EMP1050,"09","2",3,0,0,LOW
11074,11074,20,10,10,11074,EMP1050,"09","2",3,0,0,LOW
9860,9860,20,10,10,9860,EMP1050,"09","2",3,0,0,LOW
8985,8985,20,10,10,8985,EMP1050,"09","3",3,0,0,LOW
9957,9957,20,10,10,9957,EMP1050,"09","2",3,0,0,LOW
10400,10400,20,10,10,10400,EMP1050,"09","2",3,0,0,MEDIUM
913,913,30,10,10,913,EMP1050,"09","2",1,0,0,LOW
832,832,30,10,10,832,EMP1050,"09","2",1,0,0,LOW
922,922,30,10,10,922,EMP1050,"09","2",1,0,0,LOW
963,963,30,10,10,963,EMP1050,"09","3",1,0,0,LOW
45375,45375,20,10,10,45375,EMP1006,"09","3",3,0,0,LOW
79890,799,20,20,20,79890,EMP1006,"09","3",2,0,0,LOW
500000,5000,10,20,20,0,NONE,"09","1",2,0,0,LOW
72800,728,20,20,20,72800,EMP1006,"09","3",2,0,0,LOW
500000,5000,10,20,20,0,NONE,"09","2",2,0,0,LOW
80675,807,20,20,20,80675,EMP1006,"09","3",2,0,0,LOW
84265,843,20,20,20,84265,EMP1006,"09","3",2,0,0,LOW
10502,10502,20,10,10,10502,EMP1006,"09","3",3,0,0,LOW
9568,9568,20,10,10,9568,EMP1006,"09","4",3,0,0,LOW
80675,807,20,20,20,80675,EMP1004,"09","5",2,0,0,LOW
500000,5000,10,20,20,0,NONE,"09","3",2,0,0,LOW
84262,843,20,20,20,84262,EMP1004,"09","5",2,0,0,LOW
10499,10499,20,10,10,10499,EMP1004,"09","5",3,0,0,LOW
9568,9568,20,10,10,9568,EMP1004,"09","6",3,0,0,MEDIUM
10603,10603,20,10,10,10603,EMP1004,"09","5",3,0,0,LOW
11074,11074,20,10,10,11074,EMP1004,"09","5",3,0,0,MEDIUM
9860,9860,20,10,10,9860,EMP1004,"09","5",3,0,0,LOW
8985,8985,20,10,10,8985,EMP1004,"09","5",3,0,0,LOW
9957,9957,20,10,10,9957,EMP1004,"09","5",3,0,0,LOW
10400,10400,20,10,10,10400,EMP1004,"09","5",3,0,0,LOW
913,913,30,10,10,913,EMP1004,"09","6",1,0,0,LOW
832,832,30,10,10,832,EMP1004,"09","6",1,0,0,LOW
922,922,30,10,10,922,EMP1004,"09","6",1,0,0,LOW
963,963,30,10,10,963,EMP1004,"09","5",1,0,0,LOW
1500000,15000,10,20,20,0,NONE,"09","5",2,0,0,LOW
45375,45375,20,10,10,45375,EMP1002,"09","6",3,0,0,LOW
1000000,10000,10,20,20,0,NONE,"09","5",2,0,0,LOW
79887,799,20,20,20,79887,EMP1002,"09","6",2,0,0,LOW
500000,5000,10,20,20,0,NONE,"09","4",2,0,0,LOW
72800,728,20,20,20,72800,EMP1002,"09","6",2,0,0,LOW
500000,5000,10,20,20,0,NONE,"09","5",2,0,0,LOW
1500000,15000,10,20,20,0,NONE,"09","5",2,0,0,LOW
80675,807,20,20,20,80675,EMP1002,"09","6",2,0,0,LOW
500000,5000,10,20,20,0,NONE,"09","4",2,0,0,LOW
84262,843,20,20,20,84262,EMP1002,"09","6",2,0,0,LOW
10499,10499,20,10,10,10499,EMP1002,"09","7",3,0,0,LOW
9568,9568,20,10,10,9568,EMP1002,"09","6",3,0,0,MEDIUM
10603,10603,20,10,10,10603,EMP1002,"09","7",5,0,0,LOW
11074,11074,20,10,10,11074,EMP1002,"09","7",3,0,0,LOW
9860,9860,20,10,10,9860,EMP1002,"09","6",3,0,0,MEDIUM
8985,8985,20,10,10,8985,EMP1002,"09","6",3,0,0,LOW
9957,9957,20,10,10,9957,EMP1002,"09","6",3,0,0,LOW
10400,10400,20,10,10,10400,EMP1002,"09","7",3,0,0,LOW
913,913,30,10,10,913,EMP1002,"09","7",1,0,0,LOW
832,832,30,10,10,832,EMP1002,"09","7",1,0,0,LOW
922,922,30,10,10,922,EMP1002,"09","7",1,0,0,LOW
12906,12906,20,10,10,12906,EMP1043,"09","3",3,0,0,LOW
11061,11061,20,10,10,11061,EMP1043,"09","3",3,0,0,HIGH
10746,10746,20,10,10,10746,EMP1043,"09","3",3,0,0,MEDIUM
1019,1019,30,10,10,1019,EMP1043,"09","4",1,0,0,LOW
1195,1195,30,10,10,1195,EMP1043,"09","4",1,0,0,LOW
1024,1024,30,10,10,1024,EMP1043,"09","4",1,0,0,LOW
995,995,30,10,10,995,EMP1043,"09","4",1,0,0,LOW
500000,5000,10,20,20,0,NONE,"09","4",2,0,0,LOW
45375,45375,20,10,10,45375,EMP1004,"09","4",3,0,0,LOW
500000,5000,10,20,20,0,NONE,"09","3",2,0,0,LOW
500000,5000,10,20,20,0,NONE,"09","3",2,0,0,LOW
79887,799,20,20,20,79887,EMP1004,"09","4",2,0,0,LOW
500000,5000,10,20,20,0,NONE,"09","3",2,0,0,LOW
72800,728,20,20,20,72800,EMP1004,"09","4",2,0,0,LOW
80675,807,20,20,20,80675,EMP1004,"09","4",2,0,0,LOW
500000,5000,10,20,20,0,NONE,"09","3",2,0,0,LOW
84262,843,20,20,20,84262,EMP1004,"09","4",2,0,0,LOW
10499,10499,20,10,10,10499,EMP1004,"09","4",3,0,0,LOW
9568,9568,20,10,10,9568,EMP1004,"09","5",3,0,0,LOW
10603,10603,20,10,10,10603,EMP1004,"09","4",3,0,0,LOW
11074,11074,20,10,10,11074,EMP1004,"09","4",3,0,0,LOW
9860,9860,20,10,10,9860,EMP1004,"09","5",3,0,0,LOW
8985,8985,20,10,10,8985,EMP1004,"09","5",3,0,0,LOW
9957,9957,20,10,10,9957,EMP1004,"09","5",3,0,0,LOW
10400,10400,20,10,10,10400,EMP1004,"09","4",3,0,0,LOW
913,913,30,10,10,913,EMP1004,"09","5",1,0,0,LOW
832,832,30,10,10,832,EMP1004,"09","4",1,0,0,LOW
922,922,30,10,10,922,EMP1004,"09","5",1,0,0,LOW
963,963,30,10,10,963,EMP1004,"09","5",1,0,0,LOW
300000,3000,10,20,20,0,NONE,"09","5",2,0,0,LOW
250000,2500,10,20,20,0,NONE,"09","5",2,0,0,LOW
250000,2500,10,20,20,0,NONE,"09","5",2,0,0,LOW
300000,3000,10,20,20,0,NONE,"09","5",2,0,0,LOW
45375,45375,20,10,10,45375,EMP1004,"09","5",3,0,0,LOW
1500000,15000,10,20,20,0,NONE,"09","4",2,0,0,LOW
79887,799,20,20,20,79887,EMP1004,"09","5",2,0,0,LOW
500000,5000,10,20,20,0,NONE,"09","4",2,0,0,LOW
72800,728,20,20,20,72800,EMP1004,"09","5",2,0,0,LOW
52912,52912,20,10,10,52912,EMP1005,"09","2",3,0,0,LOW
89162,892,20,20,20,89162,EMP1005,"09","2",2,0,0,LOW
104562,1046,20,20,20,104562,EMP1005,"09","2",2,0,0,LOW
500000,5000,10,20,20,0,NONE,"09","7",2,0,0,LOW
89600,896,20,20,20,89600,EMP1005,"09","2",2,0,0,LOW
500000,5000,10,20,20,0,NONE,"09","1",2,0,0,LOW
1500000,15000,10,20,20,0,NONE,"09","1",2,0,0,LOW
87062,871,20,20,20,87062,EMP1005,"09","2",2,0,0,LOW
11718,11718,20,10,10,11718,EMP1005,"09","2",3,0,0,LOW
13742,13742,20,10,10,13742,EMP1005,"09","2",3,0,0,LOW
11776,11776,20,10,10,11776,EMP1005,"09","2",3,0,0,LOW
11442,11442,20,10,10,11442,EMP1005,"09","3",3,0,0,LOW
11005,11005,20,10,10,11005,EMP1005,"09","2",3,0,0,LOW
12906,12906,20,10,10,12906,EMP1005,"09","3",3,0,0,LOW
11059,11059,20,10,10,11059,EMP1005,"09","2",3,0,0,LOW
10746,10746,20,10,10,10746,EMP1005,"09","2",3,0,0,LOW
1019,1019,30,10,10,1019,EMP1005,"09","3",1,0,0,LOW
1195,1195,30,10,10,1195,EMP1005,"09","3",1,0,0,LOW
1024,1024,30,10,10,1024,EMP1005,"09","2",1,0,0,LOW
995,995,30,10,10,995,EMP1005,"09","3",1,0,0,LOW
300000,3000,10,20,20,0,NONE,"09","3",2,0,0,LOW
250000,2500,10,20,20,0,NONE,"09","3",2,0,0,LOW
250000,2500,10,20,20,0,NONE,"09","3",2,0,0,LOW
300000,3000,10,20,20,0,NONE,"09","3",2,0,0,LOW
1500000,15000,10,20,20,0,NONE,"09","2",2,0,0,LOW
52915,52915,20,10,10,52915,EMP1043,"09","3",3,0,0,LOW
89165,892,20,20,20,89165,EMP1043,"09","3",2,0,0,LOW
104565,1046,20,20,20,104565,EMP1043,"09","3",2,0,0,LOW
500000,5000,10,20,20,0,NONE,"09","2",2,0,0,LOW
500000,5000,10,20,20,0,NONE,"09","2",2,0,0,LOW
89600,896,20,20,20,89600,EMP1043,"09","3",2,0,0,LOW
1500000,15000,10,20,20,0,NONE,"09","2",2,0,0,LOW
87065,871,20,20,20,87065,EMP1043,"09","3",2,0,0,LOW
11721,11721,20,10,10,11721,EMP1043,"09","3",3,0,0,LOW
13745,13745,20,10,10,13745,EMP1043,"09","3",3,0,0,LOW
11776,11776,20,10,10,11776,EMP1043,"09","3",3,0,0,LOW
11445,11445,20,10,10,11445,EMP1043,"09","3",3,0,0,LOW
11007,11007,20,10,10,11007,EMP1043,"09","3",3,0,0,LOW
10746,10746,20,10,10,10746,EMP1044,"09","7",3,0,0,LOW
1019,1019,30,10,10,1019,EMP1044,"09","6",1,0,0,LOW
1195,1195,30,10,10,1195,EMP1044,"09","6",1,0,0,LOW
1024,1024,30,10,10,1024,EMP1044,"09","6",1,0,0,LOW
995,995,30,10,10,995,EMP1044,"09","7",1,0,0,LOW
52912,52912,20,10,10,52912,EMP1004,"09","7",3,0,0,LOW
89162,892,20,20,20,89162,EMP1004,"09","7",2,0,0,LOW
500000,5000,10,20,20,0,NONE,"09","6",2,0,0,LOW
500000,5000,10,20,20,0,NONE,"09","6",2,0,0,LOW
104562,1046,20,20,20,104562,EMP1004,"09","7",2,0,0,LOW
500000,5000,10,20,20,0,NONE,"09","6",2,0,0,LOW
1500000,15000,10,20,20,0,NONE,"09","6",2,0,0,LOW
89600,896,20,20,20,89600,EMP1004,"09","7",2,0,0,LOW
500000,5000,10,20,20,0,NONE,"09","6",2,0,0,LOW
500000,5000,10,20,20,0,NONE,"09","6",2,0,0,LOW
1000000,10000,10,20,20,0,NONE,"09","6",2,0,0,LOW
87062,871,20,20,20,87062,EMP1004,"09","7",2,0,0,LOW
11718,11718,20,10,10,11718,EMP1004,"09","1",3,0,0,LOW
13742,13742,20,10,10,13742,EMP1004,"09","7",3,0,0,LOW
11776,11776,20,10,10,11776,EMP1004,"09","7",3,0,0,LOW
11442,11442,20,10,10,11442,EMP1004,"09","7",3,0,0,LOW
11005,11005,20,10,10,11005,EMP1004,"09","1",3,0,0,LOW
12906,12906,20,10,10,12906,EMP1004,"09","7",3,0,0,LOW
11059,11059,20,10,10,11059,EMP1004,"09","7",3,0,0,LOW
10746,10746,20,10,10,10746,EMP1004,"09","1",3,0,0,LOW
1019,1019,30,10,10,1019,EMP1004,"09","1",1,0,0,LOW
1195,1195,30,10,10,1195,EMP1004,"09","1",1,0,0,LOW
1024,1024,30,10,10,1024,EMP1004,"09","7",1,0,0,LOW
995,995,30,10,10,995,EMP1004,"09","1",1,0,0,LOW
300000,3000,10,20,20,0,NONE,"09","1",2,0,0,LOW
250000,2500,10,20,20,0,NONE,"09","1",2,0,0,LOW
250000,2500,10,20,20,0,NONE,"09","1",2,0,0,LOW
300000,3000,10,20,20,0,NONE,"09","1",2,0,0,LOW
500000,500000,40,10,10,0,NONE,"09","2",5,0,0,LOW
500000,500000,40,10,10,0,NONE,"09","2",3,0,0,LOW
400000,400000,40,10,10,0,NONE,"09","2",3,0,0,LOW
400000,400000,40,10,10,0,NONE,"09","2",3,0,0,LOW
30000,30000,40,10,10,0,NONE,"09","2",5,0,0,LOW
104562,1046,20,20,20,104562,EMP1056,"09","5",2,0,0,LOW
89600,896,20,20,20,89600,EMP1056,"09","5",2,0,0,LOW
500000,5000,10,20,20,0,NONE,"09","4",2,0,0,LOW
500000,5000,10,20,20,0,NONE,"09","3",2,0,0,LOW
87062,871,20,20,20,87062,EMP1056,"09","5",2,0,0,LOW
11718,11718,20,10,10,11718,EMP1056,"09","5",3,0,0,LOW
13742,13742,20,10,10,13742,EMP1056,"09","5",3,0,0,LOW
11776,11776,20,10,10,11776,EMP1056,"09","5",3,0,0,LOW
11442,11442,20,10,10,11442,EMP1056,"09","5",3,0,0,LOW
11005,11005,20,10,10,11005,EMP1056,"09","6",3,0,0,LOW
12906,12906,20,10,10,12906,EMP1056,"09","5",3,0,0,LOW
11059,11059,20,10,10,11059,EMP1056,"09","5",3,0,0,LOW
10746,10746,20,10,10,10746,EMP1056,"09","6",3,0,0,LOW
1019,1019,30,10,10,1019,EMP1056,"09","6",1,0,0,LOW
1195,1195,30,10,10,1195,EMP1056,"09","5",1,0,0,LOW
1024,1024,30,10,10,1024,EMP1056,"09","5",1,0,0,LOW
995,995,30,10,10,995,EMP1056,"09","5",1,0,0,LOW
300000,3000,10,20,20,0,NONE,"09","6",4,0,0,LOW
250000,2500,10,20,20,0,NONE,"09","6",2,0,0,LOW
250000,2500,10,20,20,0,NONE,"09","6",2,0,0,LOW
300000,3000,10,20,20,0,NONE,"09","6",2,0,0,LOW
1500000,15000,10,20,20,0,NONE,"09","5",2,0,0,LOW
52912,52912,20,10,10,52912,EMP1044,"09","6",3,0,0,LOW
89162,892,20,20,20,89162,EMP1044,"09","6",2,0,0,LOW
500000,5000,10,20,20,0,NONE,"09","5",2,0,0,LOW
1500000,15000,10,20,20,0,NONE,"09","4",2,0,0,LOW
104562,1046,20,20,20,104562,EMP1044,"09","6",2,0,0,LOW
89600,896,20,20,20,89600,EMP1044,"09","6",2,0,0,LOW
500000,5000,10,20,20,0,NONE,"09","5",2,0,0,LOW
500000,5000,10,20,20,0,NONE,"09","5",2,0,0,LOW
87062,871,20,20,20,87062,EMP1044,"09","6",2,0,0,LOW
11718,11718,20,10,10,11718,EMP1044,"09","6",3,0,0,LOW
13742,13742,20,10,10,13742,EMP1044,"09","6",3,0,0,LOW
11776,11776,20,10,10,11776,EMP1044,"09","6",3,0,0,LOW
11442,11442,20,10,10,11442,EMP1044,"09","6",3,0,0,LOW
11005,11005,20,10,10,11005,EMP1044,"09","7",3,0,0,LOW
12906,12906,20,10,10,12906,EMP1044,"09","6",3,0,0,LOW
11059,11059,20,10,10,11059,EMP1044,"09","7",3,0,0,LOW
9657,9657,20,10,10,9657,EMP1046,"09","4",3,0,0,LOW
12465,12465,20,10,10,12465,EMP1046,"09","3",3,0,0,LOW
10197,10197,20,10,10,10197,EMP1046,"09","3",3,0,0,LOW
1257,1257,30,10,10,1257,EMP1046,"09","3",1,0,0,LOW
894,894,30,10,10,894,EMP1046,"09","4",1,0,0,LOW
1154,1154,30,10,10,1154,EMP1046,"09","4",1,0,0,LOW
944,944,30,10,10,944,EMP1046,"09","4",1,0,0,LOW
300000,3000,10,20,20,0,NONE,"09","4",2,0,0,LOW
250000,2500,10,20,20,0,NONE,"09","4",2,0,0,LOW
250000,2500,10,20,20,0,NONE,"09","4",2,0,0,LOW
300000,3000,10,20,20,0,NONE,"09","4",2,0,0,LOW
500000,5000,10,20,20,0,NONE,"09","4",2,0,0,LOW
52912,52912,20,10,10,52912,EMP1051,"09","4",3,0,0,LOW
1500000,15000,10,20,20,0,NONE,"09","3",2,0,0,LOW
89162,892,20,20,20,89162,EMP1051,"09","4",2,0,0,LOW
500000,5000,10,20,20,0,NONE,"09","2",2,0,0,LOW
104562,1046,20,20,20,104562,EMP1051,"09","4",2,0,0,LOW
89600,896,20,20,20,89600,EMP1051,"09","4",2,0,0,LOW
500000,5000,10,20,20,0,NONE,"09","3",2,0,0,LOW
87062,871,20,20,20,87062,EMP1051,"09","4",2,0,0,LOW
11718,11718,20,10,10,11718,EMP1051,"09","4",3,0,0,LOW
13742,13742,20,10,10,13742,EMP1051,"09","4",3,0,0,LOW
11776,11776,20,10,10,11776,EMP1051,"09","4",3,0,0,LOW
11442,11442,20,10,10,11442,EMP1051,"09","4",3,0,0,LOW
11005,11005,20,10,10,11005,EMP1051,"09","4",3,0,0,LOW
12906,12906,20,10,10,12906,EMP1051,"09","4",3,0,0,LOW
11059,11059,20,10,10,11059,EMP1051,"09","4",3,0,0,LOW
10746,10746,20,10,10,10746,EMP1051,"09","4",3,0,0,LOW
1019,1019,30,10,10,1019,EMP1051,"09","4",1,0,0,LOW
1195,1195,30,10,10,1195,EMP1051,"09","5",1,0,0,LOW
1024,1024,30,10,10,1024,EMP1051,"09","5",1,0,0,LOW
995,995,30,10,10,995,EMP1051,"09","5",1,0,0,LOW
52912,52912,20,10,10,52912,EMP1056,"09","5",3,0,0,LOW
500000,5000,10,20,20,0,NONE,"09","4",2,0,0,LOW
89162,892,20,20,20,89162,EMP1056,"09","5",2,0,0,LOW
500000,5000,10,20,20,0,NONE,"09","3",2,0,0,LOW
500000,5000,10,20,20,0,NONE,"09","3",2,0,0,LOW
1500000,15000,10,20,20,0,NONE,"09","4",2,0,0,LOW
1500000,15000,10,20,20,0,NONE,"08","7",4,1,0,LOW
53112,53112,20,10,10,53112,EMP1045,"09","2",3,0,0,LOW
109987,1100,20,20,20,109987,EMP1045,"09","2",2,0,0,LOW
500000,5000,10,20,20,0,NONE,"08","1",4,1,0,LOW
78225,782,20,20,20,78225,EMP1045,"09","2",2,0,0,LOW
100975,1010,20,20,20,100975,EMP1045,"09","2",2,0,0,LOW
500000,5000,10,20,20,0,NONE,"08","1",4,1,0,LOW
82600,826,20,20,20,82600,EMP1045,"09","2",2,0,0,LOW
14455,14455,20,10,10,14455,EMP1045,"09","3",3,0,0,MEDIUM
10281,10281,20,10,10,10281,EMP1045,"09","2",3,0,0,LOW
13271,13271,20,10,10,13271,EMP1045,"09","2",3,0,0,LOW
10856,10856,20,10,10,10856,EMP1045,"09","2",3,0,0,LOW
13575,13575,20,10,10,13575,EMP1045,"09","3",5,0,0,LOW
9655,9655,20,10,10,9655,EMP1045,"09","3",3,0,0,LOW
12463,12463,20,10,10,12463,EMP1045,"09","3",3,0,0,LOW
10195,10195,20,10,10,10195,EMP1045,"09","3",3,0,0,LOW
1257,1257,30,10,10,1257,EMP1045,"09","3",1,0,0,LOW
894,894,30,10,10,894,EMP1045,"09","3",1,0,0,LOW
1154,1154,30,10,10,1154,EMP1045,"09","3",1,0,0,LOW
944,944,30,10,10,944,EMP1045,"09","3",1,0,0,LOW
1500000,15000,10,20,20,0,NONE,"09","2",2,0,0,LOW
53115,53115,20,10,10,53115,EMP1046,"09","4",5,0,0,LOW
500000,5000,10,20,20,0,NONE,"09","2",2,0,0,LOW
1500000,15000,10,20,20,0,NONE,"09","2",2,0,0,LOW
1000000,10000,10,20,20,0,NONE,"09","2",2,0,0,LOW
109990,1100,20,20,20,109990,EMP1046,"09","3",2,0,0,LOW
500000,5000,10,20,20,0,NONE,"09","2",2,0,0,LOW
78225,782,20,20,20,78225,EMP1046,"09","3",2,0,0,LOW
500000,5000,10,20,20,0,NONE,"09","2",4,0,0,LOW
500000,5000,10,20,20,0,NONE,"09","2",4,0,0,LOW
500000,5000,10,20,20,0,NONE,"08","1",4,1,0,LOW
100975,1010,20,20,20,100975,EMP1046,"09","3",2,0,0,LOW
82600,826,20,20,20,82600,EMP1046,"09","3",2,0,0,LOW
14458,14458,20,10,10,14458,EMP1046,"09","3",3,0,0,LOW
10281,10281,20,10,10,10281,EMP1046,"09","3",3,0,0,LOW
13271,13271,20,10,10,13271,EMP1046,"09","4",3,0,0,LOW
10856,10856,20,10,10,10856,EMP1046,"09","3",3,0,0,LOW
13579,13579,20,10,10,13579,EMP1046,"09","3",3,0,0,LOW
13575,13575,20,10,10,13575,EMP1042,"08","1",7,1,0,LOW
9655,9655,20,10,10,9655,EMP1042,"08","1",5,1,0,LOW
12463,12463,20,10,10,12463,EMP1042,"08","7",5,1,0,MEDIUM
10195,10195,20,10,10,10195,EMP1042,"08","7",5,1,0,LOW
1257,1257,30,10,10,1257,EMP1042,"08","6",3,1,0,LOW
894,894,30,10,10,894,EMP1042,"08","6",3,1,0,LOW
1154,1154,30,10,10,1154,EMP1042,"08","7",3,1,0,LOW
944,944,30,10,10,944,EMP1042,"08","7",5,1,0,LOW
300000,3000,10,20,20,0,NONE,"08","7",4,1,0,LOW
250000,2500,10,20,20,0,NONE,"08","7",4,1,0,LOW
250000,2500,10,20,20,0,NONE,"08","7",6,1,0,LOW
300000,3000,10,20,20,0,NONE,"08","7",4,1,0,LOW
53112,53112,20,10,10,53112,EMP1050,"09","3",7,0,0,LOW
109987,1100,20,20,20,109987,EMP1050,"08","1",4,1,0,LOW
78225,782,20,20,20,78225,EMP1050,"08","1",4,1,0,LOW
500000,5000,10,20,20,0,NONE,"08","6",4,1,0,LOW
500000,5000,10,20,20,0,NONE,"08","6",4,1,0,LOW
500000,5000,10,20,20,0,NONE,"08","6",4,1,0,HIGH
500000,5000,10,20,20,0,NONE,"08","6",4,1,0,LOW
100975,1010,20,20,20,100975,EMP1050,"08","1",4,1,0,MEDIUM
82600,826,20,20,20,82600,EMP1050,"09","3",6,0,0,LOW
14455,14455,20,10,10,14455,EMP1050,"09","2",5,0,0,LOW
10281,10281,20,10,10,10281,EMP1050,"08","1",5,1,0,LOW
13271,13271,20,10,10,13271,EMP1050,"09","2",5,0,0,LOW
10856,10856,20,10,10,10856,EMP1050,"08","1",5,1,0,LOW
13575,13575,20,10,10,13575,EMP1050,"09","4",7,0,0,LOW
9655,9655,20,10,10,9655,EMP1050,"09","2",5,0,0,LOW
12463,12463,20,10,10,12463,EMP1050,"09","2",5,0,0,LOW
10195,10195,20,10,10,10195,EMP1050,"08","1",5,1,0,LOW
1257,1257,30,10,10,1257,EMP1050,"08","7",3,1,0,LOW
894,894,30,10,10,894,EMP1050,"09","2",7,0,0,LOW
1154,1154,30,10,10,1154,EMP1050,"08","1",3,1,0,LOW
944,944,30,10,10,944,EMP1050,"08","1",3,1,0,LOW
300000,3000,10,20,20,0,NONE,"09","2",2,0,0,LOW
250000,2500,10,20,20,0,NONE,"09","2",2,0,0,LOW
250000,2500,10,20,20,0,NONE,"09","2",2,0,0,LOW
300000,3000,10,20,20,0,NONE,"09","2",2,0,0,LOW
53112,53112,20,10,10,53112,EMP1021,"08","6",5,1,0,LOW
109987,1100,20,20,20,109987,EMP1021,"08","6",4,1,0,LOW
78225,782,20,20,20,78225,EMP1021,"08","6",4,1,0,LOW
500000,5000,10,20,20,0,NONE,"08","4",4,1,0,LOW
1500000,15000,10,20,20,0,NONE,"08","4",4,1,0,LOW
100975,1010,20,20,20,100975,EMP1021,"08","6",4,1,0,LOW
500000,5000,10,20,20,0,NONE,"08","3",6,1,0,LOW
82600,826,20,20,20,82600,EMP1021,"08","6",4,1,0,LOW
14455,14455,20,10,10,14455,EMP1021,"08","6",7,1,0,LOW
10281,10281,20,10,10,10281,EMP1021,"08","6",5,1,0,LOW
13271,13271,20,10,10,13271,EMP1021,"08","7",7,1,0,LOW
10856,10856,20,10,10,10856,EMP1021,"09","2",9,0,0,LOW
13575,13575,20,10,10,13575,EMP1021,"08","6",5,1,0,LOW
9655,9655,20,10,10,9655,EMP1021,"08","6",5,1,0,LOW
12463,12463,20,10,10,12463,EMP1021,"08","6",5,1,0,LOW
10195,10195,20,10,10,10195,EMP1021,"08","7",5,1,0,LOW
1257,1257,30,10,10,1257,EMP1021,"08","5",3,1,0,LOW
894,894,30,10,10,894,EMP1021,"08","6",3,1,0,LOW
1154,1154,30,10,10,1154,EMP1021,"08","5",3,1,0,LOW
944,944,30,10,10,944,EMP1021,"08","6",3,1,0,MEDIUM
1500000,15000,10,20,20,0,NONE,"08","5",8,1,0,LOW
53112,53112,20,10,10,53112,EMP1042,"08","7",5,1,0,LOW
500000,5000,10,20,20,0,NONE,"08","4",4,1,0,LOW
109987,1100,20,20,20,109987,EMP1042,"08","7",6,1,0,HIGH
500000,5000,10,20,20,0,NONE,"08","5",4,1,0,LOW
78225,782,20,20,20,78225,EMP1042,"08","7",4,1,0,MEDIUM
500000,5000,10,20,20,0,NONE,"08","5",4,1,0,LOW
500000,5000,10,20,20,0,NONE,"08","5",4,1,0,LOW
100975,1010,20,20,20,100975,EMP1042,"08","7",4,1,0,MEDIUM
500000,5000,10,20,20,0,NONE,"08","5",6,1,0,HIGH
500000,5000,10,20,20,0,NONE,"08","4",8,1,0,LOW
1500000,15000,10,20,20,0,NONE,"08","5",4,1,0,LOW
82600,826,20,20,20,82600,EMP1042,"08","7",4,1,0,LOW
14455,14455,20,10,10,14455,EMP1042,"08","1",5,1,0,LOW
10281,10281,20,10,10,10281,EMP1042,"08","7",5,1,0,LOW
13271,13271,20,10,10,13271,EMP1042,"08","7",5,1,0,LOW
10856,10856,20,10,10,10856,EMP1042,"08","7",5,1,0,MEDIUM
10511,10511,20,10,10,10511,EMP1021,"08","4",5,1,0,LOW
10510,10510,20,10,10,10510,EMP1021,"08","5",5,1,0,LOW
11570,11570,20,10,10,11570,EMP1021,"08","4",5,1,0,MEDIUM
9356,9356,20,10,10,9356,EMP1021,"08","7",9,1,0,LOW
9872,9872,20,10,10,9872,EMP1021,"08","5",5,1,0,LOW
973,973,30,10,10,973,EMP1021,"08","4",3,1,0,LOW
1071,1071,30,10,10,1071,EMP1021,"08","4",3,1,0,LOW
866,866,30,10,10,866,EMP1021,"08","5",5,1,0,LOW
914,914,30,10,10,914,EMP1021,"08","5",7,1,0,HIGH
500000,5000,10,20,20,0,NONE,"08","4",4,1,0,LOW
53112,53112,20,10,10,53112,EMP1049,"08","7",9,1,0,LOW
500000,5000,10,20,20,0,NONE,"08","3",4,1,0,LOW
109987,1100,20,20,20,109987,EMP1049,"08","5",4,1,0,LOW
500000,5000,10,20,20,0,NONE,"08","3",4,1,0,LOW
500000,5000,10,20,20,0,NONE,"08","3",4,1,0,LOW
78225,782,20,20,20,78225,EMP1049,"08","5",4,1,0,LOW
1500000,15000,10,20,20,0,NONE,"08","3",4,1,0,LOW
100975,1010,20,20,20,100975,EMP1049,"08","5",4,1,0,LOW
500000,5000,10,20,20,0,NONE,"08","2",4,1,0,HIGH
500000,5000,10,20,20,0,NONE,"08","2",6,1,0,LOW
82600,826,20,20,20,82600,EMP1049,"08","5",6,1,0,LOW
14455,14455,20,10,10,14455,EMP1049,"08","5",5,1,0,LOW
10281,10281,20,10,10,10281,EMP1049,"08","6",9,1,0,LOW
13271,13271,20,10,10,13271,EMP1049,"08","5",5,1,0,LOW
10856,10856,20,10,10,10856,EMP1049,"08","5",5,1,0,LOW
13575,13575,20,10,10,13575,EMP1049,"08","6",5,1,0,LOW
9655,9655,20,10,10,9655,EMP1049,"08","5",7,1,0,LOW
12463,12463,20,10,10,12463,EMP1049,"08","5",5,1,0,LOW
10195,10195,20,10,10,10195,EMP1049,"08","5",5,1,0,LOW
1257,1257,30,10,10,1257,EMP1049,"08","5",3,1,0,LOW
894,894,30,10,10,894,EMP1049,"08","5",3,1,0,LOW
1154,1154,30,10,10,1154,EMP1049,"08","5",3,1,0,LOW
944,944,30,10,10,944,EMP1049,"08","6",5,1,0,LOW
300000,3000,10,20,20,0,NONE,"08","5",8,1,0,LOW
250000,2500,10,20,20,0,NONE,"08","5",6,1,0,LOW
250000,2500,10,20,20,0,NONE,"08","5",4,1,0,LOW
300000,3000,10,20,20,0,NONE,"08","5",6,1,0,LOW
47800,47800,20,10,10,47800,EMP1049,"08","5",9,1,0,LOW
85137,851,20,20,20,85137,EMP1049,"08","3",4,1,0,LOW
500000,5000,10,20,20,0,NONE,"08","1",4,1,0,LOW
93712,937,20,20,20,93712,EMP1049,"08","3",4,1,0,LOW
500000,5000,10,20,20,0,NONE,"08","1",6,1,0,HIGH
500000,5000,10,20,20,0,NONE,"08","1",4,1,0,LOW
75775,758,20,20,20,75775,EMP1049,"08","3",4,1,0,LOW
500000,5000,10,20,20,0,NONE,"08","1",4,1,0,LOW
79975,800,20,20,20,79975,EMP1049,"08","3",4,1,0,LOW
11189,11189,20,10,10,11189,EMP1049,"08","3",5,1,0,LOW
12316,12316,20,10,10,12316,EMP1049,"08","3",5,1,0,LOW
9959,9959,20,10,10,9959,EMP1049,"08","3",5,1,0,LOW
10511,10511,20,10,10,10511,EMP1049,"08","5",9,1,0,LOW
10508,10508,20,10,10,10508,EMP1049,"08","3",5,1,0,LOW
11566,11566,20,10,10,11566,EMP1049,"08","3",5,1,0,LOW
9352,9352,20,10,10,9352,EMP1049,"08","4",5,1,0,LOW
9871,9871,20,10,10,9871,EMP1049,"08","4",5,1,0,LOW
973,973,30,10,10,973,EMP1049,"08","3",3,1,0,LOW
1071,1071,30,10,10,1071,EMP1049,"08","2",3,1,0,LOW
866,866,30,10,10,866,EMP1049,"08","3",3,1,0,MEDIUM
914,914,30,10,10,914,EMP1049,"08","2",3,1,0,LOW
300000,3000,10,20,20,0,NONE,"08","3",6,1,0,LOW
250000,2500,10,20,20,0,NONE,"08","3",4,1,0,HIGH
250000,2500,10,20,20,0,NONE,"08","3",4,1,0,LOW
300000,3000,10,20,20,0,NONE,"08","3",6,1,0,LOW
1500000,15000,10,20,20,0,NONE,"08","1",4,1,0,LOW
47800,47800,20,10,10,47800,EMP1021,"08","4",5,1,0,LOW
85140,851,20,20,20,85140,EMP1021,"08","6",8,1,0,LOW
1500000,15000,10,20,20,0,NONE,"08","2",6,1,0,LOW
93715,937,20,20,20,93715,EMP1021,"08","4",4,1,0,LOW
75775,758,20,20,20,75775,EMP1021,"08","4",4,1,0,LOW
500000,5000,10,20,20,0,NONE,"08","1",4,1,0,LOW
500000,5000,10,20,20,0,NONE,"08","2",8,1,0,LOW
79975,800,20,20,20,79975,EMP1021,"08","4",4,1,0,LOW
11192,11192,20,10,10,11192,EMP1021,"08","4",7,1,0,HIGH
12319,12319,20,10,10,12319,EMP1021,"08","4",5,1,0,MEDIUM
9959,9959,20,10,10,9959,EMP1021,"08","4",5,1,0,LOW
866,866,30,10,10,866,EMP1057,"08","5",3,1,0,LOW
914,914,30,10,10,914,EMP1057,"08","7",5,1,0,LOW
300000,3000,10,20,20,0,NONE,"08","6",4,1,0,LOW
250000,2500,10,20,20,0,NONE,"08","6",4,1,0,LOW
250000,2500,10,20,20,0,NONE,"08","6",4,1,0,LOW
300000,3000,10,20,20,0,NONE,"08","6",4,1,0,LOW
1000000,10000,10,20,20,0,NONE,"08","5",4,1,0,HIGH
1000000,10000,10,20,20,0,NONE,"08","5",4,1,0,HIGH
1000000,10000,10,20,20,0,NONE,"08","5",4,1,0,LOW
47800,47800,20,10,10,47800,EMP1052,"08","7",5,1,0,LOW
85137,851,20,20,20,85137,EMP1052,"08","7",4,1,0,LOW
93712,937,20,20,20,93712,EMP1052,"08","7",4,1,0,LOW
75775,758,20,20,20,75775,EMP1052,"08","7",4,1,0,LOW
500000,5000,10,20,20,0,NONE,"08","5",4,1,0,LOW
79975,800,20,20,20,79975,EMP1052,"08","7",4,1,0,LOW
11189,11189,20,10,10,11189,EMP1052,"08","2",9,1,0,LOW
12316,12316,20,10,10,12316,EMP1052,"08","7",5,1,0,LOW
9959,9959,20,10,10,9959,EMP1052,"08","7",7,1,0,LOW
10511,10511,20,10,10,10511,EMP1052,"08","7",5,1,0,LOW
10508,10508,20,10,10,10508,EMP1052,"08","7",5,1,0,LOW
11566,11566,20,10,10,11566,EMP1052,"08","7",5,1,0,LOW
9352,9352,20,10,10,9352,EMP1052,"08","7",5,1,0,LOW
9871,9871,20,10,10,9871,EMP1052,"08","7",5,1,0,LOW
973,973,30,10,10,973,EMP1052,"08","7",3,1,0,LOW
1071,1071,30,10,10,1071,EMP1052,"08","1",5,1,0,MEDIUM
866,866,30,10,10,866,EMP1052,"08","7",3,1,0,LOW
914,914,30,10,10,914,EMP1052,"08","1",5,1,0,LOW
300000,3000,10,20,20,0,NONE,"08","1",4,1,0,LOW
250000,2500,10,20,20,0,NONE,"08","1",4,1,0,LOW
250000,2500,10,20,20,0,NONE,"08","1",6,1,0,LOW
300000,3000,10,20,20,0,NONE,"08","1",4,1,0,LOW
1500000,15000,10,20,20,0,NONE,"08","1",4,1,0,LOW
1500000,15000,10,20,20,0,NONE,"08","1",6,1,0,HIGH
1000000,10000,10,20,20,0,NONE,"08","1",6,1,0,LOW
500,500,40,10,10,0,NONE,"08","1",7,1,0,LOW
500000,5000,40,20,20,0,NONE,"08","1",4,1,0,LOW
500000,5000,40,20,20,0,NONE,"08","1",4,1,0,MEDIUM
1500000,15000,10,20,20,0,NONE,"08","3",8,1,0,LOW
75775,758,20,20,20,75775,EMP1050,"08","5",6,1,0,LOW
500000,5000,10,20,20,0,NONE,"08","3",8,1,0,LOW
79975,800,20,20,20,79975,EMP1050,"08","5",4,1,0,LOW
11189,11189,20,10,10,11189,EMP1050,"08","5",5,1,0,LOW
12316,12316,20,10,10,12316,EMP1050,"08","5",5,1,0,LOW
9959,9959,20,10,10,9959,EMP1050,"08","6",5,1,0,LOW
10511,10511,20,10,10,10511,EMP1050,"08","5",5,1,0,LOW
10508,10508,20,10,10,10508,EMP1050,"08","5",5,1,0,LOW
11566,11566,20,10,10,11566,EMP1050,"08","5",5,1,0,LOW
9352,9352,20,10,10,9352,EMP1050,"08","6",5,1,0,LOW
9871,9871,20,10,10,9871,EMP1050,"08","6",5,1,0,LOW
973,973,30,10,10,973,EMP1050,"08","5",3,1,0,LOW
1071,1071,30,10,10,1071,EMP1050,"08","5",3,1,0,LOW
866,866,30,10,10,866,EMP1050,"08","4",3,1,0,LOW
914,914,30,10,10,914,EMP1050,"08","4",3,1,0,LOW
1500000,15000,10,20,20,0,NONE,"08","3",4,1,0,LOW
47800,47800,20,10,10,47800,EMP1057,"08","6",5,1,0,LOW
85137,851,20,20,20,85137,EMP1057,"08","6",4,1,0,LOW
500000,5000,10,20,20,0,NONE,"08","3",4,1,0,LOW
500000,5000,10,20,20,0,NONE,"08","4",4,1,0,LOW
93712,937,20,20,20,93712,EMP1057,"08","6",4,1,0,LOW
500000,5000,10,20,20,0,NONE,"08","4",4,1,0,LOW
75775,758,20,20,20,75775,EMP1057,"08","6",4,1,0,LOW
500000,5000,10,20,20,0,NONE,"08","4",4,1,0,HIGH
500000,5000,10,20,20,0,NONE,"08","4",4,1,0,LOW
1500000,15000,10,20,20,0,NONE,"08","3",4,1,0,LOW
79975,800,20,20,20,79975,EMP1057,"08","6",4,1,0,LOW
11189,11189,20,10,10,11189,EMP1057,"08","6",7,1,0,LOW
12316,12316,20,10,10,12316,EMP1057,"08","7",5,1,0,LOW
9959,9959,20,10,10,9959,EMP1057,"08","6",5,1,0,LOW
10511,10511,20,10,10,10511,EMP1057,"08","6",7,1,0,HIGH
10508,10508,20,10,10,10508,EMP1057,"08","7",5,1,0,LOW
11566,11566,20,10,10,11566,EMP1057,"08","7",5,1,0,LOW
9352,9352,20,10,10,9352,EMP1057,"08","6",5,1,0,LOW
9871,9871,20,10,10,9871,EMP1057,"08","6",7,1,0,LOW
973,973,30,10,10,973,EMP1057,"08","7",5,1,0,LOW
1071,1071,30,10,10,1071,EMP1057,"08","5",3,1,0,LOW
967,967,30,10,10,967,EMP1059,"08","2",3,1,0,LOW
1162,1162,30,10,10,1162,EMP1059,"08","4",7,1,0,LOW
53500,53500,20,10,10,53500,EMP1055,"08","4",5,1,0,LOW
500000,5000,10,20,20,0,NONE,"08","2",4,1,0,LOW
85750,858,20,20,20,85750,EMP1055,"08","4",4,1,0,LOW
500000,5000,10,20,20,0,NONE,"08","2",4,1,0,LOW
500000,5000,10,20,20,0,NONE,"08","2",4,1,0,HIGH
500000,5000,10,20,20,0,NONE,"08","2",4,1,0,HIGH
500000,5000,10,20,20,0,NONE,"08","2",6,1,0,LOW
1500000,15000,10,20,20,0,NONE,"08","2",4,1,0,LOW
102465,1025,20,20,20,102465,EMP1055,"08","4",4,1,0,LOW
500000,5000,10,20,20,0,NONE,"08","2",4,1,0,LOW
500000,5000,10,20,20,0,NONE,"08","2",6,1,0,LOW
84615,846,20,20,20,84615,EMP1055,"08","4",4,1,0,LOW
500000,5000,10,20,20,0,NONE,"08","2",4,1,0,LOW
101675,1017,20,20,20,101675,EMP1055,"08","4",4,1,0,LOW
11270,11270,20,10,10,11270,EMP1055,"08","4",5,1,0,LOW
13469,13469,20,10,10,13469,EMP1055,"08","4",5,1,0,LOW
11123,11123,20,10,10,11123,EMP1055,"08","4",7,1,0,LOW
13363,13363,20,10,10,13363,EMP1055,"08","4",5,1,0,LOW
10584,10584,20,10,10,10584,EMP1055,"08","5",5,1,0,LOW
12651,12651,20,10,10,12651,EMP1055,"08","5",5,1,0,MEDIUM
10447,10447,20,10,10,10447,EMP1055,"08","6",9,1,0,LOW
12553,12553,20,10,10,12553,EMP1055,"08","5",5,1,0,LOW
980,980,30,10,10,980,EMP1055,"08","4",3,1,0,LOW
1171,1171,30,10,10,1171,EMP1055,"08","4",3,1,0,LOW
967,967,30,10,10,967,EMP1055,"08","4",3,1,0,LOW
1162,1162,30,10,10,1162,EMP1055,"08","4",3,1,0,LOW
300000,3000,10,20,20,0,NONE,"08","4",4,1,0,LOW
250000,2500,10,20,20,0,NONE,"08","4",4,1,0,LOW
250000,2500,10,20,20,0,NONE,"08","4",8,1,0,LOW
300000,3000,10,20,20,0,NONE,"08","4",6,1,0,LOW
500000,5000,10,20,20,0,NONE,"08","4",4,1,0,LOW
47800,47800,20,10,10,47800,EMP1050,"08","5",5,1,0,LOW
85137,851,20,20,20,85137,EMP1050,"08","5",4,1,0,LOW
93712,937,20,20,20,93712,EMP1050,"08","5",4,1,0,LOW
500000,5000,10,20,20,0,NONE,"08","2",6,1,0,LOW
1000000,10000,10,20,20,0,NONE,"08","6",4,1,0,LOW
101675,1017,20,20,20,101675,EMP1051,"08","1",6,1,0,LOW
11270,11270,20,10,10,11270,EMP1051,"08","1",5,1,0,LOW
13466,13466,20,10,10,13466,EMP1051,"08","2",7,1,0,LOW
11120,11120,20,10,10,11120,EMP1051,"08","1",5,1,0,LOW
13363,13363,20,10,10,13363,EMP1051,"08","1",5,1,0,LOW
10584,10584,20,10,10,10584,EMP1051,"08","1",5,1,0,LOW
12646,12646,20,10,10,12646,EMP1051,"08","3",9,1,0,HIGH
10443,10443,20,10,10,10443,EMP1051,"08","2",5,1,0,LOW
12549,12549,20,10,10,12549,EMP1051,"08","1",5,1,0,LOW
980,980,30,10,10,980,EMP1051,"08","1",3,1,0,LOW
1171,1171,30,10,10,1171,EMP1051,"08","7",3,1,0,LOW
967,967,30,10,10,967,EMP1051,"08","7",3,1,0,LOW
1162,1162,30,10,10,1162,EMP1051,"08","1",3,1,0,LOW
300000,3000,10,20,20,0,NONE,"08","2",4,1,0,LOW
250000,2500,10,20,20,0,NONE,"08","2",6,1,0,LOW
250000,2500,10,20,20,0,NONE,"08","2",4,1,0,LOW
300000,3000,10,20,20,0,NONE,"08","2",4,1,0,LOW
1500000,15000,10,20,20,0,NONE,"08","1",6,1,0,LOW
53500,53500,20,10,10,53500,EMP1059,"08","3",7,1,0,LOW
85750,858,20,20,20,85750,EMP1059,"08","3",4,1,0,LOW
1500000,15000,10,20,20,0,NONE,"08","1",6,1,0,LOW
102462,1025,20,20,20,102462,EMP1059,"08","3",4,1,0,LOW
500000,5000,10,20,20,0,NONE,"08","1",4,1,0,LOW
84612,846,20,20,20,84612,EMP1059,"08","3",4,1,0,LOW
500000,5000,10,20,20,0,NONE,"08","1",4,1,0,LOW
101675,1017,20,20,20,101675,EMP1059,"08","3",4,1,0,LOW
11270,11270,20,10,10,11270,EMP1059,"08","3",7,1,0,LOW
13466,13466,20,10,10,13466,EMP1059,"08","5",9,1,0,LOW
11120,11120,20,10,10,11120,EMP1059,"08","3",5,1,0,LOW
13363,13363,20,10,10,13363,EMP1059,"08","3",5,1,0,LOW
10584,10584,20,10,10,10584,EMP1059,"08","3",5,1,0,LOW
12646,12646,20,10,10,12646,EMP1059,"08","3",5,1,0,MEDIUM
10443,10443,20,10,10,10443,EMP1059,"08","3",5,1,0,LOW
12549,12549,20,10,10,12549,EMP1059,"08","5",9,1,0,HIGH
980,980,30,10,10,980,EMP1059,"08","3",3,1,0,LOW
1171,1171,30,10,10,1171,EMP1059,"08","3",3,1,0,LOW
980,980,30,10,10,980,EMP1005,"08","6",3,1,0,LOW
1171,1171,30,10,10,1171,EMP1005,"08","6",3,1,0,LOW
967,967,30,10,10,967,EMP1005,"08","5",3,1,0,LOW
1162,1162,30,10,10,1162,EMP1005,"08","7",5,1,0,LOW
1500000,15000,10,20,20,0,NONE,"08","5",4,1,0,LOW
53500,53500,20,10,10,53500,EMP1048,"08","7",5,1,0,LOW
500000,5000,10,20,20,0,NONE,"08","5",4,1,0,LOW
85750,858,20,20,20,85750,EMP1048,"08","7",4,1,0,LOW
500000,5000,10,20,20,0,NONE,"08","5",4,1,0,LOW
102462,1025,20,20,20,102462,EMP1048,"08","7",4,1,0,LOW
84612,846,20,20,20,84612,EMP1048,"08","7",4,1,0,MEDIUM
500000,5000,10,20,20,0,NONE,"08","5",4,1,0,LOW
500000,5000,10,20,20,0,NONE,"08","5",4,1,0,LOW
101675,1017,20,20,20,101675,EMP1048,"08","7",6,1,0,LOW
11270,11270,20,10,10,11270,EMP1048,"08","7",7,1,0,LOW
13466,13466,20,10,10,13466,EMP1048,"08","7",5,1,0,LOW
11120,11120,20,10,10,11120,EMP1048,"08","7",5,1,0,LOW
13363,13363,20,10,10,13363,EMP1048,"08","7",5,1,0,LOW
10584,10584,20,10,10,10584,EMP1048,"08","1",5,1,0,LOW
12646,12646,20,10,10,12646,EMP1048,"08","1",5,1,0,LOW
10443,10443,20,10,10,10443,EMP1048,"08","7",5,1,0,LOW
12549,12549,20,10,10,12549,EMP1048,"08","1",9,1,0,LOW
980,980,30,10,10,980,EMP1048,"08","6",3,1,0,LOW
1171,1171,30,10,10,1171,EMP1048,"08","7",3,1,0,LOW
967,967,30,10,10,967,EMP1048,"08","7",5,1,0,LOW
1162,1162,30,10,10,1162,EMP1048,"08","7",3,1,0,LOW
300000,3000,10,20,20,0,NONE,"08","7",4,1,0,LOW
250000,2500,10,20,20,0,NONE,"08","7",8,1,0,LOW
250000,2500,10,20,20,0,NONE,"08","7",4,1,0,LOW
300000,3000,10,20,20,0,NONE,"08","7",4,1,0,LOW
53500,53500,20,10,10,53500,EMP1051,"08","1",5,1,0,LOW
1500000,15000,10,20,20,0,NONE,"08","6",4,1,0,LOW
85750,858,20,20,20,85750,EMP1051,"08","1",4,1,0,LOW
500000,5000,10,20,20,0,NONE,"08","6",4,1,0,LOW
102462,1025,20,20,20,102462,EMP1051,"08","1",4,1,0,LOW
500000,5000,10,20,20,0,NONE,"08","6",4,1,0,LOW
84612,846,20,20,20,84612,EMP1051,"08","1",6,1,0,LOW
500000,5000,10,20,20,0,NONE,"08","5",4,1,0,LOW
102462,1025,20,20,20,102462,EMP1003,"08","5",4,1,0,LOW
84612,846,20,20,20,84612,EMP1003,"08","5",4,1,0,LOW
500000,5000,10,20,20,0,NONE,"08","3",4,1,0,LOW
1500000,15000,10,20,20,0,NONE,"08","3",4,1,0,LOW
101675,1017,20,20,20,101675,EMP1003,"08","5",6,1,0,LOW
11270,11270,20,10,10,11270,EMP1003,"08","5",7,1,0,LOW
13466,13466,20,10,10,13466,EMP1003,"08","5",7,1,0,HIGH
11120,11120,20,10,10,11120,EMP1003,"08","5",5,1,0,LOW
13363,13363,20,10,10,13363,EMP1003,"08","5",7,1,0,LOW
10584,10584,20,10,10,10584,EMP1003,"08","6",5,1,0,MEDIUM
12646,12646,20,10,10,12646,EMP1003,"08","5",5,1,0,LOW
10443,10443,20,10,10,10443,EMP1003,"08","5",5,1,0,LOW
12549,12549,20,10,10,12549,EMP1003,"08","5",5,1,0,LOW
980,980,30,10,10,980,EMP1003,"08","6",5,1,0,LOW
1171,1171,30,10,10,1171,EMP1003,"08","4",3,1,0,LOW
967,967,30,10,10,967,EMP1003,"08","5",5,1,0,LOW
1162,1162,30,10,10,1162,EMP1003,"08","5",3,1,0,LOW
300000,3000,10,20,20,0,NONE,"08","5",4,1,0,LOW
250000,2500,10,20,20,0,NONE,"08","5",4,1,0,LOW
250000,2500,10,20,20,0,NONE,"08","5",4,1,0,LOW
300000,3000,10,20,20,0,NONE,"08","5",8,1,0,LOW
1500000,15000,10,20,20,0,NONE,"08","3",6,1,0,LOW
53500,53500,20,10,10,53500,EMP1005,"08","6",5,1,0,LOW
85750,858,20,20,20,85750,EMP1005,"08","6",4,1,0,LOW
500000,5000,10,20,20,0,NONE,"08","3",4,1,0,LOW
500000,5000,10,20,20,0,NONE,"08","4",4,1,0,LOW
102462,1025,20,20,20,102462,EMP1005,"08","6",4,1,0,LOW
84612,846,20,20,20,84612,EMP1005,"08","6",4,1,0,LOW
500000,5000,10,20,20,0,NONE,"08","3",4,1,0,LOW
101675,1017,20,20,20,101675,EMP1005,"08","6",6,1,0,LOW
11270,11270,20,10,10,11270,EMP1005,"08","6",5,1,0,LOW
13466,13466,20,10,10,13466,EMP1005,"08","6",5,1,0,LOW
11120,11120,20,10,10,11120,EMP1005,"08","6",5,1,0,LOW
13363,13363,20,10,10,13363,EMP1005,"08","7",9,1,0,LOW
10584,10584,20,10,10,10584,EMP1005,"08","6",5,1,0,LOW
12646,12646,20,10,10,12646,EMP1005,"08","7",5,1,0,LOW
10443,10443,20,10,10,10443,EMP1005,"08","6",5,1,0,LOW
12549,12549,20,10,10,12549,EMP1005,"08","6",5,1,0,LOW
858,858,30,10,10,858,EMP1021,"08","3",3,1,0,LOW
1099,1099,30,10,10,1099,EMP1021,"08","2",3,1,0,LOW
300000,3000,10,20,20,0,NONE,"08","3",6,1,0,LOW
250000,2500,10,20,20,0,NONE,"08","3",4,1,0,LOW
250000,2500,10,20,20,0,NONE,"08","3",4,1,0,HIGH
300000,3000,10,20,20,0,NONE,"08","3",8,1,0,LOW
1500000,15000,10,20,20,0,NONE,"08","1",4,1,0,LOW
48625,48625,20,10,10,48625,EMP1050,"08","4",7,1,0,HIGH
1000000,10000,10,20,20,0,NONE,"08","2",4,1,0,HIGH
1000000,10000,10,20,20,0,NONE,"08","2",8,1,0,LOW
65450,655,20,20,20,65450,EMP1050,"08","4",4,1,0,LOW
500000,5000,10,20,20,0,NONE,"08","1",4,1,0,LOW
103690,1037,20,20,20,103690,EMP1050,"08","4",4,1,0,MEDIUM
500000,5000,10,20,20,0,NONE,"08","1",4,1,0,LOW
75075,751,20,20,20,75075,EMP1050,"08","5",8,1,0,LOW
500000,5000,10,20,20,0,NONE,"08","2",4,1,0,LOW
1500000,15000,10,20,20,0,NONE,"08","2",6,1,0,LOW
96165,962,20,20,20,96165,EMP1050,"08","4",4,1,0,LOW
8602,8602,20,10,10,8602,EMP1050,"08","4",5,1,0,LOW
13630,13630,20,10,10,13630,EMP1050,"08","4",5,1,0,LOW
9867,9867,20,10,10,9867,EMP1050,"08","4",5,1,0,LOW
12641,12641,20,10,10,12641,EMP1050,"08","4",5,1,0,MEDIUM
8080,8080,20,10,10,8080,EMP1050,"08","4",5,1,0,LOW
12798,12798,20,10,10,12798,EMP1050,"08","4",5,1,0,LOW
9268,9268,20,10,10,9268,EMP1050,"08","4",5,1,0,LOW
11870,11870,20,10,10,11870,EMP1050,"08","5",7,1,0,LOW
748,748,30,10,10,748,EMP1050,"08","4",5,1,0,LOW
1185,1185,30,10,10,1185,EMP1050,"08","4",3,1,0,LOW
858,858,30,10,10,858,EMP1050,"08","3",3,1,0,LOW
1099,1099,30,10,10,1099,EMP1050,"08","4",3,1,0,LOW
500000,5000,10,20,20,0,NONE,"08","4",4,1,0,LOW
53500,53500,20,10,10,53500,EMP1003,"08","6",9,1,0,LOW
500000,5000,10,20,20,0,NONE,"08","3",4,1,0,LOW
85750,858,20,20,20,85750,EMP1003,"08","5",4,1,0,LOW
500000,5000,10,20,20,0,NONE,"08","3",4,1,0,HIGH
500000,5000,10,20,20,0,NONE,"08","3",4,1,0,LOW
500000,5000,10,20,20,0,NONE,"08","3",4,1,0,LOW
8602,8602,20,10,10,8602,EMP1049,"08","1",9,1,0,HIGH
9867,9867,20,10,10,9867,EMP1049,"08","7",5,1,0,LOW
12638,12638,20,10,10,12638,EMP1049,"08","7",5,1,0,LOW
8078,8078,20,10,10,8078,EMP1049,"08","7",7,1,0,HIGH
12798,12798,20,10,10,12798,EMP1049,"08","7",5,1,0,LOW
9266,9266,20,10,10,9266,EMP1049,"08","7",5,1,0,LOW
11869,11869,20,10,10,11869,EMP1049,"08","7",5,1,0,LOW
748,748,30,10,10,748,EMP1049,"08","6",3,1,0,LOW
1185,1185,30,10,10,1185,EMP1049,"08","7",3,1,0,LOW
858,858,30,10,10,858,EMP1049,"08","7",3,1,0,LOW
1099,1099,30,10,10,1099,EMP1049,"08","1",7,1,0,LOW
300000,3000,10,20,20,0,NONE,"08","1",4,1,0,LOW
250000,2500,10,20,20,0,NONE,"08","1",8,1,0,LOW
250000,2500,10,20,20,0,NONE,"08","1",4,1,0,LOW
300000,3000,10,20,20,0,NONE,"08","1",4,1,0,LOW
48625,48625,20,10,10,48625,EMP1021,"08","3",5,1,0,LOW
65450,655,20,20,20,65450,EMP1021,"08","3",4,1,0,LOW
103687,1037,20,20,20,103687,EMP1021,"08","3",6,1,0,LOW
1500000,15000,10,20,20,0,NONE,"08","1",4,1,0,HIGH
1500000,15000,10,20,20,0,NONE,"08","1",4,1,0,HIGH
1500000,15000,10,20,20,0,NONE,"08","1",4,1,0,HIGH
1500000,15000,10,20,20,0,NONE,"08","1",6,1,0,HIGH
1500000,15000,10,20,20,0,NONE,"08","1",6,1,0,LOW
75075,751,20,20,20,75075,EMP1021,"08","3",4,1,0,LOW
500000,5000,10,20,20,0,NONE,"08","1",4,1,0,LOW
96162,962,20,20,20,96162,EMP1021,"08","3",6,1,0,HIGH
8602,8602,20,10,10,8602,EMP1021,"08","3",5,1,0,LOW
13627,13627,20,10,10,13627,EMP1021,"08","4",7,1,0,LOW
9867,9867,20,10,10,9867,EMP1021,"08","3",5,1,0,LOW
12638,12638,20,10,10,12638,EMP1021,"08","3",7,1,0,LOW
8078,8078,20,10,10,8078,EMP1021,"08","3",5,1,0,MEDIUM
12798,12798,20,10,10,12798,EMP1021,"08","3",5,1,0,LOW
9266,9266,20,10,10,9266,EMP1021,"08","3",7,1,0,LOW
11869,11869,20,10,10,11869,EMP1021,"08","3",7,1,0,HIGH
748,748,30,10,10,748,EMP1021,"08","3",3,1,0,LOW
1185,1185,30,10,10,1185,EMP1021,"08","3",3,1,0,LOW
1099,1099,30,10,10,1099,EMP1002,"08","5",3,1,0,LOW
48625,48625,20,10,10,48625,EMP1059,"08","6",5,1,0,LOW
500000,5000,10,20,20,0,NONE,"08","4",4,1,0,LOW
500000,5000,10,20,20,0,NONE,"08","4",4,1,0,LOW
1500000,15000,10,20,20,0,NONE,"08","4",4,1,0,LOW
65450,655,20,20,20,65450,EMP1059,"08","6",4,1,0,LOW
500000,5000,10,20,20,0,NONE,"08","4",4,1,0,LOW
103687,1037,20,20,20,103687,EMP1059,"08","6",4,1,0,LOW
500000,5000,10,20,20,0,NONE,"08","4",4,1,0,LOW
75075,751,20,20,20,75075,EMP1059,"08","6",4,1,0,LOW
500000,5000,10,20,20,0,NONE,"08","4",4,1,0,LOW
96162,962,20,20,20,96162,EMP1059,"08","6",6,1,0,LOW
8602,8602,20,10,10,8602,EMP1059,"08","6",5,1,0,LOW
13627,13627,20,10,10,13627,EMP1059,"08","7",5,1,0,LOW
9867,9867,20,10,10,9867,EMP1059,"08","6",7,1,0,LOW
12638,12638,20,10,10,12638,EMP1059,"08","6",5,1,0,LOW
8078,8078,20,10,10,8078,EMP1059,"08","7",7,1,0,LOW
12798,12798,20,10,10,12798,EMP1059,"08","6",5,1,0,LOW
9266,9266,20,10,10,9266,EMP1059,"08","7",5,1,0,LOW
11869,11869,20,10,10,11869,EMP1059,"08","7",5,1,0,LOW
748,748,30,10,10,748,EMP1059,"08","6",3,1,0,LOW
1185,1185,30,10,10,1185,EMP1059,"08","5",3,1,0,LOW
858,858,30,10,10,858,EMP1059,"08","6",3,1,0,LOW
1099,1099,30,10,10,1099,EMP1059,"08","6",5,1,0,LOW
300000,3000,10,20,20,0,NONE,"08","6",4,1,0,HIGH
250000,2500,10,20,20,0,NONE,"08","6",4,1,0,LOW
250000,2500,10,20,20,0,NONE,"08","6",6,1,0,LOW
300000,3000,10,20,20,0,NONE,"08","6",4,1,0,LOW
48625,48625,20,10,10,48625,EMP1049,"08","7",7,1,0,HIGH
65450,655,20,20,20,65450,EMP1049,"08","7",4,1,0,LOW
500000,5000,10,20,20,0,NONE,"08","4",4,1,0,LOW
500000,5000,10,20,20,0,NONE,"08","5",4,1,0,LOW
1500000,15000,10,20,20,0,NONE,"08","5",6,1,0,LOW
103687,1037,20,20,20,103687,EMP1049,"08","7",4,1,0,LOW
75075,751,20,20,20,75075,EMP1049,"08","7",4,1,0,LOW
500000,5000,10,20,20,0,NONE,"08","5",6,1,0,LOW
96162,962,20,20,20,96162,EMP1049,"08","2",8,1,0,LOW
13627,13627,20,10,10,13627,EMP1049,"08","7",5,1,0,LOW
106840,1068,20,20,20,106840,EMP1007,"08","4",4,1,0,HIGH
10511,10511,20,10,10,10511,EMP1007,"08","4",5,1,0,LOW
10617,10617,20,10,10,10617,EMP1007,"08","7",9,1,0,LOW
14306,14306,20,10,10,14306,EMP1007,"08","4",5,1,0,LOW
14044,14044,20,10,10,14044,EMP1007,"08","4",7,1,0,LOW
9872,9872,20,10,10,9872,EMP1007,"08","4",5,1,0,LOW
9970,9970,20,10,10,9970,EMP1007,"08","6",9,1,0,LOW
13436,13436,20,10,10,13436,EMP1007,"08","4",5,1,0,LOW
13190,13190,20,10,10,13190,EMP1007,"08","4",7,1,0,LOW
914,914,30,10,10,914,EMP1007,"08","3",3,1,0,LOW
923,923,30,10,10,923,EMP1007,"08","4",3,1,0,LOW
1244,1244,30,10,10,1244,EMP1007,"08","5",5,1,0,LOW
1221,1221,30,10,10,1221,EMP1007,"08","4",3,1,0,LOW
300000,3000,10,20,20,0,NONE,"08","4",4,1,0,LOW
250000,2500,10,20,20,0,NONE,"08","4",4,1,0,LOW
250000,2500,10,20,20,0,NONE,"08","4",8,1,0,LOW
300000,3000,10,20,20,0,NONE,"08","4",6,1,0,LOW
500000,5000,10,20,20,0,NONE,"08","4",6,1,0,LOW
1500000,15000,10,20,20,0,NONE,"08","2",4,1,0,LOW
48625,48625,20,10,10,48625,EMP1002,"08","5",7,1,0,LOW
65450,655,20,20,20,65450,EMP1002,"08","5",4,1,0,LOW
103687,1037,20,20,20,103687,EMP1002,"08","5",4,1,0,LOW
500000,5000,10,20,20,0,NONE,"08","3",6,1,0,HIGH
500000,5000,10,20,20,0,NONE,"08","3",4,1,0,LOW
75075,751,20,20,20,75075,EMP1002,"08","5",4,1,0,LOW
96162,962,20,20,20,96162,EMP1002,"08","5",4,1,0,LOW
8602,8602,20,10,10,8602,EMP1002,"08","5",5,1,0,LOW
13627,13627,20,10,10,13627,EMP1002,"08","5",5,1,0,LOW
9867,9867,20,10,10,9867,EMP1002,"08","5",5,1,0,MEDIUM
12638,12638,20,10,10,12638,EMP1002,"08","5",7,1,0,LOW
8078,8078,20,10,10,8078,EMP1002,"08","5",5,1,0,LOW
12798,12798,20,10,10,12798,EMP1002,"08","5",7,1,0,LOW
9266,9266,20,10,10,9266,EMP1002,"08","5",5,1,0,LOW
11869,11869,20,10,10,11869,EMP1002,"08","6",5,1,0,LOW
748,748,30,10,10,748,EMP1002,"08","4",3,1,0,LOW
1185,1185,30,10,10,1185,EMP1002,"08","5",5,1,0,LOW
858,858,30,10,10,858,EMP1002,"08","5",3,1,0,LOW
250000,2500,10,20,20,0,NONE,"08","7",4,1,0,LOW
300000,3000,10,20,20,0,NONE,"08","7",4,1,0,LOW
300000,3000,10,20,20,0,NONE,"08","2",4,1,0,LOW
250000,2500,10,20,20,0,NONE,"08","2",4,1,0,LOW
250000,2500,10,20,20,0,NONE,"08","2",4,1,0,LOW
300000,3000,10,20,20,0,NONE,"08","2",4,1,0,LOW
1500000,15000,10,20,20,0,NONE,"08","1",4,1,0,LOW
53775,53775,20,10,10,53775,EMP1041,"08","3",5,1,0,LOW
79975,800,20,20,20,79975,EMP1041,"08","5",8,1,0,LOW
80762,808,20,20,20,80762,EMP1041,"08","3",4,1,0,LOW
500000,5000,10,20,20,0,NONE,"08","1",4,1,0,LOW
108850,1089,20,20,20,108850,EMP1041,"08","3",6,1,0,LOW
1500000,15000,10,20,20,0,NONE,"08","1",6,1,0,LOW
106837,1068,20,20,20,106837,EMP1041,"08","5",8,1,0,LOW
10511,10511,20,10,10,10511,EMP1041,"08","3",5,1,0,LOW
10614,10614,20,10,10,10614,EMP1041,"08","3",5,1,0,LOW
14306,14306,20,10,10,14306,EMP1041,"08","5",9,1,0,HIGH
14041,14041,20,10,10,14041,EMP1041,"08","3",5,1,0,LOW
9871,9871,20,10,10,9871,EMP1041,"08","3",5,1,0,LOW
9968,9968,20,10,10,9968,EMP1041,"08","4",7,1,0,LOW
13435,13435,20,10,10,13435,EMP1041,"08","4",7,1,0,LOW
13186,13186,20,10,10,13186,EMP1041,"08","4",5,1,0,LOW
914,914,30,10,10,914,EMP1041,"08","2",3,1,0,LOW
923,923,30,10,10,923,EMP1041,"08","3",3,1,0,LOW
1244,1244,30,10,10,1244,EMP1041,"08","3",3,1,0,LOW
1221,1221,30,10,10,1221,EMP1041,"08","3",3,1,0,LOW
53775,53775,20,10,10,53775,EMP1007,"08","4",7,1,0,LOW
500000,5000,10,20,20,0,NONE,"08","2",4,1,0,LOW
500000,5000,10,20,20,0,NONE,"08","2",6,1,0,LOW
79975,800,20,20,20,79975,EMP1007,"08","4",4,1,0,LOW
80765,808,20,20,20,80765,EMP1007,"08","4",4,1,0,LOW
500000,5000,10,20,20,0,NONE,"08","2",4,1,0,LOW
500000,5000,10,20,20,0,NONE,"08","2",4,1,0,LOW
108850,1089,20,20,20,108850,EMP1007,"08","4",6,1,0,LOW
500000,5000,10,20,20,0,NONE,"08","2",4,1,0,LOW
1500000,15000,10,20,20,0,NONE,"08","2",4,1,0,LOW
1000000,10000,10,20,20,0,NONE,"08","2",4,1,0,HIGH
1000000,10000,10,20,20,0,NONE,"08","2",4,1,0,LOW
10614,10614,20,10,10,10614,EMP1059,"08","6",5,1,0,LOW
14306,14306,20,10,10,14306,EMP1059,"08","6",5,1,0,LOW
14041,14041,20,10,10,14041,EMP1059,"08","7",7,1,0,LOW
9871,9871,20,10,10,9871,EMP1059,"08","1",7,1,0,LOW
9968,9968,20,10,10,9968,EMP1059,"08","2",9,1,0,LOW
13435,13435,20,10,10,13435,EMP1059,"08","7",7,1,0,HIGH
13186,13186,20,10,10,13186,EMP1059,"08","1",9,1,0,LOW
914,914,30,10,10,914,EMP1059,"08","7",5,1,0,LOW
923,923,30,10,10,923,EMP1059,"08","6",5,1,0,LOW
1244,1244,30,10,10,1244,EMP1059,"07","5",4,1,0,LOW
1221,1221,30,10,10,1221,EMP1059,"08","6",4,1,0,LOW
53775,53775,20,10,10,53775,EMP1045,"08","7",7,1,0,HIGH
500000,5000,10,20,20,0,NONE,"07","4",5,1,0,LOW
79975,800,20,20,20,79975,EMP1045,"08","7",4,1,0,LOW
500000,5000,10,20,20,0,NONE,"07","5",5,1,0,LOW
500000,5000,10,20,20,0,NONE,"07","5",5,1,0,LOW
80762,808,20,20,20,80762,EMP1045,"08","7",4,1,0,LOW
1500000,15000,10,20,20,0,NONE,"07","5",5,1,0,HIGH
1500000,15000,10,20,20,0,NONE,"07","5",9,1,0,LOW
108850,1089,20,20,20,108850,EMP1045,"08","7",4,1,0,LOW
500000,5000,10,20,20,0,NONE,"07","5",5,1,0,LOW
500000,5000,10,20,20,0,NONE,"07","5",5,1,0,LOW
106837,1068,20,20,20,106837,EMP1045,"08","7",4,1,0,LOW
10511,10511,20,10,10,10511,EMP1045,"08","7",5,1,0,LOW
10614,10614,20,10,10,10614,EMP1045,"08","7",5,1,0,LOW
14306,14306,20,10,10,14306,EMP1045,"08","1",5,1,0,LOW
14041,14041,20,10,10,14041,EMP1045,"08","1",5,1,0,LOW
9871,9871,20,10,10,9871,EMP1045,"08","1",7,1,0,LOW
9968,9968,20,10,10,9968,EMP1045,"08","7",5,1,0,MEDIUM
13435,13435,20,10,10,13435,EMP1045,"08","1",7,1,0,LOW
13186,13186,20,10,10,13186,EMP1045,"08","1",7,1,0,LOW
914,914,30,10,10,914,EMP1045,"08","7",3,1,0,LOW
923,923,30,10,10,923,EMP1045,"08","7",3,1,0,MEDIUM
1244,1244,30,10,10,1244,EMP1045,"08","1",7,1,0,LOW
1221,1221,30,10,10,1221,EMP1045,"08","1",5,1,0,LOW
300000,3000,10,20,20,0,NONE,"08","7",4,1,0,LOW
250000,2500,10,20,20,0,NONE,"08","7",6,1,0,LOW
79975,800,20,20,20,79975,EMP1041,"07","5",5,1,0,LOW
1500000,15000,10,20,20,0,NONE,"07","3",5,1,0,LOW
80762,808,20,20,20,80762,EMP1041,"07","5",5,1,0,LOW
500000,5000,10,20,20,0,NONE,"07","3",9,1,0,LOW
108850,1089,20,20,20,108850,EMP1041,"07","5",5,1,0,LOW
500000,5000,10,20,20,0,NONE,"07","3",7,1,0,LOW
1000000,10000,10,20,20,0,NONE,"07","3",5,1,0,LOW
106837,1068,20,20,20,106837,EMP1041,"07","5",5,1,0,LOW
10511,10511,20,10,10,10511,EMP1041,"07","5",6,1,0,LOW
10614,10614,20,10,10,10614,EMP1041,"08","6",6,1,0,LOW
14306,14306,20,10,10,14306,EMP1041,"07","5",6,1,0,LOW
14041,14041,20,10,10,14041,EMP1041,"08","7",7,1,0,LOW
9871,9871,20,10,10,9871,EMP1041,"07","5",6,1,0,LOW
9968,9968,20,10,10,9968,EMP1041,"08","6",9,1,0,HIGH
13435,13435,20,10,10,13435,EMP1041,"08","1",9,1,0,LOW
13186,13186,20,10,10,13186,EMP1041,"08","6",6,1,0,LOW
914,914,30,10,10,914,EMP1041,"07","4",4,1,0,LOW
923,923,30,10,10,923,EMP1041,"08","6",6,1,0,HIGH
1244,1244,30,10,10,1244,EMP1041,"07","5",4,1,0,LOW
1221,1221,30,10,10,1221,EMP1041,"07","5",4,1,0,LOW
300000,3000,10,20,20,0,NONE,"07","5",5,1,0,LOW
250000,2500,10,20,20,0,NONE,"07","5",7,1,0,LOW
250000,2500,10,20,20,0,NONE,"07","5",7,1,0,HIGH
300000,3000,10,20,20,0,NONE,"07","5",5,1,0,LOW
53775,53775,20,10,10,53775,EMP1059,"08","6",5,1,0,LOW
79975,800,20,20,20,79975,EMP1059,"08","6",4,1,0,MEDIUM
500000,5000,10,20,20,0,NONE,"07","4",5,1,0,HIGH
500000,5000,10,20,20,0,NONE,"07","4",5,1,0,LOW
80762,808,20,20,20,80762,EMP1059,"08","6",4,1,0,LOW
500000,5000,10,20,20,0,NONE,"07","4",5,1,0,LOW
1500000,15000,10,20,20,0,NONE,"07","4",5,1,0,LOW
108850,1089,20,20,20,108850,EMP1059,"08","1",6,1,0,LOW
500000,5000,10,20,20,0,NONE,"07","4",5,1,0,LOW
500000,5000,10,20,20,0,NONE,"07","4",5,1,0,HIGH
500000,5000,10,20,20,0,NONE,"07","4",5,1,0,LOW
106837,1068,20,20,20,106837,EMP1059,"08","7",8,1,0,LOW
10511,10511,20,10,10,10511,EMP1059,"08","7",5,1,0,LOW
8348,8348,20,10,10,8348,EMP1050,"07","4",6,1,0,LOW
1264,1264,30,10,10,1264,EMP1050,"07","3",4,1,0,LOW
1270,1270,30,10,10,1270,EMP1050,"07","3",4,1,0,LOW
738,738,30,10,10,738,EMP1050,"07","4",6,1,0,LOW
773,773,30,10,10,773,EMP1050,"07","3",4,1,0,LOW
300000,3000,10,20,20,0,NONE,"07","3",5,1,0,LOW
250000,2500,10,20,20,0,NONE,"07","3",5,1,0,LOW
250000,2500,10,20,20,0,NONE,"07","3",5,1,0,LOW
300000,3000,10,20,20,0,NONE,"07","3",5,1,0,LOW
50565,50565,20,10,10,50565,EMP1046,"07","4",6,1,0,LOW
500000,5000,10,20,20,0,NONE,"07","1",7,1,0,LOW
500000,5000,10,20,20,0,NONE,"07","2",9,1,0,HIGH
500000,5000,10,20,20,0,NONE,"07","1",7,1,0,HIGH
500000,5000,10,20,20,0,NONE,"07","1",5,1,0,HIGH
500000,5000,10,20,20,0,NONE,"07","2",7,1,0,LOW
1500000,15000,10,20,20,0,NONE,"07","2",5,1,0,LOW
110600,1106,20,20,20,110600,EMP1046,"07","4",5,1,0,LOW
111125,1111,20,20,20,111125,EMP1046,"07","4",5,1,0,LOW
64575,646,20,20,20,64575,EMP1046,"07","4",5,1,0,LOW
500000,5000,10,20,20,0,NONE,"07","2",5,1,0,LOW
67640,676,20,20,20,67640,EMP1046,"07","4",5,1,0,LOW
14536,14536,20,10,10,14536,EMP1046,"07","4",6,1,0,LOW
14605,14605,20,10,10,14605,EMP1046,"08","6",7,1,0,LOW
8487,8487,20,10,10,8487,EMP1046,"08","6",7,1,0,HIGH
8892,8892,20,10,10,8892,EMP1046,"08","6",7,1,0,LOW
13653,13653,20,10,10,13653,EMP1046,"08","7",7,1,0,HIGH
13716,13716,20,10,10,13716,EMP1046,"07","4",6,1,0,LOW
7973,7973,20,10,10,7973,EMP1046,"07","4",6,1,0,LOW
8351,8351,20,10,10,8351,EMP1046,"07","5",10,1,0,LOW
1264,1264,30,10,10,1264,EMP1046,"07","3",4,1,0,LOW
1270,1270,30,10,10,1270,EMP1046,"07","3",4,1,0,LOW
738,738,30,10,10,738,EMP1046,"07","3",4,1,0,LOW
773,773,30,10,10,773,EMP1046,"07","4",4,1,0,LOW
500000,5000,10,20,20,0,NONE,"07","4",9,1,0,LOW
1500000,15000,10,20,20,0,NONE,"07","3",5,1,0,LOW
53775,53775,20,10,10,53775,EMP1041,"08","7",9,1,0,LOW
500000,5000,10,20,20,0,NONE,"07","3",5,1,0,LOW
500000,5000,10,20,20,0,NONE,"07","6",7,1,0,LOW
111125,1111,20,20,20,111125,EMP1047,"07","1",5,1,0,LOW
64575,646,20,20,20,64575,EMP1047,"07","1",5,1,0,LOW
67637,676,20,20,20,67637,EMP1047,"07","1",5,1,0,LOW
14536,14536,20,10,10,14536,EMP1047,"07","1",6,1,0,HIGH
14605,14605,20,10,10,14605,EMP1047,"07","2",10,1,0,LOW
8487,8487,20,10,10,8487,EMP1047,"07","1",6,1,0,LOW
8889,8889,20,10,10,8889,EMP1047,"07","1",6,1,0,LOW
13651,13651,20,10,10,13651,EMP1047,"07","2",6,1,0,LOW
13716,13716,20,10,10,13716,EMP1047,"07","2",6,1,0,HIGH
7970,7970,20,10,10,7970,EMP1047,"07","3",8,1,0,LOW
8348,8348,20,10,10,8348,EMP1047,"07","1",6,1,0,LOW
1264,1264,30,10,10,1264,EMP1047,"07","4",8,1,0,LOW
1270,1270,30,10,10,1270,EMP1047,"07","7",4,1,0,LOW
738,738,30,10,10,738,EMP1047,"07","7",4,1,0,LOW
773,773,30,10,10,773,EMP1047,"07","2",6,1,0,LOW
300000,3000,10,20,20,0,NONE,"07","1",5,1,0,LOW
250000,2500,10,20,20,0,NONE,"07","1",5,1,0,LOW
250000,2500,10,20,20,0,NONE,"07","1",7,1,0,HIGH
300000,3000,10,20,20,0,NONE,"07","1",9,1,0,HIGH
1500000,15000,10,20,20,0,NONE,"07","1",5,1,0,LOW
50562,50562,20,10,10,50562,EMP1050,"07","5",8,1,0,LOW
500000,5000,10,20,20,0,NONE,"07","7",5,1,0,LOW
110600,1106,20,20,20,110600,EMP1050,"07","4",9,1,0,LOW
500000,5000,10,20,20,0,NONE,"07","7",5,1,0,LOW
111125,1111,20,20,20,111125,EMP1050,"07","4",7,1,0,LOW
500000,5000,10,20,20,0,NONE,"07","1",5,1,0,LOW
64575,646,20,20,20,64575,EMP1050,"07","3",5,1,0,LOW
500000,5000,10,20,20,0,NONE,"07","1",5,1,0,LOW
67637,676,20,20,20,67637,EMP1050,"07","3",5,1,0,LOW
14536,14536,20,10,10,14536,EMP1050,"07","5",8,1,0,LOW
14605,14605,20,10,10,14605,EMP1050,"07","3",6,1,0,LOW
8487,8487,20,10,10,8487,EMP1050,"07","4",8,1,0,LOW
8889,8889,20,10,10,8889,EMP1050,"07","3",6,1,0,LOW
13651,13651,20,10,10,13651,EMP1050,"07","5",8,1,0,LOW
13716,13716,20,10,10,13716,EMP1050,"07","4",8,1,0,LOW
7970,7970,20,10,10,7970,EMP1050,"07","4",6,1,0,LOW
300000,3000,10,20,20,0,NONE,"07","6",9,1,0,LOW
250000,2500,10,20,20,0,NONE,"07","6",5,1,0,LOW
250000,2500,10,20,20,0,NONE,"07","6",7,1,0,LOW
300000,3000,10,20,20,0,NONE,"07","6",5,1,0,LOW
1500000,15000,10,20,20,0,NONE,"07","6",5,1,0,LOW
1500000,15000,10,20,20,0,NONE,"07","6",7,1,0,LOW
500000,500000,40,10,10,0,NONE,"07","6",6,1,0,HIGH
500000,500000,40,10,10,0,NONE,"07","6",8,1,0,HIGH
400000,400000,40,10,10,0,NONE,"07","6",8,1,0,HIGH
400000,400000,40,10,10,0,NONE,"07","6",6,1,0,LOW
30000,30000,40,10,10,0,NONE,"07","6",8,1,0,LOW
50562,50562,20,10,10,50562,EMP1051,"07","7",6,1,0,LOW
500000,5000,10,20,20,0,NONE,"07","5",5,1,0,LOW
1000000,10000,10,20,20,0,NONE,"07","5",5,1,0,HIGH
1000000,10000,10,20,20,0,NONE,"07","5",5,1,0,LOW
110600,1106,20,20,20,110600,EMP1051,"07","2",7,1,0,LOW
500000,5000,10,20,20,0,NONE,"07","5",5,1,0,LOW
111125,1111,20,20,20,111125,EMP1051,"07","7",5,1,0,LOW
64575,646,20,20,20,64575,EMP1051,"07","7",5,1,0,LOW
67637,676,20,20,20,67637,EMP1051,"07","7",5,1,0,LOW
14536,14536,20,10,10,14536,EMP1051,"07","7",6,1,0,LOW
14605,14605,20,10,10,14605,EMP1051,"07","2",8,1,0,LOW
8487,8487,20,10,10,8487,EMP1051,"07","7",6,1,0,HIGH
8889,8889,20,10,10,8889,EMP1051,"07","1",8,1,0,LOW
13651,13651,20,10,10,13651,EMP1051,"07","2",10,1,0,LOW
13716,13716,20,10,10,13716,EMP1051,"07","7",6,1,0,LOW
7970,7970,20,10,10,7970,EMP1051,"07","3",8,1,0,LOW
8348,8348,20,10,10,8348,EMP1051,"07","1",6,1,0,LOW
1264,1264,30,10,10,1264,EMP1051,"07","7",6,1,0,LOW
1270,1270,30,10,10,1270,EMP1051,"07","2",8,1,0,HIGH
738,738,30,10,10,738,EMP1051,"07","6",4,1,0,LOW
773,773,30,10,10,773,EMP1051,"07","7",4,1,0,LOW
50562,50562,20,10,10,50562,EMP1047,"07","2",10,1,0,LOW
500000,5000,10,20,20,0,NONE,"07","5",5,1,0,LOW
500000,5000,10,20,20,0,NONE,"07","6",5,1,0,LOW
110600,1106,20,20,20,110600,EMP1047,"07","1",5,1,0,LOW
500000,5000,10,20,20,0,NONE,"07","6",5,1,0,LOW
14536,14536,20,10,10,14536,EMP1046,"07","5",6,1,0,LOW
14605,14605,20,10,10,14605,EMP1046,"07","5",6,1,0,LOW
8487,8487,20,10,10,8487,EMP1046,"07","7",8,1,0,HIGH
8889,8889,20,10,10,8889,EMP1046,"07","5",6,1,0,LOW
13651,13651,20,10,10,13651,EMP1046,"07","6",8,1,0,HIGH
13716,13716,20,10,10,13716,EMP1046,"07","5",6,1,0,LOW
7970,7970,20,10,10,7970,EMP1046,"07","6",6,1,0,LOW
8348,8348,20,10,10,8348,EMP1046,"07","5",6,1,0,LOW
1264,1264,30,10,10,1264,EMP1046,"07","5",4,1,0,LOW
1270,1270,30,10,10,1270,EMP1046,"07","6",6,1,0,LOW
738,738,30,10,10,738,EMP1046,"07","5",4,1,0,LOW
773,773,30,10,10,773,EMP1046,"07","4",4,1,0,LOW
50562,50562,20,10,10,50562,EMP1050,"07","1",10,1,0,LOW
110600,1106,20,20,20,110600,EMP1050,"07","1",7,1,0,LOW
500000,5000,10,20,20,0,NONE,"07","4",5,1,0,LOW
500000,5000,10,20,20,0,NONE,"07","3",9,1,0,HIGH
500000,5000,10,20,20,0,NONE,"07","4",5,1,0,HIGH
500000,5000,10,20,20,0,NONE,"07","4",7,1,0,LOW
500000,5000,10,20,20,0,NONE,"07","4",7,1,0,HIGH
500000,5000,10,20,20,0,NONE,"07","3",7,1,0,LOW
111125,1111,20,20,20,111125,EMP1050,"07","6",5,1,0,LOW
1500000,15000,10,20,20,0,NONE,"07","5",9,1,0,LOW
64575,646,20,20,20,64575,EMP1050,"07","6",5,1,0,LOW
67637,676,20,20,20,67637,EMP1050,"07","6",5,1,0,LOW
14536,14536,20,10,10,14536,EMP1050,"07","7",6,1,0,LOW
14605,14605,20,10,10,14605,EMP1050,"07","7",8,1,0,LOW
8487,8487,20,10,10,8487,EMP1050,"07","7",6,1,0,LOW
8889,8889,20,10,10,8889,EMP1050,"07","6",6,1,0,LOW
13651,13651,20,10,10,13651,EMP1050,"07","1",8,1,0,LOW
13716,13716,20,10,10,13716,EMP1050,"07","7",6,1,0,LOW
7970,7970,20,10,10,7970,EMP1050,"07","6",6,1,0,HIGH
8348,8348,20,10,10,8348,EMP1050,"07","6",6,1,0,LOW
1264,1264,30,10,10,1264,EMP1050,"07","6",4,1,0,LOW
1270,1270,30,10,10,1270,EMP1050,"07","7",6,1,0,HIGH
738,738,30,10,10,738,EMP1050,"07","5",4,1,0,LOW
773,773,30,10,10,773,EMP1050,"07","7",8,1,0,LOW
500000,5000,10,20,20,0,NONE,"07","2",7,1,0,LOW
500000,5000,10,20,20,0,NONE,"07","2",5,1,0,LOW
85315,853,20,20,20,85315,EMP1049,"07","4",5,1,0,LOW
500000,5000,10,20,20,0,NONE,"07","1",9,1,0,LOW
76475,765,20,20,20,76475,EMP1049,"07","5",9,1,0,LOW
500000,5000,10,20,20,0,NONE,"07","2",5,1,0,LOW
94150,942,20,20,20,94150,EMP1049,"07","6",7,1,0,LOW
12075,12075,20,10,10,12075,EMP1049,"07","4",6,1,0,LOW
11215,11215,20,10,10,11215,EMP1049,"07","4",6,1,0,LOW
10051,10051,20,10,10,10051,EMP1049,"07","4",6,1,0,LOW
12374,12374,20,10,10,12374,EMP1049,"07","6",8,1,0,LOW
11340,11340,20,10,10,11340,EMP1049,"07","4",6,1,0,HIGH
10530,10530,20,10,10,10530,EMP1049,"07","4",6,1,0,LOW
9441,9441,20,10,10,9441,EMP1049,"07","4",6,1,0,LOW
11625,11625,20,10,10,11625,EMP1049,"07","5",8,1,0,HIGH
1050,1050,30,10,10,1050,EMP1049,"07","4",4,1,0,LOW
975,975,30,10,10,975,EMP1049,"07","3",4,1,0,LOW
874,874,30,10,10,874,EMP1049,"07","4",4,1,0,LOW
1076,1076,30,10,10,1076,EMP1049,"07","4",4,1,0,LOW
300000,3000,10,20,20,0,NONE,"07","4",5,1,0,LOW
250000,2500,10,20,20,0,NONE,"07","4",7,1,0,LOW
250000,2500,10,20,20,0,NONE,"07","4",9,1,0,LOW
300000,3000,10,20,20,0,NONE,"07","4",9,1,0,LOW
500000,5000,10,20,20,0,NONE,"07","4",5,1,0,LOW
1500000,15000,10,20,20,0,NONE,"07","3",7,1,0,HIGH
1500000,15000,10,20,20,0,NONE,"07","2",5,1,0,HIGH
1500000,15000,10,20,20,0,NONE,"07","2",5,1,0,LOW
50562,50562,20,10,10,50562,EMP1046,"07","6",8,1,0,LOW
500000,5000,10,20,20,0,NONE,"07","3",5,1,0,LOW
110600,1106,20,20,20,110600,EMP1046,"07","5",5,1,0,LOW
1500000,15000,10,20,20,0,NONE,"07","2",9,1,0,LOW
111125,1111,20,20,20,111125,EMP1046,"07","5",5,1,0,LOW
64575,646,20,20,20,64575,EMP1046,"07","5",5,1,0,LOW
500000,5000,10,20,20,0,NONE,"07","3",5,1,0,LOW
500000,5000,10,20,20,0,NONE,"07","3",7,1,0,HIGH
500000,5000,10,20,20,0,NONE,"07","3",5,1,0,LOW
67637,676,20,20,20,67637,EMP1046,"07","5",5,1,0,LOW
12374,12374,20,10,10,12374,EMP1054,"07","1",6,1,0,LOW
11340,11340,20,10,10,11340,EMP1054,"07","2",6,1,0,LOW
10530,10530,20,10,10,10530,EMP1054,"07","1",6,1,0,LOW
9439,9439,20,10,10,9439,EMP1054,"07","2",6,1,0,HIGH
11620,11620,20,10,10,11620,EMP1054,"07","2",6,1,0,LOW
1050,1050,30,10,10,1050,EMP1054,"07","7",4,1,0,LOW
975,975,30,10,10,975,EMP1054,"07","1",4,1,0,LOW
874,874,30,10,10,874,EMP1054,"07","4",8,1,0,LOW
1076,1076,30,10,10,1076,EMP1054,"07","1",4,1,0,LOW
300000,3000,10,20,20,0,NONE,"07","2",5,1,0,LOW
250000,2500,10,20,20,0,NONE,"07","2",7,1,0,LOW
250000,2500,10,20,20,0,NONE,"07","2",5,1,0,LOW
300000,3000,10,20,20,0,NONE,"07","2",9,1,0,LOW
49687,49687,20,10,10,49687,EMP1050,"07","5",10,1,0,LOW
1500000,15000,10,20,20,0,NONE,"07","1",7,1,0,LOW
91875,919,20,20,20,91875,EMP1050,"07","3",5,1,0,LOW
85312,853,20,20,20,85312,EMP1050,"07","3",5,1,0,LOW
76475,765,20,20,20,76475,EMP1050,"07","3",5,1,0,LOW
500000,5000,10,20,20,0,NONE,"07","1",5,1,0,LOW
500000,5000,10,20,20,0,NONE,"07","7",5,1,0,LOW
94150,942,20,20,20,94150,EMP1050,"07","4",7,1,0,LOW
12075,12075,20,10,10,12075,EMP1050,"07","3",6,1,0,LOW
11212,11212,20,10,10,11212,EMP1050,"07","3",6,1,0,LOW
10051,10051,20,10,10,10051,EMP1050,"07","4",8,1,0,LOW
12374,12374,20,10,10,12374,EMP1050,"07","5",8,1,0,LOW
11340,11340,20,10,10,11340,EMP1050,"07","4",6,1,0,LOW
10530,10530,20,10,10,10530,EMP1050,"07","4",6,1,0,HIGH
9439,9439,20,10,10,9439,EMP1050,"07","4",6,1,0,LOW
11620,11620,20,10,10,11620,EMP1050,"07","4",6,1,0,LOW
1050,1050,30,10,10,1050,EMP1050,"07","2",4,1,0,LOW
975,975,30,10,10,975,EMP1050,"07","4",6,1,0,LOW
874,874,30,10,10,874,EMP1050,"07","2",4,1,0,LOW
1076,1076,30,10,10,1076,EMP1050,"07","4",6,1,0,LOW
49690,49690,20,10,10,49690,EMP1049,"07","4",6,1,0,HIGH
1500000,15000,10,20,20,0,NONE,"07","1",7,1,0,LOW
91875,919,20,20,20,91875,EMP1049,"07","6",7,1,0,LOW
500000,5000,10,20,20,0,NONE,"07","1",5,1,0,LOW
500000,5000,10,20,20,0,NONE,"07","5",5,1,0,LOW
85312,853,20,20,20,85312,EMP1051,"07","7",5,1,0,LOW
500000,5000,10,20,20,0,NONE,"07","5",5,1,0,LOW
76475,765,20,20,20,76475,EMP1051,"07","7",5,1,0,LOW
500000,5000,10,20,20,0,NONE,"07","5",5,1,0,LOW
1500000,15000,10,20,20,0,NONE,"07","5",5,1,0,LOW
94150,942,20,20,20,94150,EMP1051,"07","7",5,1,0,LOW
12075,12075,20,10,10,12075,EMP1051,"07","1",8,1,0,LOW
11212,11212,20,10,10,11212,EMP1051,"07","7",6,1,0,LOW
10051,10051,20,10,10,10051,EMP1051,"07","7",6,1,0,LOW
12374,12374,20,10,10,12374,EMP1051,"07","2",8,1,0,LOW
11340,11340,20,10,10,11340,EMP1051,"07","3",10,1,0,LOW
10530,10530,20,10,10,10530,EMP1051,"07","7",6,1,0,LOW
9439,9439,20,10,10,9439,EMP1051,"07","1",6,1,0,HIGH
11620,11620,20,10,10,11620,EMP1051,"07","3",8,1,0,HIGH
1050,1050,30,10,10,1050,EMP1051,"07","7",4,1,0,LOW
975,975,30,10,10,975,EMP1051,"07","6",4,1,0,LOW
874,874,30,10,10,874,EMP1051,"07","7",4,1,0,LOW
1076,1076,30,10,10,1076,EMP1051,"07","1",6,1,0,LOW
300000,3000,10,20,20,0,NONE,"07","7",5,1,0,LOW
250000,2500,10,20,20,0,NONE,"07","7",5,1,0,LOW
250000,2500,10,20,20,0,NONE,"07","7",7,1,0,HIGH
300000,3000,10,20,20,0,NONE,"07","7",7,1,0,LOW
1500000,15000,10,20,20,0,NONE,"07","6",5,1,0,LOW
49687,49687,20,10,10,49687,EMP1054,"07","3",8,1,0,LOW
91875,919,20,20,20,91875,EMP1054,"07","1",5,1,0,LOW
500000,5000,10,20,20,0,NONE,"07","6",7,1,0,HIGH
500000,5000,10,20,20,0,NONE,"07","6",5,1,0,LOW
500000,5000,10,20,20,0,NONE,"07","6",5,1,0,LOW
85312,853,20,20,20,85312,EMP1054,"07","1",5,1,0,LOW
76475,765,20,20,20,76475,EMP1054,"07","1",5,1,0,LOW
500000,5000,10,20,20,0,NONE,"07","6",5,1,0,LOW
1000000,10000,10,20,20,0,NONE,"07","6",5,1,0,LOW
94150,942,20,20,20,94150,EMP1054,"07","2",7,1,0,LOW
12075,12075,20,10,10,12075,EMP1054,"07","4",10,1,0,LOW
11212,11212,20,10,10,11212,EMP1054,"07","1",6,1,0,LOW
10051,10051,20,10,10,10051,EMP1054,"07","1",6,1,0,LOW
11340,11340,20,10,10,11340,EMP1006,"07","5",6,1,0,LOW
10530,10530,20,10,10,10530,EMP1006,"07","7",8,1,0,LOW
9439,9439,20,10,10,9439,EMP1006,"07","6",8,1,0,HIGH
11620,11620,20,10,10,11620,EMP1006,"07","5",6,1,0,LOW
1050,1050,30,10,10,1050,EMP1006,"07","7",8,1,0,LOW
975,975,30,10,10,975,EMP1006,"07","4",4,1,0,LOW
874,874,30,10,10,874,EMP1006,"07","1",8,1,0,LOW
1076,1076,30,10,10,1076,EMP1006,"07","5",4,1,0,LOW
300000,3000,10,20,20,0,NONE,"07","5",5,1,0,LOW
250000,2500,10,20,20,0,NONE,"07","5",7,1,0,LOW
250000,2500,10,20,20,0,NONE,"07","5",7,1,0,HIGH
300000,3000,10,20,20,0,NONE,"07","5",5,1,0,LOW
49687,49687,20,10,10,49687,EMP1021,"07","6",6,1,0,LOW
500000,5000,10,20,20,0,NONE,"07","3",5,1,0,LOW
91875,919,20,20,20,91875,EMP1021,"07","6",5,1,0,LOW
85312,853,20,20,20,85312,EMP1021,"07","1",7,1,0,LOW
1500000,15000,10,20,20,0,NONE,"07","4",5,1,0,LOW
76475,765,20,20,20,76475,EMP1021,"07","7",7,1,0,HIGH
500000,5000,10,20,20,0,NONE,"07","4",7,1,0,LOW
94150,942,20,20,20,94150,EMP1021,"07","6",5,1,0,MEDIUM
12075,12075,20,10,10,12075,EMP1021,"07","7",6,1,0,HIGH
11212,11212,20,10,10,11212,EMP1021,"07","6",6,1,0,LOW
10051,10051,20,10,10,10051,EMP1021,"07","6",6,1,0,LOW
12374,12374,20,10,10,12374,EMP1021,"07","6",6,1,0,LOW
11340,11340,20,10,10,11340,EMP1021,"07","7",6,1,0,LOW
10530,10530,20,10,10,10530,EMP1021,"07","6",6,1,0,HIGH
9439,9439,20,10,10,9439,EMP1021,"07","6",6,1,0,LOW
11620,11620,20,10,10,11620,EMP1021,"07","6",6,1,0,LOW
1050,1050,30,10,10,1050,EMP1021,"07","6",4,1,0,LOW
975,975,30,10,10,975,EMP1021,"07","6",4,1,0,LOW
874,874,30,10,10,874,EMP1021,"07","6",4,1,0,LOW
1076,1076,30,10,10,1076,EMP1021,"07","2",8,1,0,LOW
49687,49687,20,10,10,49687,EMP1051,"07","7",6,1,0,HIGH
500000,5000,10,20,20,0,NONE,"07","4",5,1,0,LOW
91875,919,20,20,20,91875,EMP1051,"07","7",5,1,0,LOW
500000,5000,10,20,20,0,NONE,"07","5",7,1,0,HIGH
1500000,15000,10,20,20,0,NONE,"07","2",7,1,0,LOW
1000000,10000,10,20,20,0,NONE,"07","2",7,1,0,LOW
101240,1012,20,20,20,101240,EMP1044,"07","4",5,1,0,LOW
63175,632,20,20,20,63175,EMP1044,"07","6",7,1,0,LOW
500000,5000,10,20,20,0,NONE,"07","2",5,1,0,HIGH
500000,5000,10,20,20,0,NONE,"07","2",7,1,0,LOW
76215,762,20,20,20,76215,EMP1044,"07","4",5,1,0,LOW
77440,774,20,20,20,77440,EMP1044,"07","4",5,1,0,LOW
13308,13308,20,10,10,13308,EMP1044,"07","5",10,1,0,LOW
8303,8303,20,10,10,8303,EMP1044,"07","4",6,1,0,LOW
10019,10019,20,10,10,10019,EMP1044,"07","6",8,1,0,LOW
10180,10180,20,10,10,10180,EMP1044,"07","4",6,1,0,HIGH
12499,12499,20,10,10,12499,EMP1044,"07","5",8,1,0,LOW
7801,7801,20,10,10,7801,EMP1044,"07","5",6,1,0,LOW
9411,9411,20,10,10,9411,EMP1044,"07","6",8,1,0,HIGH
9558,9558,20,10,10,9558,EMP1044,"07","4",6,1,0,LOW
1157,1157,30,10,10,1157,EMP1044,"07","3",4,1,0,LOW
722,722,30,10,10,722,EMP1044,"07","3",4,1,0,LOW
871,871,30,10,10,871,EMP1044,"07","4",6,1,0,LOW
885,885,30,10,10,885,EMP1044,"07","3",4,1,0,LOW
500000,5000,10,20,20,0,NONE,"07","4",7,1,0,LOW
1500000,15000,10,20,20,0,NONE,"07","3",5,1,0,LOW
49687,49687,20,10,10,49687,EMP1006,"07","5",6,1,0,LOW
500000,5000,10,20,20,0,NONE,"07","3",9,1,0,LOW
91875,919,20,20,20,91875,EMP1006,"07","6",7,1,0,LOW
500000,5000,10,20,20,0,NONE,"07","2",5,1,0,LOW
500000,5000,10,20,20,0,NONE,"07","3",7,1,0,LOW
1500000,15000,10,20,20,0,NONE,"07","3",5,1,0,LOW
85312,853,20,20,20,85312,EMP1006,"07","6",7,1,0,LOW
76475,765,20,20,20,76475,EMP1006,"07","6",7,1,0,LOW
500000,5000,10,20,20,0,NONE,"07","2",9,1,0,LOW
500000,5000,10,20,20,0,NONE,"07","3",5,1,0,LOW
94150,942,20,20,20,94150,EMP1006,"07","7",7,1,0,LOW
12075,12075,20,10,10,12075,EMP1006,"07","6",6,1,0,LOW
11212,11212,20,10,10,11212,EMP1006,"07","1",8,1,0,HIGH
10051,10051,20,10,10,10051,EMP1006,"07","6",8,1,0,HIGH
12374,12374,20,10,10,12374,EMP1006,"07","6",8,1,0,LOW
7797,7797,20,10,10,7797,EMP1047,"07","4",8,1,0,LOW
9406,9406,20,10,10,9406,EMP1047,"07","1",6,1,0,LOW
9558,9558,20,10,10,9558,EMP1047,"07","1",6,1,0,LOW
1157,1157,30,10,10,1157,EMP1047,"07","1",4,1,0,LOW
722,722,30,10,10,722,EMP1047,"07","1",4,1,0,LOW
871,871,30,10,10,871,EMP1047,"07","7",4,1,0,LOW
885,885,30,10,10,885,EMP1047,"07","7",4,1,0,LOW
300000,3000,10,20,20,0,NONE,"07","1",9,1,0,LOW
250000,2500,10,20,20,0,NONE,"07","1",7,1,0,HIGH
250000,2500,10,20,20,0,NONE,"07","1",9,1,0,LOW
300000,3000,10,20,20,0,NONE,"07","1",7,1,0,LOW
45437,45437,20,10,10,45437,EMP1056,"07","3",6,1,0,LOW
101237,1012,20,20,20,101237,EMP1056,"07","3",5,1,0,LOW
63175,632,20,20,20,63175,EMP1056,"07","5",7,1,0,LOW
500000,5000,10,20,20,0,NONE,"07","1",5,1,0,LOW
500000,5000,10,20,20,0,NONE,"07","1",5,1,0,LOW
76212,762,20,20,20,76212,EMP1056,"07","3",5,1,0,MEDIUM
500000,5000,10,20,20,0,NONE,"07","1",5,1,0,LOW
77437,774,20,20,20,77437,EMP1056,"07","4",7,1,0,LOW
13305,13305,20,10,10,13305,EMP1056,"07","4",6,1,0,LOW
8303,8303,20,10,10,8303,EMP1056,"07","5",8,1,0,HIGH
10016,10016,20,10,10,10016,EMP1056,"07","3",6,1,0,LOW
10177,10177,20,10,10,10177,EMP1056,"07","3",6,1,0,HIGH
12495,12495,20,10,10,12495,EMP1056,"07","3",6,1,0,LOW
7797,7797,20,10,10,7797,EMP1056,"07","5",8,1,0,LOW
9406,9406,20,10,10,9406,EMP1056,"07","4",6,1,0,LOW
9558,9558,20,10,10,9558,EMP1056,"07","5",8,1,0,LOW
1157,1157,30,10,10,1157,EMP1056,"07","6",8,1,0,LOW
722,722,30,10,10,722,EMP1056,"07","2",4,1,0,LOW
871,871,30,10,10,871,EMP1056,"07","6",8,1,0,LOW
885,885,30,10,10,885,EMP1056,"07","4",6,1,0,LOW
300000,3000,10,20,20,0,NONE,"07","3",7,1,0,HIGH
250000,2500,10,20,20,0,NONE,"07","3",7,1,0,LOW
250000,2500,10,20,20,0,NONE,"07","3",5,1,0,LOW
300000,3000,10,20,20,0,NONE,"07","3",5,1,0,LOW
45440,45440,20,10,10,45440,EMP1044,"07","6",10,1,0,LOW
500000,5000,10,20,20,0,NONE,"07","2",5,1,0,LOW
101237,1012,20,20,20,101237,EMP1046,"07","1",7,1,0,LOW
500000,5000,10,20,20,0,NONE,"07","5",5,1,0,LOW
63175,632,20,20,20,63175,EMP1046,"07","7",5,1,0,MEDIUM
500000,5000,10,20,20,0,NONE,"07","5",9,1,0,LOW
1500000,15000,10,20,20,0,NONE,"07","4",5,1,0,LOW
76212,762,20,20,20,76212,EMP1046,"07","7",5,1,0,LOW
500000,5000,10,20,20,0,NONE,"07","5",5,1,0,HIGH
500000,5000,10,20,20,0,NONE,"07","4",5,1,0,HIGH
500000,5000,10,20,20,0,NONE,"07","4",5,1,0,LOW
77437,774,20,20,20,77437,EMP1046,"07","7",5,1,0,LOW
13305,13305,20,10,10,13305,EMP1046,"07","1",8,1,0,LOW
8303,8303,20,10,10,8303,EMP1046,"07","2",8,1,0,LOW
10016,10016,20,10,10,10016,EMP1046,"07","7",6,1,0,HIGH
10177,10177,20,10,10,10177,EMP1046,"07","1",6,1,0,LOW
12495,12495,20,10,10,12495,EMP1046,"07","7",6,1,0,LOW
7797,7797,20,10,10,7797,EMP1046,"07","2",8,1,0,LOW
9406,9406,20,10,10,9406,EMP1046,"07","7",6,1,0,LOW
9558,9558,20,10,10,9558,EMP1046,"07","3",8,1,0,LOW
1157,1157,30,10,10,1157,EMP1046,"07","7",4,1,0,LOW
722,722,30,10,10,722,EMP1046,"07","7",4,1,0,LOW
871,871,30,10,10,871,EMP1046,"07","1",6,1,0,LOW
885,885,30,10,10,885,EMP1046,"07","7",6,1,0,LOW
1500000,15000,10,20,20,0,NONE,"07","5",5,1,0,LOW
45437,45437,20,10,10,45437,EMP1047,"07","1",6,1,0,LOW
500000,5000,10,20,20,0,NONE,"07","5",7,1,0,HIGH
500000,5000,10,20,20,0,NONE,"07","6",9,1,0,LOW
101237,1012,20,20,20,101237,EMP1047,"07","2",9,1,0,LOW
63175,632,20,20,20,63175,EMP1047,"07","1",5,1,0,LOW
500000,5000,10,20,20,0,NONE,"07","6",7,1,0,LOW
76212,762,20,20,20,76212,EMP1047,"07","3",7,1,0,LOW
1500000,15000,10,20,20,0,NONE,"07","6",5,1,0,LOW
77437,774,20,20,20,77437,EMP1047,"07","1",5,1,0,LOW
13305,13305,20,10,10,13305,EMP1047,"07","2",8,1,0,LOW
8303,8303,20,10,10,8303,EMP1047,"07","1",6,1,0,HIGH
10016,10016,20,10,10,10016,EMP1047,"07","2",6,1,0,LOW
10177,10177,20,10,10,10177,EMP1047,"07","1",6,1,0,LOW
12495,12495,20,10,10,12495,EMP1047,"07","1",6,1,0,LOW
10016,10016,20,10,10,10016,EMP1006,"07","1",8,1,0,HIGH
12495,12495,20,10,10,12495,EMP1006,"07","5",6,1,0,LOW
7797,7797,20,10,10,7797,EMP1006,"07","5",6,1,0,LOW
9406,9406,20,10,10,9406,EMP1006,"07","5",6,1,0,LOW
9558,9558,20,10,10,9558,EMP1006,"07","5",6,1,0,HIGH
1157,1157,30,10,10,1157,EMP1006,"07","5",4,1,0,LOW
722,722,30,10,10,722,EMP1006,"07","1",8,1,0,HIGH
871,871,30,10,10,871,EMP1006,"07","5",4,1,0,LOW
885,885,30,10,10,885,EMP1006,"07","7",8,1,0,LOW
45437,45437,20,10,10,45437,EMP1056,"07","6",6,1,0,LOW
500000,5000,10,20,20,0,NONE,"07","3",5,1,0,LOW
500000,5000,10,20,20,0,NONE,"07","4",5,1,0,LOW
1500000,15000,10,20,20,0,NONE,"07","4",5,1,0,LOW
1000000,10000,10,20,20,0,NONE,"07","3",5,1,0,LOW
101237,1012,20,20,20,101237,EMP1056,"07","6",5,1,0,LOW
63175,632,20,20,20,63175,EMP1056,"07","6",5,1,0,LOW
76212,762,20,20,20,76212,EMP1056,"07","6",5,1,0,MEDIUM
500000,5000,10,20,20,0,NONE,"07","3",7,1,0,LOW
500000,5000,10,20,20,0,NONE,"07","4",5,1,0,LOW
77437,774,20,20,20,77437,EMP1056,"07","7",9,1,0,LOW
13305,13305,20,10,10,13305,EMP1056,"07","1",10,1,0,LOW
8303,8303,20,10,10,8303,EMP1056,"07","7",10,1,0,LOW
10016,10016,20,10,10,10016,EMP1056,"07","6",6,1,0,LOW
10177,10177,20,10,10,10177,EMP1056,"07","6",6,1,0,LOW
12495,12495,20,10,10,12495,EMP1056,"07","7",6,1,0,LOW
7797,7797,20,10,10,7797,EMP1056,"07","6",6,1,0,HIGH
9406,9406,20,10,10,9406,EMP1056,"07","1",10,1,0,LOW
9558,9558,20,10,10,9558,EMP1056,"07","7",6,1,0,LOW
1157,1157,30,10,10,1157,EMP1056,"07","6",4,1,0,LOW
722,722,30,10,10,722,EMP1056,"07","7",6,1,0,LOW
871,871,30,10,10,871,EMP1056,"07","6",4,1,0,LOW
885,885,30,10,10,885,EMP1056,"07","5",4,1,0,LOW
300000,3000,10,20,20,0,NONE,"07","6",5,1,0,LOW
250000,2500,10,20,20,0,NONE,"07","6",5,1,0,LOW
250000,2500,10,20,20,0,NONE,"07","6",5,1,0,LOW
300000,3000,10,20,20,0,NONE,"07","6",5,1,0,LOW
45437,45437,20,10,10,45437,EMP1046,"07","1",10,1,0,LOW
712,712,30,10,10,712,EMP1055,"07","3",4,1,0,LOW
1500000,15000,10,20,20,0,NONE,"07","2",5,1,0,LOW
50425,50425,20,10,10,50425,EMP1007,"07","4",6,1,0,LOW
500000,5000,10,20,20,0,NONE,"07","1",5,1,0,LOW
500000,5000,10,20,20,0,NONE,"07","2",5,1,0,LOW
111825,1118,20,20,20,111825,EMP1007,"07","4",5,1,0,LOW
75340,753,20,20,20,75340,EMP1007,"07","6",9,1,0,LOW
500000,5000,10,20,20,0,NONE,"07","2",7,1,0,LOW
103515,1035,20,20,20,103515,EMP1007,"07","4",5,1,0,LOW
500000,5000,10,20,20,0,NONE,"07","2",5,1,0,LOW
62300,623,20,20,20,62300,EMP1007,"07","6",9,1,0,LOW
14697,14697,20,10,10,14697,EMP1007,"07","6",8,1,0,LOW
9904,9904,20,10,10,9904,EMP1007,"07","4",6,1,0,LOW
13607,13607,20,10,10,13607,EMP1007,"07","4",6,1,0,LOW
8188,8188,20,10,10,8188,EMP1007,"07","4",6,1,0,HIGH
13804,13804,20,10,10,13804,EMP1007,"07","5",8,1,0,LOW
9302,9302,20,10,10,9302,EMP1007,"07","5",8,1,0,LOW
12778,12778,20,10,10,12778,EMP1007,"07","7",8,1,0,LOW
7692,7692,20,10,10,7692,EMP1007,"07","4",6,1,0,LOW
1278,1278,30,10,10,1278,EMP1007,"07","4",4,1,0,LOW
861,861,30,10,10,861,EMP1007,"07","3",4,1,0,LOW
1183,1183,30,10,10,1183,EMP1007,"07","6",8,1,0,LOW
712,712,30,10,10,712,EMP1007,"07","4",6,1,0,LOW
300000,3000,10,20,20,0,NONE,"07","4",5,1,0,LOW
250000,2500,10,20,20,0,NONE,"07","4",5,1,0,LOW
250000,2500,10,20,20,0,NONE,"07","4",5,1,0,LOW
300000,3000,10,20,20,0,NONE,"07","4",5,1,0,LOW
500000,5000,10,20,20,0,NONE,"07","4",7,1,0,LOW
1500000,15000,10,20,20,0,NONE,"07","3",5,1,0,LOW
45437,45437,20,10,10,45437,EMP1006,"07","5",6,1,0,HIGH
101237,1012,20,20,20,101237,EMP1006,"07","7",7,1,0,LOW
63175,632,20,20,20,63175,EMP1006,"07","5",5,1,0,LOW
500000,5000,10,20,20,0,NONE,"07","3",5,1,0,LOW
76212,762,20,20,20,76212,EMP1006,"07","7",7,1,0,LOW
77437,774,20,20,20,77437,EMP1006,"07","5",5,1,0,LOW
13305,13305,20,10,10,13305,EMP1006,"07","7",8,1,0,LOW
8303,8303,20,10,10,8303,EMP1006,"07","5",6,1,0,LOW
10177,10177,20,10,10,10177,EMP1006,"07","6",10,1,0,LOW
13604,13604,20,10,10,13604,EMP1045,"07","7",6,1,0,HIGH
8188,8188,20,10,10,8188,EMP1045,"07","7",6,1,0,HIGH
13802,13802,20,10,10,13802,EMP1045,"07","7",6,1,0,LOW
9298,9298,20,10,10,9298,EMP1045,"07","7",6,1,0,LOW
12776,12776,20,10,10,12776,EMP1045,"07","7",6,1,0,LOW
7689,7689,20,10,10,7689,EMP1045,"07","3",8,1,0,LOW
1278,1278,30,10,10,1278,EMP1045,"07","3",8,1,0,LOW
861,861,30,10,10,861,EMP1045,"07","7",4,1,0,MEDIUM
1183,1183,30,10,10,1183,EMP1045,"07","3",8,1,0,LOW
712,712,30,10,10,712,EMP1045,"07","7",6,1,0,LOW
300000,3000,10,20,20,0,NONE,"07","7",5,1,0,LOW
250000,2500,10,20,20,0,NONE,"07","7",5,1,0,LOW
250000,2500,10,20,20,0,NONE,"07","7",5,1,0,LOW
300000,3000,10,20,20,0,NONE,"07","7",9,1,0,LOW
300000,3000,10,20,20,0,NONE,"07","2",7,1,0,LOW
250000,2500,10,20,20,0,NONE,"07","2",5,1,0,LOW
250000,2500,10,20,20,0,NONE,"07","2",5,1,0,LOW
300000,3000,10,20,20,0,NONE,"07","2",5,1,0,LOW
50425,50425,20,10,10,50425,EMP1055,"07","3",6,1,0,HIGH
111825,1118,20,20,20,111825,EMP1055,"07","5",9,1,0,LOW
75337,753,20,20,20,75337,EMP1055,"07","4",7,1,0,LOW
500000,5000,10,20,20,0,NONE,"07","1",5,1,0,LOW
500000,5000,10,20,20,0,NONE,"07","1",9,1,0,LOW
1500000,15000,10,20,20,0,NONE,"07","1",7,1,0,LOW
103512,1035,20,20,20,103512,EMP1055,"07","5",9,1,0,LOW
62300,623,20,20,20,62300,EMP1055,"07","3",5,1,0,LOW
14697,14697,20,10,10,14697,EMP1055,"07","4",6,1,0,HIGH
9901,9901,20,10,10,9901,EMP1055,"07","3",6,1,0,LOW
13604,13604,20,10,10,13604,EMP1055,"07","3",6,1,0,LOW
8188,8188,20,10,10,8188,EMP1055,"07","5",8,1,0,LOW
13802,13802,20,10,10,13802,EMP1055,"07","5",10,1,0,LOW
9298,9298,20,10,10,9298,EMP1055,"07","3",6,1,0,LOW
12776,12776,20,10,10,12776,EMP1055,"07","3",6,1,0,HIGH
7689,7689,20,10,10,7689,EMP1055,"07","3",6,1,0,LOW
1278,1278,30,10,10,1278,EMP1055,"07","3",4,1,0,LOW
861,861,30,10,10,861,EMP1055,"07","4",6,1,0,LOW
1183,1183,30,10,10,1183,EMP1055,"07","4",6,1,0,LOW
1500000,15000,10,20,20,0,NONE,"07","4",7,1,0,LOW
1000000,10000,10,20,20,0,NONE,"07","4",5,1,0,HIGH
1000000,10000,10,20,20,0,NONE,"07","4",9,1,0,HIGH
1000000,10000,10,20,20,0,NONE,"07","3",7,1,0,LOW
111825,1118,20,20,20,111825,EMP1049,"07","6",5,1,0,LOW
500000,5000,10,20,20,0,NONE,"07","4",5,1,0,LOW
500000,5000,10,20,20,0,NONE,"07","4",5,1,0,LOW
75337,753,20,20,20,75337,EMP1049,"07","6",5,1,0,LOW
500000,5000,10,20,20,0,NONE,"07","3",7,1,0,LOW
103512,1035,20,20,20,103512,EMP1049,"07","7",9,1,0,LOW
500000,5000,10,20,20,0,NONE,"07","4",5,1,0,LOW
62300,623,20,20,20,62300,EMP1049,"07","6",5,1,0,LOW
14697,14697,20,10,10,14697,EMP1049,"07","6",6,1,0,LOW
9901,9901,20,10,10,9901,EMP1049,"07","7",8,1,0,LOW
13604,13604,20,10,10,13604,EMP1049,"07","1",10,1,0,LOW
8188,8188,20,10,10,8188,EMP1049,"07","7",6,1,0,LOW
13802,13802,20,10,10,13802,EMP1049,"07","7",8,1,0,HIGH
9298,9298,20,10,10,9298,EMP1049,"07","7",6,1,0,LOW
12776,12776,20,10,10,12776,EMP1049,"07","6",6,1,0,HIGH
7689,7689,20,10,10,7689,EMP1049,"07","1",8,1,0,LOW
1278,1278,30,10,10,1278,EMP1049,"07","6",4,1,0,LOW
861,861,30,10,10,861,EMP1049,"07","6",4,1,0,MEDIUM
1183,1183,30,10,10,1183,EMP1049,"07","5",4,1,0,LOW
712,712,30,10,10,712,EMP1049,"07","6",4,1,0,LOW
50425,50425,20,10,10,50425,EMP1045,"07","1",10,1,0,LOW
500000,5000,10,20,20,0,NONE,"07","5",7,1,0,LOW
111825,1118,20,20,20,111825,EMP1045,"07","7",5,1,0,LOW
500000,5000,10,20,20,0,NONE,"07","5",7,1,0,HIGH
500000,5000,10,20,20,0,NONE,"07","5",9,1,0,LOW
500000,5000,10,20,20,0,NONE,"07","5",7,1,0,LOW
75337,753,20,20,20,75337,EMP1045,"07","7",5,1,0,LOW
1500000,15000,10,20,20,0,NONE,"07","5",7,1,0,LOW
103512,1035,20,20,20,103512,EMP1045,"07","7",5,1,0,LOW
62300,623,20,20,20,62300,EMP1045,"07","7",5,1,0,LOW
14697,14697,20,10,10,14697,EMP1045,"07","1",8,1,0,HIGH
9901,9901,20,10,10,9901,EMP1045,"07","7",6,1,0,HIGH
10760,10760,20,10,10,10760,EMP1051,"07","4",6,1,0,LOW
8222,8222,20,10,10,8222,EMP1051,"07","4",6,1,0,HIGH
10132,10132,20,10,10,10132,EMP1051,"07","4",6,1,0,HIGH
11850,11850,20,10,10,11850,EMP1051,"07","6",8,1,0,LOW
996,996,30,10,10,996,EMP1051,"07","5",8,1,0,LOW
761,761,30,10,10,761,EMP1051,"07","4",4,1,0,LOW
938,938,30,10,10,938,EMP1051,"07","4",6,1,0,LOW
1097,1097,30,10,10,1097,EMP1051,"07","4",4,1,0,LOW
500000,5000,10,20,20,0,NONE,"07","4",5,1,0,LOW
50425,50425,20,10,10,50425,EMP1049,"07","5",6,1,0,HIGH
500000,5000,10,20,20,0,NONE,"07","3",7,1,0,LOW
500000,5000,10,20,20,0,NONE,"07","3",4,1,0,LOW
1500000,15000,10,20,20,0,NONE,"06","2",6,1,0,LOW
111825,1118,20,20,20,111825,EMP1049,"07","6",9,1,0,LOW
75337,753,20,20,20,75337,EMP1049,"07","7",7,1,0,LOW
500000,5000,10,20,20,0,NONE,"07","3",5,1,0,LOW
103512,1035,20,20,20,103512,EMP1049,"07","5",5,1,0,LOW
500000,5000,10,20,20,0,NONE,"07","3",5,1,0,LOW
62300,623,20,20,20,62300,EMP1049,"07","5",5,1,0,LOW
14697,14697,20,10,10,14697,EMP1049,"07","5",6,1,0,LOW
9901,9901,20,10,10,9901,EMP1049,"07","5",6,1,0,LOW
13604,13604,20,10,10,13604,EMP1049,"07","6",8,1,0,LOW
8188,8188,20,10,10,8188,EMP1049,"07","7",8,1,0,LOW
13802,13802,20,10,10,13802,EMP1049,"07","5",6,1,0,LOW
9298,9298,20,10,10,9298,EMP1049,"07","5",6,1,0,LOW
12776,12776,20,10,10,12776,EMP1049,"07","7",8,1,0,LOW
7689,7689,20,10,10,7689,EMP1049,"07","6",8,1,0,LOW
1278,1278,30,10,10,1278,EMP1049,"07","5",4,1,0,LOW
861,861,30,10,10,861,EMP1049,"07","7",8,1,0,LOW
1183,1183,30,10,10,1183,EMP1049,"07","5",4,1,0,LOW
712,712,30,10,10,712,EMP1049,"07","5",4,1,0,LOW
300000,3000,10,20,20,0,NONE,"07","5",5,1,0,LOW
250000,2500,10,20,20,0,NONE,"07","5",7,1,0,LOW
250000,2500,10,20,20,0,NONE,"07","5",5,1,0,HIGH
300000,3000,10,20,20,0,NONE,"07","5",5,1,0,LOW
1500000,15000,10,20,20,0,NONE,"07","4",5,1,0,LOW
50425,50425,20,10,10,50425,EMP1049,"07","6",6,1,0,HIGH
1500000,15000,10,20,20,0,NONE,"06","7",4,1,0,LOW
47400,47400,20,10,10,47400,EMP1004,"07","3",6,1,0,LOW
87150,872,20,20,20,87150,EMP1004,"07","3",5,1,0,LOW
500000,5000,10,20,20,0,NONE,"06","1",4,1,0,LOW
66587,666,20,20,20,66587,EMP1004,"07","3",5,1,0,HIGH
500000,5000,10,20,20,0,NONE,"06","1",4,1,0,HIGH
500000,5000,10,20,20,0,NONE,"06","1",4,1,0,LOW
82075,821,20,20,20,82075,EMP1004,"07","3",5,1,0,LOW
1500000,15000,10,20,20,0,NONE,"06","1",4,1,0,LOW
95987,960,20,20,20,95987,EMP1004,"07","3",5,1,0,LOW
11454,11454,20,10,10,11454,EMP1004,"07","4",6,1,0,LOW
8751,8751,20,10,10,8751,EMP1004,"07","3",6,1,0,LOW
10787,10787,20,10,10,10787,EMP1004,"07","3",6,1,0,LOW
12615,12615,20,10,10,12615,EMP1004,"07","4",10,1,0,LOW
10756,10756,20,10,10,10756,EMP1004,"07","4",8,1,0,LOW
8218,8218,20,10,10,8218,EMP1004,"07","4",10,1,0,LOW
10130,10130,20,10,10,10130,EMP1004,"07","3",6,1,0,LOW
11847,11847,20,10,10,11847,EMP1004,"07","4",6,1,0,LOW
996,996,30,10,10,996,EMP1004,"06","2",3,1,0,LOW
761,761,30,10,10,761,EMP1004,"06","2",3,1,0,LOW
938,938,30,10,10,938,EMP1004,"07","4",6,1,0,LOW
1097,1097,30,10,10,1097,EMP1004,"07","3",3,1,0,LOW
300000,3000,10,20,20,0,NONE,"07","3",5,1,0,LOW
250000,2500,10,20,20,0,NONE,"07","3",5,1,0,LOW
250000,2500,10,20,20,0,NONE,"07","3",5,1,0,HIGH
300000,3000,10,20,20,0,NONE,"07","3",7,1,0,LOW
47400,47400,20,10,10,47400,EMP1051,"07","4",6,1,0,LOW
87150,872,20,20,20,87150,EMP1051,"07","4",5,1,0,LOW
500000,5000,10,20,20,0,NONE,"06","2",4,1,0,LOW
500000,5000,10,20,20,0,NONE,"06","1",8,1,0,LOW
66590,666,20,20,20,66590,EMP1051,"07","4",5,1,0,LOW
82075,821,20,20,20,82075,EMP1051,"07","4",5,1,0,LOW
95990,960,20,20,20,95990,EMP1051,"07","4",5,1,0,LOW
11454,11454,20,10,10,11454,EMP1051,"07","6",8,1,0,HIGH
8754,8754,20,10,10,8754,EMP1051,"07","4",6,1,0,LOW
10787,10787,20,10,10,10787,EMP1051,"07","4",6,1,0,LOW
12618,12618,20,10,10,12618,EMP1051,"07","4",6,1,0,LOW
10787,10787,20,10,10,10787,EMP1057,"06","7",5,1,0,LOW
12615,12615,20,10,10,12615,EMP1057,"06","1",9,1,0,LOW
10756,10756,20,10,10,10756,EMP1057,"06","1",9,1,0,LOW
8218,8218,20,10,10,8218,EMP1057,"06","7",7,1,0,LOW
10130,10130,20,10,10,10130,EMP1057,"06","7",5,1,0,LOW
11847,11847,20,10,10,11847,EMP1057,"06","7",7,1,0,LOW
996,996,30,10,10,996,EMP1057,"06","6",3,1,0,LOW
761,761,30,10,10,761,EMP1057,"06","6",3,1,0,LOW
938,938,30,10,10,938,EMP1057,"06","6",3,1,0,LOW
1097,1097,30,10,10,1097,EMP1057,"06","6",3,1,0,LOW
300000,3000,10,20,20,0,NONE,"06","6",4,1,0,LOW
250000,2500,10,20,20,0,NONE,"06","6",6,1,0,LOW
250000,2500,10,20,20,0,NONE,"06","6",4,1,0,LOW
300000,3000,10,20,20,0,NONE,"06","6",4,1,0,LOW
47400,47400,20,10,10,47400,EMP1005,"06","7",5,1,0,LOW
87150,872,20,20,20,87150,EMP1005,"06","7",4,1,0,LOW
66587,666,20,20,20,66587,EMP1005,"06","7",4,1,0,LOW
500000,5000,10,20,20,0,NONE,"06","5",4,1,0,LOW
500000,5000,10,20,20,0,NONE,"06","5",6,1,0,LOW
1500000,15000,10,20,20,0,NONE,"06","5",6,1,0,LOW
82075,821,20,20,20,82075,EMP1005,"06","7",4,1,0,LOW
95987,960,20,20,20,95987,EMP1005,"06","7",4,1,0,LOW
11454,11454,20,10,10,11454,EMP1005,"06","7",7,1,0,LOW
8751,8751,20,10,10,8751,EMP1005,"06","7",7,1,0,LOW
10787,10787,20,10,10,10787,EMP1005,"06","2",9,1,0,LOW
12615,12615,20,10,10,12615,EMP1005,"06","7",5,1,0,LOW
10756,10756,20,10,10,10756,EMP1005,"06","7",5,1,0,LOW
8218,8218,20,10,10,8218,EMP1005,"06","1",5,1,0,LOW
10130,10130,20,10,10,10130,EMP1005,"06","7",5,1,0,LOW
11847,11847,20,10,10,11847,EMP1005,"06","2",9,1,0,LOW
996,996,30,10,10,996,EMP1005,"06","7",3,1,0,LOW
761,761,30,10,10,761,EMP1005,"06","1",7,1,0,HIGH
938,938,30,10,10,938,EMP1005,"06","7",3,1,0,LOW
1097,1097,30,10,10,1097,EMP1005,"06","6",3,1,0,LOW
300000,3000,10,20,20,0,NONE,"06","1",6,1,0,LOW
250000,2500,10,20,20,0,NONE,"06","1",4,1,0,HIGH
250000,2500,10,20,20,0,NONE,"06","1",4,1,0,LOW
300000,3000,10,20,20,0,NONE,"06","1",4,1,0,LOW
1500000,15000,10,20,20,0,NONE,"06","4",6,1,0,LOW
1000000,10000,10,20,20,0,NONE,"06","4",4,1,0,LOW
500,500,40,10,10,0,NONE,"06","4",3,1,0,LOW
500000,5000,40,20,20,0,NONE,"06","4",4,1,0,LOW
500000,5000,40,20,20,0,NONE,"06","4",6,1,0,LOW
47400,47400,20,10,10,47400,EMP1056,"06","5",7,1,0,LOW
87150,872,20,20,20,87150,EMP1056,"06","5",4,1,0,LOW
66587,666,20,20,20,66587,EMP1056,"06","5",4,1,0,LOW
82075,821,20,20,20,82075,EMP1056,"06","5",4,1,0,LOW
500000,5000,10,20,20,0,NONE,"06","3",4,1,0,HIGH
500000,5000,10,20,20,0,NONE,"06","3",4,1,0,LOW
95987,960,20,20,20,95987,EMP1056,"06","5",4,1,0,LOW
11454,11454,20,10,10,11454,EMP1056,"06","6",5,1,0,MEDIUM
8751,8751,20,10,10,8751,EMP1056,"06","5",7,1,0,LOW
10787,10787,20,10,10,10787,EMP1056,"06","5",5,1,0,LOW
12615,12615,20,10,10,12615,EMP1056,"06","5",5,1,0,LOW
10756,10756,20,10,10,10756,EMP1056,"06","5",7,1,0,HIGH
8218,8218,20,10,10,8218,EMP1056,"06","5",7,1,0,LOW
10130,10130,20,10,10,10130,EMP1056,"06","6",5,1,0,LOW
11847,11847,20,10,10,11847,EMP1056,"06","5",5,1,0,LOW
996,996,30,10,10,996,EMP1056,"06","5",3,1,0,LOW
761,761,30,10,10,761,EMP1056,"06","4",3,1,0,LOW
938,938,30,10,10,938,EMP1056,"06","6",7,1,0,HIGH
1097,1097,30,10,10,1097,EMP1056,"06","4",3,1,0,LOW
47400,47400,20,10,10,47400,EMP1057,"06","6",5,1,0,LOW
500000,5000,10,20,20,0,NONE,"06","4",4,1,0,LOW
87150,872,20,20,20,87150,EMP1057,"06","1",8,1,0,LOW
500000,5000,10,20,20,0,NONE,"06","4",4,1,0,LOW
1500000,15000,10,20,20,0,NONE,"06","4",4,1,0,LOW
66587,666,20,20,20,66587,EMP1057,"06","6",4,1,0,LOW
500000,5000,10,20,20,0,NONE,"06","4",6,1,0,LOW
82075,821,20,20,20,82075,EMP1057,"06","6",4,1,0,LOW
500000,5000,10,20,20,0,NONE,"06","3",8,1,0,HIGH
500000,5000,10,20,20,0,NONE,"06","4",4,1,0,LOW
95987,960,20,20,20,95987,EMP1057,"06","1",8,1,0,LOW
11454,11454,20,10,10,11454,EMP1057,"06","6",5,1,0,LOW
8751,8751,20,10,10,8751,EMP1057,"06","7",9,1,0,LOW
9729,9729,20,10,10,9729,EMP1042,"06","4",5,1,0,LOW
12139,12139,20,10,10,12139,EMP1042,"06","3",5,1,0,LOW
8488,8488,20,10,10,8488,EMP1042,"06","3",5,1,0,LOW
9903,9903,20,10,10,9903,EMP1042,"06","4",5,1,0,LOW
9136,9136,20,10,10,9136,EMP1042,"06","4",5,1,0,LOW
1124,1124,30,10,10,1124,EMP1042,"06","3",5,1,0,LOW
786,786,30,10,10,786,EMP1042,"06","3",3,1,0,MEDIUM
917,917,30,10,10,917,EMP1042,"06","4",7,1,0,LOW
846,846,30,10,10,846,EMP1042,"06","3",3,1,0,LOW
45915,45915,20,10,10,45915,EMP1052,"06","4",5,1,0,LOW
500000,5000,10,20,20,0,NONE,"06","2",4,1,0,LOW
500000,5000,10,20,20,0,NONE,"06","2",4,1,0,LOW
98350,984,20,20,20,98350,EMP1052,"06","4",6,1,0,LOW
68775,688,20,20,20,68775,EMP1052,"06","4",4,1,0,LOW
500000,5000,10,20,20,0,NONE,"06","2",4,1,0,LOW
80240,802,20,20,20,80240,EMP1052,"06","4",4,1,0,LOW
500000,5000,10,20,20,0,NONE,"06","2",4,1,0,LOW
500000,5000,10,20,20,0,NONE,"06","2",4,1,0,LOW
74025,740,20,20,20,74025,EMP1052,"06","4",4,1,0,MEDIUM
12926,12926,20,10,10,12926,EMP1052,"06","5",7,1,0,LOW
9039,9039,20,10,10,9039,EMP1052,"06","5",5,1,0,LOW
10548,10548,20,10,10,10548,EMP1052,"06","4",5,1,0,MEDIUM
9729,9729,20,10,10,9729,EMP1052,"06","5",9,1,0,LOW
12140,12140,20,10,10,12140,EMP1052,"06","5",5,1,0,LOW
8492,8492,20,10,10,8492,EMP1052,"06","5",5,1,0,MEDIUM
9906,9906,20,10,10,9906,EMP1052,"06","4",5,1,0,MEDIUM
9140,9140,20,10,10,9140,EMP1052,"06","4",5,1,0,LOW
1124,1124,30,10,10,1124,EMP1052,"06","3",3,1,0,LOW
786,786,30,10,10,786,EMP1052,"06","4",3,1,0,LOW
917,917,30,10,10,917,EMP1052,"06","3",3,1,0,LOW
846,846,30,10,10,846,EMP1052,"06","4",3,1,0,LOW
300000,3000,10,20,20,0,NONE,"06","4",4,1,0,LOW
250000,2500,10,20,20,0,NONE,"06","4",6,1,0,LOW
250000,2500,10,20,20,0,NONE,"06","4",6,1,0,LOW
300000,3000,10,20,20,0,NONE,"06","4",4,1,0,LOW
500000,5000,10,20,20,0,NONE,"06","4",4,1,0,LOW
1500000,15000,10,20,20,0,NONE,"06","4",6,1,0,LOW
98350,984,20,20,20,98350,EMP1007,"06","7",4,1,0,MEDIUM
500000,5000,10,20,20,0,NONE,"06","4",6,1,0,LOW
1500000,15000,10,20,20,0,NONE,"06","5",4,1,0,LOW
68775,688,20,20,20,68775,EMP1007,"06","7",4,1,0,LOW
500000,5000,10,20,20,0,NONE,"06","5",6,1,0,LOW
80237,802,20,20,20,80237,EMP1007,"06","7",4,1,0,LOW
1000000,10000,10,20,20,0,NONE,"06","5",4,1,0,LOW
74025,740,20,20,20,74025,EMP1007,"06","7",4,1,0,LOW
12926,12926,20,10,10,12926,EMP1007,"06","7",7,1,0,LOW
9039,9039,20,10,10,9039,EMP1007,"06","7",5,1,0,LOW
10545,10545,20,10,10,10545,EMP1007,"06","7",5,1,0,LOW
9729,9729,20,10,10,9729,EMP1007,"06","7",5,1,0,LOW
12139,12139,20,10,10,12139,EMP1007,"06","7",5,1,0,LOW
8488,8488,20,10,10,8488,EMP1007,"06","1",7,1,0,LOW
9903,9903,20,10,10,9903,EMP1007,"06","7",5,1,0,LOW
9136,9136,20,10,10,9136,EMP1007,"06","1",5,1,0,LOW
1124,1124,30,10,10,1124,EMP1007,"06","6",3,1,0,LOW
786,786,30,10,10,786,EMP1007,"06","7",3,1,0,LOW
917,917,30,10,10,917,EMP1007,"06","7",3,1,0,LOW
846,846,30,10,10,846,EMP1007,"06","7",5,1,0,LOW
300000,3000,10,20,20,0,NONE,"06","7",6,1,0,LOW
250000,2500,10,20,20,0,NONE,"06","7",6,1,0,LOW
250000,2500,10,20,20,0,NONE,"06","7",4,1,0,LOW
300000,3000,10,20,20,0,NONE,"06","7",4,1,0,LOW
300000,3000,10,20,20,0,NONE,"06","2",4,1,0,LOW
250000,2500,10,20,20,0,NONE,"06","2",4,1,0,LOW
250000,2500,10,20,20,0,NONE,"06","2",4,1,0,LOW
300000,3000,10,20,20,0,NONE,"06","2",6,1,0,LOW
45912,45912,20,10,10,45912,EMP1042,"06","3",5,1,0,LOW
98350,984,20,20,20,98350,EMP1042,"06","3",4,1,0,LOW
68775,688,20,20,20,68775,EMP1042,"06","3",4,1,0,LOW
500000,5000,10,20,20,0,NONE,"06","1",4,1,0,LOW
80237,802,20,20,20,80237,EMP1042,"06","3",4,1,0,LOW
1500000,15000,10,20,20,0,NONE,"06","7",4,1,0,LOW
74025,740,20,20,20,74025,EMP1042,"06","3",4,1,0,LOW
12926,12926,20,10,10,12926,EMP1042,"06","3",5,1,0,LOW
9039,9039,20,10,10,9039,EMP1042,"06","3",7,1,0,LOW
10545,10545,20,10,10,10545,EMP1042,"06","3",5,1,0,LOW
12926,12926,20,10,10,12926,EMP1056,"06","6",5,1,0,LOW
9039,9039,20,10,10,9039,EMP1056,"06","6",7,1,0,LOW
10545,10545,20,10,10,10545,EMP1056,"06","5",7,1,0,LOW
9729,9729,20,10,10,9729,EMP1056,"06","6",5,1,0,LOW
12139,12139,20,10,10,12139,EMP1056,"06","5",5,1,0,LOW
8488,8488,20,10,10,8488,EMP1056,"06","5",5,1,0,LOW
9903,9903,20,10,10,9903,EMP1056,"06","5",7,1,0,HIGH
9136,9136,20,10,10,9136,EMP1056,"06","5",7,1,0,LOW
1124,1124,30,10,10,1124,EMP1056,"06","4",3,1,0,LOW
786,786,30,10,10,786,EMP1056,"06","5",5,1,0,LOW
917,917,30,10,10,917,EMP1056,"06","4",3,1,0,LOW
846,846,30,10,10,846,EMP1056,"06","6",5,1,0,LOW
300000,3000,10,20,20,0,NONE,"06","5",4,1,0,LOW
250000,2500,10,20,20,0,NONE,"06","5",4,1,0,LOW
250000,2500,10,20,20,0,NONE,"06","5",4,1,0,LOW
300000,3000,10,20,20,0,NONE,"06","5",4,1,0,LOW
45912,45912,20,10,10,45912,EMP1051,"06","6",7,1,0,LOW
1500000,15000,10,20,20,0,NONE,"06","4",4,1,0,LOW
98350,984,20,20,20,98350,EMP1051,"06","6",4,1,0,LOW
68775,688,20,20,20,68775,EMP1051,"06","6",4,1,0,LOW
500000,5000,10,20,20,0,NONE,"06","3",4,1,0,LOW
80237,802,20,20,20,80237,EMP1051,"06","6",4,1,0,HIGH
74025,740,20,20,20,74025,EMP1051,"06","6",4,1,0,LOW
12926,12926,20,10,10,12926,EMP1051,"06","7",5,1,0,LOW
9039,9039,20,10,10,9039,EMP1051,"06","6",5,1,0,LOW
10545,10545,20,10,10,10545,EMP1051,"06","7",9,1,0,LOW
9729,9729,20,10,10,9729,EMP1051,"06","7",5,1,0,LOW
12139,12139,20,10,10,12139,EMP1051,"06","6",5,1,0,LOW
8488,8488,20,10,10,8488,EMP1051,"06","7",5,1,0,LOW
9903,9903,20,10,10,9903,EMP1051,"06","7",7,1,0,LOW
9136,9136,20,10,10,9136,EMP1051,"06","6",5,1,0,LOW
1124,1124,30,10,10,1124,EMP1051,"06","7",5,1,0,LOW
786,786,30,10,10,786,EMP1051,"06","6",3,1,0,LOW
917,917,30,10,10,917,EMP1051,"06","5",3,1,0,LOW
846,846,30,10,10,846,EMP1051,"06","6",3,1,0,LOW
1500000,15000,10,20,20,0,NONE,"06","5",6,1,0,LOW
45912,45912,20,10,10,45912,EMP1007,"06","7",5,1,0,LOW
500000,5000,10,20,20,0,NONE,"06","5",4,1,0,LOW
864,864,30,10,10,864,EMP1002,"06","3",3,1,0,LOW
1058,1058,30,10,10,1058,EMP1002,"06","2",3,1,0,LOW
300000,3000,10,20,20,0,NONE,"06","3",6,1,0,LOW
250000,2500,10,20,20,0,NONE,"06","3",4,1,0,LOW
250000,2500,10,20,20,0,NONE,"06","3",6,1,0,LOW
300000,3000,10,20,20,0,NONE,"06","3",6,1,0,LOW
1500000,15000,10,20,20,0,NONE,"06","2",4,1,0,LOW
49325,49325,20,10,10,49325,EMP1002,"06","4",5,1,0,LOW
96515,965,20,20,20,96515,EMP1002,"06","4",4,1,0,LOW
80590,806,20,20,20,80590,EMP1002,"06","4",4,1,0,LOW
500000,5000,10,20,20,0,NONE,"06","1",4,1,0,LOW
75600,756,20,20,20,75600,EMP1002,"06","4",4,1,0,LOW
1500000,15000,10,20,20,0,NONE,"06","2",4,1,0,LOW
92575,926,20,20,20,92575,EMP1002,"06","4",4,1,0,MEDIUM
12687,12687,20,10,10,12687,EMP1002,"06","4",5,1,0,HIGH
10594,10594,20,10,10,10594,EMP1002,"06","4",5,1,0,LOW
9936,9936,20,10,10,9936,EMP1002,"06","4",5,1,0,LOW
12167,12167,20,10,10,12167,EMP1002,"06","4",5,1,0,LOW
11915,11915,20,10,10,11915,EMP1002,"06","6",9,1,0,LOW
9951,9951,20,10,10,9951,EMP1002,"06","4",5,1,0,LOW
9333,9333,20,10,10,9333,EMP1002,"06","4",5,1,0,LOW
11429,11429,20,10,10,11429,EMP1002,"06","5",5,1,0,LOW
1103,1103,30,10,10,1103,EMP1002,"06","5",5,1,0,LOW
921,921,30,10,10,921,EMP1002,"06","5",5,1,0,MEDIUM
864,864,30,10,10,864,EMP1002,"06","4",5,1,0,LOW
1058,1058,30,10,10,1058,EMP1002,"06","4",3,1,0,LOW
500000,5000,10,20,20,0,NONE,"06","4",4,1,0,LOW
45912,45912,20,10,10,45912,EMP1056,"06","5",5,1,0,LOW
500000,5000,10,20,20,0,NONE,"06","3",4,1,0,LOW
500000,5000,10,20,20,0,NONE,"06","2",4,1,0,LOW
98350,984,20,20,20,98350,EMP1056,"06","5",6,1,0,LOW
68775,688,20,20,20,68775,EMP1056,"06","5",4,1,0,LOW
500000,5000,10,20,20,0,NONE,"06","3",8,1,0,LOW
500000,5000,10,20,20,0,NONE,"06","2",4,1,0,LOW
80237,802,20,20,20,80237,EMP1056,"06","5",4,1,0,LOW
500000,5000,10,20,20,0,NONE,"06","2",4,1,0,LOW
74025,740,20,20,20,74025,EMP1056,"06","5",6,1,0,LOW
92575,926,20,20,20,92575,EMP1001,"06","1",4,1,0,LOW
12684,12684,20,10,10,12684,EMP1001,"06","1",7,1,0,LOW
10591,10591,20,10,10,10591,EMP1001,"06","1",5,1,0,LOW
9936,9936,20,10,10,9936,EMP1001,"06","1",5,1,0,LOW
12167,12167,20,10,10,12167,EMP1001,"06","1",7,1,0,LOW
11912,11912,20,10,10,11912,EMP1001,"06","2",5,1,0,MEDIUM
9946,9946,20,10,10,9946,EMP1001,"06","1",5,1,0,LOW
9331,9331,20,10,10,9331,EMP1001,"06","3",9,1,0,HIGH
11426,11426,20,10,10,11426,EMP1001,"06","2",5,1,0,LOW
1103,1103,30,10,10,1103,EMP1001,"06","2",5,1,0,LOW
921,921,30,10,10,921,EMP1001,"06","7",3,1,0,LOW
864,864,30,10,10,864,EMP1001,"06","1",5,1,0,LOW
1058,1058,30,10,10,1058,EMP1001,"06","1",3,1,0,LOW
300000,3000,10,20,20,0,NONE,"06","1",4,1,0,LOW
250000,2500,10,20,20,0,NONE,"06","1",8,1,0,LOW
250000,2500,10,20,20,0,NONE,"06","1",8,1,0,LOW
300000,3000,10,20,20,0,NONE,"06","1",6,1,0,LOW
49325,49325,20,10,10,49325,EMP1002,"06","3",7,1,0,LOW
1000000,10000,10,20,20,0,NONE,"06","1",4,1,0,LOW
96512,965,20,20,20,96512,EMP1002,"06","3",4,1,0,LOW
500000,5000,10,20,20,0,NONE,"06","1",4,1,0,LOW
80587,806,20,20,20,80587,EMP1002,"06","3",4,1,0,LOW
500000,5000,10,20,20,0,NONE,"06","1",6,1,0,LOW
500000,5000,10,20,20,0,NONE,"06","1",4,1,0,LOW
1500000,15000,10,20,20,0,NONE,"06","7",4,1,0,LOW
75600,756,20,20,20,75600,EMP1002,"06","5",8,1,0,LOW
92575,926,20,20,20,92575,EMP1002,"06","3",4,1,0,MEDIUM
12684,12684,20,10,10,12684,EMP1002,"06","3",5,1,0,LOW
10591,10591,20,10,10,10591,EMP1002,"06","3",5,1,0,LOW
9936,9936,20,10,10,9936,EMP1002,"06","3",5,1,0,LOW
12167,12167,20,10,10,12167,EMP1002,"06","3",7,1,0,LOW
11912,11912,20,10,10,11912,EMP1002,"06","4",7,1,0,LOW
9946,9946,20,10,10,9946,EMP1002,"06","3",5,1,0,LOW
9331,9331,20,10,10,9331,EMP1002,"06","3",5,1,0,LOW
11426,11426,20,10,10,11426,EMP1002,"06","3",7,1,0,HIGH
1103,1103,30,10,10,1103,EMP1002,"06","3",3,1,0,LOW
921,921,30,10,10,921,EMP1002,"06","2",3,1,0,LOW
300000,3000,10,20,20,0,NONE,"06","6",6,1,0,HIGH
250000,2500,10,20,20,0,NONE,"06","6",4,1,0,LOW
250000,2500,10,20,20,0,NONE,"06","6",6,1,0,LOW
300000,3000,10,20,20,0,NONE,"06","6",4,1,0,LOW
1500000,15000,10,20,20,0,NONE,"06","5",6,1,0,LOW
49325,49325,20,10,10,49325,EMP1048,"06","7",7,1,0,LOW
500000,5000,10,20,20,0,NONE,"06","5",4,1,0,LOW
1500000,15000,10,20,20,0,NONE,"06","4",6,1,0,LOW
96512,965,20,20,20,96512,EMP1048,"06","7",4,1,0,LOW
500000,5000,10,20,20,0,NONE,"06","5",4,1,0,LOW
80587,806,20,20,20,80587,EMP1048,"06","7",4,1,0,LOW
500000,5000,10,20,20,0,NONE,"06","4",4,1,0,LOW
75600,756,20,20,20,75600,EMP1048,"06","7",6,1,0,LOW
500000,5000,10,20,20,0,NONE,"06","6",6,1,0,LOW
92575,926,20,20,20,92575,EMP1048,"06","7",6,1,0,LOW
12684,12684,20,10,10,12684,EMP1048,"06","7",5,1,0,LOW
10591,10591,20,10,10,10591,EMP1048,"06","7",5,1,0,LOW
9936,9936,20,10,10,9936,EMP1048,"06","7",5,1,0,LOW
12167,12167,20,10,10,12167,EMP1048,"06","2",9,1,0,LOW
11912,11912,20,10,10,11912,EMP1048,"06","1",7,1,0,LOW
9946,9946,20,10,10,9946,EMP1048,"06","1",5,1,0,MEDIUM
9331,9331,20,10,10,9331,EMP1048,"06","7",5,1,0,LOW
11426,11426,20,10,10,11426,EMP1048,"06","7",7,1,0,LOW
1103,1103,30,10,10,1103,EMP1048,"06","7",3,1,0,LOW
921,921,30,10,10,921,EMP1048,"06","7",3,1,0,LOW
864,864,30,10,10,864,EMP1048,"06","7",3,1,0,LOW
1058,1058,30,10,10,1058,EMP1048,"06","7",5,1,0,MEDIUM
49325,49325,20,10,10,49325,EMP1001,"06","1",5,1,0,LOW
500000,5000,10,20,20,0,NONE,"06","6",4,1,0,LOW
500000,5000,10,20,20,0,NONE,"06","6",4,1,0,LOW
96512,965,20,20,20,96512,EMP1001,"06","1",6,1,0,LOW
500000,5000,10,20,20,0,NONE,"06","6",6,1,0,LOW
1500000,15000,10,20,20,0,NONE,"06","5",4,1,0,HIGH
1500000,15000,10,20,20,0,NONE,"06","6",8,1,0,LOW
80587,806,20,20,20,80587,EMP1001,"06","1",4,1,0,MEDIUM
500000,5000,10,20,20,0,NONE,"06","5",4,1,0,LOW
75600,756,20,20,20,75600,EMP1001,"06","1",4,1,0,MEDIUM
1000000,10000,10,20,20,0,NONE,"06","3",8,1,0,LOW
96512,965,20,20,20,96512,EMP1041,"06","5",6,1,0,LOW
80587,806,20,20,20,80587,EMP1041,"06","5",6,1,0,LOW
75600,756,20,20,20,75600,EMP1041,"06","5",4,1,0,LOW
500000,5000,10,20,20,0,NONE,"06","3",4,1,0,LOW
92575,926,20,20,20,92575,EMP1041,"06","5",4,1,0,LOW
12684,12684,20,10,10,12684,EMP1041,"06","5",7,1,0,LOW
10591,10591,20,10,10,10591,EMP1041,"06","5",5,1,0,LOW
9936,9936,20,10,10,9936,EMP1041,"06","5",7,1,0,LOW
12167,12167,20,10,10,12167,EMP1041,"06","5",5,1,0,MEDIUM
11912,11912,20,10,10,11912,EMP1041,"06","5",5,1,0,LOW
9946,9946,20,10,10,9946,EMP1041,"06","5",5,1,0,LOW
9331,9331,20,10,10,9331,EMP1041,"06","5",7,1,0,LOW
11426,11426,20,10,10,11426,EMP1041,"06","5",5,1,0,LOW
1103,1103,30,10,10,1103,EMP1041,"06","5",3,1,0,LOW
921,921,30,10,10,921,EMP1041,"06","5",3,1,0,LOW
864,864,30,10,10,864,EMP1041,"06","5",3,1,0,LOW
1058,1058,30,10,10,1058,EMP1041,"06","5",5,1,0,LOW
1500000,15000,10,20,20,0,NONE,"06","3",4,1,0,LOW
49325,49325,20,10,10,49325,EMP1006,"06","6",5,1,0,LOW
500000,5000,10,20,20,0,NONE,"06","4",4,1,0,LOW
96512,965,20,20,20,96512,EMP1006,"06","6",4,1,0,LOW
500000,5000,10,20,20,0,NONE,"06","4",4,1,0,LOW
80587,806,20,20,20,80587,EMP1006,"06","6",4,1,0,LOW
75600,756,20,20,20,75600,EMP1006,"06","6",4,1,0,LOW
92575,926,20,20,20,92575,EMP1006,"06","6",6,1,0,LOW
12684,12684,20,10,10,12684,EMP1006,"06","6",7,1,0,LOW
10591,10591,20,10,10,10591,EMP1006,"06","6",5,1,0,MEDIUM
9936,9936,20,10,10,9936,EMP1006,"06","6",7,1,0,LOW
12167,12167,20,10,10,12167,EMP1006,"06","6",5,1,0,LOW
11912,11912,20,10,10,11912,EMP1006,"06","7",5,1,0,LOW
9946,9946,20,10,10,9946,EMP1006,"06","6",7,1,0,LOW
9331,9331,20,10,10,9331,EMP1006,"06","6",5,1,0,LOW
11426,11426,20,10,10,11426,EMP1006,"06","6",5,1,0,LOW
1103,1103,30,10,10,1103,EMP1006,"06","6",3,1,0,LOW
921,921,30,10,10,921,EMP1006,"06","5",3,1,0,LOW
864,864,30,10,10,864,EMP1006,"06","6",3,1,0,LOW
1058,1058,30,10,10,1058,EMP1006,"06","7",5,1,0,LOW
400000,400000,40,10,10,0,NONE,"06","3",7,1,0,LOW
30000,30000,40,10,10,0,NONE,"06","3",5,1,0,LOW
1500000,15000,10,20,20,0,NONE,"06","2",6,1,0,LOW
51540,51540,20,10,10,51540,EMP1007,"06","4",5,1,0,LOW
500000,5000,10,20,20,0,NONE,"06","2",4,1,0,HIGH
500000,5000,10,20,20,0,NONE,"06","2",8,1,0,HIGH
500000,5000,10,20,20,0,NONE,"06","2",4,1,0,LOW
89250,893,20,20,20,89250,EMP1007,"06","4",4,1,0,LOW
500000,5000,10,20,20,0,NONE,"06","1",6,1,0,LOW
500000,5000,10,20,20,0,NONE,"06","1",8,1,0,LOW
88375,884,20,20,20,88375,EMP1007,"06","4",4,1,0,LOW
500000,5000,10,20,20,0,NONE,"06","2",4,1,0,LOW
84000,840,20,20,20,84000,EMP1007,"06","4",6,1,0,LOW
500000,5000,10,20,20,0,NONE,"06","2",4,1,0,LOW
500000,5000,10,20,20,0,NONE,"06","2",4,1,0,LOW
1500000,15000,10,20,20,0,NONE,"06","2",4,1,0,LOW
99140,991,20,20,20,99140,EMP1007,"06","4",6,1,0,LOW
11730,11730,20,10,10,11730,EMP1007,"06","4",5,1,0,LOW
11615,11615,20,10,10,11615,EMP1007,"06","4",5,1,0,LOW
11040,11040,20,10,10,11040,EMP1007,"06","4",5,1,0,LOW
13032,13032,20,10,10,13032,EMP1007,"06","4",5,1,0,LOW
11016,11016,20,10,10,11016,EMP1007,"06","5",7,1,0,LOW
10908,10908,20,10,10,10908,EMP1007,"06","4",5,1,0,LOW
10368,10368,20,10,10,10368,EMP1007,"06","4",5,1,0,LOW
12239,12239,20,10,10,12239,EMP1007,"06","4",5,1,0,LOW
1020,1020,30,10,10,1020,EMP1007,"06","4",3,1,0,LOW
1010,1010,30,10,10,1010,EMP1007,"06","3",3,1,0,MEDIUM
960,960,30,10,10,960,EMP1007,"06","5",5,1,0,LOW
1133,1133,30,10,10,1133,EMP1007,"06","4",3,1,0,LOW
300000,3000,10,20,20,0,NONE,"06","4",4,1,0,LOW
250000,2500,10,20,20,0,NONE,"06","4",4,1,0,LOW
250000,2500,10,20,20,0,NONE,"06","4",6,1,0,LOW
300000,3000,10,20,20,0,NONE,"06","4",4,1,0,LOW
500000,5000,10,20,20,0,NONE,"06","4",6,1,0,LOW
49325,49325,20,10,10,49325,EMP1041,"06","5",7,1,0,LOW
500000,5000,10,20,20,0,NONE,"06","3",4,1,0,HIGH
500000,5000,10,20,20,0,NONE,"06","3",4,1,0,LOW
11730,11730,20,10,10,11730,EMP1005,"06","1",5,1,0,LOW
11615,11615,20,10,10,11615,EMP1005,"06","2",9,1,0,LOW
11040,11040,20,10,10,11040,EMP1005,"06","1",5,1,0,LOW
13029,13029,20,10,10,13029,EMP1005,"06","1",5,1,0,MEDIUM
11016,11016,20,10,10,11016,EMP1005,"06","1",5,1,0,LOW
10908,10908,20,10,10,10908,EMP1005,"06","2",7,1,0,HIGH
10368,10368,20,10,10,10368,EMP1005,"06","2",5,1,0,LOW
12236,12236,20,10,10,12236,EMP1005,"06","2",5,1,0,LOW
1020,1020,30,10,10,1020,EMP1005,"06","1",3,1,0,LOW
1010,1010,30,10,10,1010,EMP1005,"06","1",3,1,0,LOW
960,960,30,10,10,960,EMP1005,"06","7",3,1,0,LOW
1133,1133,30,10,10,1133,EMP1005,"06","1",3,1,0,LOW
300000,3000,10,20,20,0,NONE,"06","2",6,1,0,LOW
250000,2500,10,20,20,0,NONE,"06","2",4,1,0,LOW
250000,2500,10,20,20,0,NONE,"06","2",4,1,0,LOW
300000,3000,10,20,20,0,NONE,"06","2",6,1,0,LOW
51537,51537,20,10,10,51537,EMP1051,"06","4",9,1,0,LOW
89250,893,20,20,20,89250,EMP1051,"06","3",6,1,0,LOW
88375,884,20,20,20,88375,EMP1051,"06","3",4,1,0,LOW
1500000,15000,10,20,20,0,NONE,"06","7",8,1,0,LOW
84000,840,20,20,20,84000,EMP1051,"06","4",8,1,0,LOW
500000,5000,10,20,20,0,NONE,"06","1",4,1,0,LOW
99137,991,20,20,20,99137,EMP1051,"06","3",4,1,0,LOW
11730,11730,20,10,10,11730,EMP1051,"06","3",5,1,0,LOW
11615,11615,20,10,10,11615,EMP1051,"06","3",7,1,0,LOW
11040,11040,20,10,10,11040,EMP1051,"06","3",5,1,0,LOW
13029,13029,20,10,10,13029,EMP1051,"06","3",7,1,0,LOW
11016,11016,20,10,10,11016,EMP1051,"06","4",5,1,0,LOW
10908,10908,20,10,10,10908,EMP1051,"06","3",7,1,0,LOW
10368,10368,20,10,10,10368,EMP1051,"06","3",5,1,0,LOW
12236,12236,20,10,10,12236,EMP1051,"06","3",7,1,0,LOW
1020,1020,30,10,10,1020,EMP1051,"06","2",3,1,0,LOW
1010,1010,30,10,10,1010,EMP1051,"06","4",7,1,0,LOW
960,960,30,10,10,960,EMP1051,"06","3",3,1,0,LOW
1133,1133,30,10,10,1133,EMP1051,"06","4",7,1,0,LOW
500000,500000,40,10,10,0,NONE,"06","3",5,1,0,LOW
500000,500000,40,10,10,0,NONE,"06","3",5,1,0,LOW
400000,400000,40,10,10,0,NONE,"06","3",7,1,0,LOW
1000000,10000,10,20,20,0,NONE,"06","4",4,1,0,LOW
1500000,15000,10,20,20,0,NONE,"06","4",4,1,0,LOW
51537,51537,20,10,10,51537,EMP1051,"06","7",5,1,0,LOW
89250,893,20,20,20,89250,EMP1051,"06","2",8,1,0,HIGH
500000,5000,10,20,20,0,NONE,"06","5",8,1,0,HIGH
500000,5000,10,20,20,0,NONE,"06","5",6,1,0,LOW
500000,5000,10,20,20,0,NONE,"06","5",4,1,0,LOW
1500000,15000,10,20,20,0,NONE,"06","5",4,1,0,LOW
88375,884,20,20,20,88375,EMP1051,"06","7",4,1,0,LOW
84000,840,20,20,20,84000,EMP1051,"06","7",6,1,0,LOW
99137,991,20,20,20,99137,EMP1051,"06","1",8,1,0,HIGH
11730,11730,20,10,10,11730,EMP1051,"06","7",5,1,0,LOW
11615,11615,20,10,10,11615,EMP1051,"06","1",9,1,0,LOW
11040,11040,20,10,10,11040,EMP1051,"06","7",5,1,0,LOW
13029,13029,20,10,10,13029,EMP1051,"06","7",7,1,0,LOW
11016,11016,20,10,10,11016,EMP1051,"06","2",9,1,0,LOW
10908,10908,20,10,10,10908,EMP1051,"06","1",7,1,0,LOW
10368,10368,20,10,10,10368,EMP1051,"06","7",5,1,0,LOW
12236,12236,20,10,10,12236,EMP1051,"06","1",5,1,0,LOW
1020,1020,30,10,10,1020,EMP1051,"06","7",3,1,0,MEDIUM
1010,1010,30,10,10,1010,EMP1051,"06","7",3,1,0,LOW
960,960,30,10,10,960,EMP1051,"06","6",3,1,0,LOW
1133,1133,30,10,10,1133,EMP1051,"06","1",5,1,0,LOW
300000,3000,10,20,20,0,NONE,"06","7",4,1,0,LOW
250000,2500,10,20,20,0,NONE,"06","7",4,1,0,LOW
250000,2500,10,20,20,0,NONE,"06","7",6,1,0,LOW
300000,3000,10,20,20,0,NONE,"06","7",6,1,0,LOW
51537,51537,20,10,10,51537,EMP1005,"06","1",7,1,0,LOW
89250,893,20,20,20,89250,EMP1005,"06","1",6,1,0,HIGH
500000,5000,10,20,20,0,NONE,"06","6",4,1,0,LOW
1500000,15000,10,20,20,0,NONE,"06","6",4,1,0,LOW
88375,884,20,20,20,88375,EMP1005,"06","1",4,1,0,LOW
500000,5000,10,20,20,0,NONE,"06","6",4,1,0,LOW
84000,840,20,20,20,84000,EMP1005,"06","1",4,1,0,LOW
500000,5000,10,20,20,0,NONE,"06","6",4,1,0,LOW
500000,5000,10,20,20,0,NONE,"06","6",4,1,0,LOW
99137,991,20,20,20,99137,EMP1005,"06","1",4,1,0,LOW
11040,11040,20,10,10,11040,EMP1051,"06","5",5,1,0,LOW
13029,13029,20,10,10,13029,EMP1051,"06","5",7,1,0,HIGH
11016,11016,20,10,10,11016,EMP1051,"06","5",5,1,0,LOW
10908,10908,20,10,10,10908,EMP1051,"06","5",7,1,0,LOW
10368,10368,20,10,10,10368,EMP1051,"06","5",7,1,0,LOW
12236,12236,20,10,10,12236,EMP1051,"06","6",5,1,0,LOW
1020,1020,30,10,10,1020,EMP1051,"06","5",3,1,0,LOW
1010,1010,30,10,10,1010,EMP1051,"06","5",3,1,0,LOW
960,960,30,10,10,960,EMP1051,"06","5",3,1,0,LOW
1133,1133,30,10,10,1133,EMP1051,"06","5",3,1,0,LOW
300000,3000,10,20,20,0,NONE,"06","5",4,1,0,LOW
250000,2500,10,20,20,0,NONE,"06","5",4,1,0,LOW
250000,2500,10,20,20,0,NONE,"06","5",4,1,0,LOW
300000,3000,10,20,20,0,NONE,"06","5",4,1,0,LOW
51537,51537,20,10,10,51537,EMP1053,"06","6",5,1,0,LOW
1500000,15000,10,20,20,0,NONE,"06","4",4,1,0,LOW
89250,893,20,20,20,89250,EMP1053,"06","6",4,1,0,LOW
500000,5000,10,20,20,0,NONE,"06","4",4,1,0,LOW
88375,884,20,20,20,88375,EMP1053,"06","6",4,1,0,LOW
84000,840,20,20,20,84000,EMP1053,"06","6",4,1,0,LOW
500000,5000,10,20,20,0,NONE,"06","4",4,1,0,LOW
500000,5000,10,20,20,0,NONE,"06","4",4,1,0,LOW
500000,5000,10,20,20,0,NONE,"06","4",4,1,0,LOW
99137,991,20,20,20,99137,EMP1053,"06","6",4,1,0,LOW
11730,11730,20,10,10,11730,EMP1053,"06","6",5,1,0,LOW
11615,11615,20,10,10,11615,EMP1053,"06","6",5,1,0,LOW
11040,11040,20,10,10,11040,EMP1053,"06","6",7,1,0,HIGH
13029,13029,20,10,10,13029,EMP1053,"06","6",5,1,0,LOW
11016,11016,20,10,10,11016,EMP1053,"06","6",7,1,0,LOW
10908,10908,20,10,10,10908,EMP1053,"06","7",9,1,0,LOW
10368,10368,20,10,10,10368,EMP1053,"06","6",7,1,0,LOW
12236,12236,20,10,10,12236,EMP1053,"06","6",5,1,0,LOW
1020,1020,30,10,10,1020,EMP1053,"06","6",3,1,0,LOW
1010,1010,30,10,10,1010,EMP1053,"06","6",3,1,0,LOW
960,960,30,10,10,960,EMP1053,"06","6",3,1,0,LOW
1133,1133,30,10,10,1133,EMP1053,"06","6",3,1,0,LOW
1000000,10000,10,20,20,0,NONE,"06","5",8,1,0,HIGH
300000,3000,10,20,20,0,NONE,"06","3",6,1,0,LOW
1500000,15000,10,20,20,0,NONE,"06","2",6,1,0,HIGH
1500000,15000,10,20,20,0,NONE,"06","2",4,1,0,LOW
51465,51465,20,10,10,51465,EMP1003,"06","4",7,1,0,LOW
95725,957,20,20,20,95725,EMP1003,"06","4",4,1,0,LOW
500000,5000,10,20,20,0,NONE,"06","2",4,1,0,LOW
65715,657,20,20,20,65715,EMP1003,"06","4",4,1,0,LOW
500000,5000,10,20,20,0,NONE,"06","2",4,1,0,HIGH
500000,5000,10,20,20,0,NONE,"06","2",4,1,0,LOW
500000,5000,10,20,20,0,NONE,"06","2",4,1,0,LOW
109200,1092,20,20,20,109200,EMP1003,"06","4",4,1,0,LOW
500000,5000,10,20,20,0,NONE,"06","2",4,1,0,LOW
89600,896,20,20,20,89600,EMP1003,"06","4",6,1,0,LOW
12581,12581,20,10,10,12581,EMP1003,"06","4",5,1,0,LOW
8639,8639,20,10,10,8639,EMP1003,"06","4",5,1,0,LOW
14352,14352,20,10,10,14352,EMP1003,"06","4",5,1,0,LOW
11776,11776,20,10,10,11776,EMP1003,"06","5",7,1,0,HIGH
11816,11816,20,10,10,11816,EMP1003,"06","4",5,1,0,LOW
8114,8114,20,10,10,8114,EMP1003,"06","4",5,1,0,LOW
13480,13480,20,10,10,13480,EMP1003,"06","4",5,1,0,LOW
11060,11060,20,10,10,11060,EMP1003,"06","4",5,1,0,LOW
1094,1094,30,10,10,1094,EMP1003,"06","3",3,1,0,LOW
751,751,30,10,10,751,EMP1003,"06","4",3,1,0,LOW
1248,1248,30,10,10,1248,EMP1003,"06","5",5,1,0,LOW
1024,1024,30,10,10,1024,EMP1003,"06","4",7,1,0,LOW
500000,5000,10,20,20,0,NONE,"06","4",4,1,0,LOW
1500000,15000,10,20,20,0,NONE,"06","2",4,1,0,LOW
51537,51537,20,10,10,51537,EMP1051,"06","5",5,1,0,LOW
89250,893,20,20,20,89250,EMP1051,"06","5",4,1,0,MEDIUM
500000,5000,10,20,20,0,NONE,"06","3",4,1,0,LOW
500000,5000,10,20,20,0,NONE,"06","3",6,1,0,LOW
500000,5000,10,20,20,0,NONE,"06","3",6,1,0,LOW
88375,884,20,20,20,88375,EMP1051,"06","5",4,1,0,LOW
84000,840,20,20,20,84000,EMP1051,"06","5",4,1,0,LOW
99137,991,20,20,20,99137,EMP1051,"06","5",4,1,0,LOW
11730,11730,20,10,10,11730,EMP1051,"06","6",5,1,0,LOW
11615,11615,20,10,10,11615,EMP1051,"06","5",5,1,0,LOW
14352,14352,20,10,10,14352,EMP1057,"05","6",3,0,0,MEDIUM
11815,11815,20,10,10,11815,EMP1057,"05","6",3,0,0,LOW
8110,8110,20,10,10,8110,EMP1057,"05","7",3,0,0,MEDIUM
13478,13478,20,10,10,13478,EMP1057,"05","6",3,0,0,LOW
11059,11059,20,10,10,11059,EMP1057,"05","6",3,0,0,LOW
1094,1094,30,10,10,1094,EMP1057,"05","7",1,0,0,LOW
751,751,30,10,10,751,EMP1057,"05","7",1,0,0,LOW
1248,1248,30,10,10,1248,EMP1057,"05","7",1,0,0,LOW
1024,1024,30,10,10,1024,EMP1057,"05","7",1,0,0,LOW
300000,3000,10,20,20,0,NONE,"06","1",4,1,0,LOW
250000,2500,10,20,20,0,NONE,"06","1",6,1,0,LOW
250000,2500,10,20,20,0,NONE,"06","1",6,1,0,LOW
300000,3000,10,20,20,0,NONE,"06","1",4,1,0,LOW
51462,51462,20,10,10,51462,EMP1059,"06","3",5,1,0,LOW
500000,5000,10,20,20,0,NONE,"06","1",6,1,0,LOW
95725,957,20,20,20,95725,EMP1059,"06","3",4,1,0,LOW
65712,657,20,20,20,65712,EMP1059,"06","3",6,1,0,LOW
500000,5000,10,20,20,0,NONE,"06","1",4,1,0,LOW
500000,5000,10,20,20,0,NONE,"06","1",4,1,0,LOW
109200,1092,20,20,20,109200,EMP1059,"06","3",6,1,0,LOW
1500000,15000,10,20,20,0,NONE,"06","1",4,1,0,LOW
89600,896,20,20,20,89600,EMP1059,"06","3",4,1,0,LOW
12581,12581,20,10,10,12581,EMP1059,"06","5",9,1,0,HIGH
8636,8636,20,10,10,8636,EMP1059,"06","3",5,1,0,LOW
14352,14352,20,10,10,14352,EMP1059,"06","3",5,1,0,LOW
11776,11776,20,10,10,11776,EMP1059,"06","3",5,1,0,LOW
11815,11815,20,10,10,11815,EMP1059,"06","3",5,1,0,LOW
8110,8110,20,10,10,8110,EMP1059,"06","3",7,1,0,LOW
13478,13478,20,10,10,13478,EMP1059,"06","3",5,1,0,LOW
11059,11059,20,10,10,11059,EMP1059,"06","4",5,1,0,LOW
1094,1094,30,10,10,1094,EMP1059,"06","3",3,1,0,LOW
751,751,30,10,10,751,EMP1059,"06","3",3,1,0,LOW
1248,1248,30,10,10,1248,EMP1059,"06","3",3,1,0,LOW
1024,1024,30,10,10,1024,EMP1059,"06","3",3,1,0,LOW
300000,3000,10,20,20,0,NONE,"06","3",4,1,0,LOW
250000,2500,10,20,20,0,NONE,"06","3",4,1,0,LOW
250000,2500,10,20,20,0,NONE,"06","3",6,1,0,LOW
51462,51462,20,10,10,51462,EMP1050,"05","5",3,0,0,MEDIUM
500000,5000,10,20,20,0,NONE,"05","4",2,0,0,LOW
65712,657,20,20,20,65712,EMP1050,"05","5",2,0,0,LOW
500000,5000,10,20,20,0,NONE,"05","4",2,0,0,LOW
500000,5000,10,20,20,0,NONE,"05","3",2,0,0,LOW
500000,5000,10,20,20,0,NONE,"05","4",2,0,0,LOW
1500000,15000,10,20,20,0,NONE,"05","4",2,0,0,LOW
109200,1092,20,20,20,109200,EMP1050,"05","5",2,0,0,LOW
500000,5000,10,20,20,0,NONE,"05","4",2,0,0,LOW
89600,896,20,20,20,89600,EMP1050,"05","5",2,0,0,LOW
12581,12581,20,10,10,12581,EMP1050,"05","5",3,0,0,LOW
8636,8636,20,10,10,8636,EMP1050,"05","5",3,0,0,LOW
14352,14352,20,10,10,14352,EMP1050,"05","5",3,0,0,MEDIUM
11776,11776,20,10,10,11776,EMP1050,"05","5",3,0,0,LOW
11815,11815,20,10,10,11815,EMP1050,"05","5",3,0,0,MEDIUM
8110,8110,20,10,10,8110,EMP1050,"05","6",3,0,0,LOW
13478,13478,20,10,10,13478,EMP1050,"05","6",3,0,0,LOW
11059,11059,20,10,10,11059,EMP1050,"05","5",3,0,0,LOW
1094,1094,30,10,10,1094,EMP1050,"05","5",1,0,0,LOW
751,751,30,10,10,751,EMP1050,"05","5",1,0,0,LOW
1248,1248,30,10,10,1248,EMP1050,"05","6",1,0,0,LOW
1024,1024,30,10,10,1024,EMP1050,"05","6",1,0,0,LOW
300000,3000,10,20,20,0,NONE,"05","6",2,0,0,LOW
250000,2500,10,20,20,0,NONE,"05","6",4,0,0,LOW
250000,2500,10,20,20,0,NONE,"05","6",2,0,0,LOW
300000,3000,10,20,20,0,NONE,"05","6",2,0,0,LOW
51462,51462,20,10,10,51462,EMP1057,"05","6",3,0,0,LOW
95725,957,20,20,20,95725,EMP1057,"05","6",2,0,0,LOW
65712,657,20,20,20,65712,EMP1057,"05","6",2,0,0,LOW
500000,5000,10,20,20,0,NONE,"05","5",2,0,0,LOW
1500000,15000,10,20,20,0,NONE,"05","5",2,0,0,LOW
109200,1092,20,20,20,109200,EMP1057,"05","6",2,0,0,LOW
1000000,10000,10,20,20,0,NONE,"05","5",2,0,0,LOW
89600,896,20,20,20,89600,EMP1057,"05","6",2,0,0,LOW
12581,12581,20,10,10,12581,EMP1057,"05","6",3,0,0,LOW
8636,8636,20,10,10,8636,EMP1057,"05","6",3,0,0,LOW
11776,11776,20,10,10,11776,EMP1057,"05","6",3,0,0,LOW
14720,14720,20,10,10,14720,EMP1007,"05","3",3,0,0,LOW
13837,13837,20,10,10,13837,EMP1007,"05","3",3,0,0,LOW
10042,10042,20,10,10,10042,EMP1007,"05","3",3,0,0,LOW
11526,11526,20,10,10,11526,EMP1007,"05","4",3,0,0,LOW
13824,13824,20,10,10,13824,EMP1007,"05","3",3,0,0,LOW
12994,12994,20,10,10,12994,EMP1007,"05","4",3,0,0,LOW
9430,9430,20,10,10,9430,EMP1007,"05","3",3,0,0,LOW
1067,1067,30,10,10,1067,EMP1007,"05","4",1,0,0,LOW
1280,1280,30,10,10,1280,EMP1007,"05","3",1,0,0,LOW
1203,1203,30,10,10,1203,EMP1007,"05","4",1,0,0,LOW
873,873,30,10,10,873,EMP1007,"05","4",1,0,0,LOW
300000,3000,10,20,20,0,NONE,"05","4",2,0,0,LOW
250000,2500,10,20,20,0,NONE,"05","4",2,0,0,LOW
250000,2500,10,20,20,0,NONE,"05","4",2,0,0,LOW
300000,3000,10,20,20,0,NONE,"05","4",2,0,0,LOW
500000,5000,10,20,20,0,NONE,"05","4",2,0,0,LOW
51462,51462,20,10,10,51462,EMP1007,"05","4",3,0,0,LOW
95725,957,20,20,20,95725,EMP1007,"05","4",2,0,0,LOW
1500000,15000,10,20,20,0,NONE,"05","2",2,0,0,LOW
65712,657,20,20,20,65712,EMP1007,"05","4",2,0,0,LOW
500000,5000,10,20,20,0,NONE,"05","2",2,0,0,LOW
109200,1092,20,20,20,109200,EMP1007,"05","4",2,0,0,LOW
500000,5000,10,20,20,0,NONE,"05","2",2,0,0,LOW
89600,896,20,20,20,89600,EMP1007,"05","4",2,0,0,LOW
12581,12581,20,10,10,12581,EMP1007,"05","4",3,0,0,MEDIUM
8636,8636,20,10,10,8636,EMP1007,"05","4",3,0,0,LOW
14352,14352,20,10,10,14352,EMP1007,"05","4",3,0,0,LOW
11776,11776,20,10,10,11776,EMP1007,"05","4",3,0,0,LOW
11815,11815,20,10,10,11815,EMP1007,"05","5",3,0,0,LOW
8110,8110,20,10,10,8110,EMP1007,"05","5",3,0,0,LOW
13478,13478,20,10,10,13478,EMP1007,"05","4",3,0,0,LOW
11059,11059,20,10,10,11059,EMP1007,"05","5",3,0,0,MEDIUM
1094,1094,30,10,10,1094,EMP1007,"05","5",1,0,0,LOW
751,751,30,10,10,751,EMP1007,"05","5",1,0,0,LOW
1248,1248,30,10,10,1248,EMP1007,"05","5",1,0,0,LOW
1024,1024,30,10,10,1024,EMP1007,"05","5",1,0,0,LOW
1500000,15000,10,20,20,0,NONE,"05","4",2,0,0,LOW
95725,957,20,20,20,95725,EMP1050,"05","5",2,0,0,LOW
300000,3000,10,20,20,0,NONE,"05","7",2,0,0,LOW
300000,3000,10,20,20,0,NONE,"05","2",2,0,0,LOW
250000,2500,10,20,20,0,NONE,"05","2",2,0,0,LOW
250000,2500,10,20,20,0,NONE,"05","2",2,0,0,LOW
300000,3000,10,20,20,0,NONE,"05","2",2,0,0,LOW
1500000,15000,10,20,20,0,NONE,"05","2",2,0,0,LOW
1500000,15000,10,20,20,0,NONE,"05","2",2,0,0,LOW
55287,55287,20,10,10,55287,EMP1049,"05","2",3,0,0,LOW
1000000,10000,10,20,20,0,NONE,"05","1",2,0,0,LOW
93362,934,20,20,20,93362,EMP1049,"05","2",2,0,0,LOW
112000,1120,20,20,20,112000,EMP1049,"05","2",2,0,0,LOW
500000,5000,10,20,20,0,NONE,"05","1",2,0,0,LOW
500000,5000,10,20,20,0,NONE,"05","1",2,0,0,LOW
105262,1053,20,20,20,105262,EMP1049,"05","3",4,0,0,LOW
500000,5000,10,20,20,0,NONE,"05","1",2,0,0,LOW
76387,764,20,20,20,76387,EMP1049,"05","2",2,0,0,LOW
12270,12270,20,10,10,12270,EMP1049,"05","2",3,0,0,LOW
14720,14720,20,10,10,14720,EMP1049,"05","2",3,0,0,HIGH
13834,13834,20,10,10,13834,EMP1049,"05","2",3,0,0,LOW
10039,10039,20,10,10,10039,EMP1049,"05","2",3,0,0,LOW
11523,11523,20,10,10,11523,EMP1049,"05","3",3,0,0,LOW
13824,13824,20,10,10,13824,EMP1049,"05","2",3,0,0,LOW
12992,12992,20,10,10,12992,EMP1049,"05","3",3,0,0,LOW
9428,9428,20,10,10,9428,EMP1049,"05","2",3,0,0,MEDIUM
1067,1067,30,10,10,1067,EMP1049,"05","3",1,0,0,LOW
1280,1280,30,10,10,1280,EMP1049,"05","3",1,0,0,LOW
1203,1203,30,10,10,1203,EMP1049,"05","2",1,0,0,LOW
873,873,30,10,10,873,EMP1049,"05","3",1,0,0,LOW
55290,55290,20,10,10,55290,EMP1007,"05","3",3,0,0,LOW
1500000,15000,10,20,20,0,NONE,"05","2",2,0,0,LOW
93365,934,20,20,20,93365,EMP1007,"05","3",2,0,0,LOW
500000,5000,10,20,20,0,NONE,"05","2",2,0,0,LOW
500000,5000,10,20,20,0,NONE,"05","2",2,0,0,LOW
112000,1120,20,20,20,112000,EMP1007,"05","3",2,0,0,LOW
500000,5000,10,20,20,0,NONE,"05","2",2,0,0,LOW
105265,1053,20,20,20,105265,EMP1007,"05","3",2,0,0,LOW
76390,764,20,20,20,76390,EMP1007,"05","3",2,0,0,LOW
12273,12273,20,10,10,12273,EMP1007,"05","3",3,0,0,LOW
12270,12270,20,10,10,12270,EMP1048,"05","6",3,0,0,LOW
14720,14720,20,10,10,14720,EMP1048,"05","7",5,0,0,LOW
13834,13834,20,10,10,13834,EMP1048,"05","5",3,0,0,LOW
10039,10039,20,10,10,10039,EMP1048,"05","5",3,0,0,HIGH
11523,11523,20,10,10,11523,EMP1048,"05","5",3,0,0,LOW
13824,13824,20,10,10,13824,EMP1048,"05","5",3,0,0,LOW
12992,12992,20,10,10,12992,EMP1048,"05","5",3,0,0,LOW
9428,9428,20,10,10,9428,EMP1048,"05","6",3,0,0,MEDIUM
1067,1067,30,10,10,1067,EMP1048,"05","6",1,0,0,LOW
1280,1280,30,10,10,1280,EMP1048,"05","5",1,0,0,LOW
1203,1203,30,10,10,1203,EMP1048,"05","6",1,0,0,LOW
873,873,30,10,10,873,EMP1048,"05","6",1,0,0,LOW
1500000,15000,10,20,20,0,NONE,"05","5",2,0,0,LOW
55287,55287,20,10,10,55287,EMP1050,"05","6",3,0,0,LOW
500000,5000,10,20,20,0,NONE,"05","5",2,0,0,LOW
500000,5000,10,20,20,0,NONE,"05","5",2,0,0,LOW
93362,934,20,20,20,93362,EMP1050,"05","6",2,0,0,LOW
500000,5000,10,20,20,0,NONE,"05","5",2,0,0,LOW
112000,1120,20,20,20,112000,EMP1050,"05","6",2,0,0,LOW
500000,5000,10,20,20,0,NONE,"05","5",2,0,0,LOW
105262,1053,20,20,20,105262,EMP1050,"05","6",2,0,0,LOW
76387,764,20,20,20,76387,EMP1050,"05","6",2,0,0,LOW
12270,12270,20,10,10,12270,EMP1050,"05","6",3,0,0,LOW
14720,14720,20,10,10,14720,EMP1050,"05","6",3,0,0,MEDIUM
13834,13834,20,10,10,13834,EMP1050,"05","6",3,0,0,LOW
10039,10039,20,10,10,10039,EMP1050,"05","7",3,0,0,LOW
11523,11523,20,10,10,11523,EMP1050,"05","6",3,0,0,LOW
13824,13824,20,10,10,13824,EMP1050,"05","6",3,0,0,MEDIUM
12992,12992,20,10,10,12992,EMP1050,"05","6",3,0,0,LOW
9428,9428,20,10,10,9428,EMP1050,"05","6",3,0,0,MEDIUM
1067,1067,30,10,10,1067,EMP1050,"05","6",1,0,0,LOW
1280,1280,30,10,10,1280,EMP1050,"05","6",1,0,0,LOW
1203,1203,30,10,10,1203,EMP1050,"05","7",1,0,0,LOW
873,873,30,10,10,873,EMP1050,"05","7",1,0,0,LOW
300000,3000,10,20,20,0,NONE,"05","7",2,0,0,LOW
250000,2500,10,20,20,0,NONE,"05","7",2,0,0,LOW
250000,2500,10,20,20,0,NONE,"05","7",2,0,0,LOW
805,805,30,10,10,805,EMP1001,"05","3",1,0,0,LOW
500000,5000,10,20,20,0,NONE,"05","4",2,0,0,LOW
1500000,15000,10,20,20,0,NONE,"05","3",2,0,0,LOW
55287,55287,20,10,10,55287,EMP1052,"05","4",3,0,0,LOW
500000,5000,10,20,20,0,NONE,"05","3",2,0,0,LOW
93362,934,20,20,20,93362,EMP1052,"05","4",2,0,0,LOW
500000,5000,10,20,20,0,NONE,"05","3",2,0,0,LOW
500000,5000,10,20,20,0,NONE,"05","3",2,0,0,LOW
112000,1120,20,20,20,112000,EMP1052,"05","4",2,0,0,LOW
500000,5000,10,20,20,0,NONE,"05","2",2,0,0,LOW
105262,1053,20,20,20,105262,EMP1052,"05","4",2,0,0,LOW
76387,764,20,20,20,76387,EMP1052,"05","4",2,0,0,LOW
12270,12270,20,10,10,12270,EMP1052,"05","4",3,0,0,LOW
14720,14720,20,10,10,14720,EMP1052,"05","4",3,0,0,LOW
13834,13834,20,10,10,13834,EMP1052,"05","4",3,0,0,LOW
10039,10039,20,10,10,10039,EMP1052,"05","4",3,0,0,LOW
11523,11523,20,10,10,11523,EMP1052,"05","5",3,0,0,LOW
13824,13824,20,10,10,13824,EMP1052,"05","5",5,0,0,MEDIUM
12992,12992,20,10,10,12992,EMP1052,"05","4",3,0,0,LOW
9428,9428,20,10,10,9428,EMP1052,"05","5",3,0,0,LOW
1067,1067,30,10,10,1067,EMP1052,"05","4",1,0,0,LOW
1280,1280,30,10,10,1280,EMP1052,"05","5",1,0,0,LOW
1203,1203,30,10,10,1203,EMP1052,"05","5",1,0,0,LOW
873,873,30,10,10,873,EMP1052,"05","4",1,0,0,LOW
300000,3000,10,20,20,0,NONE,"05","5",2,0,0,LOW
250000,2500,10,20,20,0,NONE,"05","5",2,0,0,LOW
250000,2500,10,20,20,0,NONE,"05","5",2,0,0,LOW
300000,3000,10,20,20,0,NONE,"05","5",2,0,0,LOW
1500000,15000,10,20,20,0,NONE,"05","4",2,0,0,LOW
55287,55287,20,10,10,55287,EMP1048,"05","6",5,0,0,LOW
93362,934,20,20,20,93362,EMP1048,"05","5",2,0,0,LOW
500000,5000,10,20,20,0,NONE,"05","4",2,0,0,LOW
112000,1120,20,20,20,112000,EMP1048,"05","5",2,0,0,LOW
500000,5000,10,20,20,0,NONE,"05","4",2,0,0,LOW
500000,5000,10,20,20,0,NONE,"05","4",2,0,0,LOW
105262,1053,20,20,20,105262,EMP1048,"05","5",2,0,0,LOW
76387,764,20,20,20,76387,EMP1048,"05","5",2,0,0,LOW
500000,5000,10,20,20,0,NONE,"05","1",2,0,0,LOW
70437,704,20,20,20,70437,EMP1003,"05","2",2,0,0,LOW
10902,10902,20,10,10,10902,EMP1003,"05","2",3,0,0,LOW
12937,12937,20,10,10,12937,EMP1003,"05","2",3,0,0,LOW
13374,13374,20,10,10,13374,EMP1003,"05","2",3,0,0,LOW
9257,9257,20,10,10,9257,EMP1003,"05","2",3,0,0,LOW
10238,10238,20,10,10,10238,EMP1003,"05","2",3,0,0,LOW
12150,12150,20,10,10,12150,EMP1003,"05","2",3,0,0,LOW
12560,12560,20,10,10,12560,EMP1003,"05","2",3,0,0,LOW
8694,8694,20,10,10,8694,EMP1003,"05","2",3,0,0,LOW
948,948,30,10,10,948,EMP1003,"05","3",1,0,0,LOW
1125,1125,30,10,10,1125,EMP1003,"05","3",1,0,0,LOW
1163,1163,30,10,10,1163,EMP1003,"05","3",1,0,0,LOW
805,805,30,10,10,805,EMP1003,"05","3",1,0,0,LOW
300000,3000,10,20,20,0,NONE,"05","3",2,0,0,LOW
250000,2500,10,20,20,0,NONE,"05","3",2,0,0,LOW
250000,2500,10,20,20,0,NONE,"05","3",2,0,0,LOW
300000,3000,10,20,20,0,NONE,"05","3",2,0,0,LOW
1000000,10000,10,20,20,0,NONE,"05","2",2,0,0,LOW
50515,50515,20,10,10,50515,EMP1001,"05","3",3,0,0,LOW
82950,830,20,20,20,82950,EMP1001,"05","3",2,0,0,LOW
500000,5000,10,20,20,0,NONE,"05","2",2,0,0,LOW
98440,984,20,20,20,98440,EMP1001,"05","3",2,0,0,LOW
500000,5000,10,20,20,0,NONE,"05","1",2,0,0,LOW
101765,1018,20,20,20,101765,EMP1001,"05","3",2,0,0,LOW
1500000,15000,10,20,20,0,NONE,"05","1",2,0,0,LOW
70440,704,20,20,20,70440,EMP1001,"05","3",2,0,0,LOW
10902,10902,20,10,10,10902,EMP1001,"05","3",3,0,0,LOW
12940,12940,20,10,10,12940,EMP1001,"05","3",3,0,0,LOW
13377,13377,20,10,10,13377,EMP1001,"05","3",3,0,0,LOW
9260,9260,20,10,10,9260,EMP1001,"05","3",3,0,0,MEDIUM
10240,10240,20,10,10,10240,EMP1001,"05","4",3,0,0,LOW
12150,12150,20,10,10,12150,EMP1001,"05","3",3,0,0,LOW
12562,12562,20,10,10,12562,EMP1001,"05","3",3,0,0,LOW
8694,8694,20,10,10,8694,EMP1001,"05","4",3,0,0,LOW
948,948,30,10,10,948,EMP1001,"05","4",1,0,0,LOW
1125,1125,30,10,10,1125,EMP1001,"05","4",1,0,0,LOW
1163,1163,30,10,10,1163,EMP1001,"05","3",1,0,0,LOW
300000,3000,10,20,20,0,NONE,"05","6",2,0,0,LOW
250000,2500,10,20,20,0,NONE,"05","6",2,0,0,LOW
250000,2500,10,20,20,0,NONE,"05","6",2,0,0,LOW
300000,3000,10,20,20,0,NONE,"05","6",2,0,0,LOW
1500000,15000,10,20,20,0,NONE,"05","4",2,0,0,LOW
50512,50512,20,10,10,50512,EMP1056,"05","6",3,0,0,MEDIUM
82950,830,20,20,20,82950,EMP1056,"05","6",2,0,0,LOW
500000,5000,10,20,20,0,NONE,"05","5",2,0,0,LOW
1500000,15000,10,20,20,0,NONE,"05","5",2,0,0,LOW
98437,984,20,20,20,98437,EMP1056,"05","6",2,0,0,LOW
500000,5000,10,20,20,0,NONE,"05","5",2,0,0,LOW
101762,1018,20,20,20,101762,EMP1056,"05","6",2,0,0,LOW
500000,5000,10,20,20,0,NONE,"05","5",2,0,0,LOW
70437,704,20,20,20,70437,EMP1056,"05","6",2,0,0,LOW
10902,10902,20,10,10,10902,EMP1056,"05","7",3,0,0,LOW
12937,12937,20,10,10,12937,EMP1056,"05","6",3,0,0,LOW
13374,13374,20,10,10,13374,EMP1056,"05","6",3,0,0,LOW
9257,9257,20,10,10,9257,EMP1056,"05","6",3,0,0,LOW
10238,10238,20,10,10,10238,EMP1056,"05","7",3,0,0,LOW
12150,12150,20,10,10,12150,EMP1056,"05","6",3,0,0,LOW
12560,12560,20,10,10,12560,EMP1056,"05","6",3,0,0,LOW
8694,8694,20,10,10,8694,EMP1056,"05","6",3,0,0,LOW
948,948,30,10,10,948,EMP1056,"05","7",1,0,0,LOW
1125,1125,30,10,10,1125,EMP1056,"05","6",1,0,0,LOW
1163,1163,30,10,10,1163,EMP1056,"05","7",1,0,0,LOW
805,805,30,10,10,805,EMP1056,"05","7",1,0,0,LOW
300000,3000,10,20,20,0,NONE,"05","1",2,0,0,LOW
250000,2500,10,20,20,0,NONE,"05","1",2,0,0,LOW
250000,2500,10,20,20,0,NONE,"05","1",2,0,0,LOW
300000,3000,10,20,20,0,NONE,"05","1",2,0,0,LOW
50512,50512,20,10,10,50512,EMP1003,"05","2",3,0,0,LOW
82950,830,20,20,20,82950,EMP1003,"05","2",2,0,0,LOW
500000,5000,10,20,20,0,NONE,"05","7",2,0,0,LOW
98437,984,20,20,20,98437,EMP1003,"05","2",2,0,0,LOW
500000,5000,10,20,20,0,NONE,"05","1",2,0,0,LOW
1500000,15000,10,20,20,0,NONE,"05","1",2,0,0,LOW
101762,1018,20,20,20,101762,EMP1003,"05","2",2,0,0,LOW
500000,5000,10,20,20,0,NONE,"05","3",2,0,0,LOW
101762,1018,20,20,20,101762,EMP1005,"05","4",2,0,0,LOW
70437,704,20,20,20,70437,EMP1005,"05","4",2,0,0,LOW
10902,10902,20,10,10,10902,EMP1005,"05","4",3,0,0,LOW
12937,12937,20,10,10,12937,EMP1005,"05","4",3,0,0,LOW
13374,13374,20,10,10,13374,EMP1005,"05","4",3,0,0,LOW
9257,9257,20,10,10,9257,EMP1005,"05","4",3,0,0,LOW
10238,10238,20,10,10,10238,EMP1005,"05","4",3,0,0,LOW
12150,12150,20,10,10,12150,EMP1005,"05","5",5,0,0,LOW
12560,12560,20,10,10,12560,EMP1005,"05","4",3,0,0,LOW
8694,8694,20,10,10,8694,EMP1005,"05","4",3,0,0,LOW
948,948,30,10,10,948,EMP1005,"05","5",1,0,0,LOW
1125,1125,30,10,10,1125,EMP1005,"05","5",1,0,0,LOW
1163,1163,30,10,10,1163,EMP1005,"05","5",1,0,0,LOW
805,805,30,10,10,805,EMP1005,"05","4",1,0,0,LOW
50512,50512,20,10,10,50512,EMP1048,"05","5",3,0,0,LOW
500000,5000,10,20,20,0,NONE,"05","3",4,0,0,LOW
82950,830,20,20,20,82950,EMP1048,"05","5",2,0,0,LOW
500000,5000,10,20,20,0,NONE,"05","4",2,0,0,LOW
500000,5000,10,20,20,0,NONE,"05","4",2,0,0,LOW
1500000,15000,10,20,20,0,NONE,"05","4",2,0,0,LOW
98437,984,20,20,20,98437,EMP1048,"05","5",2,0,0,LOW
500000,5000,10,20,20,0,NONE,"05","3",2,0,0,LOW
101762,1018,20,20,20,101762,EMP1048,"05","5",2,0,0,LOW
500000,5000,10,20,20,0,NONE,"05","4",2,0,0,LOW
70437,704,20,20,20,70437,EMP1048,"05","5",2,0,0,LOW
10902,10902,20,10,10,10902,EMP1048,"05","6",5,0,0,LOW
12937,12937,20,10,10,12937,EMP1048,"05","5",3,0,0,LOW
13374,13374,20,10,10,13374,EMP1048,"05","5",3,0,0,LOW
9257,9257,20,10,10,9257,EMP1048,"05","5",3,0,0,LOW
10238,10238,20,10,10,10238,EMP1048,"05","6",3,0,0,LOW
12150,12150,20,10,10,12150,EMP1048,"05","6",3,0,0,LOW
12560,12560,20,10,10,12560,EMP1048,"05","6",3,0,0,MEDIUM
8694,8694,20,10,10,8694,EMP1048,"05","5",3,0,0,LOW
948,948,30,10,10,948,EMP1048,"05","6",1,0,0,LOW
1125,1125,30,10,10,1125,EMP1048,"05","5",1,0,0,LOW
1163,1163,30,10,10,1163,EMP1048,"05","6",1,0,0,LOW
805,805,30,10,10,805,EMP1048,"05","6",1,0,0,LOW
10411,10411,20,10,10,10411,EMP1048,"05","3",3,0,0,LOW
8218,8218,20,10,10,8218,EMP1048,"05","2",3,0,0,LOW
11178,11178,20,10,10,11178,EMP1048,"05","3",3,0,0,LOW
1106,1106,30,10,10,1106,EMP1048,"05","3",1,0,0,LOW
964,964,30,10,10,964,EMP1048,"05","3",1,0,0,LOW
761,761,30,10,10,761,EMP1048,"05","3",1,0,0,LOW
1035,1035,30,10,10,1035,EMP1048,"05","2",1,0,0,LOW
1500000,15000,10,20,20,0,NONE,"05","2",2,0,0,LOW
48325,48325,20,10,10,48325,EMP1042,"05","3",3,0,0,LOW
500000,5000,10,20,20,0,NONE,"05","1",2,0,0,LOW
1000000,10000,10,20,20,0,NONE,"05","2",2,0,0,LOW
96775,968,20,20,20,96775,EMP1042,"05","3",2,0,0,LOW
500000,5000,10,20,20,0,NONE,"05","2",2,0,0,LOW
84350,844,20,20,20,84350,EMP1042,"05","3",2,0,0,LOW
66590,666,20,20,20,66590,EMP1042,"05","3",2,0,0,LOW
90565,906,20,20,20,90565,EMP1042,"05","3",2,0,0,LOW
12719,12719,20,10,10,12719,EMP1042,"05","4",3,0,0,LOW
11086,11086,20,10,10,11086,EMP1042,"05","3",3,0,0,LOW
8754,8754,20,10,10,8754,EMP1042,"05","3",3,0,0,LOW
11905,11905,20,10,10,11905,EMP1042,"05","3",3,0,0,LOW
11948,11948,20,10,10,11948,EMP1042,"05","3",3,0,0,LOW
10412,10412,20,10,10,10412,EMP1042,"05","4",3,0,0,LOW
8222,8222,20,10,10,8222,EMP1042,"05","3",3,0,0,LOW
11178,11178,20,10,10,11178,EMP1042,"05","3",3,0,0,LOW
1106,1106,30,10,10,1106,EMP1042,"05","4",1,0,0,LOW
964,964,30,10,10,964,EMP1042,"05","4",1,0,0,LOW
761,761,30,10,10,761,EMP1042,"05","4",1,0,0,LOW
1035,1035,30,10,10,1035,EMP1042,"05","3",1,0,0,LOW
300000,3000,10,20,20,0,NONE,"05","4",2,0,0,LOW
250000,2500,10,20,20,0,NONE,"05","4",2,0,0,LOW
250000,2500,10,20,20,0,NONE,"05","4",2,0,0,LOW
300000,3000,10,20,20,0,NONE,"05","4",2,0,0,LOW
500000,5000,10,20,20,0,NONE,"05","4",2,0,0,LOW
50512,50512,20,10,10,50512,EMP1005,"05","4",3,0,0,LOW
1500000,15000,10,20,20,0,NONE,"05","3",2,0,0,LOW
82950,830,20,20,20,82950,EMP1005,"05","4",2,0,0,LOW
500000,5000,10,20,20,0,NONE,"05","3",2,0,0,LOW
98437,984,20,20,20,98437,EMP1005,"05","4",2,0,0,LOW
84350,844,20,20,20,84350,EMP1048,"05","7",4,0,0,LOW
500000,5000,10,20,20,0,NONE,"05","5",2,0,0,LOW
1500000,15000,10,20,20,0,NONE,"05","4",2,0,0,LOW
66587,666,20,20,20,66587,EMP1048,"05","6",2,0,0,LOW
90562,906,20,20,20,90562,EMP1048,"05","6",2,0,0,LOW
12719,12719,20,10,10,12719,EMP1048,"05","6",3,0,0,LOW
11086,11086,20,10,10,11086,EMP1048,"05","6",3,0,0,LOW
8751,8751,20,10,10,8751,EMP1048,"05","6",3,0,0,LOW
11902,11902,20,10,10,11902,EMP1048,"05","6",3,0,0,LOW
11944,11944,20,10,10,11944,EMP1048,"05","6",3,0,0,LOW
10411,10411,20,10,10,10411,EMP1048,"05","6",3,0,0,LOW
8218,8218,20,10,10,8218,EMP1048,"05","7",3,0,0,LOW
11178,11178,20,10,10,11178,EMP1048,"05","6",3,0,0,LOW
1106,1106,30,10,10,1106,EMP1048,"05","7",1,0,0,LOW
964,964,30,10,10,964,EMP1048,"05","7",1,0,0,LOW
761,761,30,10,10,761,EMP1048,"05","7",1,0,0,LOW
1035,1035,30,10,10,1035,EMP1048,"05","6",3,0,0,LOW
300000,3000,10,20,20,0,NONE,"05","7",2,0,0,LOW
250000,2500,10,20,20,0,NONE,"05","7",2,0,0,LOW
250000,2500,10,20,20,0,NONE,"05","7",2,0,0,LOW
300000,3000,10,20,20,0,NONE,"05","7",2,0,0,LOW
300000,3000,10,20,20,0,NONE,"05","2",2,0,0,LOW
250000,2500,10,20,20,0,NONE,"05","2",2,0,0,LOW
250000,2500,10,20,20,0,NONE,"05","2",2,0,0,LOW
300000,3000,10,20,20,0,NONE,"05","2",2,0,0,LOW
48325,48325,20,10,10,48325,EMP1048,"05","2",3,0,0,LOW
96775,968,20,20,20,96775,EMP1048,"05","2",2,0,0,LOW
84350,844,20,20,20,84350,EMP1048,"05","2",2,0,0,LOW
500000,5000,10,20,20,0,NONE,"05","1",2,0,0,LOW
66587,666,20,20,20,66587,EMP1048,"05","2",2,0,0,LOW
500000,5000,10,20,20,0,NONE,"05","1",2,0,0,LOW
1500000,15000,10,20,20,0,NONE,"05","1",2,0,0,LOW
90562,906,20,20,20,90562,EMP1048,"05","2",2,0,0,LOW
12719,12719,20,10,10,12719,EMP1048,"05","2",3,0,0,LOW
11086,11086,20,10,10,11086,EMP1048,"05","2",3,0,0,LOW
8751,8751,20,10,10,8751,EMP1048,"05","2",3,0,0,LOW
11902,11902,20,10,10,11902,EMP1048,"05","2",3,0,0,LOW
11944,11944,20,10,10,11944,EMP1048,"05","3",3,0,0,LOW
11944,11944,20,10,10,11944,EMP1046,"05","4",3,0,0,LOW
10411,10411,20,10,10,10411,EMP1046,"05","5",3,0,0,LOW
8218,8218,20,10,10,8218,EMP1046,"05","4",3,0,0,LOW
11178,11178,20,10,10,11178,EMP1046,"05","5",5,0,0,LOW
1106,1106,30,10,10,1106,EMP1046,"05","5",1,0,0,LOW
964,964,30,10,10,964,EMP1046,"05","4",1,0,0,LOW
761,761,30,10,10,761,EMP1046,"05","5",3,0,0,LOW
1035,1035,30,10,10,1035,EMP1046,"05","5",1,0,0,LOW
300000,3000,10,20,20,0,NONE,"05","5",2,0,0,LOW
250000,2500,10,20,20,0,NONE,"05","5",2,0,0,LOW
250000,2500,10,20,20,0,NONE,"05","5",2,0,0,LOW
300000,3000,10,20,20,0,NONE,"05","5",2,0,0,LOW
1500000,15000,10,20,20,0,NONE,"05","4",2,0,0,LOW
48325,48325,20,10,10,48325,EMP1043,"05","5",3,0,0,MEDIUM
96775,968,20,20,20,96775,EMP1043,"05","5",2,0,0,LOW
500000,5000,10,20,20,0,NONE,"05","4",4,0,0,LOW
1500000,15000,10,20,20,0,NONE,"05","4",2,0,0,LOW
84350,844,20,20,20,84350,EMP1043,"05","5",2,0,0,LOW
66587,666,20,20,20,66587,EMP1043,"05","5",2,0,0,LOW
500000,5000,10,20,20,0,NONE,"05","4",2,0,0,LOW
90562,906,20,20,20,90562,EMP1043,"05","5",2,0,0,LOW
12719,12719,20,10,10,12719,EMP1043,"05","5",3,0,0,MEDIUM
11086,11086,20,10,10,11086,EMP1043,"05","5",3,0,0,LOW
8751,8751,20,10,10,8751,EMP1043,"05","5",3,0,0,LOW
11902,11902,20,10,10,11902,EMP1043,"05","6",3,0,0,LOW
11944,11944,20,10,10,11944,EMP1043,"05","5",3,0,0,LOW
10411,10411,20,10,10,10411,EMP1043,"05","5",3,0,0,HIGH
8218,8218,20,10,10,8218,EMP1043,"05","5",3,0,0,LOW
11178,11178,20,10,10,11178,EMP1043,"05","5",3,0,0,LOW
1106,1106,30,10,10,1106,EMP1043,"05","5",1,0,0,LOW
964,964,30,10,10,964,EMP1043,"05","6",1,0,0,LOW
761,761,30,10,10,761,EMP1043,"05","6",1,0,0,LOW
1035,1035,30,10,10,1035,EMP1043,"05","6",1,0,0,LOW
48325,48325,20,10,10,48325,EMP1048,"05","6",3,0,0,LOW
500000,5000,10,20,20,0,NONE,"05","5",2,0,0,LOW
96775,968,20,20,20,96775,EMP1048,"05","6",2,0,0,LOW
500000,5000,10,20,20,0,NONE,"05","4",2,0,0,LOW
300000,3000,10,20,20,0,NONE,"05","3",2,0,0,LOW
1500000,15000,10,20,20,0,NONE,"05","2",2,0,0,LOW
54115,54115,20,10,10,54115,EMP1047,"05","3",3,0,0,LOW
500000,5000,10,20,20,0,NONE,"05","2",2,0,0,LOW
112350,1124,20,20,20,112350,EMP1047,"05","3",2,0,0,LOW
91265,913,20,20,20,91265,EMP1047,"05","3",2,0,0,LOW
500000,5000,10,20,20,0,NONE,"05","2",2,0,0,LOW
76825,768,20,20,20,76825,EMP1047,"05","3",2,0,0,LOW
500000,5000,10,20,20,0,NONE,"05","2",2,0,0,LOW
98350,984,20,20,20,98350,EMP1047,"05","3",2,0,0,LOW
14766,14766,20,10,10,14766,EMP1047,"05","4",3,0,0,LOW
11997,11997,20,10,10,11997,EMP1047,"05","4",3,0,0,LOW
10097,10097,20,10,10,10097,EMP1047,"05","3",3,0,0,LOW
12926,12926,20,10,10,12926,EMP1047,"05","3",3,0,0,MEDIUM
13868,13868,20,10,10,13868,EMP1047,"05","3",3,0,0,LOW
11266,11266,20,10,10,11266,EMP1047,"05","3",3,0,0,MEDIUM
9484,9484,20,10,10,9484,EMP1047,"05","4",3,0,0,LOW
12140,12140,20,10,10,12140,EMP1047,"05","3",3,0,0,LOW
1284,1284,30,10,10,1284,EMP1047,"05","4",1,0,0,LOW
1043,1043,30,10,10,1043,EMP1047,"05","4",3,0,0,LOW
878,878,30,10,10,878,EMP1047,"05","4",1,0,0,LOW
1124,1124,30,10,10,1124,EMP1047,"05","4",1,0,0,LOW
500000,5000,10,20,20,0,NONE,"05","4",2,0,0,LOW
1000000,10000,10,20,20,0,NONE,"05","2",2,0,0,LOW
48325,48325,20,10,10,48325,EMP1046,"05","4",3,0,0,LOW
1500000,15000,10,20,20,0,NONE,"05","3",2,0,0,LOW
96775,968,20,20,20,96775,EMP1046,"05","4",2,0,0,LOW
500000,5000,10,20,20,0,NONE,"05","3",4,0,0,LOW
500000,5000,10,20,20,0,NONE,"05","4",2,0,0,LOW
500000,5000,10,20,20,0,NONE,"05","3",2,0,0,LOW
84350,844,20,20,20,84350,EMP1046,"05","4",2,0,0,LOW
66587,666,20,20,20,66587,EMP1046,"05","4",2,0,0,LOW
500000,5000,10,20,20,0,NONE,"05","3",2,0,0,LOW
90562,906,20,20,20,90562,EMP1046,"05","4",2,0,0,LOW
12719,12719,20,10,10,12719,EMP1046,"05","4",3,0,0,LOW
11086,11086,20,10,10,11086,EMP1046,"05","5",3,0,0,LOW
8751,8751,20,10,10,8751,EMP1046,"05","4",3,0,0,LOW
11902,11902,20,10,10,11902,EMP1046,"05","4",3,0,0,LOW
10097,10097,20,10,10,10097,EMP1059,"05","7",3,0,0,LOW
12926,12926,20,10,10,12926,EMP1059,"05","6",3,0,0,LOW
13867,13867,20,10,10,13867,EMP1059,"05","6",3,0,0,LOW
11264,11264,20,10,10,11264,EMP1059,"05","6",3,0,0,LOW
9482,9482,20,10,10,9482,EMP1059,"05","6",3,0,0,LOW
12139,12139,20,10,10,12139,EMP1059,"05","6",3,0,0,LOW
1284,1284,30,10,10,1284,EMP1059,"05","7",1,0,0,LOW
1043,1043,30,10,10,1043,EMP1059,"05","6",1,0,0,LOW
878,878,30,10,10,878,EMP1059,"05","6",1,0,0,LOW
1124,1124,30,10,10,1124,EMP1059,"05","7",1,0,0,LOW
300000,3000,10,20,20,0,NONE,"05","1",2,0,0,LOW
250000,2500,10,20,20,0,NONE,"05","1",2,0,0,LOW
250000,2500,10,20,20,0,NONE,"05","1",2,0,0,LOW
300000,3000,10,20,20,0,NONE,"05","1",2,0,0,LOW
1500000,15000,10,20,20,0,NONE,"05","7",2,0,0,LOW
54112,54112,20,10,10,54112,EMP1006,"05","2",3,0,0,LOW
112350,1124,20,20,20,112350,EMP1006,"05","2",2,0,0,LOW
500000,5000,10,20,20,0,NONE,"05","1",2,0,0,LOW
500000,5000,10,20,20,0,NONE,"05","1",2,0,0,LOW
91262,913,20,20,20,91262,EMP1006,"05","2",2,0,0,LOW
500000,5000,10,20,20,0,NONE,"05","1",2,0,0,LOW
76825,768,20,20,20,76825,EMP1006,"05","2",2,0,0,LOW
98350,984,20,20,20,98350,EMP1006,"05","2",2,0,0,LOW
14766,14766,20,10,10,14766,EMP1006,"05","2",3,0,0,LOW
11994,11994,20,10,10,11994,EMP1006,"05","2",3,0,0,LOW
10097,10097,20,10,10,10097,EMP1006,"05","3",3,0,0,MEDIUM
12926,12926,20,10,10,12926,EMP1006,"05","2",3,0,0,LOW
13867,13867,20,10,10,13867,EMP1006,"05","3",5,0,0,LOW
11264,11264,20,10,10,11264,EMP1006,"05","2",3,0,0,LOW
9482,9482,20,10,10,9482,EMP1006,"05","3",3,0,0,LOW
12139,12139,20,10,10,12139,EMP1006,"05","2",3,0,0,LOW
1284,1284,30,10,10,1284,EMP1006,"05","2",1,0,0,LOW
1043,1043,30,10,10,1043,EMP1006,"05","3",1,0,0,LOW
878,878,30,10,10,878,EMP1006,"05","2",1,0,0,LOW
1124,1124,30,10,10,1124,EMP1006,"05","3",1,0,0,LOW
300000,3000,10,20,20,0,NONE,"05","3",2,0,0,LOW
250000,2500,10,20,20,0,NONE,"05","3",4,0,0,LOW
250000,2500,10,20,20,0,NONE,"05","3",2,0,0,LOW
1124,1124,30,10,10,1124,EMP1057,"05","5",1,0,0,LOW
1500000,15000,10,20,20,0,NONE,"04","4",2,0,0,LOW
54112,54112,20,10,10,54112,EMP1050,"05","5",3,0,0,LOW
500000,5000,10,20,20,0,NONE,"04","3",2,0,0,LOW
500000,5000,10,20,20,0,NONE,"04","3",2,0,0,LOW
112350,1124,20,20,20,112350,EMP1050,"05","5",2,0,0,LOW
91262,913,20,20,20,91262,EMP1050,"05","5",2,0,0,LOW
76825,768,20,20,20,76825,EMP1050,"05","5",2,0,0,LOW
500000,5000,10,20,20,0,NONE,"04","4",2,0,0,LOW
500000,5000,10,20,20,0,NONE,"05","5",2,0,0,LOW
1500000,15000,10,20,20,0,NONE,"04","4",2,0,0,LOW
98350,984,20,20,20,98350,EMP1050,"05","5",2,0,0,LOW
14766,14766,20,10,10,14766,EMP1050,"05","5",3,0,0,LOW
11994,11994,20,10,10,11994,EMP1050,"05","6",3,0,0,LOW
10097,10097,20,10,10,10097,EMP1050,"05","5",3,0,0,LOW
12926,12926,20,10,10,12926,EMP1050,"05","5",3,0,0,LOW
13867,13867,20,10,10,13867,EMP1050,"05","5",3,0,0,LOW
11264,11264,20,10,10,11264,EMP1050,"05","6",3,0,0,LOW
9482,9482,20,10,10,9482,EMP1050,"05","5",3,0,0,LOW
12139,12139,20,10,10,12139,EMP1050,"05","6",3,0,0,LOW
1284,1284,30,10,10,1284,EMP1050,"05","5",1,0,0,LOW
1043,1043,30,10,10,1043,EMP1050,"05","5",1,0,0,LOW
878,878,30,10,10,878,EMP1050,"05","6",1,0,0,LOW
1124,1124,30,10,10,1124,EMP1050,"05","6",1,0,0,LOW
300000,3000,10,20,20,0,NONE,"05","6",2,0,0,LOW
250000,2500,10,20,20,0,NONE,"05","6",2,0,0,LOW
250000,2500,10,20,20,0,NONE,"05","6",2,0,0,LOW
300000,3000,10,20,20,0,NONE,"05","6",2,0,0,LOW
54112,54112,20,10,10,54112,EMP1059,"05","6",3,0,0,LOW
500000,5000,10,20,20,0,NONE,"04","4",2,0,0,LOW
112350,1124,20,20,20,112350,EMP1059,"05","6",2,0,0,LOW
91262,913,20,20,20,91262,EMP1059,"05","6",2,0,0,LOW
500000,5000,10,20,20,0,NONE,"05","5",2,0,0,LOW
76825,768,20,20,20,76825,EMP1059,"05","6",2,0,0,LOW
1500000,15000,10,20,20,0,NONE,"05","5",2,0,0,LOW
98350,984,20,20,20,98350,EMP1059,"05","6",2,0,0,LOW
14766,14766,20,10,10,14766,EMP1059,"05","6",3,0,0,LOW
11994,11994,20,10,10,11994,EMP1059,"05","6",3,0,0,LOW
500000,5000,10,20,20,0,NONE,"04","2",2,0,0,LOW
62650,627,20,20,20,62650,EMP1003,"04","3",2,0,0,LOW
9306,9306,20,10,10,9306,EMP1003,"04","3",3,0,0,LOW
9375,9375,20,10,10,9375,EMP1003,"04","3",3,0,0,LOW
13745,13745,20,10,10,13745,EMP1003,"04","3",3,0,0,LOW
8234,8234,20,10,10,8234,EMP1003,"04","4",3,0,0,LOW
8738,8738,20,10,10,8738,EMP1003,"04","3",3,0,0,LOW
8802,8802,20,10,10,8802,EMP1003,"04","3",3,0,0,LOW
12906,12906,20,10,10,12906,EMP1003,"04","3",3,0,0,LOW
7736,7736,20,10,10,7736,EMP1003,"04","4",3,0,0,MEDIUM
809,809,30,10,10,809,EMP1003,"04","4",1,0,0,LOW
815,815,30,10,10,815,EMP1003,"04","4",1,0,0,LOW
1195,1195,30,10,10,1195,EMP1003,"04","4",1,0,0,LOW
716,716,30,10,10,716,EMP1003,"04","4",1,0,0,LOW
300000,3000,10,20,20,0,NONE,"04","4",2,0,0,LOW
250000,2500,10,20,20,0,NONE,"04","4",2,0,0,LOW
250000,2500,10,20,20,0,NONE,"04","4",4,0,0,LOW
300000,3000,10,20,20,0,NONE,"04","4",2,0,0,LOW
500000,5000,10,20,20,0,NONE,"04","4",2,0,0,LOW
54112,54112,20,10,10,54112,EMP1057,"04","4",3,0,0,LOW
112350,1124,20,20,20,112350,EMP1057,"04","4",2,0,0,LOW
500000,5000,10,20,20,0,NONE,"04","2",2,0,0,LOW
91262,913,20,20,20,91262,EMP1057,"04","4",2,0,0,LOW
500000,5000,10,20,20,0,NONE,"04","2",2,0,0,LOW
76825,768,20,20,20,76825,EMP1057,"04","4",2,0,0,LOW
1500000,15000,10,20,20,0,NONE,"04","3",2,0,0,LOW
98350,984,20,20,20,98350,EMP1057,"04","4",2,0,0,LOW
14766,14766,20,10,10,14766,EMP1057,"04","4",3,0,0,LOW
11994,11994,20,10,10,11994,EMP1057,"04","4",3,0,0,LOW
10097,10097,20,10,10,10097,EMP1057,"05","5",3,0,0,LOW
12926,12926,20,10,10,12926,EMP1057,"05","5",3,0,0,LOW
13867,13867,20,10,10,13867,EMP1057,"04","4",3,0,0,LOW
11264,11264,20,10,10,11264,EMP1057,"05","5",3,0,0,LOW
9482,9482,20,10,10,9482,EMP1057,"05","5",3,0,0,LOW
12139,12139,20,10,10,12139,EMP1057,"05","5",3,0,0,LOW
1284,1284,30,10,10,1284,EMP1057,"05","5",1,0,0,LOW
1043,1043,30,10,10,1043,EMP1057,"04","4",1,0,0,LOW
878,878,30,10,10,878,EMP1057,"05","5",3,0,0,MEDIUM
1000000,10000,10,20,20,0,NONE,"04","7",2,0,0,LOW
500000,500000,40,10,10,0,NONE,"04","7",3,0,0,LOW
500000,500000,40,10,10,0,NONE,"04","7",3,0,0,LOW
400000,400000,40,10,10,0,NONE,"04","7",3,0,0,LOW
400000,400000,40,10,10,0,NONE,"04","7",5,0,0,LOW
30000,30000,40,10,10,0,NONE,"04","7",3,0,0,LOW
500,500,40,10,10,0,NONE,"04","7",1,0,0,LOW
500000,5000,40,20,20,0,NONE,"04","7",2,0,0,LOW
500000,5000,40,20,20,0,NONE,"04","7",2,0,0,LOW
300000,3000,10,20,20,0,NONE,"04","2",4,0,0,LOW
250000,2500,10,20,20,0,NONE,"04","2",2,0,0,LOW
250000,2500,10,20,20,0,NONE,"04","2",2,0,0,LOW
300000,3000,10,20,20,0,NONE,"04","2",2,0,0,LOW
44187,44187,20,10,10,44187,EMP1052,"04","2",3,0,0,LOW
70787,708,20,20,20,70787,EMP1052,"04","2",2,0,0,LOW
71312,713,20,20,20,71312,EMP1052,"04","2",2,0,0,LOW
104562,1046,20,20,20,104562,EMP1052,"04","2",2,0,0,LOW
62650,627,20,20,20,62650,EMP1052,"04","2",2,0,0,LOW
9303,9303,20,10,10,9303,EMP1052,"04","2",3,0,0,LOW
9372,9372,20,10,10,9372,EMP1052,"04","2",3,0,0,LOW
13742,13742,20,10,10,13742,EMP1052,"04","2",3,0,0,LOW
8234,8234,20,10,10,8234,EMP1052,"04","3",3,0,0,LOW
8737,8737,20,10,10,8737,EMP1052,"04","3",3,0,0,LOW
8802,8802,20,10,10,8802,EMP1052,"04","2",3,0,0,LOW
12906,12906,20,10,10,12906,EMP1052,"04","2",3,0,0,LOW
7732,7732,20,10,10,7732,EMP1052,"04","3",3,0,0,LOW
809,809,30,10,10,809,EMP1052,"04","3",1,0,0,LOW
815,815,30,10,10,815,EMP1052,"04","3",1,0,0,LOW
1195,1195,30,10,10,1195,EMP1052,"04","3",1,0,0,LOW
716,716,30,10,10,716,EMP1052,"04","3",1,0,0,LOW
44190,44190,20,10,10,44190,EMP1003,"04","3",3,0,0,LOW
500000,5000,10,20,20,0,NONE,"04","2",2,0,0,LOW
500000,5000,10,20,20,0,NONE,"04","2",2,0,0,LOW
70790,708,20,20,20,70790,EMP1003,"04","3",2,0,0,LOW
71315,713,20,20,20,71315,EMP1003,"04","3",2,0,0,LOW
500000,5000,10,20,20,0,NONE,"04","2",2,0,0,LOW
1500000,15000,10,20,20,0,NONE,"04","2",2,0,0,LOW
104565,1046,20,20,20,104565,EMP1003,"04","4",4,0,0,LOW
13742,13742,20,10,10,13742,EMP1005,"04","5",3,0,0,LOW
8234,8234,20,10,10,8234,EMP1005,"04","5",3,0,0,LOW
8737,8737,20,10,10,8737,EMP1005,"04","5",3,0,0,LOW
8802,8802,20,10,10,8802,EMP1005,"04","5",3,0,0,LOW
12906,12906,20,10,10,12906,EMP1005,"04","5",3,0,0,LOW
7732,7732,20,10,10,7732,EMP1005,"04","6",3,0,0,LOW
809,809,30,10,10,809,EMP1005,"04","6",1,0,0,LOW
815,815,30,10,10,815,EMP1005,"04","6",1,0,0,LOW
1195,1195,30,10,10,1195,EMP1005,"04","6",1,0,0,LOW
716,716,30,10,10,716,EMP1005,"04","6",1,0,0,LOW
44187,44187,20,10,10,44187,EMP1006,"04","6",3,0,0,LOW
500000,5000,10,20,20,0,NONE,"04","4",2,0,0,LOW
500000,5000,10,20,20,0,NONE,"04","4",2,0,0,LOW
70787,708,20,20,20,70787,EMP1006,"04","6",2,0,0,LOW
500000,5000,10,20,20,0,NONE,"04","4",2,0,0,LOW
71312,713,20,20,20,71312,EMP1006,"04","6",2,0,0,LOW
500000,5000,10,20,20,0,NONE,"04","5",2,0,0,LOW
500000,5000,10,20,20,0,NONE,"04","5",2,0,0,LOW
104562,1046,20,20,20,104562,EMP1006,"04","6",2,0,0,LOW
62650,627,20,20,20,62650,EMP1006,"04","6",2,0,0,LOW
9303,9303,20,10,10,9303,EMP1006,"04","6",3,0,0,LOW
9372,9372,20,10,10,9372,EMP1006,"04","6",3,0,0,LOW
13742,13742,20,10,10,13742,EMP1006,"04","7",3,0,0,LOW
8234,8234,20,10,10,8234,EMP1006,"04","1",5,0,0,LOW
8737,8737,20,10,10,8737,EMP1006,"04","7",3,0,0,LOW
8802,8802,20,10,10,8802,EMP1006,"04","7",3,0,0,LOW
12906,12906,20,10,10,12906,EMP1006,"04","6",3,0,0,LOW
7732,7732,20,10,10,7732,EMP1006,"04","6",3,0,0,LOW
809,809,30,10,10,809,EMP1006,"04","7",1,0,0,LOW
815,815,30,10,10,815,EMP1006,"04","7",1,0,0,LOW
1195,1195,30,10,10,1195,EMP1006,"04","7",1,0,0,LOW
716,716,30,10,10,716,EMP1006,"04","7",1,0,0,LOW
300000,3000,10,20,20,0,NONE,"04","7",2,0,0,LOW
250000,2500,10,20,20,0,NONE,"04","7",2,0,0,LOW
250000,2500,10,20,20,0,NONE,"04","7",2,0,0,LOW
300000,3000,10,20,20,0,NONE,"04","7",2,0,0,LOW
1500000,15000,10,20,20,0,NONE,"04","7",2,0,0,LOW
1500000,15000,10,20,20,0,NONE,"04","7",2,0,0,LOW
1017,1017,30,10,10,1017,EMP1041,"04","4",1,0,0,LOW
722,722,30,10,10,722,EMP1041,"04","4",3,0,0,LOW
964,964,30,10,10,964,EMP1041,"04","4",1,0,0,LOW
500000,5000,10,20,20,0,NONE,"04","4",2,0,0,LOW
44187,44187,20,10,10,44187,EMP1043,"04","5",5,0,0,LOW
70787,708,20,20,20,70787,EMP1043,"04","4",2,0,0,LOW
500000,5000,10,20,20,0,NONE,"04","3",2,0,0,LOW
1500000,15000,10,20,20,0,NONE,"04","3",2,0,0,LOW
71312,713,20,20,20,71312,EMP1043,"04","4",2,0,0,LOW
500000,5000,10,20,20,0,NONE,"04","3",2,0,0,LOW
104562,1046,20,20,20,104562,EMP1043,"04","4",2,0,0,LOW
62650,627,20,20,20,62650,EMP1043,"04","4",2,0,0,LOW
9303,9303,20,10,10,9303,EMP1043,"04","5",3,0,0,LOW
9372,9372,20,10,10,9372,EMP1043,"04","4",3,0,0,LOW
13742,13742,20,10,10,13742,EMP1043,"04","4",3,0,0,LOW
8234,8234,20,10,10,8234,EMP1043,"04","4",3,0,0,MEDIUM
8737,8737,20,10,10,8737,EMP1043,"04","5",3,0,0,LOW
8802,8802,20,10,10,8802,EMP1043,"04","5",3,0,0,LOW
12906,12906,20,10,10,12906,EMP1043,"04","4",3,0,0,LOW
7732,7732,20,10,10,7732,EMP1043,"04","4",3,0,0,LOW
809,809,30,10,10,809,EMP1043,"04","4",1,0,0,LOW
815,815,30,10,10,815,EMP1043,"04","4",1,0,0,LOW
1195,1195,30,10,10,1195,EMP1043,"04","4",1,0,0,LOW
716,716,30,10,10,716,EMP1043,"04","5",1,0,0,LOW
300000,3000,10,20,20,0,NONE,"04","5",2,0,0,LOW
250000,2500,10,20,20,0,NONE,"04","5",2,0,0,LOW
250000,2500,10,20,20,0,NONE,"04","5",2,0,0,LOW
300000,3000,10,20,20,0,NONE,"04","5",2,0,0,LOW
44187,44187,20,10,10,44187,EMP1005,"04","5",3,0,0,LOW
1000000,10000,10,20,20,0,NONE,"04","4",2,0,0,LOW
70787,708,20,20,20,70787,EMP1005,"04","5",2,0,0,LOW
71312,713,20,20,20,71312,EMP1005,"04","5",2,0,0,LOW
500000,5000,10,20,20,0,NONE,"04","4",2,0,0,LOW
104562,1046,20,20,20,104562,EMP1005,"04","5",2,0,0,LOW
1500000,15000,10,20,20,0,NONE,"04","4",2,0,0,LOW
62650,627,20,20,20,62650,EMP1005,"04","5",2,0,0,LOW
9303,9303,20,10,10,9303,EMP1005,"04","5",3,0,0,LOW
9372,9372,20,10,10,9372,EMP1005,"04","5",3,0,0,MEDIUM
84350,844,20,20,20,84350,EMP1050,"04","2",2,0,0,LOW
14133,14133,20,10,10,14133,EMP1050,"04","3",3,0,0,LOW
11695,11695,20,10,10,11695,EMP1050,"04","2",3,0,0,LOW
8303,8303,20,10,10,8303,EMP1050,"04","2",3,0,0,LOW
11086,11086,20,10,10,11086,EMP1050,"04","2",3,0,0,LOW
13273,13273,20,10,10,13273,EMP1050,"04","3",3,0,0,LOW
10983,10983,20,10,10,10983,EMP1050,"04","2",3,0,0,LOW
7797,7797,20,10,10,7797,EMP1050,"04","2",3,0,0,MEDIUM
10411,10411,20,10,10,10411,EMP1050,"04","3",3,0,0,LOW
1229,1229,30,10,10,1229,EMP1050,"04","2",1,0,0,LOW
1017,1017,30,10,10,1017,EMP1050,"04","3",1,0,0,LOW
722,722,30,10,10,722,EMP1050,"04","2",1,0,0,LOW
964,964,30,10,10,964,EMP1050,"04","3",1,0,0,LOW
300000,3000,10,20,20,0,NONE,"04","3",2,0,0,LOW
250000,2500,10,20,20,0,NONE,"04","3",2,0,0,LOW
250000,2500,10,20,20,0,NONE,"04","3",2,0,0,LOW
300000,3000,10,20,20,0,NONE,"04","3",2,0,0,LOW
1500000,15000,10,20,20,0,NONE,"04","2",2,0,0,LOW
49150,49150,20,10,10,49150,EMP1041,"04","3",3,0,0,LOW
500000,5000,10,20,20,0,NONE,"04","2",2,0,0,LOW
1500000,15000,10,20,20,0,NONE,"04","1",2,0,0,LOW
107540,1075,20,20,20,107540,EMP1041,"04","3",2,0,0,LOW
500000,5000,10,20,20,0,NONE,"04","3",2,0,0,LOW
88990,890,20,20,20,88990,EMP1041,"04","3",2,0,0,LOW
500000,5000,10,20,20,0,NONE,"04","1",2,0,0,LOW
63175,632,20,20,20,63175,EMP1041,"04","3",2,0,0,LOW
500000,5000,10,20,20,0,NONE,"04","2",2,0,0,LOW
84350,844,20,20,20,84350,EMP1041,"04","3",2,0,0,LOW
14136,14136,20,10,10,14136,EMP1041,"04","4",5,0,0,LOW
11698,11698,20,10,10,11698,EMP1041,"04","3",3,0,0,LOW
8303,8303,20,10,10,8303,EMP1041,"04","4",5,0,0,LOW
11086,11086,20,10,10,11086,EMP1041,"04","3",3,0,0,LOW
13274,13274,20,10,10,13274,EMP1041,"04","3",3,0,0,MEDIUM
10986,10986,20,10,10,10986,EMP1041,"04","4",3,0,0,LOW
7800,7800,20,10,10,7800,EMP1041,"04","3",3,0,0,LOW
10412,10412,20,10,10,10412,EMP1041,"04","3",3,0,0,LOW
1229,1229,30,10,10,1229,EMP1041,"04","3",1,0,0,LOW
10411,10411,20,10,10,10411,EMP1046,"04","6",5,0,0,LOW
1229,1229,30,10,10,1229,EMP1046,"04","6",1,0,0,LOW
1017,1017,30,10,10,1017,EMP1046,"04","6",3,0,0,LOW
722,722,30,10,10,722,EMP1046,"04","6",1,0,0,LOW
964,964,30,10,10,964,EMP1046,"04","5",1,0,0,LOW
300000,3000,10,20,20,0,NONE,"04","6",2,0,0,LOW
250000,2500,10,20,20,0,NONE,"04","6",2,0,0,LOW
250000,2500,10,20,20,0,NONE,"04","6",2,0,0,LOW
300000,3000,10,20,20,0,NONE,"04","6",2,0,0,LOW
49150,49150,20,10,10,49150,EMP1049,"04","6",3,0,0,LOW
107537,1075,20,20,20,107537,EMP1049,"04","7",4,0,0,LOW
500000,5000,10,20,20,0,NONE,"04","5",2,0,0,LOW
88987,890,20,20,20,88987,EMP1049,"04","6",2,0,0,LOW
63175,632,20,20,20,63175,EMP1049,"04","6",2,0,0,LOW
84350,844,20,20,20,84350,EMP1049,"04","6",2,0,0,LOW
14133,14133,20,10,10,14133,EMP1049,"04","6",3,0,0,LOW
11695,11695,20,10,10,11695,EMP1049,"04","6",3,0,0,LOW
8303,8303,20,10,10,8303,EMP1049,"04","6",3,0,0,LOW
11086,11086,20,10,10,11086,EMP1049,"04","6",3,0,0,LOW
13273,13273,20,10,10,13273,EMP1049,"04","7",3,0,0,LOW
10983,10983,20,10,10,10983,EMP1049,"04","6",3,0,0,LOW
7797,7797,20,10,10,7797,EMP1049,"04","7",3,0,0,LOW
10411,10411,20,10,10,10411,EMP1049,"04","6",3,0,0,LOW
1229,1229,30,10,10,1229,EMP1049,"04","6",1,0,0,LOW
1017,1017,30,10,10,1017,EMP1049,"04","6",1,0,0,LOW
722,722,30,10,10,722,EMP1049,"04","7",1,0,0,LOW
964,964,30,10,10,964,EMP1049,"04","7",3,0,0,LOW
300000,3000,10,20,20,0,NONE,"04","1",2,0,0,LOW
250000,2500,10,20,20,0,NONE,"04","1",2,0,0,LOW
250000,2500,10,20,20,0,NONE,"04","1",2,0,0,LOW
300000,3000,10,20,20,0,NONE,"04","1",2,0,0,LOW
1500000,15000,10,20,20,0,NONE,"04","1",2,0,0,LOW
49150,49150,20,10,10,49150,EMP1050,"04","2",3,0,0,LOW
500000,5000,10,20,20,0,NONE,"04","1",2,0,0,LOW
107537,1075,20,20,20,107537,EMP1050,"04","2",2,0,0,LOW
500000,5000,10,20,20,0,NONE,"04","1",2,0,0,LOW
88987,890,20,20,20,88987,EMP1050,"04","2",2,0,0,LOW
63175,632,20,20,20,63175,EMP1050,"04","2",2,0,0,LOW
1500000,15000,10,20,20,0,NONE,"04","3",2,0,0,LOW
88987,890,20,20,20,88987,EMP1042,"04","4",2,0,0,LOW
63175,632,20,20,20,63175,EMP1042,"04","4",2,0,0,LOW
84350,844,20,20,20,84350,EMP1042,"04","5",4,0,0,LOW
14133,14133,20,10,10,14133,EMP1042,"04","5",3,0,0,LOW
11695,11695,20,10,10,11695,EMP1042,"04","4",3,0,0,LOW
8303,8303,20,10,10,8303,EMP1042,"04","5",3,0,0,LOW
11086,11086,20,10,10,11086,EMP1042,"04","4",3,0,0,LOW
13273,13273,20,10,10,13273,EMP1042,"04","4",3,0,0,LOW
10983,10983,20,10,10,10983,EMP1042,"04","5",3,0,0,LOW
7797,7797,20,10,10,7797,EMP1042,"04","4",3,0,0,MEDIUM
10411,10411,20,10,10,10411,EMP1042,"04","5",3,0,0,LOW
1229,1229,30,10,10,1229,EMP1042,"04","5",1,0,0,LOW
1017,1017,30,10,10,1017,EMP1042,"04","5",1,0,0,LOW
722,722,30,10,10,722,EMP1042,"04","5",1,0,0,LOW
964,964,30,10,10,964,EMP1042,"04","5",1,0,0,LOW
1500000,15000,10,20,20,0,NONE,"04","3",2,0,0,LOW
49150,49150,20,10,10,49150,EMP1046,"04","5",3,0,0,LOW
500000,5000,10,20,20,0,NONE,"04","3",2,0,0,LOW
500000,5000,10,20,20,0,NONE,"04","3",4,0,0,LOW
107537,1075,20,20,20,107537,EMP1046,"04","5",2,0,0,LOW
500000,5000,10,20,20,0,NONE,"04","4",2,0,0,LOW
88987,890,20,20,20,88987,EMP1046,"04","5",2,0,0,LOW
500000,5000,10,20,20,0,NONE,"04","4",2,0,0,LOW
500000,5000,10,20,20,0,NONE,"04","3",2,0,0,LOW
63175,632,20,20,20,63175,EMP1046,"04","5",2,0,0,LOW
500000,5000,10,20,20,0,NONE,"04","4",2,0,0,LOW
1500000,15000,10,20,20,0,NONE,"04","4",2,0,0,LOW
1000000,10000,10,20,20,0,NONE,"04","4",2,0,0,LOW
84350,844,20,20,20,84350,EMP1046,"04","5",2,0,0,LOW
14133,14133,20,10,10,14133,EMP1046,"04","5",3,0,0,LOW
11695,11695,20,10,10,11695,EMP1046,"04","5",3,0,0,LOW
8303,8303,20,10,10,8303,EMP1046,"04","5",3,0,0,LOW
11086,11086,20,10,10,11086,EMP1046,"04","5",3,0,0,LOW
13273,13273,20,10,10,13273,EMP1046,"04","6",3,0,0,LOW
10983,10983,20,10,10,10983,EMP1046,"04","5",3,0,0,LOW
7797,7797,20,10,10,7797,EMP1046,"04","5",3,0,0,MEDIUM
11167,11167,20,10,10,11167,EMP1007,"04","3",3,0,0,LOW
11350,11350,20,10,10,11350,EMP1007,"04","2",3,0,0,LOW
12085,12085,20,10,10,12085,EMP1007,"04","2",3,0,0,LOW
7581,7581,20,10,10,7581,EMP1007,"04","2",3,0,0,LOW
1034,1034,30,10,10,1034,EMP1007,"04","3",1,0,0,LOW
1051,1051,30,10,10,1051,EMP1007,"04","3",1,0,0,LOW
1119,1119,30,10,10,1119,EMP1007,"04","3",1,0,0,LOW
702,702,30,10,10,702,EMP1007,"04","3",1,0,0,LOW
48825,48825,20,10,10,48825,EMP1050,"04","3",3,0,0,MEDIUM
500000,5000,10,20,20,0,NONE,"04","2",4,0,0,LOW
1500000,15000,10,20,20,0,NONE,"04","2",2,0,0,LOW
90475,905,20,20,20,90475,EMP1050,"04","3",2,0,0,LOW
91965,920,20,20,20,91965,EMP1050,"04","3",2,0,0,LOW
500000,5000,10,20,20,0,NONE,"04","2",2,0,0,LOW
500000,5000,10,20,20,0,NONE,"04","1",2,0,0,LOW
500000,5000,10,20,20,0,NONE,"04","2",2,0,0,LOW
97915,979,20,20,20,97915,EMP1050,"04","3",2,0,0,LOW
61425,614,20,20,20,61425,EMP1050,"04","3",2,0,0,LOW
11891,11891,20,10,10,11891,EMP1050,"04","3",3,0,0,LOW
12089,12089,20,10,10,12089,EMP1050,"04","4",3,0,0,LOW
12871,12871,20,10,10,12871,EMP1050,"04","3",3,0,0,LOW
8073,8073,20,10,10,8073,EMP1050,"04","4",3,0,0,LOW
11168,11168,20,10,10,11168,EMP1050,"04","3",3,0,0,LOW
11354,11354,20,10,10,11354,EMP1050,"04","3",3,0,0,LOW
12086,12086,20,10,10,12086,EMP1050,"04","3",3,0,0,LOW
7584,7584,20,10,10,7584,EMP1050,"04","3",3,0,0,LOW
1034,1034,30,10,10,1034,EMP1050,"04","4",1,0,0,LOW
1051,1051,30,10,10,1051,EMP1050,"04","4",1,0,0,LOW
1119,1119,30,10,10,1119,EMP1050,"04","3",1,0,0,LOW
702,702,30,10,10,702,EMP1050,"04","4",1,0,0,LOW
300000,3000,10,20,20,0,NONE,"04","4",2,0,0,LOW
250000,2500,10,20,20,0,NONE,"04","4",2,0,0,LOW
250000,2500,10,20,20,0,NONE,"04","4",2,0,0,LOW
300000,3000,10,20,20,0,NONE,"04","4",2,0,0,LOW
500000,5000,10,20,20,0,NONE,"04","4",2,0,0,LOW
49150,49150,20,10,10,49150,EMP1042,"04","4",3,0,0,LOW
107537,1075,20,20,20,107537,EMP1042,"04","5",4,0,0,LOW
500000,5000,10,20,20,0,NONE,"04","3",2,0,0,LOW
90475,905,20,20,20,90475,EMP1048,"04","7",4,0,0,LOW
91962,920,20,20,20,91962,EMP1048,"04","6",2,0,0,LOW
500000,5000,10,20,20,0,NONE,"04","5",4,0,0,LOW
500000,5000,10,20,20,0,NONE,"04","4",2,0,0,LOW
97912,979,20,20,20,97912,EMP1048,"04","6",2,0,0,LOW
61425,614,20,20,20,61425,EMP1048,"04","6",2,0,0,LOW
11891,11891,20,10,10,11891,EMP1048,"04","6",3,0,0,LOW
12086,12086,20,10,10,12086,EMP1048,"04","7",3,0,0,LOW
12868,12868,20,10,10,12868,EMP1048,"04","6",3,0,0,LOW
8073,8073,20,10,10,8073,EMP1048,"04","6",3,0,0,LOW
11167,11167,20,10,10,11167,EMP1048,"04","7",3,0,0,LOW
11350,11350,20,10,10,11350,EMP1048,"04","6",3,0,0,LOW
12085,12085,20,10,10,12085,EMP1048,"04","6",3,0,0,MEDIUM
7581,7581,20,10,10,7581,EMP1048,"04","7",3,0,0,LOW
1034,1034,30,10,10,1034,EMP1048,"04","6",1,0,0,LOW
1051,1051,30,10,10,1051,EMP1048,"04","7",1,0,0,LOW
1119,1119,30,10,10,1119,EMP1048,"04","7",1,0,0,LOW
702,702,30,10,10,702,EMP1048,"04","7",1,0,0,LOW
300000,3000,10,20,20,0,NONE,"04","7",2,0,0,LOW
250000,2500,10,20,20,0,NONE,"04","7",2,0,0,LOW
250000,2500,10,20,20,0,NONE,"04","7",2,0,0,LOW
300000,3000,10,20,20,0,NONE,"04","7",2,0,0,LOW
300000,3000,10,20,20,0,NONE,"04","2",2,0,0,LOW
250000,2500,10,20,20,0,NONE,"04","2",2,0,0,LOW
250000,2500,10,20,20,0,NONE,"04","2",2,0,0,LOW
300000,3000,10,20,20,0,NONE,"04","2",2,0,0,LOW
1500000,15000,10,20,20,0,NONE,"04","7",2,0,0,LOW
1500000,15000,10,20,20,0,NONE,"04","1",2,0,0,LOW
48825,48825,20,10,10,48825,EMP1007,"04","2",3,0,0,LOW
90475,905,20,20,20,90475,EMP1007,"04","2",2,0,0,LOW
91962,920,20,20,20,91962,EMP1007,"04","2",2,0,0,LOW
97912,979,20,20,20,97912,EMP1007,"04","2",2,0,0,LOW
500000,5000,10,20,20,0,NONE,"04","7",2,0,0,LOW
61425,614,20,20,20,61425,EMP1007,"04","2",2,0,0,LOW
11891,11891,20,10,10,11891,EMP1007,"04","2",3,0,0,LOW
12086,12086,20,10,10,12086,EMP1007,"04","2",3,0,0,LOW
12868,12868,20,10,10,12868,EMP1007,"04","3",3,0,0,LOW
8073,8073,20,10,10,8073,EMP1007,"04","3",3,0,0,MEDIUM
12086,12086,20,10,10,12086,EMP1021,"04","4",3,0,0,LOW
12868,12868,20,10,10,12868,EMP1021,"04","4",3,0,0,LOW
8073,8073,20,10,10,8073,EMP1021,"04","4",3,0,0,LOW
11167,11167,20,10,10,11167,EMP1021,"04","5",3,0,0,LOW
11350,11350,20,10,10,11350,EMP1021,"04","4",3,0,0,LOW
12085,12085,20,10,10,12085,EMP1021,"04","5",3,0,0,LOW
7581,7581,20,10,10,7581,EMP1021,"04","5",5,0,0,LOW
1034,1034,30,10,10,1034,EMP1021,"04","5",1,0,0,LOW
1051,1051,30,10,10,1051,EMP1021,"04","5",1,0,0,LOW
1119,1119,30,10,10,1119,EMP1021,"04","5",1,0,0,LOW
702,702,30,10,10,702,EMP1021,"04","5",1,0,0,LOW
300000,3000,10,20,20,0,NONE,"04","5",2,0,0,LOW
250000,2500,10,20,20,0,NONE,"04","5",2,0,0,LOW
250000,2500,10,20,20,0,NONE,"04","5",2,0,0,LOW
300000,3000,10,20,20,0,NONE,"04","5",2,0,0,LOW
48825,48825,20,10,10,48825,EMP1043,"04","5",3,0,0,HIGH
90475,905,20,20,20,90475,EMP1043,"04","5",2,0,0,LOW
91962,920,20,20,20,91962,EMP1043,"04","5",2,0,0,LOW
500000,5000,10,20,20,0,NONE,"04","4",2,0,0,LOW
97912,979,20,20,20,97912,EMP1043,"04","5",2,0,0,LOW
1500000,15000,10,20,20,0,NONE,"04","4",2,0,0,LOW
61425,614,20,20,20,61425,EMP1043,"04","5",2,0,0,LOW
11891,11891,20,10,10,11891,EMP1043,"04","5",3,0,0,LOW
12086,12086,20,10,10,12086,EMP1043,"04","5",3,0,0,LOW
12868,12868,20,10,10,12868,EMP1043,"04","5",3,0,0,LOW
8073,8073,20,10,10,8073,EMP1043,"04","5",3,0,0,LOW
11167,11167,20,10,10,11167,EMP1043,"04","5",3,0,0,LOW
11350,11350,20,10,10,11350,EMP1043,"04","6",3,0,0,LOW
12085,12085,20,10,10,12085,EMP1043,"04","5",3,0,0,LOW
7581,7581,20,10,10,7581,EMP1043,"04","5",3,0,0,LOW
1034,1034,30,10,10,1034,EMP1043,"04","6",1,0,0,LOW
1051,1051,30,10,10,1051,EMP1043,"04","6",1,0,0,LOW
1119,1119,30,10,10,1119,EMP1043,"04","5",1,0,0,LOW
702,702,30,10,10,702,EMP1043,"04","5",1,0,0,LOW
1000000,10000,10,20,20,0,NONE,"04","5",2,0,0,LOW
48825,48825,20,10,10,48825,EMP1048,"04","6",3,0,0,LOW
500000,5000,10,20,20,0,NONE,"04","5",2,0,0,LOW
500000,5000,10,20,20,0,NONE,"04","5",4,0,0,LOW
250000,2500,10,20,20,0,NONE,"04","3",2,0,0,LOW
250000,2500,10,20,20,0,NONE,"04","3",2,0,0,LOW
300000,3000,10,20,20,0,NONE,"04","3",2,0,0,LOW
50475,50475,20,10,10,50475,EMP1021,"04","3",3,0,0,LOW
71490,715,20,20,20,71490,EMP1021,"04","3",2,0,0,LOW
1500000,15000,10,20,20,0,NONE,"04","1",2,0,0,LOW
105440,1054,20,20,20,105440,EMP1021,"04","3",2,0,0,LOW
500000,5000,10,20,20,0,NONE,"04","2",2,0,0,LOW
500000,5000,10,20,20,0,NONE,"04","2",2,0,0,LOW
112175,1122,20,20,20,112175,EMP1021,"04","3",2,0,0,LOW
64225,642,20,20,20,64225,EMP1021,"04","3",2,0,0,LOW
9398,9398,20,10,10,9398,EMP1021,"04","4",3,0,0,LOW
13860,13860,20,10,10,13860,EMP1021,"04","4",3,0,0,LOW
14743,14743,20,10,10,14743,EMP1021,"04","3",3,0,0,LOW
8441,8441,20,10,10,8441,EMP1021,"04","3",3,0,0,LOW
8826,8826,20,10,10,8826,EMP1021,"04","3",3,0,0,LOW
13014,13014,20,10,10,13014,EMP1021,"04","3",3,0,0,MEDIUM
13848,13848,20,10,10,13848,EMP1021,"04","4",3,0,0,MEDIUM
7928,7928,20,10,10,7928,EMP1021,"04","3",3,0,0,LOW
817,817,30,10,10,817,EMP1021,"04","3",3,0,0,LOW
1205,1205,30,10,10,1205,EMP1021,"04","4",1,0,0,LOW
1282,1282,30,10,10,1282,EMP1021,"04","4",1,0,0,LOW
734,734,30,10,10,734,EMP1021,"04","4",1,0,0,LOW
500000,5000,10,20,20,0,NONE,"04","4",2,0,0,LOW
1500000,15000,10,20,20,0,NONE,"04","2",2,0,0,LOW
48825,48825,20,10,10,48825,EMP1021,"04","4",3,0,0,LOW
500000,5000,10,20,20,0,NONE,"04","2",2,0,0,LOW
500000,5000,10,20,20,0,NONE,"04","3",2,0,0,LOW
90475,905,20,20,20,90475,EMP1021,"04","4",2,0,0,LOW
500000,5000,10,20,20,0,NONE,"04","2",2,0,0,LOW
91962,920,20,20,20,91962,EMP1021,"04","4",2,0,0,LOW
500000,5000,10,20,20,0,NONE,"04","2",2,0,0,LOW
1500000,15000,10,20,20,0,NONE,"04","2",2,0,0,LOW
97912,979,20,20,20,97912,EMP1021,"04","4",2,0,0,LOW
500000,5000,10,20,20,0,NONE,"04","2",2,0,0,LOW
61425,614,20,20,20,61425,EMP1021,"04","4",2,0,0,LOW
11891,11891,20,10,10,11891,EMP1021,"04","4",3,0,0,HIGH
64225,642,20,20,20,64225,EMP1053,"04","6",2,0,0,LOW
9395,9395,20,10,10,9395,EMP1053,"04","7",5,0,0,LOW
13857,13857,20,10,10,13857,EMP1053,"04","6",3,0,0,LOW
14743,14743,20,10,10,14743,EMP1053,"04","6",3,0,0,LOW
8441,8441,20,10,10,8441,EMP1053,"04","6",3,0,0,LOW
8823,8823,20,10,10,8823,EMP1053,"04","6",3,0,0,LOW
13014,13014,20,10,10,13014,EMP1053,"04","7",3,0,0,LOW
13845,13845,20,10,10,13845,EMP1053,"04","7",3,0,0,LOW
7927,7927,20,10,10,7927,EMP1053,"04","6",3,0,0,HIGH
817,817,30,10,10,817,EMP1053,"04","7",1,0,0,LOW
1205,1205,30,10,10,1205,EMP1053,"04","7",1,0,0,LOW
1282,1282,30,10,10,1282,EMP1053,"04","7",1,0,0,LOW
734,734,30,10,10,734,EMP1053,"04","7",1,0,0,LOW
300000,3000,10,20,20,0,NONE,"04","1",2,0,0,LOW
250000,2500,10,20,20,0,NONE,"04","1",2,0,0,LOW
250000,2500,10,20,20,0,NONE,"04","1",2,0,0,LOW
300000,3000,10,20,20,0,NONE,"04","1",2,0,0,LOW
50475,50475,20,10,10,50475,EMP1007,"04","2",3,0,0,LOW
1500000,15000,10,20,20,0,NONE,"04","1",2,0,0,LOW
71487,715,20,20,20,71487,EMP1007,"04","2",2,0,0,LOW
105437,1054,20,20,20,105437,EMP1007,"04","2",2,0,0,LOW
500000,5000,10,20,20,0,NONE,"04","1",2,0,0,LOW
500000,5000,10,20,20,0,NONE,"04","1",2,0,0,LOW
112175,1122,20,20,20,112175,EMP1007,"04","2",2,0,0,LOW
64225,642,20,20,20,64225,EMP1007,"04","2",2,0,0,LOW
9395,9395,20,10,10,9395,EMP1007,"04","3",3,0,0,LOW
13857,13857,20,10,10,13857,EMP1007,"04","2",3,0,0,LOW
14743,14743,20,10,10,14743,EMP1007,"04","2",3,0,0,LOW
8441,8441,20,10,10,8441,EMP1007,"04","2",3,0,0,LOW
8823,8823,20,10,10,8823,EMP1007,"04","2",3,0,0,LOW
13014,13014,20,10,10,13014,EMP1007,"04","3",3,0,0,LOW
13845,13845,20,10,10,13845,EMP1007,"04","2",3,0,0,LOW
7927,7927,20,10,10,7927,EMP1007,"04","2",3,0,0,LOW
817,817,30,10,10,817,EMP1007,"04","3",1,0,0,LOW
1205,1205,30,10,10,1205,EMP1007,"04","2",1,0,0,LOW
1282,1282,30,10,10,1282,EMP1007,"04","3",1,0,0,LOW
734,734,30,10,10,734,EMP1007,"04","3",1,0,0,LOW
300000,3000,10,20,20,0,NONE,"04","3",4,0,0,LOW
1205,1205,30,10,10,1205,EMP1007,"04","5",1,0,0,LOW
1282,1282,30,10,10,1282,EMP1007,"04","4",1,0,0,LOW
734,734,30,10,10,734,EMP1007,"04","5",1,0,0,LOW
50475,50475,20,10,10,50475,EMP1050,"04","5",3,0,0,LOW
500000,5000,10,20,20,0,NONE,"04","4",2,0,0,LOW
500000,5000,10,20,20,0,NONE,"04","4",2,0,0,LOW
71487,715,20,20,20,71487,EMP1050,"04","5",2,0,0,LOW
500000,5000,10,20,20,0,NONE,"04","4",2,0,0,LOW
105437,1054,20,20,20,105437,EMP1050,"04","5",2,0,0,LOW
500000,5000,10,20,20,0,NONE,"04","4",2,0,0,LOW
112175,1122,20,20,20,112175,EMP1050,"04","5",2,0,0,LOW
500000,5000,10,20,20,0,NONE,"04","3",2,0,0,LOW
1000000,10000,10,20,20,0,NONE,"04","4",2,0,0,LOW
64225,642,20,20,20,64225,EMP1050,"04","5",2,0,0,LOW
9395,9395,20,10,10,9395,EMP1050,"04","5",3,0,0,LOW
13857,13857,20,10,10,13857,EMP1050,"04","5",3,0,0,LOW
14743,14743,20,10,10,14743,EMP1050,"04","5",3,0,0,MEDIUM
8441,8441,20,10,10,8441,EMP1050,"04","5",3,0,0,LOW
8823,8823,20,10,10,8823,EMP1050,"04","6",3,0,0,MEDIUM
13014,13014,20,10,10,13014,EMP1050,"04","5",3,0,0,LOW
13845,13845,20,10,10,13845,EMP1050,"04","5",3,0,0,LOW
7927,7927,20,10,10,7927,EMP1050,"04","6",3,0,0,LOW
817,817,30,10,10,817,EMP1050,"04","6",1,0,0,LOW
1205,1205,30,10,10,1205,EMP1050,"04","5",1,0,0,LOW
1282,1282,30,10,10,1282,EMP1050,"04","6",3,0,0,LOW
734,734,30,10,10,734,EMP1050,"04","6",1,0,0,LOW
300000,3000,10,20,20,0,NONE,"04","6",2,0,0,LOW
250000,2500,10,20,20,0,NONE,"04","6",2,0,0,LOW
250000,2500,10,20,20,0,NONE,"04","6",2,0,0,LOW
300000,3000,10,20,20,0,NONE,"04","6",2,0,0,LOW
1500000,15000,10,20,20,0,NONE,"04","5",2,0,0,LOW
1500000,15000,10,20,20,0,NONE,"04","5",2,0,0,LOW
50475,50475,20,10,10,50475,EMP1053,"04","6",3,0,0,LOW
71487,715,20,20,20,71487,EMP1053,"04","6",2,0,0,LOW
105437,1054,20,20,20,105437,EMP1053,"04","6",2,0,0,LOW
500000,5000,10,20,20,0,NONE,"04","5",2,0,0,LOW
500000,5000,10,20,20,0,NONE,"04","5",2,0,0,LOW
112175,1122,20,20,20,112175,EMP1053,"04","6",2,0,0,LOW
500000,5000,10,20,20,0,NONE,"03","2",2,0,0,LOW
500000,5000,10,20,20,0,NONE,"03","2",2,0,0,LOW
1500000,15000,10,20,20,0,NONE,"03","1",2,0,0,LOW
107100,1071,20,20,20,107100,EMP1054,"04","3",2,0,0,LOW
103775,1038,20,20,20,103775,EMP1054,"04","3",2,0,0,LOW
11247,11247,20,10,10,11247,EMP1054,"04","3",3,0,0,LOW
11813,11813,20,10,10,11813,EMP1054,"04","3",3,0,0,LOW
14076,14076,20,10,10,14076,EMP1054,"04","3",3,0,0,LOW
13639,13639,20,10,10,13639,EMP1054,"04","4",3,0,0,LOW
10564,10564,20,10,10,10564,EMP1054,"04","4",3,0,0,LOW
11094,11094,20,10,10,11094,EMP1054,"04","3",3,0,0,LOW
13220,13220,20,10,10,13220,EMP1054,"04","3",3,0,0,LOW
12812,12812,20,10,10,12812,EMP1054,"04","3",3,0,0,LOW
978,978,30,10,10,978,EMP1054,"04","4",1,0,0,LOW
1027,1027,30,10,10,1027,EMP1054,"04","3",1,0,0,LOW
1224,1224,30,10,10,1224,EMP1054,"04","3",1,0,0,LOW
1186,1186,30,10,10,1186,EMP1054,"04","4",1,0,0,LOW
300000,3000,10,20,20,0,NONE,"04","4",2,0,0,LOW
250000,2500,10,20,20,0,NONE,"04","4",2,0,0,LOW
250000,2500,10,20,20,0,NONE,"04","4",2,0,0,LOW
300000,3000,10,20,20,0,NONE,"04","4",2,0,0,LOW
500000,5000,10,20,20,0,NONE,"04","4",2,0,0,LOW
50475,50475,20,10,10,50475,EMP1007,"04","4",3,0,0,LOW
71487,715,20,20,20,71487,EMP1007,"04","4",2,0,0,LOW
105437,1054,20,20,20,105437,EMP1007,"04","4",2,0,0,LOW
500000,5000,10,20,20,0,NONE,"04","3",2,0,0,LOW
112175,1122,20,20,20,112175,EMP1007,"04","4",2,0,0,LOW
1500000,15000,10,20,20,0,NONE,"03","2",2,0,0,LOW
64225,642,20,20,20,64225,EMP1007,"04","4",2,0,0,LOW
9395,9395,20,10,10,9395,EMP1007,"04","5",3,0,0,HIGH
13857,13857,20,10,10,13857,EMP1007,"04","4",3,0,0,LOW
14743,14743,20,10,10,14743,EMP1007,"04","5",5,0,0,LOW
8441,8441,20,10,10,8441,EMP1007,"04","4",3,0,0,LOW
8823,8823,20,10,10,8823,EMP1007,"04","4",3,0,0,LOW
13014,13014,20,10,10,13014,EMP1007,"04","4",3,0,0,LOW
13845,13845,20,10,10,13845,EMP1007,"04","5",3,0,0,LOW
7927,7927,20,10,10,7927,EMP1007,"04","4",3,0,0,LOW
817,817,30,10,10,817,EMP1007,"04","5",1,0,0,LOW
1027,1027,30,10,10,1027,EMP1059,"03","7",1,0,0,LOW
1224,1224,30,10,10,1224,EMP1059,"03","7",1,0,0,LOW
1186,1186,30,10,10,1186,EMP1059,"03","7",1,0,0,LOW
300000,3000,10,20,20,0,NONE,"03","7",2,0,0,LOW
250000,2500,10,20,20,0,NONE,"03","7",2,0,0,LOW
250000,2500,10,20,20,0,NONE,"03","7",2,0,0,LOW
300000,3000,10,20,20,0,NONE,"03","7",2,0,0,LOW
300000,3000,10,20,20,0,NONE,"03","2",2,0,0,LOW
250000,2500,10,20,20,0,NONE,"03","2",2,0,0,LOW
250000,2500,10,20,20,0,NONE,"03","2",2,0,0,LOW
300000,3000,10,20,20,0,NONE,"03","2",2,0,0,LOW
55187,55187,20,10,10,55187,EMP1041,"03","2",3,0,0,LOW
85575,856,20,20,20,85575,EMP1041,"03","2",2,0,0,LOW
89862,899,20,20,20,89862,EMP1041,"03","2",2,0,0,LOW
500000,5000,10,20,20,0,NONE,"03","1",2,0,0,LOW
500000,5000,10,20,20,0,NONE,"03","1",2,0,0,LOW
1500000,15000,10,20,20,0,NONE,"03","1",2,0,0,LOW
107100,1071,20,20,20,107100,EMP1041,"03","2",2,0,0,LOW
103775,1038,20,20,20,103775,EMP1041,"03","2",2,0,0,LOW
11247,11247,20,10,10,11247,EMP1041,"03","2",3,0,0,LOW
11810,11810,20,10,10,11810,EMP1041,"03","2",3,0,0,LOW
14076,14076,20,10,10,14076,EMP1041,"03","2",3,0,0,LOW
13639,13639,20,10,10,13639,EMP1041,"03","2",3,0,0,LOW
10562,10562,20,10,10,10562,EMP1041,"04","3",3,0,0,LOW
11091,11091,20,10,10,11091,EMP1041,"03","2",3,0,0,LOW
13219,13219,20,10,10,13219,EMP1041,"03","2",3,0,0,LOW
12808,12808,20,10,10,12808,EMP1041,"04","3",3,0,0,MEDIUM
978,978,30,10,10,978,EMP1041,"03","2",1,0,0,LOW
1027,1027,30,10,10,1027,EMP1041,"03","2",1,0,0,LOW
1224,1224,30,10,10,1224,EMP1041,"04","3",1,0,0,LOW
1186,1186,30,10,10,1186,EMP1041,"03","2",1,0,0,LOW
1500000,15000,10,20,20,0,NONE,"03","1",4,0,0,LOW
55190,55190,20,10,10,55190,EMP1054,"04","3",3,0,0,LOW
500000,5000,10,20,20,0,NONE,"03","2",4,0,0,LOW
500000,5000,10,20,20,0,NONE,"03","2",4,0,0,LOW
85575,856,20,20,20,85575,EMP1054,"04","3",2,0,0,LOW
89865,899,20,20,20,89865,EMP1054,"04","3",2,0,0,LOW
500000,5000,10,20,20,0,NONE,"03","2",2,0,0,LOW
500000,5000,10,20,20,0,NONE,"03","4",2,0,0,LOW
500000,5000,10,20,20,0,NONE,"03","4",2,0,0,LOW
107100,1071,20,20,20,107100,EMP1051,"03","5",2,0,0,LOW
103775,1038,20,20,20,103775,EMP1051,"03","5",2,0,0,LOW
11247,11247,20,10,10,11247,EMP1051,"03","5",3,0,0,LOW
11810,11810,20,10,10,11810,EMP1051,"03","5",3,0,0,LOW
14076,14076,20,10,10,14076,EMP1051,"03","6",5,0,0,LOW
13639,13639,20,10,10,13639,EMP1051,"03","5",3,0,0,LOW
10562,10562,20,10,10,10562,EMP1051,"03","6",3,0,0,HIGH
11091,11091,20,10,10,11091,EMP1051,"03","5",3,0,0,LOW
13219,13219,20,10,10,13219,EMP1051,"03","5",3,0,0,LOW
12808,12808,20,10,10,12808,EMP1051,"03","5",3,0,0,LOW
978,978,30,10,10,978,EMP1051,"03","5",1,0,0,LOW
1027,1027,30,10,10,1027,EMP1051,"03","6",1,0,0,LOW
1224,1224,30,10,10,1224,EMP1051,"03","6",1,0,0,LOW
1186,1186,30,10,10,1186,EMP1051,"03","6",1,0,0,LOW
55187,55187,20,10,10,55187,EMP1059,"03","6",3,0,0,MEDIUM
500000,5000,10,20,20,0,NONE,"03","5",2,0,0,LOW
500000,5000,10,20,20,0,NONE,"03","5",2,0,0,LOW
1000000,10000,10,20,20,0,NONE,"03","5",2,0,0,LOW
85575,856,20,20,20,85575,EMP1059,"03","6",2,0,0,LOW
500000,5000,10,20,20,0,NONE,"03","5",2,0,0,LOW
89862,899,20,20,20,89862,EMP1059,"03","6",2,0,0,LOW
500000,5000,10,20,20,0,NONE,"03","5",2,0,0,LOW
1500000,15000,10,20,20,0,NONE,"03","5",2,0,0,LOW
107100,1071,20,20,20,107100,EMP1059,"03","6",2,0,0,LOW
500000,5000,10,20,20,0,NONE,"03","5",2,0,0,LOW
103775,1038,20,20,20,103775,EMP1059,"03","6",2,0,0,LOW
11247,11247,20,10,10,11247,EMP1059,"03","6",3,0,0,LOW
11810,11810,20,10,10,11810,EMP1059,"03","7",5,0,0,HIGH
14076,14076,20,10,10,14076,EMP1059,"03","6",3,0,0,LOW
13639,13639,20,10,10,13639,EMP1059,"03","6",3,0,0,LOW
10562,10562,20,10,10,10562,EMP1059,"03","6",3,0,0,LOW
11091,11091,20,10,10,11091,EMP1059,"03","6",3,0,0,LOW
13219,13219,20,10,10,13219,EMP1059,"03","6",3,0,0,MEDIUM
12808,12808,20,10,10,12808,EMP1059,"03","6",3,0,0,LOW
978,978,30,10,10,978,EMP1059,"03","7",1,0,0,LOW
9896,9896,20,10,10,9896,EMP1049,"03","3",3,0,0,LOW
935,935,30,10,10,935,EMP1049,"03","4",1,0,0,LOW
1072,1072,30,10,10,1072,EMP1049,"03","4",1,0,0,LOW
829,829,30,10,10,829,EMP1049,"03","4",1,0,0,LOW
916,916,30,10,10,916,EMP1049,"03","4",1,0,0,LOW
500000,5000,10,20,20,0,NONE,"03","4",4,0,0,LOW
55187,55187,20,10,10,55187,EMP1006,"03","4",3,0,0,LOW
500000,5000,10,20,20,0,NONE,"03","3",2,0,0,LOW
500000,5000,10,20,20,0,NONE,"03","3",2,0,0,LOW
85575,856,20,20,20,85575,EMP1006,"03","4",2,0,0,LOW
1500000,15000,10,20,20,0,NONE,"03","3",2,0,0,LOW
89862,899,20,20,20,89862,EMP1006,"03","4",2,0,0,LOW
500000,5000,10,20,20,0,NONE,"03","2",2,0,0,LOW
107100,1071,20,20,20,107100,EMP1006,"03","4",2,0,0,LOW
500000,5000,10,20,20,0,NONE,"03","3",2,0,0,LOW
103775,1038,20,20,20,103775,EMP1006,"03","4",2,0,0,LOW
11247,11247,20,10,10,11247,EMP1006,"03","4",3,0,0,LOW
11810,11810,20,10,10,11810,EMP1006,"03","4",3,0,0,LOW
14076,14076,20,10,10,14076,EMP1006,"03","4",3,0,0,LOW
13639,13639,20,10,10,13639,EMP1006,"03","4",3,0,0,MEDIUM
10562,10562,20,10,10,10562,EMP1006,"03","4",3,0,0,LOW
11091,11091,20,10,10,11091,EMP1006,"03","4",3,0,0,LOW
13219,13219,20,10,10,13219,EMP1006,"03","5",3,0,0,LOW
12808,12808,20,10,10,12808,EMP1006,"03","5",3,0,0,LOW
978,978,30,10,10,978,EMP1006,"03","4",1,0,0,LOW
1027,1027,30,10,10,1027,EMP1006,"03","4",1,0,0,LOW
1224,1224,30,10,10,1224,EMP1006,"03","5",1,0,0,LOW
1186,1186,30,10,10,1186,EMP1006,"03","4",1,0,0,LOW
300000,3000,10,20,20,0,NONE,"03","5",2,0,0,LOW
250000,2500,10,20,20,0,NONE,"03","5",2,0,0,LOW
250000,2500,10,20,20,0,NONE,"03","5",2,0,0,LOW
300000,3000,10,20,20,0,NONE,"03","5",2,0,0,LOW
1500000,15000,10,20,20,0,NONE,"03","5",4,0,0,LOW
1500000,15000,10,20,20,0,NONE,"03","5",2,0,0,LOW
55187,55187,20,10,10,55187,EMP1051,"03","5",3,0,0,LOW
85575,856,20,20,20,85575,EMP1051,"03","5",2,0,0,LOW
500000,5000,10,20,20,0,NONE,"03","4",2,0,0,LOW
89862,899,20,20,20,89862,EMP1051,"03","5",2,0,0,LOW
46900,46900,20,10,10,46900,EMP1048,"03","2",3,0,0,LOW
81812,818,20,20,20,81812,EMP1048,"03","2",2,0,0,LOW
93800,938,20,20,20,93800,EMP1048,"03","2",2,0,0,LOW
500000,5000,10,20,20,0,NONE,"03","1",2,0,0,LOW
500000,5000,10,20,20,0,NONE,"03","1",2,0,0,LOW
72537,725,20,20,20,72537,EMP1048,"03","2",2,0,0,LOW
80150,802,20,20,20,80150,EMP1048,"03","2",2,0,0,LOW
10752,10752,20,10,10,10752,EMP1048,"03","2",3,0,0,LOW
12328,12328,20,10,10,12328,EMP1048,"03","2",3,0,0,LOW
9533,9533,20,10,10,9533,EMP1048,"03","2",3,0,0,LOW
10534,10534,20,10,10,10534,EMP1048,"03","2",3,0,0,LOW
10098,10098,20,10,10,10098,EMP1048,"03","3",3,0,0,LOW
11577,11577,20,10,10,11577,EMP1048,"03","3",3,0,0,LOW
8953,8953,20,10,10,8953,EMP1048,"03","2",3,0,0,LOW
9892,9892,20,10,10,9892,EMP1048,"03","3",3,0,0,LOW
935,935,30,10,10,935,EMP1048,"03","3",1,0,0,LOW
1072,1072,30,10,10,1072,EMP1048,"03","3",1,0,0,LOW
829,829,30,10,10,829,EMP1048,"03","3",1,0,0,LOW
916,916,30,10,10,916,EMP1048,"03","3",1,0,0,LOW
300000,3000,10,20,20,0,NONE,"03","3",2,0,0,LOW
250000,2500,10,20,20,0,NONE,"03","3",2,0,0,LOW
250000,2500,10,20,20,0,NONE,"03","3",2,0,0,LOW
300000,3000,10,20,20,0,NONE,"03","3",2,0,0,LOW
46900,46900,20,10,10,46900,EMP1049,"03","3",3,0,0,LOW
1500000,15000,10,20,20,0,NONE,"03","2",2,0,0,LOW
81815,818,20,20,20,81815,EMP1049,"03","3",2,0,0,LOW
500000,5000,10,20,20,0,NONE,"03","2",2,0,0,LOW
93800,938,20,20,20,93800,EMP1049,"03","3",2,0,0,LOW
500000,5000,10,20,20,0,NONE,"03","2",2,0,0,LOW
72540,725,20,20,20,72540,EMP1049,"03","3",2,0,0,LOW
80150,802,20,20,20,80150,EMP1049,"03","3",2,0,0,LOW
10755,10755,20,10,10,10755,EMP1049,"03","3",3,0,0,MEDIUM
12328,12328,20,10,10,12328,EMP1049,"03","3",3,0,0,LOW
9536,9536,20,10,10,9536,EMP1049,"03","3",3,0,0,LOW
10534,10534,20,10,10,10534,EMP1049,"03","3",3,0,0,MEDIUM
10098,10098,20,10,10,10098,EMP1049,"03","5",5,0,0,LOW
11580,11580,20,10,10,11580,EMP1049,"03","3",3,0,0,LOW
8954,8954,20,10,10,8954,EMP1049,"03","4",3,0,0,LOW
11577,11577,20,10,10,11577,EMP1042,"03","6",3,0,0,LOW
8953,8953,20,10,10,8953,EMP1042,"03","5",3,0,0,LOW
9892,9892,20,10,10,9892,EMP1042,"03","5",3,0,0,LOW
935,935,30,10,10,935,EMP1042,"03","6",1,0,0,LOW
1072,1072,30,10,10,1072,EMP1042,"03","6",1,0,0,LOW
829,829,30,10,10,829,EMP1042,"03","6",1,0,0,LOW
916,916,30,10,10,916,EMP1042,"03","6",1,0,0,LOW
300000,3000,10,20,20,0,NONE,"03","6",2,0,0,LOW
250000,2500,10,20,20,0,NONE,"03","6",2,0,0,LOW
250000,2500,10,20,20,0,NONE,"03","6",2,0,0,LOW
300000,3000,10,20,20,0,NONE,"03","6",2,0,0,LOW
46900,46900,20,10,10,46900,EMP1004,"03","6",3,0,0,LOW
81812,818,20,20,20,81812,EMP1004,"03","6",2,0,0,LOW
500000,5000,10,20,20,0,NONE,"03","5",2,0,0,LOW
500000,5000,10,20,20,0,NONE,"03","5",2,0,0,LOW
93800,938,20,20,20,93800,EMP1004,"03","6",2,0,0,LOW
500000,5000,10,20,20,0,NONE,"03","5",2,0,0,LOW
72537,725,20,20,20,72537,EMP1004,"03","6",2,0,0,LOW
1500000,15000,10,20,20,0,NONE,"03","4",2,0,0,LOW
80150,802,20,20,20,80150,EMP1004,"03","7",4,0,0,LOW
10752,10752,20,10,10,10752,EMP1004,"03","6",3,0,0,LOW
12328,12328,20,10,10,12328,EMP1004,"03","6",3,0,0,LOW
9533,9533,20,10,10,9533,EMP1004,"03","7",3,0,0,LOW
10534,10534,20,10,10,10534,EMP1004,"03","6",3,0,0,LOW
10098,10098,20,10,10,10098,EMP1004,"03","7",3,0,0,LOW
11577,11577,20,10,10,11577,EMP1004,"03","7",3,0,0,LOW
8953,8953,20,10,10,8953,EMP1004,"03","6",3,0,0,LOW
9892,9892,20,10,10,9892,EMP1004,"03","7",3,0,0,LOW
935,935,30,10,10,935,EMP1004,"03","6",1,0,0,LOW
1072,1072,30,10,10,1072,EMP1004,"03","6",1,0,0,LOW
829,829,30,10,10,829,EMP1004,"03","7",1,0,0,LOW
916,916,30,10,10,916,EMP1004,"03","7",1,0,0,LOW
300000,3000,10,20,20,0,NONE,"03","1",2,0,0,LOW
250000,2500,10,20,20,0,NONE,"03","1",2,0,0,LOW
250000,2500,10,20,20,0,NONE,"03","1",4,0,0,LOW
300000,3000,10,20,20,0,NONE,"03","1",2,0,0,LOW
1000000,10000,10,20,20,0,NONE,"03","7",2,0,0,LOW
1500000,15000,10,20,20,0,NONE,"03","1",2,0,0,LOW
250000,2500,10,20,20,0,NONE,"03","4",2,0,0,LOW
300000,3000,10,20,20,0,NONE,"03","4",2,0,0,LOW
500000,5000,10,20,20,0,NONE,"03","4",2,0,0,LOW
1500000,15000,10,20,20,0,NONE,"03","3",2,0,0,LOW
46900,46900,20,10,10,46900,EMP1042,"03","4",3,0,0,HIGH
1500000,15000,10,20,20,0,NONE,"03","3",2,0,0,LOW
81812,818,20,20,20,81812,EMP1042,"03","4",2,0,0,LOW
500000,5000,10,20,20,0,NONE,"03","3",2,0,0,LOW
93800,938,20,20,20,93800,EMP1042,"03","4",2,0,0,LOW
72537,725,20,20,20,72537,EMP1042,"03","4",2,0,0,LOW
80150,802,20,20,20,80150,EMP1042,"03","4",2,0,0,LOW
10752,10752,20,10,10,10752,EMP1042,"03","4",3,0,0,LOW
12328,12328,20,10,10,12328,EMP1042,"03","4",3,0,0,LOW
9533,9533,20,10,10,9533,EMP1042,"03","4",3,0,0,LOW
10534,10534,20,10,10,10534,EMP1042,"03","4",3,0,0,LOW
10098,10098,20,10,10,10098,EMP1042,"03","4",3,0,0,LOW
11577,11577,20,10,10,11577,EMP1042,"03","4",3,0,0,LOW
8953,8953,20,10,10,8953,EMP1042,"03","5",3,0,0,LOW
9892,9892,20,10,10,9892,EMP1042,"03","5",3,0,0,LOW
935,935,30,10,10,935,EMP1042,"03","4",1,0,0,LOW
1072,1072,30,10,10,1072,EMP1042,"03","5",1,0,0,LOW
829,829,30,10,10,829,EMP1042,"03","4",1,0,0,LOW
916,916,30,10,10,916,EMP1042,"03","5",1,0,0,LOW
46900,46900,20,10,10,46900,EMP1042,"03","5",3,0,0,MEDIUM
500000,5000,10,20,20,0,NONE,"03","4",2,0,0,LOW
500000,5000,10,20,20,0,NONE,"03","3",2,0,0,LOW
81812,818,20,20,20,81812,EMP1042,"03","5",2,0,0,LOW
93800,938,20,20,20,93800,EMP1042,"03","5",2,0,0,LOW
500000,5000,10,20,20,0,NONE,"03","4",2,0,0,LOW
1500000,15000,10,20,20,0,NONE,"03","4",2,0,0,LOW
72537,725,20,20,20,72537,EMP1042,"03","5",2,0,0,LOW
80150,802,20,20,20,80150,EMP1042,"03","5",2,0,0,LOW
10752,10752,20,10,10,10752,EMP1042,"03","5",3,0,0,LOW
12328,12328,20,10,10,12328,EMP1042,"03","5",3,0,0,HIGH
9533,9533,20,10,10,9533,EMP1042,"03","5",3,0,0,LOW
10534,10534,20,10,10,10534,EMP1042,"03","6",3,0,0,LOW
10098,10098,20,10,10,10098,EMP1042,"03","5",3,0,0,LOW
500000,5000,10,20,20,0,NONE,"03","7",2,0,0,LOW
100975,1010,20,20,20,100975,EMP1006,"03","2",2,0,0,LOW
13225,13225,20,10,10,13225,EMP1006,"03","2",3,0,0,LOW
8751,8751,20,10,10,8751,EMP1006,"03","2",3,0,0,LOW
8441,8441,20,10,10,8441,EMP1006,"03","2",3,0,0,LOW
13271,13271,20,10,10,13271,EMP1006,"03","2",3,0,0,LOW
12420,12420,20,10,10,12420,EMP1006,"03","3",3,0,0,LOW
8218,8218,20,10,10,8218,EMP1006,"03","2",3,0,0,LOW
7927,7927,20,10,10,7927,EMP1006,"03","3",3,0,0,LOW
12463,12463,20,10,10,12463,EMP1006,"03","2",3,0,0,LOW
1150,1150,30,10,10,1150,EMP1006,"03","3",1,0,0,LOW
761,761,30,10,10,761,EMP1006,"03","3",1,0,0,LOW
734,734,30,10,10,734,EMP1006,"03","2",3,0,0,LOW
1154,1154,30,10,10,1154,EMP1006,"03","3",1,0,0,LOW
1500000,15000,10,20,20,0,NONE,"03","2",2,0,0,LOW
47490,47490,20,10,10,47490,EMP1041,"03","3",3,0,0,LOW
500000,5000,10,20,20,0,NONE,"03","2",2,0,0,LOW
100625,1006,20,20,20,100625,EMP1041,"03","3",2,0,0,LOW
500000,5000,10,20,20,0,NONE,"03","2",2,0,0,LOW
66590,666,20,20,20,66590,EMP1041,"03","3",2,0,0,LOW
64225,642,20,20,20,64225,EMP1041,"03","3",2,0,0,LOW
500000,5000,10,20,20,0,NONE,"03","2",2,0,0,LOW
500000,5000,10,20,20,0,NONE,"03","2",4,0,0,LOW
100975,1010,20,20,20,100975,EMP1041,"03","3",2,0,0,LOW
13225,13225,20,10,10,13225,EMP1041,"03","3",3,0,0,LOW
8754,8754,20,10,10,8754,EMP1041,"03","3",3,0,0,LOW
8441,8441,20,10,10,8441,EMP1041,"03","3",3,0,0,MEDIUM
13271,13271,20,10,10,13271,EMP1041,"03","3",3,0,0,LOW
12420,12420,20,10,10,12420,EMP1041,"03","4",3,0,0,LOW
8223,8223,20,10,10,8223,EMP1041,"03","3",3,0,0,MEDIUM
7929,7929,20,10,10,7929,EMP1041,"03","4",3,0,0,LOW
12465,12465,20,10,10,12465,EMP1041,"03","4",3,0,0,LOW
1150,1150,30,10,10,1150,EMP1041,"03","3",1,0,0,LOW
761,761,30,10,10,761,EMP1041,"03","3",1,0,0,LOW
734,734,30,10,10,734,EMP1041,"03","4",1,0,0,LOW
1154,1154,30,10,10,1154,EMP1041,"03","4",1,0,0,LOW
300000,3000,10,20,20,0,NONE,"03","4",2,0,0,LOW
250000,2500,10,20,20,0,NONE,"03","4",2,0,0,LOW
761,761,30,10,10,761,EMP1003,"03","6",1,0,0,LOW
734,734,30,10,10,734,EMP1003,"03","7",1,0,0,LOW
1154,1154,30,10,10,1154,EMP1003,"03","7",1,0,0,LOW
300000,3000,10,20,20,0,NONE,"03","7",2,0,0,LOW
250000,2500,10,20,20,0,NONE,"03","7",2,0,0,LOW
250000,2500,10,20,20,0,NONE,"03","7",2,0,0,LOW
300000,3000,10,20,20,0,NONE,"03","7",2,0,0,LOW
1500000,15000,10,20,20,0,NONE,"03","6",2,0,0,LOW
47487,47487,20,10,10,47487,EMP1045,"03","7",3,0,0,LOW
100625,1006,20,20,20,100625,EMP1045,"03","7",2,0,0,LOW
500000,5000,10,20,20,0,NONE,"03","6",2,0,0,LOW
66587,666,20,20,20,66587,EMP1045,"03","7",2,0,0,LOW
64225,642,20,20,20,64225,EMP1045,"03","7",2,0,0,LOW
500000,5000,10,20,20,0,NONE,"03","6",2,0,0,LOW
1500000,15000,10,20,20,0,NONE,"03","5",2,0,0,LOW
100975,1010,20,20,20,100975,EMP1045,"03","7",2,0,0,LOW
13225,13225,20,10,10,13225,EMP1045,"03","7",3,0,0,LOW
8751,8751,20,10,10,8751,EMP1045,"03","1",5,0,0,LOW
8441,8441,20,10,10,8441,EMP1045,"03","1",3,0,0,LOW
13271,13271,20,10,10,13271,EMP1045,"03","7",3,0,0,LOW
12420,12420,20,10,10,12420,EMP1045,"03","7",3,0,0,LOW
8218,8218,20,10,10,8218,EMP1045,"03","7",3,0,0,LOW
7927,7927,20,10,10,7927,EMP1045,"03","7",3,0,0,LOW
12463,12463,20,10,10,12463,EMP1045,"03","1",3,0,0,MEDIUM
1150,1150,30,10,10,1150,EMP1045,"03","1",1,0,0,LOW
761,761,30,10,10,761,EMP1045,"03","1",1,0,0,LOW
734,734,30,10,10,734,EMP1045,"03","7",1,0,0,LOW
1154,1154,30,10,10,1154,EMP1045,"03","1",1,0,0,LOW
300000,3000,10,20,20,0,NONE,"03","2",2,0,0,LOW
250000,2500,10,20,20,0,NONE,"03","2",2,0,0,LOW
250000,2500,10,20,20,0,NONE,"03","2",2,0,0,LOW
300000,3000,10,20,20,0,NONE,"03","2",2,0,0,LOW
47487,47487,20,10,10,47487,EMP1006,"03","2",3,0,0,LOW
1000000,10000,10,20,20,0,NONE,"03","1",2,0,0,LOW
100625,1006,20,20,20,100625,EMP1006,"03","2",2,0,0,LOW
66587,666,20,20,20,66587,EMP1006,"03","2",2,0,0,LOW
500000,5000,10,20,20,0,NONE,"03","1",2,0,0,LOW
64225,642,20,20,20,64225,EMP1006,"03","2",2,0,0,LOW
100625,1006,20,20,20,100625,EMP1044,"03","5",2,0,0,LOW
66587,666,20,20,20,66587,EMP1044,"03","5",2,0,0,LOW
500000,5000,10,20,20,0,NONE,"03","4",2,0,0,LOW
64225,642,20,20,20,64225,EMP1044,"03","5",2,0,0,LOW
100975,1010,20,20,20,100975,EMP1044,"03","5",2,0,0,LOW
13225,13225,20,10,10,13225,EMP1044,"03","5",3,0,0,LOW
8751,8751,20,10,10,8751,EMP1044,"03","5",3,0,0,LOW
8441,8441,20,10,10,8441,EMP1044,"03","5",3,0,0,LOW
13271,13271,20,10,10,13271,EMP1044,"03","5",3,0,0,LOW
12420,12420,20,10,10,12420,EMP1044,"03","6",3,0,0,HIGH
8218,8218,20,10,10,8218,EMP1044,"03","5",3,0,0,LOW
7927,7927,20,10,10,7927,EMP1044,"03","6",5,0,0,LOW
12463,12463,20,10,10,12463,EMP1044,"03","6",3,0,0,LOW
1150,1150,30,10,10,1150,EMP1044,"03","6",1,0,0,LOW
761,761,30,10,10,761,EMP1044,"03","6",1,0,0,LOW
734,734,30,10,10,734,EMP1044,"03","6",1,0,0,LOW
1154,1154,30,10,10,1154,EMP1044,"03","6",1,0,0,LOW
47487,47487,20,10,10,47487,EMP1003,"03","6",3,0,0,LOW
500000,5000,10,20,20,0,NONE,"03","5",2,0,0,LOW
500000,5000,10,20,20,0,NONE,"03","5",2,0,0,LOW
100625,1006,20,20,20,100625,EMP1003,"03","6",2,0,0,LOW
500000,5000,10,20,20,0,NONE,"03","5",2,0,0,LOW
1500000,15000,10,20,20,0,NONE,"03","5",2,0,0,LOW
66587,666,20,20,20,66587,EMP1003,"03","7",4,0,0,HIGH
64225,642,20,20,20,64225,EMP1003,"03","6",2,0,0,LOW
500000,5000,10,20,20,0,NONE,"03","5",2,0,0,LOW
500000,5000,10,20,20,0,NONE,"03","5",2,0,0,LOW
100975,1010,20,20,20,100975,EMP1003,"03","6",2,0,0,LOW
13225,13225,20,10,10,13225,EMP1003,"03","6",3,0,0,LOW
8751,8751,20,10,10,8751,EMP1003,"03","6",3,0,0,HIGH
8441,8441,20,10,10,8441,EMP1003,"03","6",3,0,0,LOW
13271,13271,20,10,10,13271,EMP1003,"03","6",3,0,0,LOW
12420,12420,20,10,10,12420,EMP1003,"03","6",3,0,0,LOW
8218,8218,20,10,10,8218,EMP1003,"03","7",3,0,0,LOW
7927,7927,20,10,10,7927,EMP1003,"03","7",3,0,0,LOW
12463,12463,20,10,10,12463,EMP1003,"03","6",3,0,0,LOW
1150,1150,30,10,10,1150,EMP1003,"03","7",1,0,0,LOW
879,879,30,10,10,879,EMP1002,"03","3",1,0,0,LOW
1217,1217,30,10,10,1217,EMP1002,"03","4",1,0,0,LOW
500000,5000,10,20,20,0,NONE,"03","4",2,0,0,LOW
500000,500000,40,10,10,0,NONE,"03","4",3,0,0,LOW
500000,500000,40,10,10,0,NONE,"03","4",3,0,0,LOW
400000,400000,40,10,10,0,NONE,"03","4",3,0,0,LOW
400000,400000,40,10,10,0,NONE,"03","4",3,0,0,LOW
30000,30000,40,10,10,0,NONE,"03","4",3,0,0,LOW
1500000,15000,10,20,20,0,NONE,"03","3",2,0,0,LOW
1500000,15000,10,20,20,0,NONE,"03","3",2,0,0,LOW
47487,47487,20,10,10,47487,EMP1043,"03","4",3,0,0,LOW
500000,5000,10,20,20,0,NONE,"03","3",2,0,0,LOW
500000,5000,10,20,20,0,NONE,"03","2",2,0,0,LOW
1000000,10000,10,20,20,0,NONE,"03","2",2,0,0,LOW
100625,1006,20,20,20,100625,EMP1043,"03","4",2,0,0,LOW
66587,666,20,20,20,66587,EMP1043,"03","4",2,0,0,LOW
64225,642,20,20,20,64225,EMP1043,"03","4",2,0,0,LOW
500000,5000,10,20,20,0,NONE,"03","2",2,0,0,LOW
100975,1010,20,20,20,100975,EMP1043,"03","4",2,0,0,LOW
13225,13225,20,10,10,13225,EMP1043,"03","4",3,0,0,LOW
8751,8751,20,10,10,8751,EMP1043,"03","4",3,0,0,LOW
8441,8441,20,10,10,8441,EMP1043,"03","4",3,0,0,LOW
13271,13271,20,10,10,13271,EMP1043,"03","5",3,0,0,LOW
12420,12420,20,10,10,12420,EMP1043,"03","4",3,0,0,LOW
8218,8218,20,10,10,8218,EMP1043,"03","5",3,0,0,LOW
7927,7927,20,10,10,7927,EMP1043,"03","4",3,0,0,LOW
12463,12463,20,10,10,12463,EMP1043,"03","5",3,0,0,LOW
1150,1150,30,10,10,1150,EMP1043,"03","5",1,0,0,LOW
761,761,30,10,10,761,EMP1043,"03","4",1,0,0,LOW
734,734,30,10,10,734,EMP1043,"03","5",1,0,0,LOW
1154,1154,30,10,10,1154,EMP1043,"03","5",1,0,0,LOW
300000,3000,10,20,20,0,NONE,"03","5",2,0,0,LOW
250000,2500,10,20,20,0,NONE,"03","5",2,0,0,LOW
250000,2500,10,20,20,0,NONE,"03","5",2,0,0,LOW
300000,3000,10,20,20,0,NONE,"03","5",2,0,0,LOW
47487,47487,20,10,10,47487,EMP1044,"03","5",3,0,0,LOW
500000,5000,10,20,20,0,NONE,"03","4",2,0,0,LOW
1500000,15000,10,20,20,0,NONE,"03","4",2,0,0,LOW
76912,769,20,20,20,76912,EMP1047,"03","2",2,0,0,LOW
500000,5000,10,20,20,0,NONE,"03","1",2,0,0,LOW
500000,5000,10,20,20,0,NONE,"03","1",2,0,0,LOW
1500000,15000,10,20,20,0,NONE,"03","1",2,0,0,LOW
106487,1065,20,20,20,106487,EMP1047,"03","2",2,0,0,LOW
8878,8878,20,10,10,8878,EMP1047,"03","2",3,0,0,LOW
14444,14444,20,10,10,14444,EMP1047,"03","2",3,0,0,LOW
10108,10108,20,10,10,10108,EMP1047,"03","2",3,0,0,LOW
13995,13995,20,10,10,13995,EMP1047,"03","2",3,0,0,LOW
8337,8337,20,10,10,8337,EMP1047,"03","2",3,0,0,LOW
13564,13564,20,10,10,13564,EMP1047,"03","2",3,0,0,LOW
9493,9493,20,10,10,9493,EMP1047,"03","3",3,0,0,LOW
13143,13143,20,10,10,13143,EMP1047,"03","3",5,0,0,LOW
772,772,30,10,10,772,EMP1047,"03","2",1,0,0,LOW
1256,1256,30,10,10,1256,EMP1047,"03","3",1,0,0,LOW
879,879,30,10,10,879,EMP1047,"03","3",1,0,0,LOW
1217,1217,30,10,10,1217,EMP1047,"03","3",1,0,0,LOW
300000,3000,10,20,20,0,NONE,"03","3",2,0,0,LOW
250000,2500,10,20,20,0,NONE,"03","3",2,0,0,LOW
250000,2500,10,20,20,0,NONE,"03","3",2,0,0,LOW
300000,3000,10,20,20,0,NONE,"03","3",2,0,0,LOW
51550,51550,20,10,10,51550,EMP1002,"03","3",3,0,0,LOW
67550,676,20,20,20,67550,EMP1002,"03","3",2,0,0,LOW
109900,1099,20,20,20,109900,EMP1002,"03","3",2,0,0,LOW
500000,5000,10,20,20,0,NONE,"03","2",2,0,0,LOW
500000,5000,10,20,20,0,NONE,"03","2",2,0,0,LOW
76915,769,20,20,20,76915,EMP1002,"03","3",2,0,0,LOW
106490,1065,20,20,20,106490,EMP1002,"03","3",2,0,0,LOW
8878,8878,20,10,10,8878,EMP1002,"03","3",3,0,0,LOW
14444,14444,20,10,10,14444,EMP1002,"03","4",5,0,0,LOW
10111,10111,20,10,10,10111,EMP1002,"03","3",3,0,0,LOW
13998,13998,20,10,10,13998,EMP1002,"03","3",3,0,0,LOW
8340,8340,20,10,10,8340,EMP1002,"03","4",3,0,0,LOW
13568,13568,20,10,10,13568,EMP1002,"03","3",3,0,0,LOW
9494,9494,20,10,10,9494,EMP1002,"03","4",3,0,0,LOW
13146,13146,20,10,10,13146,EMP1002,"03","3",3,0,0,LOW
772,772,30,10,10,772,EMP1002,"03","3",1,0,0,LOW
1256,1256,30,10,10,1256,EMP1002,"03","4",1,0,0,LOW
772,772,30,10,10,772,EMP1049,"03","6",1,0,0,LOW
1256,1256,30,10,10,1256,EMP1049,"03","6",1,0,0,LOW
879,879,30,10,10,879,EMP1049,"03","6",1,0,0,LOW
1217,1217,30,10,10,1217,EMP1049,"03","5",1,0,0,LOW
300000,3000,10,20,20,0,NONE,"03","6",2,0,0,LOW
250000,2500,10,20,20,0,NONE,"03","6",2,0,0,LOW
250000,2500,10,20,20,0,NONE,"03","6",2,0,0,LOW
300000,3000,10,20,20,0,NONE,"03","6",2,0,0,LOW
1500000,15000,10,20,20,0,NONE,"03","5",2,0,0,LOW
51550,51550,20,10,10,51550,EMP1007,"03","6",3,0,0,LOW
67550,676,20,20,20,67550,EMP1007,"03","6",2,0,0,LOW
500000,5000,10,20,20,0,NONE,"03","5",2,0,0,LOW
500000,5000,10,20,20,0,NONE,"03","5",2,0,0,LOW
109900,1099,20,20,20,109900,EMP1007,"03","6",2,0,0,LOW
500000,5000,10,20,20,0,NONE,"03","5",2,0,0,LOW
1500000,15000,10,20,20,0,NONE,"03","5",2,0,0,LOW
76912,769,20,20,20,76912,EMP1007,"03","6",2,0,0,LOW
106487,1065,20,20,20,106487,EMP1007,"03","6",2,0,0,LOW
8878,8878,20,10,10,8878,EMP1007,"03","6",3,0,0,LOW
14444,14444,20,10,10,14444,EMP1007,"03","6",3,0,0,LOW
10108,10108,20,10,10,10108,EMP1007,"03","6",3,0,0,LOW
13995,13995,20,10,10,13995,EMP1007,"03","6",3,0,0,LOW
8337,8337,20,10,10,8337,EMP1007,"03","7",3,0,0,LOW
13564,13564,20,10,10,13564,EMP1007,"03","7",3,0,0,LOW
9493,9493,20,10,10,9493,EMP1007,"03","7",3,0,0,LOW
13143,13143,20,10,10,13143,EMP1007,"03","6",3,0,0,LOW
772,772,30,10,10,772,EMP1007,"03","7",1,0,0,LOW
1256,1256,30,10,10,1256,EMP1007,"03","7",1,0,0,LOW
879,879,30,10,10,879,EMP1007,"03","6",1,0,0,LOW
1217,1217,30,10,10,1217,EMP1007,"03","7",1,0,0,LOW
300000,3000,10,20,20,0,NONE,"03","1",2,0,0,LOW
250000,2500,10,20,20,0,NONE,"03","1",2,0,0,LOW
250000,2500,10,20,20,0,NONE,"03","1",2,0,0,LOW
300000,3000,10,20,20,0,NONE,"03","1",2,0,0,LOW
51550,51550,20,10,10,51550,EMP1047,"03","2",3,0,0,LOW
67550,676,20,20,20,67550,EMP1047,"03","2",2,0,0,LOW
109900,1099,20,20,20,109900,EMP1047,"03","2",2,0,0,LOW
500000,5000,10,20,20,0,NONE,"03","1",2,0,0,LOW
51550,51550,20,10,10,51550,EMP1044,"03","4",3,0,0,LOW
67550,676,20,20,20,67550,EMP1044,"03","4",2,0,0,LOW
1500000,15000,10,20,20,0,NONE,"03","3",2,0,0,LOW
109900,1099,20,20,20,109900,EMP1044,"03","4",2,0,0,LOW
500000,5000,10,20,20,0,NONE,"03","3",2,0,0,LOW
76912,769,20,20,20,76912,EMP1044,"03","4",2,0,0,LOW
106487,1065,20,20,20,106487,EMP1044,"03","4",2,0,0,LOW
8878,8878,20,10,10,8878,EMP1044,"03","4",3,0,0,LOW
14444,14444,20,10,10,14444,EMP1044,"03","4",3,0,0,LOW
10108,10108,20,10,10,10108,EMP1044,"03","4",3,0,0,LOW
13995,13995,20,10,10,13995,EMP1044,"03","4",3,0,0,LOW
8337,8337,20,10,10,8337,EMP1044,"03","5",3,0,0,LOW
13564,13564,20,10,10,13564,EMP1044,"03","5",3,0,0,LOW
9493,9493,20,10,10,9493,EMP1044,"03","5",3,0,0,MEDIUM
13143,13143,20,10,10,13143,EMP1044,"03","4",3,0,0,LOW
772,772,30,10,10,772,EMP1044,"03","5",1,0,0,LOW
1256,1256,30,10,10,1256,EMP1044,"03","4",1,0,0,LOW
879,879,30,10,10,879,EMP1044,"03","5",1,0,0,LOW
1217,1217,30,10,10,1217,EMP1044,"03","4",1,0,0,LOW
1000000,10000,10,20,20,0,NONE,"03","3",2,0,0,LOW
51550,51550,20,10,10,51550,EMP1049,"03","5",3,0,0,LOW
500000,5000,10,20,20,0,NONE,"03","4",2,0,0,LOW
67550,676,20,20,20,67550,EMP1049,"03","5",2,0,0,LOW
500000,5000,10,20,20,0,NONE,"03","4",2,0,0,LOW
1500000,15000,10,20,20,0,NONE,"03","4",2,0,0,LOW
109900,1099,20,20,20,109900,EMP1049,"03","5",2,0,0,LOW
76912,769,20,20,20,76912,EMP1049,"03","5",2,0,0,LOW
500000,5000,10,20,20,0,NONE,"03","4",2,0,0,LOW
106487,1065,20,20,20,106487,EMP1049,"03","5",2,0,0,LOW
8878,8878,20,10,10,8878,EMP1049,"03","5",3,0,0,LOW
14444,14444,20,10,10,14444,EMP1049,"03","5",3,0,0,LOW
10108,10108,20,10,10,10108,EMP1049,"03","5",3,0,0,LOW
13995,13995,20,10,10,13995,EMP1049,"03","5",3,0,0,MEDIUM
8337,8337,20,10,10,8337,EMP1049,"03","6",3,0,0,LOW
13564,13564,20,10,10,13564,EMP1049,"03","5",3,0,0,LOW
9493,9493,20,10,10,9493,EMP1049,"03","5",3,0,0,LOW
13143,13143,20,10,10,13143,EMP1049,"03","5",3,0,0,LOW
11620,11620,20,10,10,11620,EMP1050,"03","3",3,0,0,LOW
13392,13392,20,10,10,13392,EMP1050,"03","2",3,0,0,LOW
1093,1093,30,10,10,1093,EMP1050,"03","3",1,0,0,LOW
1004,1004,30,10,10,1004,EMP1050,"03","3",1,0,0,LOW
1076,1076,30,10,10,1076,EMP1050,"03","2",1,0,0,LOW
1240,1240,30,10,10,1240,EMP1050,"03","2",1,0,0,LOW
1500000,15000,10,20,20,0,NONE,"03","1",4,0,0,LOW
55165,55165,20,10,10,55165,EMP1052,"03","3",3,0,0,LOW
500000,5000,10,20,20,0,NONE,"03","2",2,0,0,LOW
500000,5000,10,20,20,0,NONE,"03","2",2,0,0,LOW
1500000,15000,10,20,20,0,NONE,"03","2",2,0,0,LOW
95640,956,20,20,20,95640,EMP1052,"03","3",2,0,0,LOW
500000,5000,10,20,20,0,NONE,"03","2",2,0,0,LOW
87850,879,20,20,20,87850,EMP1052,"03","3",2,0,0,LOW
500000,5000,10,20,20,0,NONE,"03","1",2,0,0,LOW
500000,5000,10,20,20,0,NONE,"03","2",2,0,0,LOW
94150,942,20,20,20,94150,EMP1052,"03","3",2,0,0,LOW
500000,5000,10,20,20,0,NONE,"03","2",2,0,0,LOW
500000,5000,10,20,20,0,NONE,"03","2",2,0,0,LOW
108500,1085,20,20,20,108500,EMP1052,"03","3",2,0,0,LOW
12572,12572,20,10,10,12572,EMP1052,"03","3",3,0,0,LOW
11546,11546,20,10,10,11546,EMP1052,"03","3",3,0,0,LOW
12374,12374,20,10,10,12374,EMP1052,"03","4",3,0,0,LOW
14260,14260,20,10,10,14260,EMP1052,"03","4",3,0,0,LOW
11807,11807,20,10,10,11807,EMP1052,"03","3",3,0,0,MEDIUM
10845,10845,20,10,10,10845,EMP1052,"03","4",3,0,0,LOW
11625,11625,20,10,10,11625,EMP1052,"03","4",3,0,0,LOW
13392,13392,20,10,10,13392,EMP1052,"03","3",3,0,0,LOW
1093,1093,30,10,10,1093,EMP1052,"03","4",1,0,0,LOW
1004,1004,30,10,10,1004,EMP1052,"03","4",1,0,0,LOW
1076,1076,30,10,10,1076,EMP1052,"03","3",3,0,0,LOW
1240,1240,30,10,10,1240,EMP1052,"03","3",1,0,0,LOW
300000,3000,10,20,20,0,NONE,"03","4",2,0,0,LOW
250000,2500,10,20,20,0,NONE,"03","4",2,0,0,LOW
250000,2500,10,20,20,0,NONE,"03","4",2,0,0,LOW
300000,3000,10,20,20,0,NONE,"03","4",2,0,0,LOW
500000,5000,10,20,20,0,NONE,"03","4",2,0,0,LOW
95637,956,20,20,20,95637,EMP1059,"03","7",2,0,0,LOW
500000,5000,10,20,20,0,NONE,"02","6",3,0,1,LOW
87850,879,20,20,20,87850,EMP1059,"03","7",2,0,0,LOW
94150,942,20,20,20,94150,EMP1059,"03","7",2,0,0,LOW
500000,5000,10,20,20,0,NONE,"02","6",3,0,1,HIGH
500000,5000,10,20,20,0,NONE,"02","5",3,0,1,LOW
108500,1085,20,20,20,108500,EMP1059,"03","7",2,0,0,LOW
12569,12569,20,10,10,12569,EMP1059,"03","7",3,0,0,MEDIUM
11546,11546,20,10,10,11546,EMP1059,"03","7",3,0,0,LOW
12374,12374,20,10,10,12374,EMP1059,"03","7",3,0,0,LOW
14260,14260,20,10,10,14260,EMP1059,"03","7",3,0,0,LOW
11804,11804,20,10,10,11804,EMP1059,"03","1",3,0,0,LOW
10843,10843,20,10,10,10843,EMP1059,"03","7",3,0,0,LOW
11620,11620,20,10,10,11620,EMP1059,"03","1",5,0,0,LOW
13392,13392,20,10,10,13392,EMP1059,"03","1",3,0,0,LOW
1093,1093,30,10,10,1093,EMP1059,"03","7",1,0,0,LOW
1004,1004,30,10,10,1004,EMP1059,"03","1",1,0,0,LOW
1076,1076,30,10,10,1076,EMP1059,"03","1",1,0,0,LOW
1240,1240,30,10,10,1240,EMP1059,"03","1",1,0,0,LOW
300000,3000,10,20,20,0,NONE,"03","2",2,0,0,LOW
250000,2500,10,20,20,0,NONE,"03","2",2,0,0,LOW
250000,2500,10,20,20,0,NONE,"03","2",2,0,0,LOW
300000,3000,10,20,20,0,NONE,"03","2",2,0,0,LOW
55162,55162,20,10,10,55162,EMP1050,"03","2",3,0,0,LOW
500000,5000,10,20,20,0,NONE,"03","7",2,0,0,LOW
1500000,15000,10,20,20,0,NONE,"03","1",2,0,0,LOW
95637,956,20,20,20,95637,EMP1050,"03","2",2,0,0,LOW
87850,879,20,20,20,87850,EMP1050,"03","2",2,0,0,LOW
500000,5000,10,20,20,0,NONE,"03","1",2,0,0,LOW
500000,5000,10,20,20,0,NONE,"03","1",2,0,0,LOW
94150,942,20,20,20,94150,EMP1050,"03","2",2,0,0,LOW
108500,1085,20,20,20,108500,EMP1050,"03","2",2,0,0,LOW
12569,12569,20,10,10,12569,EMP1050,"03","2",3,0,0,LOW
11546,11546,20,10,10,11546,EMP1050,"03","3",3,0,0,LOW
12374,12374,20,10,10,12374,EMP1050,"03","2",3,0,0,LOW
14260,14260,20,10,10,14260,EMP1050,"03","2",3,0,0,LOW
11804,11804,20,10,10,11804,EMP1050,"03","3",3,0,0,LOW
10843,10843,20,10,10,10843,EMP1050,"03","2",3,0,0,LOW
1093,1093,30,10,10,1093,EMP1041,"03","7",4,0,0,LOW
1004,1004,30,10,10,1004,EMP1041,"02","6",2,0,1,LOW
1076,1076,30,10,10,1076,EMP1041,"03","7",3,0,0,LOW
1240,1240,30,10,10,1240,EMP1041,"02","6",2,0,1,LOW
1500000,15000,10,20,20,0,NONE,"02","5",3,0,1,HIGH
1500000,15000,10,20,20,0,NONE,"02","5",5,0,1,LOW
55162,55162,20,10,10,55162,EMP1005,"03","7",3,0,0,LOW
500000,5000,10,20,20,0,NONE,"02","5",3,0,1,LOW
500000,5000,10,20,20,0,NONE,"02","6",3,0,1,LOW
95637,956,20,20,20,95637,EMP1005,"03","7",2,0,0,LOW
87850,879,20,20,20,87850,EMP1005,"03","2",6,0,0,LOW
500000,5000,10,20,20,0,NONE,"02","5",3,0,1,HIGH
500000,5000,10,20,20,0,NONE,"02","4",3,0,1,LOW
500000,5000,10,20,20,0,NONE,"02","5",3,0,1,LOW
500000,5000,10,20,20,0,NONE,"02","5",7,0,1,LOW
94150,942,20,20,20,94150,EMP1005,"03","7",2,0,0,LOW
500000,5000,10,20,20,0,NONE,"02","5",3,0,1,LOW
108500,1085,20,20,20,108500,EMP1005,"03","7",2,0,0,LOW
12569,12569,20,10,10,12569,EMP1005,"03","7",3,0,0,LOW
11546,11546,20,10,10,11546,EMP1005,"03","7",3,0,0,LOW
12374,12374,20,10,10,12374,EMP1005,"03","2",5,0,0,LOW
14260,14260,20,10,10,14260,EMP1005,"03","1",7,0,0,LOW
11804,11804,20,10,10,11804,EMP1005,"03","1",3,0,0,LOW
10843,10843,20,10,10,10843,EMP1005,"03","2",7,0,0,HIGH
11620,11620,20,10,10,11620,EMP1005,"03","1",3,0,0,LOW
13392,13392,20,10,10,13392,EMP1005,"03","1",7,0,0,LOW
1093,1093,30,10,10,1093,EMP1005,"03","7",3,0,0,MEDIUM
1004,1004,30,10,10,1004,EMP1005,"03","1",3,0,0,LOW
1076,1076,30,10,10,1076,EMP1005,"02","6",2,0,1,LOW
1240,1240,30,10,10,1240,EMP1005,"03","7",2,0,0,LOW
300000,3000,10,20,20,0,NONE,"03","7",2,0,0,LOW
250000,2500,10,20,20,0,NONE,"03","7",2,0,0,LOW
250000,2500,10,20,20,0,NONE,"03","7",2,0,0,LOW
300000,3000,10,20,20,0,NONE,"03","7",2,0,0,LOW
1000000,10000,10,20,20,0,NONE,"02","6",3,0,1,LOW
1500000,15000,10,20,20,0,NONE,"02","6",3,0,1,LOW
55162,55162,20,10,10,55162,EMP1059,"03","7",3,0,0,LOW
500000,5000,10,20,20,0,NONE,"02","3",5,0,1,LOW
1500000,15000,10,20,20,0,NONE,"02","2",3,0,1,LOW
108500,1085,20,20,20,108500,EMP1005,"02","5",3,0,1,LOW
12569,12569,20,10,10,12569,EMP1005,"02","5",4,0,1,LOW
11546,11546,20,10,10,11546,EMP1005,"02","5",4,0,1,LOW
12374,12374,20,10,10,12374,EMP1005,"02","5",4,0,1,LOW
14260,14260,20,10,10,14260,EMP1005,"02","5",4,0,1,LOW
11804,11804,20,10,10,11804,EMP1005,"02","6",6,0,1,LOW
10843,10843,20,10,10,10843,EMP1005,"02","5",4,0,1,MEDIUM
11620,11620,20,10,10,11620,EMP1005,"02","5",4,0,1,LOW
13392,13392,20,10,10,13392,EMP1005,"02","5",4,0,1,LOW
1093,1093,30,10,10,1093,EMP1005,"02","5",2,0,1,LOW
1004,1004,30,10,10,1004,EMP1005,"03","7",6,0,0,LOW
1076,1076,30,10,10,1076,EMP1005,"02","5",2,0,1,LOW
1240,1240,30,10,10,1240,EMP1005,"02","5",4,0,1,LOW
300000,3000,10,20,20,0,NONE,"02","5",5,0,1,LOW
250000,2500,10,20,20,0,NONE,"02","5",3,0,1,LOW
250000,2500,10,20,20,0,NONE,"02","5",3,0,1,LOW
300000,3000,10,20,20,0,NONE,"02","5",3,0,1,LOW
55162,55162,20,10,10,55162,EMP1041,"03","7",5,0,0,MEDIUM
95637,956,20,20,20,95637,EMP1041,"02","6",3,0,1,LOW
500000,5000,10,20,20,0,NONE,"02","4",3,0,1,LOW
87850,879,20,20,20,87850,EMP1041,"02","6",3,0,1,LOW
500000,5000,10,20,20,0,NONE,"02","4",5,0,1,HIGH
500000,5000,10,20,20,0,NONE,"02","4",3,0,1,HIGH
500000,5000,10,20,20,0,NONE,"02","3",7,0,1,LOW
94150,942,20,20,20,94150,EMP1041,"03","1",4,0,0,LOW
1500000,15000,10,20,20,0,NONE,"02","4",3,0,1,LOW
108500,1085,20,20,20,108500,EMP1041,"02","6",3,0,1,LOW
12569,12569,20,10,10,12569,EMP1041,"02","6",4,0,1,LOW
11546,11546,20,10,10,11546,EMP1041,"03","7",5,0,0,LOW
12374,12374,20,10,10,12374,EMP1041,"02","6",4,0,1,LOW
14260,14260,20,10,10,14260,EMP1041,"02","6",4,0,1,LOW
11804,11804,20,10,10,11804,EMP1041,"02","6",4,0,1,LOW
10843,10843,20,10,10,10843,EMP1041,"02","6",4,0,1,LOW
11620,11620,20,10,10,11620,EMP1041,"03","7",4,0,0,LOW
13392,13392,20,10,10,13392,EMP1041,"03","7",4,0,0,LOW
300000,3000,10,20,20,0,NONE,"02","3",3,0,1,LOW
250000,2500,10,20,20,0,NONE,"02","3",3,0,1,LOW
250000,2500,10,20,20,0,NONE,"02","3",3,0,1,LOW
300000,3000,10,20,20,0,NONE,"02","3",3,0,1,LOW
1500000,15000,10,20,20,0,NONE,"02","3",3,0,1,LOW
1500000,15000,10,20,20,0,NONE,"02","3",7,0,1,LOW
1000000,10000,10,20,20,0,NONE,"02","3",3,0,1,LOW
500,500,40,10,10,0,NONE,"02","3",2,0,1,LOW
500000,5000,40,20,20,0,NONE,"02","3",5,0,1,LOW
500000,5000,40,20,20,0,NONE,"02","3",5,0,1,LOW
52100,52100,20,10,10,52100,EMP1056,"02","4",4,0,1,LOW
91525,915,20,20,20,91525,EMP1056,"02","4",3,0,1,LOW
76390,764,20,20,20,76390,EMP1056,"02","5",5,0,1,LOW
500000,5000,10,20,20,0,NONE,"02","2",3,0,1,LOW
91000,910,20,20,20,91000,EMP1056,"02","4",3,0,1,LOW
105790,1058,20,20,20,105790,EMP1056,"02","4",3,0,1,LOW
12029,12029,20,10,10,12029,EMP1056,"02","4",4,0,1,LOW
10042,10042,20,10,10,10042,EMP1056,"02","4",4,0,1,LOW
11960,11960,20,10,10,11960,EMP1056,"02","4",4,0,1,LOW
13906,13906,20,10,10,13906,EMP1056,"02","6",8,0,1,LOW
11300,11300,20,10,10,11300,EMP1056,"02","4",4,0,1,LOW
9430,9430,20,10,10,9430,EMP1056,"02","4",4,0,1,LOW
11232,11232,20,10,10,11232,EMP1056,"02","5",4,0,1,LOW
13058,13058,20,10,10,13058,EMP1056,"02","5",4,0,1,MEDIUM
1046,1046,30,10,10,1046,EMP1056,"03","7",5,0,0,LOW
873,873,30,10,10,873,EMP1056,"02","4",2,0,1,LOW
1040,1040,30,10,10,1040,EMP1056,"02","3",2,0,1,LOW
1209,1209,30,10,10,1209,EMP1056,"02","5",4,0,1,LOW
500000,5000,10,20,20,0,NONE,"02","4",3,0,1,LOW
55162,55162,20,10,10,55162,EMP1005,"02","5",4,0,1,LOW
500000,5000,10,20,20,0,NONE,"02","3",5,0,1,LOW
500000,5000,10,20,20,0,NONE,"02","3",3,0,1,LOW
95637,956,20,20,20,95637,EMP1005,"02","5",3,0,1,LOW
87850,879,20,20,20,87850,EMP1005,"02","5",3,0,1,LOW
500000,5000,10,20,20,0,NONE,"02","3",5,0,1,LOW
94150,942,20,20,20,94150,EMP1005,"02","5",3,0,1,LOW
500000,5000,10,20,20,0,NONE,"02","3",5,0,1,LOW
500000,5000,10,20,20,0,NONE,"02","2",3,0,1,HIGH
10039,10039,20,10,10,10039,EMP1006,"02","7",4,0,1,LOW
11960,11960,20,10,10,11960,EMP1006,"02","7",4,0,1,LOW
13903,13903,20,10,10,13903,EMP1006,"02","7",4,0,1,LOW
11296,11296,20,10,10,11296,EMP1006,"02","1",6,0,1,LOW
9428,9428,20,10,10,9428,EMP1006,"02","1",4,0,1,LOW
11232,11232,20,10,10,11232,EMP1006,"02","2",6,0,1,LOW
13057,13057,20,10,10,13057,EMP1006,"02","3",8,0,1,LOW
1046,1046,30,10,10,1046,EMP1006,"02","6",2,0,1,LOW
873,873,30,10,10,873,EMP1006,"02","7",2,0,1,LOW
1040,1040,30,10,10,1040,EMP1006,"02","7",2,0,1,LOW
1209,1209,30,10,10,1209,EMP1006,"02","7",2,0,1,LOW
300000,3000,10,20,20,0,NONE,"02","1",3,0,1,LOW
250000,2500,10,20,20,0,NONE,"02","1",7,0,1,LOW
250000,2500,10,20,20,0,NONE,"02","1",7,0,1,LOW
300000,3000,10,20,20,0,NONE,"02","1",3,0,1,LOW
52100,52100,20,10,10,52100,EMP1002,"02","3",4,0,1,MEDIUM
91525,915,20,20,20,91525,EMP1002,"02","4",5,0,1,LOW
76387,764,20,20,20,76387,EMP1002,"02","5",7,0,1,HIGH
500000,5000,10,20,20,0,NONE,"02","1",5,0,1,LOW
500000,5000,10,20,20,0,NONE,"02","1",3,0,1,LOW
500000,5000,10,20,20,0,NONE,"02","1",3,0,1,HIGH
500000,5000,10,20,20,0,NONE,"02","1",3,0,1,LOW
1500000,15000,10,20,20,0,NONE,"02","1",3,0,1,LOW
91000,910,20,20,20,91000,EMP1002,"02","5",7,0,1,LOW
105787,1058,20,20,20,105787,EMP1002,"02","5",5,0,1,LOW
12029,12029,20,10,10,12029,EMP1002,"02","3",4,0,1,MEDIUM
10039,10039,20,10,10,10039,EMP1002,"02","3",4,0,1,LOW
11960,11960,20,10,10,11960,EMP1002,"02","4",6,0,1,LOW
13903,13903,20,10,10,13903,EMP1002,"02","3",4,0,1,LOW
11296,11296,20,10,10,11296,EMP1002,"02","3",4,0,1,LOW
9428,9428,20,10,10,9428,EMP1002,"02","4",4,0,1,LOW
11232,11232,20,10,10,11232,EMP1002,"02","4",4,0,1,LOW
13057,13057,20,10,10,13057,EMP1002,"02","4",4,0,1,MEDIUM
1046,1046,30,10,10,1046,EMP1002,"02","3",2,0,1,LOW
873,873,30,10,10,873,EMP1002,"02","3",2,0,1,LOW
1040,1040,30,10,10,1040,EMP1002,"02","3",2,0,1,LOW
1209,1209,30,10,10,1209,EMP1002,"02","4",4,0,1,LOW
500000,5000,10,20,20,0,NONE,"02","3",3,0,1,HIGH
500000,5000,10,20,20,0,NONE,"02","4",5,0,1,LOW
1500000,15000,10,20,20,0,NONE,"02","4",3,0,1,LOW
91525,915,20,20,20,91525,EMP1055,"02","6",3,0,1,LOW
500000,5000,10,20,20,0,NONE,"02","3",3,0,1,LOW
76387,764,20,20,20,76387,EMP1055,"02","6",3,0,1,LOW
500000,5000,10,20,20,0,NONE,"02","4",3,0,1,LOW
91000,910,20,20,20,91000,EMP1055,"02","7",7,0,1,LOW
500000,5000,10,20,20,0,NONE,"02","4",3,0,1,LOW
105787,1058,20,20,20,105787,EMP1055,"02","6",3,0,1,LOW
12029,12029,20,10,10,12029,EMP1055,"02","6",4,0,1,MEDIUM
10039,10039,20,10,10,10039,EMP1055,"02","6",4,0,1,LOW
11960,11960,20,10,10,11960,EMP1055,"02","1",6,0,1,HIGH
13903,13903,20,10,10,13903,EMP1055,"02","6",4,0,1,LOW
11296,11296,20,10,10,11296,EMP1055,"02","2",6,0,1,LOW
9428,9428,20,10,10,9428,EMP1055,"02","2",6,0,1,HIGH
11232,11232,20,10,10,11232,EMP1055,"02","6",4,0,1,LOW
13057,13057,20,10,10,13057,EMP1055,"02","7",4,0,1,LOW
1046,1046,30,10,10,1046,EMP1055,"02","6",2,0,1,LOW
873,873,30,10,10,873,EMP1055,"02","6",2,0,1,LOW
1040,1040,30,10,10,1040,EMP1055,"02","6",2,0,1,LOW
1209,1209,30,10,10,1209,EMP1055,"02","6",2,0,1,LOW
300000,3000,10,20,20,0,NONE,"02","6",7,0,1,LOW
250000,2500,10,20,20,0,NONE,"02","6",5,0,1,LOW
250000,2500,10,20,20,0,NONE,"02","6",3,0,1,HIGH
300000,3000,10,20,20,0,NONE,"02","6",3,0,1,LOW
1500000,15000,10,20,20,0,NONE,"02","5",3,0,1,LOW
52100,52100,20,10,10,52100,EMP1006,"02","7",4,0,1,LOW
91525,915,20,20,20,91525,EMP1006,"02","7",3,0,1,LOW
500000,5000,10,20,20,0,NONE,"02","4",3,0,1,LOW
1500000,15000,10,20,20,0,NONE,"02","5",3,0,1,LOW
76387,764,20,20,20,76387,EMP1006,"02","2",5,0,1,LOW
91000,910,20,20,20,91000,EMP1006,"02","1",7,0,1,HIGH
500000,5000,10,20,20,0,NONE,"02","5",3,0,1,LOW
500000,5000,10,20,20,0,NONE,"02","4",3,0,1,LOW
105787,1058,20,20,20,105787,EMP1006,"02","7",3,0,1,LOW
12029,12029,20,10,10,12029,EMP1006,"02","1",8,0,1,LOW
9982,9982,20,10,10,9982,EMP1007,"02","4",4,0,1,LOW
13255,13255,20,10,10,13255,EMP1007,"02","4",4,0,1,LOW
13437,13437,20,10,10,13437,EMP1007,"02","5",4,0,1,LOW
12420,12420,20,10,10,12420,EMP1007,"02","5",6,0,1,LOW
9377,9377,20,10,10,9377,EMP1007,"02","4",4,0,1,LOW
1227,1227,30,10,10,1227,EMP1007,"02","5",4,0,1,LOW
1244,1244,30,10,10,1244,EMP1007,"02","4",2,0,1,LOW
1150,1150,30,10,10,1150,EMP1007,"02","4",2,0,1,LOW
868,868,30,10,10,868,EMP1007,"02","4",2,0,1,LOW
300000,3000,10,20,20,0,NONE,"02","4",3,0,1,LOW
250000,2500,10,20,20,0,NONE,"02","4",3,0,1,LOW
250000,2500,10,20,20,0,NONE,"02","4",3,0,1,LOW
300000,3000,10,20,20,0,NONE,"02","4",3,0,1,LOW
500000,5000,10,20,20,0,NONE,"02","4",3,0,1,LOW
52100,52100,20,10,10,52100,EMP1004,"02","7",8,0,1,HIGH
1500000,15000,10,20,20,0,NONE,"02","2",7,0,1,LOW
1000000,10000,10,20,20,0,NONE,"02","3",3,0,1,LOW
91525,915,20,20,20,91525,EMP1004,"02","5",3,0,1,LOW
500000,5000,10,20,20,0,NONE,"02","3",3,0,1,LOW
76387,764,20,20,20,76387,EMP1004,"02","6",7,0,1,HIGH
91000,910,20,20,20,91000,EMP1004,"02","6",5,0,1,LOW
500000,5000,10,20,20,0,NONE,"02","3",3,0,1,LOW
500000,5000,10,20,20,0,NONE,"02","3",5,0,1,LOW
105787,1058,20,20,20,105787,EMP1004,"02","7",5,0,1,LOW
12029,12029,20,10,10,12029,EMP1004,"02","5",4,0,1,MEDIUM
10039,10039,20,10,10,10039,EMP1004,"02","5",4,0,1,LOW
11960,11960,20,10,10,11960,EMP1004,"02","5",4,0,1,LOW
13903,13903,20,10,10,13903,EMP1004,"02","5",4,0,1,LOW
11296,11296,20,10,10,11296,EMP1004,"02","7",6,0,1,LOW
9428,9428,20,10,10,9428,EMP1004,"02","5",4,0,1,LOW
11232,11232,20,10,10,11232,EMP1004,"02","5",4,0,1,LOW
13057,13057,20,10,10,13057,EMP1004,"02","5",4,0,1,LOW
1046,1046,30,10,10,1046,EMP1004,"02","7",6,0,1,LOW
873,873,30,10,10,873,EMP1004,"02","6",4,0,1,LOW
1040,1040,30,10,10,1040,EMP1004,"02","6",4,0,1,MEDIUM
1209,1209,30,10,10,1209,EMP1004,"02","5",2,0,1,LOW
52100,52100,20,10,10,52100,EMP1055,"02","6",4,0,1,LOW
56112,56112,20,10,10,56112,EMP1005,"02","3",4,0,1,LOW
107362,1074,20,20,20,107362,EMP1005,"02","3",3,0,1,LOW
500000,5000,10,20,20,0,NONE,"02","7",3,0,1,LOW
500000,5000,10,20,20,0,NONE,"02","1",3,0,1,LOW
500000,5000,10,20,20,0,NONE,"02","7",5,0,1,LOW
108850,1089,20,20,20,108850,EMP1005,"02","3",3,0,1,LOW
500000,5000,10,20,20,0,NONE,"02","1",3,0,1,LOW
100625,1006,20,20,20,100625,EMP1005,"02","4",5,0,1,LOW
75950,760,20,20,20,75950,EMP1005,"02","3",3,0,1,LOW
14110,14110,20,10,10,14110,EMP1005,"02","3",4,0,1,LOW
14306,14306,20,10,10,14306,EMP1005,"02","5",8,0,1,HIGH
13225,13225,20,10,10,13225,EMP1005,"02","4",4,0,1,LOW
9982,9982,20,10,10,9982,EMP1005,"02","3",4,0,1,LOW
13251,13251,20,10,10,13251,EMP1005,"02","4",4,0,1,LOW
13435,13435,20,10,10,13435,EMP1005,"02","4",4,0,1,LOW
12420,12420,20,10,10,12420,EMP1005,"02","3",4,0,1,LOW
9374,9374,20,10,10,9374,EMP1005,"02","5",6,0,1,HIGH
1227,1227,30,10,10,1227,EMP1005,"02","3",2,0,1,LOW
1244,1244,30,10,10,1244,EMP1005,"02","3",2,0,1,LOW
1150,1150,30,10,10,1150,EMP1005,"02","3",2,0,1,LOW
868,868,30,10,10,868,EMP1005,"02","2",2,0,1,LOW
1500000,15000,10,20,20,0,NONE,"02","1",3,0,1,LOW
1500000,15000,10,20,20,0,NONE,"02","2",5,0,1,LOW
56115,56115,20,10,10,56115,EMP1007,"02","4",4,0,1,LOW
500000,5000,10,20,20,0,NONE,"02","2",3,0,1,LOW
500000,5000,10,20,20,0,NONE,"02","2",3,0,1,LOW
107365,1074,20,20,20,107365,EMP1007,"02","4",3,0,1,LOW
500000,5000,10,20,20,0,NONE,"02","2",3,0,1,LOW
500000,5000,10,20,20,0,NONE,"02","2",3,0,1,LOW
108850,1089,20,20,20,108850,EMP1007,"02","4",3,0,1,LOW
100625,1006,20,20,20,100625,EMP1007,"02","5",5,0,1,LOW
500000,5000,10,20,20,0,NONE,"02","2",5,0,1,HIGH
500000,5000,10,20,20,0,NONE,"02","2",3,0,1,LOW
75950,760,20,20,20,75950,EMP1007,"02","4",3,0,1,HIGH
14113,14113,20,10,10,14113,EMP1007,"02","6",6,0,1,LOW
14306,14306,20,10,10,14306,EMP1007,"02","6",6,0,1,LOW
13225,13225,20,10,10,13225,EMP1007,"02","4",4,0,1,LOW
9982,9982,20,10,10,9982,EMP1050,"02","1",4,0,1,LOW
13251,13251,20,10,10,13251,EMP1050,"02","2",6,0,1,LOW
13435,13435,20,10,10,13435,EMP1050,"02","1",4,0,1,LOW
12420,12420,20,10,10,12420,EMP1050,"02","3",8,0,1,LOW
9374,9374,20,10,10,9374,EMP1050,"02","1",8,0,1,LOW
1227,1227,30,10,10,1227,EMP1050,"02","7",2,0,1,LOW
1244,1244,30,10,10,1244,EMP1050,"02","7",2,0,1,LOW
1150,1150,30,10,10,1150,EMP1050,"02","1",4,0,1,LOW
868,868,30,10,10,868,EMP1050,"02","7",4,0,1,LOW
300000,3000,10,20,20,0,NONE,"02","7",3,0,1,LOW
250000,2500,10,20,20,0,NONE,"02","7",7,0,1,LOW
250000,2500,10,20,20,0,NONE,"02","7",5,0,1,LOW
300000,3000,10,20,20,0,NONE,"02","7",3,0,1,LOW
56112,56112,20,10,10,56112,EMP1057,"02","1",4,0,1,LOW
500000,5000,10,20,20,0,NONE,"02","6",5,0,1,LOW
107362,1074,20,20,20,107362,EMP1057,"02","1",3,0,1,MEDIUM
108850,1089,20,20,20,108850,EMP1057,"02","1",3,0,1,MEDIUM
500000,5000,10,20,20,0,NONE,"02","6",5,0,1,LOW
100625,1006,20,20,20,100625,EMP1057,"02","1",3,0,1,LOW
75950,760,20,20,20,75950,EMP1057,"02","1",3,0,1,LOW
14110,14110,20,10,10,14110,EMP1057,"02","1",4,0,1,LOW
14306,14306,20,10,10,14306,EMP1057,"02","1",4,0,1,LOW
13225,13225,20,10,10,13225,EMP1057,"02","3",6,0,1,LOW
9982,9982,20,10,10,9982,EMP1057,"02","3",6,0,1,HIGH
13251,13251,20,10,10,13251,EMP1057,"02","1",4,0,1,LOW
13435,13435,20,10,10,13435,EMP1057,"02","2",8,0,1,LOW
12420,12420,20,10,10,12420,EMP1057,"02","2",6,0,1,LOW
9374,9374,20,10,10,9374,EMP1057,"02","2",6,0,1,LOW
1227,1227,30,10,10,1227,EMP1057,"02","2",4,0,1,LOW
1244,1244,30,10,10,1244,EMP1057,"02","1",2,0,1,LOW
1150,1150,30,10,10,1150,EMP1057,"02","2",4,0,1,LOW
868,868,30,10,10,868,EMP1057,"02","1",2,0,1,LOW
300000,3000,10,20,20,0,NONE,"02","2",3,0,1,LOW
250000,2500,10,20,20,0,NONE,"02","2",3,0,1,HIGH
250000,2500,10,20,20,0,NONE,"02","2",7,0,1,LOW
300000,3000,10,20,20,0,NONE,"02","2",3,0,1,LOW
1500000,15000,10,20,20,0,NONE,"02","7",5,0,1,LOW
500000,5000,10,20,20,0,NONE,"02","4",5,0,1,LOW
500000,5000,10,20,20,0,NONE,"02","3",3,0,1,LOW
108850,1089,20,20,20,108850,EMP1044,"02","7",5,0,1,LOW
100625,1006,20,20,20,100625,EMP1044,"02","6",3,0,1,LOW
500000,5000,10,20,20,0,NONE,"02","4",7,0,1,LOW
500000,5000,10,20,20,0,NONE,"02","4",3,0,1,HIGH
500000,5000,10,20,20,0,NONE,"02","4",7,0,1,HIGH
500000,5000,10,20,20,0,NONE,"02","3",3,0,1,LOW
1500000,15000,10,20,20,0,NONE,"02","4",3,0,1,LOW
75950,760,20,20,20,75950,EMP1044,"02","6",3,0,1,LOW
14110,14110,20,10,10,14110,EMP1044,"02","6",4,0,1,LOW
14306,14306,20,10,10,14306,EMP1044,"02","1",8,0,1,LOW
13225,13225,20,10,10,13225,EMP1044,"02","6",4,0,1,LOW
9982,9982,20,10,10,9982,EMP1044,"02","6",4,0,1,LOW
13251,13251,20,10,10,13251,EMP1044,"02","6",4,0,1,LOW
13435,13435,20,10,10,13435,EMP1044,"02","6",4,0,1,HIGH
12420,12420,20,10,10,12420,EMP1044,"02","6",4,0,1,LOW
9374,9374,20,10,10,9374,EMP1044,"02","7",4,0,1,MEDIUM
1227,1227,30,10,10,1227,EMP1044,"02","5",2,0,1,LOW
1244,1244,30,10,10,1244,EMP1044,"02","6",2,0,1,LOW
1150,1150,30,10,10,1150,EMP1044,"02","6",2,0,1,LOW
868,868,30,10,10,868,EMP1044,"02","6",2,0,1,LOW
1000000,10000,10,20,20,0,NONE,"02","5",3,0,1,LOW
1500000,15000,10,20,20,0,NONE,"02","5",3,0,1,LOW
56112,56112,20,10,10,56112,EMP1050,"02","7",4,0,1,LOW
500000,5000,10,20,20,0,NONE,"02","5",3,0,1,LOW
107362,1074,20,20,20,107362,EMP1050,"02","7",3,0,1,LOW
500000,5000,10,20,20,0,NONE,"02","5",3,0,1,LOW
108850,1089,20,20,20,108850,EMP1050,"02","7",3,0,1,LOW
500000,5000,10,20,20,0,NONE,"02","5",3,0,1,LOW
100625,1006,20,20,20,100625,EMP1050,"02","7",3,0,1,LOW
500000,5000,10,20,20,0,NONE,"02","4",3,0,1,LOW
1500000,15000,10,20,20,0,NONE,"02","5",3,0,1,LOW
75950,760,20,20,20,75950,EMP1050,"02","7",3,0,1,LOW
14110,14110,20,10,10,14110,EMP1050,"02","7",4,0,1,HIGH
14306,14306,20,10,10,14306,EMP1050,"02","7",4,0,1,LOW
13225,13225,20,10,10,13225,EMP1050,"02","7",4,0,1,LOW
12994,12994,20,10,10,12994,EMP1006,"02","4",4,0,1,LOW
8890,8890,20,10,10,8890,EMP1006,"02","5",4,0,1,LOW
903,903,30,10,10,903,EMP1006,"02","3",2,0,1,LOW
1217,1217,30,10,10,1217,EMP1006,"02","6",6,0,1,LOW
1203,1203,30,10,10,1203,EMP1006,"02","4",2,0,1,LOW
823,823,30,10,10,823,EMP1006,"02","3",2,0,1,LOW
500000,5000,10,20,20,0,NONE,"02","4",3,0,1,LOW
1500000,15000,10,20,20,0,NONE,"02","3",5,0,1,LOW
56112,56112,20,10,10,56112,EMP1051,"02","6",6,0,1,LOW
500000,5000,10,20,20,0,NONE,"02","3",3,0,1,LOW
500000,5000,10,20,20,0,NONE,"02","3",5,0,1,LOW
107362,1074,20,20,20,107362,EMP1051,"02","5",3,0,1,LOW
108850,1089,20,20,20,108850,EMP1051,"02","7",5,0,1,LOW
500000,5000,10,20,20,0,NONE,"02","2",3,0,1,LOW
1500000,15000,10,20,20,0,NONE,"02","3",7,0,1,LOW
100625,1006,20,20,20,100625,EMP1051,"02","5",3,0,1,LOW
75950,760,20,20,20,75950,EMP1051,"02","7",7,0,1,LOW
14110,14110,20,10,10,14110,EMP1051,"02","7",6,0,1,HIGH
14306,14306,20,10,10,14306,EMP1051,"02","5",4,0,1,LOW
13225,13225,20,10,10,13225,EMP1051,"02","5",4,0,1,LOW
9982,9982,20,10,10,9982,EMP1051,"02","5",4,0,1,LOW
13251,13251,20,10,10,13251,EMP1051,"02","6",4,0,1,LOW
13435,13435,20,10,10,13435,EMP1051,"02","6",4,0,1,LOW
12420,12420,20,10,10,12420,EMP1051,"02","6",4,0,1,LOW
9374,9374,20,10,10,9374,EMP1051,"02","6",8,0,1,LOW
1227,1227,30,10,10,1227,EMP1051,"02","5",2,0,1,LOW
1244,1244,30,10,10,1244,EMP1051,"02","6",4,0,1,LOW
1150,1150,30,10,10,1150,EMP1051,"02","5",2,0,1,LOW
868,868,30,10,10,868,EMP1051,"02","4",2,0,1,LOW
300000,3000,10,20,20,0,NONE,"02","5",5,0,1,LOW
250000,2500,10,20,20,0,NONE,"02","5",3,0,1,LOW
250000,2500,10,20,20,0,NONE,"02","5",3,0,1,HIGH
300000,3000,10,20,20,0,NONE,"02","5",3,0,1,LOW
56112,56112,20,10,10,56112,EMP1044,"02","6",4,0,1,LOW
107362,1074,20,20,20,107362,EMP1044,"02","7",5,0,1,LOW
500000,5000,10,20,20,0,NONE,"02","4",3,0,1,LOW
500000,5000,10,20,20,0,NONE,"02","4",3,0,1,HIGH
500000,5000,10,20,20,0,NONE,"02","1",3,0,1,LOW
500000,5000,10,20,20,0,NONE,"02","1",3,0,1,LOW
1500000,15000,10,20,20,0,NONE,"02","1",3,0,1,LOW
106487,1065,20,20,20,106487,EMP1049,"02","3",3,0,1,LOW
105262,1053,20,20,20,105262,EMP1049,"02","4",7,0,1,HIGH
72012,720,20,20,20,72012,EMP1049,"02","3",3,0,1,LOW
10384,10384,20,10,10,10384,EMP1049,"02","3",4,0,1,LOW
13995,13995,20,10,10,13995,EMP1049,"02","3",4,0,1,LOW
13834,13834,20,10,10,13834,EMP1049,"02","5",6,0,1,LOW
9464,9464,20,10,10,9464,EMP1049,"02","3",4,0,1,LOW
9752,9752,20,10,10,9752,EMP1049,"02","4",4,0,1,LOW
13143,13143,20,10,10,13143,EMP1049,"02","4",4,0,1,LOW
12992,12992,20,10,10,12992,EMP1049,"02","4",4,0,1,LOW
8888,8888,20,10,10,8888,EMP1049,"02","4",4,0,1,LOW
903,903,30,10,10,903,EMP1049,"02","3",2,0,1,LOW
1217,1217,30,10,10,1217,EMP1049,"02","3",4,0,1,LOW
1203,1203,30,10,10,1203,EMP1049,"02","2",2,0,1,LOW
823,823,30,10,10,823,EMP1049,"02","3",2,0,1,LOW
300000,3000,10,20,20,0,NONE,"02","3",3,0,1,HIGH
250000,2500,10,20,20,0,NONE,"02","3",5,0,1,LOW
250000,2500,10,20,20,0,NONE,"02","3",3,0,1,LOW
300000,3000,10,20,20,0,NONE,"02","3",3,0,1,LOW
51825,51825,20,10,10,51825,EMP1006,"02","4",4,0,1,LOW
500000,5000,10,20,20,0,NONE,"02","2",3,0,1,LOW
79015,790,20,20,20,79015,EMP1006,"02","4",3,0,1,LOW
106490,1065,20,20,20,106490,EMP1006,"02","6",5,0,1,LOW
500000,5000,10,20,20,0,NONE,"02","2",5,0,1,LOW
500000,5000,10,20,20,0,NONE,"02","2",3,0,1,LOW
500000,5000,10,20,20,0,NONE,"02","2",3,0,1,LOW
1500000,15000,10,20,20,0,NONE,"02","2",3,0,1,LOW
105265,1053,20,20,20,105265,EMP1006,"02","4",3,0,1,LOW
72015,720,20,20,20,72015,EMP1006,"02","4",3,0,1,LOW
10387,10387,20,10,10,10387,EMP1006,"02","4",4,0,1,LOW
13998,13998,20,10,10,13998,EMP1006,"02","4",4,0,1,LOW
13837,13837,20,10,10,13837,EMP1006,"02","5",4,0,1,LOW
9467,9467,20,10,10,9467,EMP1006,"02","4",4,0,1,LOW
9754,9754,20,10,10,9754,EMP1006,"02","7",6,0,1,LOW
13146,13146,20,10,10,13146,EMP1006,"02","4",4,0,1,LOW
1217,1217,30,10,10,1217,EMP1005,"02","7",4,0,1,MEDIUM
1203,1203,30,10,10,1203,EMP1005,"02","6",2,0,1,LOW
823,823,30,10,10,823,EMP1005,"02","6",2,0,1,LOW
300000,3000,10,20,20,0,NONE,"02","6",3,0,1,LOW
250000,2500,10,20,20,0,NONE,"02","6",7,0,1,LOW
250000,2500,10,20,20,0,NONE,"02","6",3,0,1,LOW
300000,3000,10,20,20,0,NONE,"02","6",3,0,1,LOW
1500000,15000,10,20,20,0,NONE,"02","4",3,0,1,LOW
51825,51825,20,10,10,51825,EMP1059,"02","1",8,0,1,LOW
1000000,10000,10,20,20,0,NONE,"02","5",5,0,1,LOW
79012,790,20,20,20,79012,EMP1059,"02","7",3,0,1,LOW
500000,5000,10,20,20,0,NONE,"02","5",3,0,1,LOW
500000,5000,10,20,20,0,NONE,"02","4",3,0,1,LOW
1500000,15000,10,20,20,0,NONE,"02","4",3,0,1,LOW
106487,1065,20,20,20,106487,EMP1059,"02","2",7,0,1,LOW
500000,5000,10,20,20,0,NONE,"02","5",5,0,1,LOW
105262,1053,20,20,20,105262,EMP1059,"02","7",3,0,1,MEDIUM
500000,5000,10,20,20,0,NONE,"02","5",5,0,1,LOW
72012,720,20,20,20,72012,EMP1059,"02","7",3,0,1,LOW
10384,10384,20,10,10,10384,EMP1059,"02","7",4,0,1,LOW
13995,13995,20,10,10,13995,EMP1059,"02","7",4,0,1,LOW
13834,13834,20,10,10,13834,EMP1059,"02","7",4,0,1,LOW
9464,9464,20,10,10,9464,EMP1059,"02","2",6,0,1,LOW
9752,9752,20,10,10,9752,EMP1059,"02","1",4,0,1,LOW
13143,13143,20,10,10,13143,EMP1059,"02","7",4,0,1,LOW
12992,12992,20,10,10,12992,EMP1059,"02","2",6,0,1,LOW
8888,8888,20,10,10,8888,EMP1059,"02","2",8,0,1,HIGH
903,903,30,10,10,903,EMP1059,"02","2",6,0,1,HIGH
1217,1217,30,10,10,1217,EMP1059,"02","7",2,0,1,LOW
1203,1203,30,10,10,1203,EMP1059,"02","2",6,0,1,LOW
823,823,30,10,10,823,EMP1059,"02","7",2,0,1,LOW
300000,3000,10,20,20,0,NONE,"02","1",3,0,1,HIGH
250000,2500,10,20,20,0,NONE,"02","1",3,0,1,LOW
250000,2500,10,20,20,0,NONE,"02","1",3,0,1,LOW
300000,3000,10,20,20,0,NONE,"02","1",3,0,1,LOW
51825,51825,20,10,10,51825,EMP1049,"02","5",8,0,1,HIGH
79012,790,20,20,20,79012,EMP1049,"02","4",5,0,1,LOW
51825,51825,20,10,10,51825,EMP1045,"02","5",4,0,1,LOW
79012,790,20,20,20,79012,EMP1045,"02","5",3,0,1,LOW
500000,5000,10,20,20,0,NONE,"02","2",3,0,1,LOW
106487,1065,20,20,20,106487,EMP1045,"02","5",3,0,1,LOW
105262,1053,20,20,20,105262,EMP1045,"02","5",3,0,1,LOW
500000,5000,10,20,20,0,NONE,"02","3",3,0,1,LOW
72012,720,20,20,20,72012,EMP1045,"02","5",3,0,1,LOW
10384,10384,20,10,10,10384,EMP1045,"02","1",6,0,1,LOW
13995,13995,20,10,10,13995,EMP1045,"02","5",4,0,1,LOW
13834,13834,20,10,10,13834,EMP1045,"02","5",4,0,1,LOW
9464,9464,20,10,10,9464,EMP1045,"02","7",8,0,1,LOW
9752,9752,20,10,10,9752,EMP1045,"02","6",4,0,1,LOW
13143,13143,20,10,10,13143,EMP1045,"02","5",4,0,1,LOW
12992,12992,20,10,10,12992,EMP1045,"02","5",4,0,1,LOW
8888,8888,20,10,10,8888,EMP1045,"02","7",6,0,1,HIGH
903,903,30,10,10,903,EMP1045,"02","5",4,0,1,MEDIUM
1217,1217,30,10,10,1217,EMP1045,"02","5",2,0,1,LOW
1203,1203,30,10,10,1203,EMP1045,"02","1",6,0,1,LOW
823,823,30,10,10,823,EMP1045,"02","4",2,0,1,LOW
51825,51825,20,10,10,51825,EMP1005,"02","7",6,0,1,LOW
500000,5000,10,20,20,0,NONE,"02","4",5,0,1,LOW
1500000,15000,10,20,20,0,NONE,"02","4",5,0,1,LOW
79012,790,20,20,20,79012,EMP1005,"02","6",3,0,1,LOW
500000,5000,10,20,20,0,NONE,"02","3",3,0,1,LOW
106487,1065,20,20,20,106487,EMP1005,"02","1",7,0,1,LOW
500000,5000,10,20,20,0,NONE,"02","4",5,0,1,LOW
105262,1053,20,20,20,105262,EMP1005,"02","7",5,0,1,LOW
72012,720,20,20,20,72012,EMP1005,"02","6",3,0,1,LOW
10384,10384,20,10,10,10384,EMP1005,"02","6",4,0,1,LOW
13995,13995,20,10,10,13995,EMP1005,"02","6",4,0,1,LOW
13834,13834,20,10,10,13834,EMP1005,"02","7",4,0,1,LOW
9464,9464,20,10,10,9464,EMP1005,"02","6",4,0,1,LOW
9752,9752,20,10,10,9752,EMP1005,"02","6",4,0,1,LOW
13143,13143,20,10,10,13143,EMP1005,"02","6",4,0,1,LOW
12992,12992,20,10,10,12992,EMP1005,"02","2",8,0,1,HIGH
8888,8888,20,10,10,8888,EMP1005,"02","7",4,0,1,LOW
903,903,30,10,10,903,EMP1005,"02","6",2,0,1,LOW
10476,10476,20,10,10,10476,EMP1045,"02","3",4,0,1,LOW
13532,13532,20,10,10,13532,EMP1045,"02","4",4,0,1,MEDIUM
1122,1122,30,10,10,1122,EMP1045,"02","3",2,0,1,LOW
1126,1126,30,10,10,1126,EMP1045,"02","2",2,0,1,LOW
970,970,30,10,10,970,EMP1045,"02","3",2,0,1,LOW
1253,1253,30,10,10,1253,EMP1045,"02","3",2,0,1,LOW
1500000,15000,10,20,20,0,NONE,"02","1",3,0,1,LOW
1500000,15000,10,20,20,0,NONE,"02","2",3,0,1,LOW
55890,55890,20,10,10,55890,EMP1059,"02","6",6,0,1,LOW
500000,5000,10,20,20,0,NONE,"02","1",7,0,1,LOW
98175,982,20,20,20,98175,EMP1059,"02","4",3,0,1,LOW
500000,5000,10,20,20,0,NONE,"02","2",5,0,1,LOW
500000,5000,10,20,20,0,NONE,"02","2",5,0,1,LOW
500000,5000,10,20,20,0,NONE,"02","2",3,0,1,LOW
98525,985,20,20,20,98525,EMP1059,"02","4",3,0,1,LOW
500000,5000,10,20,20,0,NONE,"02","2",7,0,1,LOW
84875,849,20,20,20,84875,EMP1059,"02","6",5,0,1,LOW
500000,5000,10,20,20,0,NONE,"02","2",5,0,1,LOW
109640,1096,20,20,20,109640,EMP1059,"02","4",3,0,1,LOW
12903,12903,20,10,10,12903,EMP1059,"02","4",4,0,1,LOW
12949,12949,20,10,10,12949,EMP1059,"02","5",8,0,1,LOW
11155,11155,20,10,10,11155,EMP1059,"02","6",6,0,1,LOW
14412,14412,20,10,10,14412,EMP1059,"02","4",4,0,1,LOW
12120,12120,20,10,10,12120,EMP1059,"02","5",6,0,1,LOW
12164,12164,20,10,10,12164,EMP1059,"02","4",4,0,1,LOW
10476,10476,20,10,10,10476,EMP1059,"02","5",8,0,1,LOW
13534,13534,20,10,10,13534,EMP1059,"02","6",6,0,1,HIGH
1122,1122,30,10,10,1122,EMP1059,"02","4",2,0,1,LOW
1126,1126,30,10,10,1126,EMP1059,"02","4",2,0,1,LOW
970,970,30,10,10,970,EMP1059,"02","4",2,0,1,LOW
1253,1253,30,10,10,1253,EMP1059,"02","4",4,0,1,MEDIUM
300000,3000,10,20,20,0,NONE,"02","4",3,0,1,LOW
250000,2500,10,20,20,0,NONE,"02","4",3,0,1,LOW
250000,2500,10,20,20,0,NONE,"02","4",5,0,1,LOW
300000,3000,10,20,20,0,NONE,"02","4",3,0,1,LOW
500000,5000,10,20,20,0,NONE,"02","4",3,0,1,LOW
1500000,15000,10,20,20,0,NONE,"02","3",3,0,1,LOW
500000,5000,10,20,20,0,NONE,"01","4",4,0,1,LOW
500000,5000,10,20,20,0,NONE,"01","5",6,0,1,LOW
1500000,15000,10,20,20,0,NONE,"01","5",6,0,1,LOW
109637,1096,20,20,20,109637,EMP1054,"02","2",5,0,1,LOW
12903,12903,20,10,10,12903,EMP1054,"02","7",4,0,1,LOW
12949,12949,20,10,10,12949,EMP1054,"02","7",4,0,1,LOW
11155,11155,20,10,10,11155,EMP1054,"02","3",6,0,1,HIGH
14409,14409,20,10,10,14409,EMP1054,"02","1",6,0,1,LOW
12117,12117,20,10,10,12117,EMP1054,"02","2",6,0,1,LOW
12160,12160,20,10,10,12160,EMP1054,"02","7",4,0,1,LOW
10476,10476,20,10,10,10476,EMP1054,"02","2",8,0,1,LOW
13532,13532,20,10,10,13532,EMP1054,"02","7",4,0,1,HIGH
1122,1122,30,10,10,1122,EMP1054,"02","1",2,0,1,LOW
1126,1126,30,10,10,1126,EMP1054,"02","1",2,0,1,LOW
970,970,30,10,10,970,EMP1054,"02","1",2,0,1,LOW
1253,1253,30,10,10,1253,EMP1054,"02","1",4,0,1,LOW
300000,3000,10,20,20,0,NONE,"02","7",5,0,1,LOW
250000,2500,10,20,20,0,NONE,"02","7",3,0,1,LOW
250000,2500,10,20,20,0,NONE,"02","7",5,0,1,LOW
300000,3000,10,20,20,0,NONE,"02","7",5,0,1,LOW
300000,3000,10,20,20,0,NONE,"02","2",3,0,1,LOW
250000,2500,10,20,20,0,NONE,"02","2",5,0,1,LOW
250000,2500,10,20,20,0,NONE,"02","2",3,0,1,HIGH
300000,3000,10,20,20,0,NONE,"02","2",3,0,1,LOW
1000000,10000,10,20,20,0,NONE,"02","1",5,0,1,LOW
55887,55887,20,10,10,55887,EMP1045,"02","3",4,0,1,LOW
98175,982,20,20,20,98175,EMP1045,"02","3",3,0,1,LOW
98525,985,20,20,20,98525,EMP1045,"02","3",3,0,1,LOW
84875,849,20,20,20,84875,EMP1045,"02","4",5,0,1,LOW
500000,5000,10,20,20,0,NONE,"02","1",5,0,1,LOW
109637,1096,20,20,20,109637,EMP1045,"02","3",3,0,1,MEDIUM
12903,12903,20,10,10,12903,EMP1045,"02","4",4,0,1,LOW
12949,12949,20,10,10,12949,EMP1045,"02","3",4,0,1,MEDIUM
11155,11155,20,10,10,11155,EMP1045,"02","3",4,0,1,LOW
14409,14409,20,10,10,14409,EMP1045,"02","5",6,0,1,LOW
12117,12117,20,10,10,12117,EMP1045,"02","3",4,0,1,LOW
12160,12160,20,10,10,12160,EMP1045,"02","4",4,0,1,LOW
1126,1126,30,10,10,1126,EMP1049,"01","6",3,0,1,LOW
970,970,30,10,10,970,EMP1049,"01","6",3,0,1,LOW
1253,1253,30,10,10,1253,EMP1049,"01","6",3,0,1,LOW
300000,3000,10,20,20,0,NONE,"01","5",4,0,1,HIGH
250000,2500,10,20,20,0,NONE,"01","5",4,0,1,LOW
250000,2500,10,20,20,0,NONE,"01","5",4,0,1,LOW
300000,3000,10,20,20,0,NONE,"01","5",4,0,1,LOW
1500000,15000,10,20,20,0,NONE,"01","4",4,0,1,LOW
55887,55887,20,10,10,55887,EMP1001,"01","6",5,0,1,LOW
500000,5000,10,20,20,0,NONE,"01","5",6,0,1,LOW
98175,982,20,20,20,98175,EMP1001,"02","7",7,0,1,LOW
500000,5000,10,20,20,0,NONE,"01","4",4,0,1,LOW
98525,985,20,20,20,98525,EMP1001,"01","6",4,0,1,LOW
84875,849,20,20,20,84875,EMP1001,"02","7",5,0,1,LOW
500000,5000,10,20,20,0,NONE,"01","4",4,0,1,LOW
1500000,15000,10,20,20,0,NONE,"01","4",4,0,1,HIGH
1500000,15000,10,20,20,0,NONE,"01","4",4,0,1,LOW
109637,1096,20,20,20,109637,EMP1001,"02","1",7,0,1,LOW
12903,12903,20,10,10,12903,EMP1001,"01","6",5,0,1,LOW
12949,12949,20,10,10,12949,EMP1001,"01","6",5,0,1,LOW
11155,11155,20,10,10,11155,EMP1001,"01","6",5,0,1,LOW
14409,14409,20,10,10,14409,EMP1001,"02","7",6,0,1,LOW
12117,12117,20,10,10,12117,EMP1001,"02","7",6,0,1,LOW
12160,12160,20,10,10,12160,EMP1001,"02","7",5,0,1,LOW
10476,10476,20,10,10,10476,EMP1001,"01","6",5,0,1,LOW
13532,13532,20,10,10,13532,EMP1001,"02","2",8,0,1,LOW
1122,1122,30,10,10,1122,EMP1001,"02","7",3,0,1,LOW
1126,1126,30,10,10,1126,EMP1001,"02","2",6,0,1,LOW
970,970,30,10,10,970,EMP1001,"02","1",6,0,1,LOW
1253,1253,30,10,10,1253,EMP1001,"02","1",6,0,1,LOW
55887,55887,20,10,10,55887,EMP1054,"02","1",6,0,1,HIGH
500000,5000,10,20,20,0,NONE,"01","4",4,0,1,LOW
500000,5000,10,20,20,0,NONE,"01","5",6,0,1,LOW
98175,982,20,20,20,98175,EMP1054,"02","2",5,0,1,LOW
98525,985,20,20,20,98525,EMP1054,"02","7",3,0,1,LOW
500000,5000,10,20,20,0,NONE,"01","4",4,0,1,LOW
84875,849,20,20,20,84875,EMP1054,"02","7",3,0,1,LOW
1500000,15000,10,20,20,0,NONE,"01","2",8,0,1,LOW
78050,781,20,20,20,78050,EMP1003,"01","4",4,0,1,MEDIUM
89600,896,20,20,20,89600,EMP1003,"01","6",6,0,1,LOW
11523,11523,20,10,10,11523,EMP1003,"01","4",5,0,1,LOW
8593,8593,20,10,10,8593,EMP1003,"01","4",5,0,1,LOW
10258,10258,20,10,10,10258,EMP1003,"01","4",5,0,1,LOW
11776,11776,20,10,10,11776,EMP1003,"01","5",5,0,1,LOW
10824,10824,20,10,10,10824,EMP1003,"01","5",5,0,1,LOW
8070,8070,20,10,10,8070,EMP1003,"01","5",7,0,1,LOW
9636,9636,20,10,10,9636,EMP1003,"01","5",5,0,1,LOW
11060,11060,20,10,10,11060,EMP1003,"01","6",7,0,1,LOW
1002,1002,30,10,10,1002,EMP1003,"01","5",3,0,1,LOW
747,747,30,10,10,747,EMP1003,"01","4",3,0,1,LOW
892,892,30,10,10,892,EMP1003,"01","5",5,0,1,LOW
1024,1024,30,10,10,1024,EMP1003,"01","4",5,0,1,LOW
500000,5000,10,20,20,0,NONE,"01","4",4,0,1,LOW
55887,55887,20,10,10,55887,EMP1049,"01","5",5,0,1,LOW
500000,5000,10,20,20,0,NONE,"01","2",4,0,1,LOW
500000,5000,10,20,20,0,NONE,"01","3",6,0,1,HIGH
500000,5000,10,20,20,0,NONE,"01","2",6,0,1,LOW
98175,982,20,20,20,98175,EMP1049,"01","6",6,0,1,LOW
500000,5000,10,20,20,0,NONE,"01","2",6,0,1,LOW
98525,985,20,20,20,98525,EMP1049,"01","5",4,0,1,MEDIUM
500000,5000,10,20,20,0,NONE,"01","3",4,0,1,LOW
84875,849,20,20,20,84875,EMP1049,"01","5",4,0,1,LOW
500000,5000,10,20,20,0,NONE,"01","3",4,0,1,LOW
1500000,15000,10,20,20,0,NONE,"01","3",4,0,1,LOW
109637,1096,20,20,20,109637,EMP1049,"02","7",5,0,1,LOW
12903,12903,20,10,10,12903,EMP1049,"01","5",5,0,1,HIGH
12949,12949,20,10,10,12949,EMP1049,"01","6",9,0,1,LOW
11155,11155,20,10,10,11155,EMP1049,"01","5",5,0,1,LOW
14409,14409,20,10,10,14409,EMP1049,"02","7",6,0,1,LOW
12117,12117,20,10,10,12117,EMP1049,"01","6",5,0,1,LOW
12160,12160,20,10,10,12160,EMP1049,"01","6",5,0,1,LOW
10476,10476,20,10,10,10476,EMP1049,"01","5",5,0,1,LOW
13532,13532,20,10,10,13532,EMP1049,"01","5",5,0,1,LOW
1122,1122,30,10,10,1122,EMP1049,"02","7",6,0,1,HIGH
1500000,15000,10,20,20,0,NONE,"01","1",4,0,1,LOW
500000,500000,40,10,10,0,NONE,"01","1",5,0,1,LOW
500000,500000,40,10,10,0,NONE,"01","1",9,0,1,LOW
400000,400000,40,10,10,0,NONE,"01","1",7,0,1,LOW
400000,400000,40,10,10,0,NONE,"01","1",5,0,1,LOW
30000,30000,40,10,10,0,NONE,"01","1",5,0,1,LOW
45812,45812,20,10,10,45812,EMP1003,"01","3",5,0,1,LOW
500000,5000,10,20,20,0,NONE,"01","1",6,0,1,LOW
87675,877,20,20,20,87675,EMP1003,"01","4",6,0,1,LOW
65362,654,20,20,20,65362,EMP1003,"01","5",6,0,1,LOW
500000,5000,10,20,20,0,NONE,"01","1",6,0,1,LOW
500000,5000,10,20,20,0,NONE,"01","1",4,0,1,LOW
78050,781,20,20,20,78050,EMP1003,"01","5",6,0,1,HIGH
89600,896,20,20,20,89600,EMP1003,"01","4",6,0,1,LOW
11523,11523,20,10,10,11523,EMP1003,"01","3",5,0,1,LOW
8590,8590,20,10,10,8590,EMP1003,"01","3",5,0,1,LOW
10258,10258,20,10,10,10258,EMP1003,"01","4",7,0,1,LOW
11776,11776,20,10,10,11776,EMP1003,"01","5",9,0,1,LOW
10821,10821,20,10,10,10821,EMP1003,"01","4",5,0,1,LOW
8067,8067,20,10,10,8067,EMP1003,"01","4",5,0,1,LOW
9633,9633,20,10,10,9633,EMP1003,"01","5",7,0,1,HIGH
11059,11059,20,10,10,11059,EMP1003,"01","4",5,0,1,LOW
1002,1002,30,10,10,1002,EMP1003,"01","4",3,0,1,LOW
747,747,30,10,10,747,EMP1003,"01","3",3,0,1,MEDIUM
892,892,30,10,10,892,EMP1003,"01","4",3,0,1,MEDIUM
1024,1024,30,10,10,1024,EMP1003,"01","4",5,0,1,LOW
300000,3000,10,20,20,0,NONE,"01","3",4,0,1,LOW
250000,2500,10,20,20,0,NONE,"01","3",8,0,1,LOW
250000,2500,10,20,20,0,NONE,"01","3",4,0,1,LOW
300000,3000,10,20,20,0,NONE,"01","3",4,0,1,LOW
45815,45815,20,10,10,45815,EMP1003,"01","4",5,0,1,LOW
1000000,10000,10,20,20,0,NONE,"01","2",4,0,1,LOW
87675,877,20,20,20,87675,EMP1003,"01","6",6,0,1,HIGH
65365,654,20,20,20,65365,EMP1003,"01","4",4,0,1,LOW
500000,5000,10,20,20,0,NONE,"01","1",4,0,1,LOW
500000,5000,10,20,20,0,NONE,"01","2",8,0,1,LOW
1500000,15000,10,20,20,0,NONE,"01","2",6,0,1,HIGH
10821,10821,20,10,10,10821,EMP1021,"01","7",5,0,1,LOW
8067,8067,20,10,10,8067,EMP1021,"01","7",5,0,1,LOW
9633,9633,20,10,10,9633,EMP1021,"01","6",5,0,1,LOW
11059,11059,20,10,10,11059,EMP1021,"01","1",7,0,1,LOW
1002,1002,30,10,10,1002,EMP1021,"01","7",3,0,1,LOW
747,747,30,10,10,747,EMP1021,"01","7",3,0,1,LOW
892,892,30,10,10,892,EMP1021,"01","7",3,0,1,LOW
1024,1024,30,10,10,1024,EMP1021,"01","7",3,0,1,LOW
300000,3000,10,20,20,0,NONE,"01","6",4,0,1,LOW
250000,2500,10,20,20,0,NONE,"01","6",4,0,1,LOW
250000,2500,10,20,20,0,NONE,"01","6",4,0,1,LOW
300000,3000,10,20,20,0,NONE,"01","6",4,0,1,HIGH
1500000,15000,10,20,20,0,NONE,"01","4",4,0,1,LOW
45812,45812,20,10,10,45812,EMP1001,"01","2",7,0,1,LOW
87675,877,20,20,20,87675,EMP1001,"01","7",4,0,1,LOW
65362,654,20,20,20,65362,EMP1001,"01","1",6,0,1,LOW
500000,5000,10,20,20,0,NONE,"01","5",4,0,1,LOW
500000,5000,10,20,20,0,NONE,"01","5",6,0,1,LOW
78050,781,20,20,20,78050,EMP1001,"01","2",6,0,1,LOW
89600,896,20,20,20,89600,EMP1001,"01","1",6,0,1,LOW
11523,11523,20,10,10,11523,EMP1001,"01","1",9,0,1,HIGH
8590,8590,20,10,10,8590,EMP1001,"01","1",5,0,1,LOW
10258,10258,20,10,10,10258,EMP1001,"01","7",5,0,1,LOW
11776,11776,20,10,10,11776,EMP1001,"01","7",5,0,1,LOW
10821,10821,20,10,10,10821,EMP1001,"01","1",5,0,1,LOW
8067,8067,20,10,10,8067,EMP1001,"01","3",7,0,1,LOW
9633,9633,20,10,10,9633,EMP1001,"01","7",5,0,1,LOW
11059,11059,20,10,10,11059,EMP1001,"01","2",9,0,1,LOW
1002,1002,30,10,10,1002,EMP1001,"01","7",5,0,1,MEDIUM
747,747,30,10,10,747,EMP1001,"01","2",7,0,1,HIGH
892,892,30,10,10,892,EMP1001,"01","7",5,0,1,LOW
1024,1024,30,10,10,1024,EMP1001,"01","1",5,0,1,MEDIUM
300000,3000,10,20,20,0,NONE,"01","1",6,0,1,HIGH
250000,2500,10,20,20,0,NONE,"01","1",4,0,1,LOW
250000,2500,10,20,20,0,NONE,"01","1",4,0,1,LOW
300000,3000,10,20,20,0,NONE,"01","1",4,0,1,LOW
1500000,15000,10,20,20,0,NONE,"01","1",8,0,1,LOW
250000,2500,10,20,20,0,NONE,"01","4",6,0,1,HIGH
500000,5000,10,20,20,0,NONE,"01","4",6,0,1,LOW
1500000,15000,10,20,20,0,NONE,"01","3",4,0,1,LOW
45812,45812,20,10,10,45812,EMP1043,"01","5",5,0,1,HIGH
87675,877,20,20,20,87675,EMP1043,"01","5",4,0,1,LOW
65362,654,20,20,20,65362,EMP1043,"01","6",8,0,1,LOW
1500000,15000,10,20,20,0,NONE,"01","2",4,0,1,LOW
78050,781,20,20,20,78050,EMP1043,"01","5",4,0,1,MEDIUM
500000,5000,10,20,20,0,NONE,"01","3",8,0,1,LOW
500000,5000,10,20,20,0,NONE,"01","2",4,0,1,LOW
500000,5000,10,20,20,0,NONE,"01","3",4,0,1,HIGH
500000,5000,10,20,20,0,NONE,"01","3",4,0,1,LOW
89600,896,20,20,20,89600,EMP1043,"01","5",4,0,1,LOW
11523,11523,20,10,10,11523,EMP1043,"01","6",5,0,1,LOW
8590,8590,20,10,10,8590,EMP1043,"01","5",5,0,1,HIGH
10258,10258,20,10,10,10258,EMP1043,"01","6",5,0,1,LOW
11776,11776,20,10,10,11776,EMP1043,"01","6",7,0,1,LOW
10821,10821,20,10,10,10821,EMP1043,"01","6",5,0,1,LOW
8067,8067,20,10,10,8067,EMP1043,"01","7",7,0,1,HIGH
9633,9633,20,10,10,9633,EMP1043,"01","7",9,0,1,LOW
11059,11059,20,10,10,11059,EMP1043,"01","6",5,0,1,LOW
1002,1002,30,10,10,1002,EMP1043,"01","6",5,0,1,LOW
747,747,30,10,10,747,EMP1043,"01","6",3,0,1,LOW
892,892,30,10,10,892,EMP1043,"01","6",3,0,1,MEDIUM
1024,1024,30,10,10,1024,EMP1043,"01","5",3,0,1,LOW
45812,45812,20,10,10,45812,EMP1021,"01","6",5,0,1,LOW
87675,877,20,20,20,87675,EMP1021,"01","6",4,0,1,LOW
65362,654,20,20,20,65362,EMP1021,"01","7",8,0,1,LOW
500000,5000,10,20,20,0,NONE,"01","4",4,0,1,LOW
78050,781,20,20,20,78050,EMP1021,"01","6",4,0,1,LOW
500000,5000,10,20,20,0,NONE,"01","4",4,0,1,LOW
89600,896,20,20,20,89600,EMP1021,"01","6",4,0,1,LOW
11523,11523,20,10,10,11523,EMP1021,"01","6",5,0,1,LOW
8590,8590,20,10,10,8590,EMP1021,"01","1",9,0,1,LOW
10258,10258,20,10,10,10258,EMP1021,"01","6",5,0,1,LOW
11776,11776,20,10,10,11776,EMP1021,"01","6",5,0,1,LOW
8234,8234,20,10,10,8234,EMP1007,"01","4",7,0,1,LOW
9303,9303,20,10,10,9303,EMP1007,"01","3",5,0,1,LOW
13100,13100,20,10,10,13100,EMP1007,"01","4",5,0,1,LOW
12690,12690,20,10,10,12690,EMP1007,"01","5",9,0,1,LOW
7732,7732,20,10,10,7732,EMP1007,"01","5",7,0,1,LOW
8737,8737,20,10,10,8737,EMP1007,"01","3",5,0,1,MEDIUM
1213,1213,30,10,10,1213,EMP1007,"01","4",3,0,1,MEDIUM
1175,1175,30,10,10,1175,EMP1007,"01","4",3,0,1,LOW
716,716,30,10,10,716,EMP1007,"01","4",3,0,1,LOW
809,809,30,10,10,809,EMP1007,"01","4",3,0,1,LOW
48915,48915,20,10,10,48915,EMP1051,"01","4",5,0,1,LOW
500000,5000,10,20,20,0,NONE,"01","2",4,0,1,LOW
106140,1061,20,20,20,106140,EMP1051,"01","5",8,0,1,HIGH
500000,5000,10,20,20,0,NONE,"01","2",4,0,1,LOW
500000,5000,10,20,20,0,NONE,"01","2",4,0,1,LOW
1500000,15000,10,20,20,0,NONE,"01","2",6,0,1,LOW
102815,1028,20,20,20,102815,EMP1051,"01","5",6,0,1,HIGH
500000,5000,10,20,20,0,NONE,"01","2",8,0,1,LOW
62650,627,20,20,20,62650,EMP1051,"01","5",8,0,1,LOW
500000,5000,10,20,20,0,NONE,"01","2",4,0,1,LOW
1000000,10000,10,20,20,0,NONE,"01","2",4,0,1,LOW
70790,708,20,20,20,70790,EMP1051,"01","4",4,0,1,LOW
13952,13952,20,10,10,13952,EMP1051,"01","4",5,0,1,LOW
13515,13515,20,10,10,13515,EMP1051,"01","5",7,0,1,LOW
8234,8234,20,10,10,8234,EMP1051,"01","4",5,0,1,LOW
9306,9306,20,10,10,9306,EMP1051,"01","4",5,0,1,LOW
13102,13102,20,10,10,13102,EMP1051,"01","5",5,0,1,HIGH
12690,12690,20,10,10,12690,EMP1051,"01","5",5,0,1,LOW
7736,7736,20,10,10,7736,EMP1051,"01","4",5,0,1,LOW
8738,8738,20,10,10,8738,EMP1051,"01","5",5,0,1,LOW
1213,1213,30,10,10,1213,EMP1051,"01","5",5,0,1,LOW
1175,1175,30,10,10,1175,EMP1051,"01","5",3,0,1,LOW
716,716,30,10,10,716,EMP1051,"01","5",5,0,1,LOW
809,809,30,10,10,809,EMP1051,"01","5",5,0,1,LOW
300000,3000,10,20,20,0,NONE,"01","4",4,0,1,LOW
250000,2500,10,20,20,0,NONE,"01","4",4,0,1,HIGH
300000,3000,10,20,20,0,NONE,"01","4",4,0,1,LOW
106137,1061,20,20,20,106137,EMP1046,"01","7",4,0,1,LOW
500000,5000,10,20,20,0,NONE,"01","5",6,0,1,LOW
102812,1028,20,20,20,102812,EMP1046,"01","1",6,0,1,LOW
62650,627,20,20,20,62650,EMP1046,"01","7",4,0,1,LOW
500000,5000,10,20,20,0,NONE,"01","5",8,0,1,HIGH
500000,5000,10,20,20,0,NONE,"01","5",4,0,1,LOW
70787,708,20,20,20,70787,EMP1046,"01","7",4,0,1,LOW
13949,13949,20,10,10,13949,EMP1046,"01","7",5,0,1,LOW
13512,13512,20,10,10,13512,EMP1046,"01","1",5,0,1,MEDIUM
8234,8234,20,10,10,8234,EMP1046,"01","7",5,0,1,LOW
9303,9303,20,10,10,9303,EMP1046,"01","7",5,0,1,LOW
13100,13100,20,10,10,13100,EMP1046,"01","7",5,0,1,LOW
12690,12690,20,10,10,12690,EMP1046,"01","7",5,0,1,LOW
7732,7732,20,10,10,7732,EMP1046,"01","2",7,0,1,HIGH
8737,8737,20,10,10,8737,EMP1046,"01","2",7,0,1,LOW
1213,1213,30,10,10,1213,EMP1046,"01","2",7,0,1,LOW
1175,1175,30,10,10,1175,EMP1046,"01","1",5,0,1,LOW
716,716,30,10,10,716,EMP1046,"01","1",5,0,1,MEDIUM
809,809,30,10,10,809,EMP1046,"01","1",3,0,1,LOW
300000,3000,10,20,20,0,NONE,"01","7",4,0,1,LOW
250000,2500,10,20,20,0,NONE,"01","7",4,0,1,LOW
250000,2500,10,20,20,0,NONE,"01","7",8,0,1,LOW
300000,3000,10,20,20,0,NONE,"01","7",4,0,1,LOW
300000,3000,10,20,20,0,NONE,"01","2",4,0,1,LOW
250000,2500,10,20,20,0,NONE,"01","2",8,0,1,HIGH
250000,2500,10,20,20,0,NONE,"01","2",6,0,1,LOW
300000,3000,10,20,20,0,NONE,"01","2",8,0,1,LOW
48912,48912,20,10,10,48912,EMP1007,"01","4",7,0,1,HIGH
1500000,15000,10,20,20,0,NONE,"01","1",4,0,1,LOW
106137,1061,20,20,20,106137,EMP1007,"01","3",4,0,1,LOW
102812,1028,20,20,20,102812,EMP1007,"01","3",4,0,1,LOW
500000,5000,10,20,20,0,NONE,"01","1",6,0,1,LOW
62650,627,20,20,20,62650,EMP1007,"01","3",4,0,1,LOW
70787,708,20,20,20,70787,EMP1007,"01","3",4,0,1,LOW
13949,13949,20,10,10,13949,EMP1007,"01","5",7,0,1,LOW
13512,13512,20,10,10,13512,EMP1007,"01","3",5,0,1,MEDIUM
8234,8234,20,10,10,8234,EMP1001,"01","5",5,0,1,LOW
9303,9303,20,10,10,9303,EMP1001,"01","5",5,0,1,LOW
13100,13100,20,10,10,13100,EMP1001,"01","1",9,0,1,LOW
12690,12690,20,10,10,12690,EMP1001,"01","5",5,0,1,LOW
7732,7732,20,10,10,7732,EMP1001,"01","7",7,0,1,LOW
8737,8737,20,10,10,8737,EMP1001,"01","5",5,0,1,LOW
1213,1213,30,10,10,1213,EMP1001,"01","6",3,0,1,LOW
1175,1175,30,10,10,1175,EMP1001,"01","6",7,0,1,LOW
716,716,30,10,10,716,EMP1001,"01","5",3,0,1,LOW
809,809,30,10,10,809,EMP1001,"01","6",3,0,1,LOW
300000,3000,10,20,20,0,NONE,"01","5",4,0,1,LOW
250000,2500,10,20,20,0,NONE,"01","5",6,0,1,LOW
250000,2500,10,20,20,0,NONE,"01","5",8,0,1,LOW
300000,3000,10,20,20,0,NONE,"01","5",4,0,1,LOW
48912,48912,20,10,10,48912,EMP1047,"01","7",7,0,1,HIGH
106137,1061,20,20,20,106137,EMP1047,"01","6",4,0,1,LOW
102812,1028,20,20,20,102812,EMP1047,"01","6",4,0,1,LOW
500000,5000,10,20,20,0,NONE,"01","4",4,0,1,LOW
500000,5000,10,20,20,0,NONE,"01","4",4,0,1,LOW
62650,627,20,20,20,62650,EMP1047,"01","6",4,0,1,LOW
70787,708,20,20,20,70787,EMP1047,"01","6",4,0,1,LOW
13949,13949,20,10,10,13949,EMP1047,"01","6",5,0,1,LOW
13512,13512,20,10,10,13512,EMP1047,"01","7",7,0,1,LOW
8234,8234,20,10,10,8234,EMP1047,"01","6",5,0,1,LOW
9303,9303,20,10,10,9303,EMP1047,"01","7",5,0,1,LOW
13100,13100,20,10,10,13100,EMP1047,"01","6",5,0,1,LOW
12690,12690,20,10,10,12690,EMP1047,"01","7",5,0,1,MEDIUM
7732,7732,20,10,10,7732,EMP1047,"01","6",5,0,1,LOW
8737,8737,20,10,10,8737,EMP1047,"01","6",5,0,1,LOW
1213,1213,30,10,10,1213,EMP1047,"01","6",3,0,1,LOW
1175,1175,30,10,10,1175,EMP1047,"01","7",3,0,1,LOW
716,716,30,10,10,716,EMP1047,"01","6",3,0,1,LOW
809,809,30,10,10,809,EMP1047,"01","6",3,0,1,LOW
1500000,15000,10,20,20,0,NONE,"01","5",8,0,1,LOW
1500000,15000,10,20,20,0,NONE,"01","5",8,0,1,LOW
48912,48912,20,10,10,48912,EMP1046,"01","7",5,0,1,LOW
500000,5000,10,20,20,0,NONE,"01","5",4,0,1,LOW
500000,5000,10,20,20,0,NONE,"01","4",8,0,1,LOW
70090,701,20,20,20,70090,EMP1057,"01","4",4,0,1,MEDIUM
1500000,15000,10,20,20,0,NONE,"01","2",6,0,1,LOW
78575,786,20,20,20,78575,EMP1057,"01","4",4,0,1,LOW
500000,5000,10,20,20,0,NONE,"01","2",6,0,1,LOW
500000,5000,10,20,20,0,NONE,"01","2",4,0,1,LOW
69825,698,20,20,20,69825,EMP1057,"01","4",4,0,1,LOW
79275,793,20,20,20,79275,EMP1057,"01","4",4,0,1,LOW
9214,9214,20,10,10,9214,EMP1057,"01","4",5,0,1,LOW
10327,10327,20,10,10,10327,EMP1057,"01","4",5,0,1,LOW
9177,9177,20,10,10,9177,EMP1057,"01","4",5,0,1,LOW
10419,10419,20,10,10,10419,EMP1057,"01","5",7,0,1,LOW
8654,8654,20,10,10,8654,EMP1057,"01","6",9,0,1,LOW
9700,9700,20,10,10,9700,EMP1057,"01","4",5,0,1,LOW
8620,8620,20,10,10,8620,EMP1057,"01","5",5,0,1,MEDIUM
9788,9788,20,10,10,9788,EMP1057,"01","6",9,0,1,LOW
801,801,30,10,10,801,EMP1057,"01","5",5,0,1,LOW
898,898,30,10,10,898,EMP1057,"01","6",7,0,1,LOW
798,798,30,10,10,798,EMP1057,"01","5",3,0,1,MEDIUM
906,906,30,10,10,906,EMP1057,"01","4",3,0,1,LOW
500000,5000,10,20,20,0,NONE,"01","4",6,0,1,HIGH
48912,48912,20,10,10,48912,EMP1001,"01","5",5,0,1,HIGH
500000,5000,10,20,20,0,NONE,"01","3",4,0,1,LOW
500000,5000,10,20,20,0,NONE,"01","3",4,0,1,LOW
1000000,10000,10,20,20,0,NONE,"01","3",4,0,1,LOW
106137,1061,20,20,20,106137,EMP1001,"01","5",4,0,1,LOW
102812,1028,20,20,20,102812,EMP1001,"01","5",4,0,1,LOW
1500000,15000,10,20,20,0,NONE,"01","3",4,0,1,HIGH
1500000,15000,10,20,20,0,NONE,"01","3",4,0,1,LOW
62650,627,20,20,20,62650,EMP1001,"01","5",4,0,1,LOW
500000,5000,10,20,20,0,NONE,"01","3",8,0,1,HIGH
500000,5000,10,20,20,0,NONE,"01","3",6,0,1,LOW
500000,5000,10,20,20,0,NONE,"01","3",6,0,1,LOW
500000,5000,10,20,20,0,NONE,"01","3",6,0,1,LOW
70787,708,20,20,20,70787,EMP1001,"01","6",8,0,1,LOW
13949,13949,20,10,10,13949,EMP1001,"01","5",5,0,1,LOW
13512,13512,20,10,10,13512,EMP1001,"01","5",5,0,1,LOW
8618,8618,20,10,10,8618,EMP1048,"01","1",5,0,1,MEDIUM
9784,9784,20,10,10,9784,EMP1048,"01","1",5,0,1,LOW
801,801,30,10,10,801,EMP1048,"01","1",5,0,1,LOW
898,898,30,10,10,898,EMP1048,"01","7",5,0,1,LOW
798,798,30,10,10,798,EMP1048,"01","7",5,0,1,LOW
906,906,30,10,10,906,EMP1048,"01","1",3,0,1,MEDIUM
300000,3000,10,20,20,0,NONE,"01","1",6,0,1,HIGH
250000,2500,10,20,20,0,NONE,"01","1",4,0,1,LOW
250000,2500,10,20,20,0,NONE,"01","1",6,0,1,LOW
300000,3000,10,20,20,0,NONE,"01","1",6,0,1,LOW
1500000,15000,10,20,20,0,NONE,"01","7",8,0,1,LOW
42537,42537,20,10,10,42537,EMP1046,"01","3",5,0,1,MEDIUM
70087,701,20,20,20,70087,EMP1046,"01","3",4,0,1,LOW
500000,5000,10,20,20,0,NONE,"01","1",4,0,1,LOW
78575,786,20,20,20,78575,EMP1046,"01","3",4,0,1,LOW
500000,5000,10,20,20,0,NONE,"01","7",6,0,1,LOW
69825,698,20,20,20,69825,EMP1046,"01","3",4,0,1,LOW
79275,793,20,20,20,79275,EMP1046,"01","5",6,0,1,LOW
9211,9211,20,10,10,9211,EMP1046,"01","3",5,0,1,MEDIUM
10327,10327,20,10,10,10327,EMP1046,"01","3",5,0,1,LOW
9177,9177,20,10,10,9177,EMP1046,"01","3",5,0,1,LOW
10419,10419,20,10,10,10419,EMP1046,"01","3",5,0,1,LOW
8650,8650,20,10,10,8650,EMP1046,"01","4",5,0,1,MEDIUM
9698,9698,20,10,10,9698,EMP1046,"01","4",5,0,1,HIGH
8618,8618,20,10,10,8618,EMP1046,"01","3",5,0,1,LOW
9784,9784,20,10,10,9784,EMP1046,"01","5",7,0,1,LOW
801,801,30,10,10,801,EMP1046,"01","3",5,0,1,LOW
898,898,30,10,10,898,EMP1046,"01","3",3,0,1,LOW
798,798,30,10,10,798,EMP1046,"01","4",3,0,1,LOW
906,906,30,10,10,906,EMP1046,"01","3",5,0,1,LOW
300000,3000,10,20,20,0,NONE,"01","3",8,0,1,LOW
250000,2500,10,20,20,0,NONE,"01","3",4,0,1,LOW
250000,2500,10,20,20,0,NONE,"01","3",4,0,1,LOW
300000,3000,10,20,20,0,NONE,"01","3",4,0,1,LOW
1500000,15000,10,20,20,0,NONE,"01","2",4,0,1,LOW
42540,42540,20,10,10,42540,EMP1057,"01","4",5,0,1,LOW
70087,701,20,20,20,70087,EMP1057,"01","7",6,0,1,HIGH
500000,5000,10,20,20,0,NONE,"01","4",4,0,1,LOW
500000,5000,10,20,20,0,NONE,"01","4",6,0,1,LOW
78575,786,20,20,20,78575,EMP1057,"01","7",6,0,1,LOW
500000,5000,10,20,20,0,NONE,"01","4",6,0,1,LOW
1500000,15000,10,20,20,0,NONE,"01","4",6,0,1,LOW
69825,698,20,20,20,69825,EMP1057,"01","6",4,0,1,LOW
79275,793,20,20,20,79275,EMP1057,"01","1",8,0,1,HIGH
9211,9211,20,10,10,9211,EMP1057,"01","7",5,0,1,LOW
10327,10327,20,10,10,10327,EMP1057,"01","7",7,0,1,LOW
9177,9177,20,10,10,9177,EMP1057,"01","6",5,0,1,LOW
10419,10419,20,10,10,10419,EMP1057,"01","6",5,0,1,LOW
8650,8650,20,10,10,8650,EMP1057,"01","1",7,0,1,LOW
9698,9698,20,10,10,9698,EMP1057,"01","6",5,0,1,LOW
8618,8618,20,10,10,8618,EMP1057,"01","7",7,0,1,LOW
9784,9784,20,10,10,9784,EMP1057,"01","6",5,0,1,LOW
801,801,30,10,10,801,EMP1057,"01","6",3,0,1,MEDIUM
898,898,30,10,10,898,EMP1057,"01","6",5,0,1,LOW
798,798,30,10,10,798,EMP1057,"01","7",3,0,1,LOW
906,906,30,10,10,906,EMP1057,"01","7",3,0,1,LOW
300000,3000,10,20,20,0,NONE,"01","6",8,0,1,HIGH
250000,2500,10,20,20,0,NONE,"01","6",6,0,1,LOW
250000,2500,10,20,20,0,NONE,"01","6",8,0,1,LOW
300000,3000,10,20,20,0,NONE,"01","6",4,0,1,LOW
42537,42537,20,10,10,42537,EMP1048,"01","2",7,0,1,LOW
500000,5000,10,20,20,0,NONE,"01","4",4,0,1,LOW
70087,701,20,20,20,70087,EMP1048,"01","7",4,0,1,MEDIUM
78575,786,20,20,20,78575,EMP1048,"01","2",8,0,1,LOW
69825,698,20,20,20,69825,EMP1048,"01","2",8,0,1,LOW
500000,5000,10,20,20,0,NONE,"01","5",4,0,1,LOW
79275,793,20,20,20,79275,EMP1048,"01","7",4,0,1,LOW
9211,9211,20,10,10,9211,EMP1048,"01","7",5,0,1,LOW
10327,10327,20,10,10,10327,EMP1048,"01","1",5,0,1,LOW
9177,9177,20,10,10,9177,EMP1048,"01","3",7,0,1,LOW
10419,10419,20,10,10,10419,EMP1048,"01","1",9,0,1,LOW
8650,8650,20,10,10,8650,EMP1048,"01","7",5,0,1,LOW
9698,9698,20,10,10,9698,EMP1048,"01","1",5,0,1,LOW
12121,12121,20,10,10,12121,EMP1004,"01","5",7,0,1,LOW
13501,13501,20,10,10,13501,EMP1004,"01","4",5,0,1,LOW
12303,12303,20,10,10,12303,EMP1004,"01","5",9,0,1,LOW
9215,9215,20,10,10,9215,EMP1004,"01","5",9,0,1,LOW
11385,11385,20,10,10,11385,EMP1004,"01","4",5,0,1,LOW
12681,12681,20,10,10,12681,EMP1004,"01","4",5,0,1,LOW
1139,1139,30,10,10,1139,EMP1004,"01","5",3,0,1,LOW
853,853,30,10,10,853,EMP1004,"01","5",5,0,1,LOW
1054,1054,30,10,10,1054,EMP1004,"01","5",3,0,1,LOW
1174,1174,30,10,10,1174,EMP1004,"01","4",3,0,1,LOW
300000,3000,10,20,20,0,NONE,"01","4",6,0,1,LOW
250000,2500,10,20,20,0,NONE,"01","4",4,0,1,LOW
250000,2500,10,20,20,0,NONE,"01","4",4,0,1,LOW
300000,3000,10,20,20,0,NONE,"01","4",8,0,1,LOW
500000,5000,10,20,20,0,NONE,"01","4",6,0,1,LOW
1000000,10000,10,20,20,0,NONE,"01","2",8,0,1,LOW
1500000,15000,10,20,20,0,NONE,"01","3",4,0,1,LOW
42537,42537,20,10,10,42537,EMP1049,"01","5",5,0,1,LOW
1500000,15000,10,20,20,0,NONE,"01","3",8,0,1,LOW
70087,701,20,20,20,70087,EMP1049,"01","7",6,0,1,HIGH
500000,5000,10,20,20,0,NONE,"01","3",4,0,1,LOW
78575,786,20,20,20,78575,EMP1049,"01","5",4,0,1,LOW
69825,698,20,20,20,69825,EMP1049,"01","5",4,0,1,LOW
500000,5000,10,20,20,0,NONE,"01","3",6,0,1,LOW
79275,793,20,20,20,79275,EMP1049,"01","5",4,0,1,LOW
9211,9211,20,10,10,9211,EMP1049,"01","7",9,0,1,LOW
10327,10327,20,10,10,10327,EMP1049,"01","6",9,0,1,LOW
9177,9177,20,10,10,9177,EMP1049,"01","7",7,0,1,LOW
10419,10419,20,10,10,10419,EMP1049,"01","5",5,0,1,LOW
8650,8650,20,10,10,8650,EMP1049,"01","6",5,0,1,LOW
9698,9698,20,10,10,9698,EMP1049,"01","1",9,0,1,LOW
8618,8618,20,10,10,8618,EMP1049,"01","5",5,0,1,LOW
9784,9784,20,10,10,9784,EMP1049,"01","7",7,0,1,LOW
801,801,30,10,10,801,EMP1049,"01","5",3,0,1,LOW
898,898,30,10,10,898,EMP1049,"01","6",3,0,1,LOW
798,798,30,10,10,798,EMP1049,"01","6",3,0,1,LOW
906,906,30,10,10,906,EMP1049,"01","6",3,0,1,LOW
42537,42537,20,10,10,42537,EMP1057,"01","1",9,0,1,LOW
1174,1174,30,10,10,1174,EMP1006,"01","1",3,0,1,LOW
300000,3000,10,20,20,0,NONE,"01","2",4,0,1,LOW
250000,2500,10,20,20,0,NONE,"01","2",4,0,1,LOW
250000,2500,10,20,20,0,NONE,"01","2",8,0,1,LOW
300000,3000,10,20,20,0,NONE,"01","2",4,0,1,LOW
52750,52750,20,10,10,52750,EMP1041,"01","3",5,0,1,HIGH
500000,5000,10,20,20,0,NONE,"01","1",6,0,1,LOW
99662,997,20,20,20,99662,EMP1041,"01","3",4,0,1,LOW
74637,746,20,20,20,74637,EMP1041,"01","3",4,0,1,LOW
500000,5000,10,20,20,0,NONE,"01","1",4,0,1,LOW
92225,922,20,20,20,92225,EMP1041,"01","4",6,0,1,LOW
102725,1027,20,20,20,102725,EMP1041,"01","3",4,0,1,LOW
13098,13098,20,10,10,13098,EMP1041,"01","3",5,0,1,LOW
9809,9809,20,10,10,9809,EMP1041,"01","4",5,0,1,LOW
12121,12121,20,10,10,12121,EMP1041,"01","3",5,0,1,MEDIUM
13501,13501,20,10,10,13501,EMP1041,"01","3",5,0,1,LOW
12301,12301,20,10,10,12301,EMP1041,"01","3",5,0,1,LOW
9212,9212,20,10,10,9212,EMP1041,"01","3",5,0,1,LOW
11383,11383,20,10,10,11383,EMP1041,"01","3",5,0,1,LOW
12679,12679,20,10,10,12679,EMP1041,"01","3",5,0,1,LOW
1139,1139,30,10,10,1139,EMP1041,"01","5",7,0,1,LOW
853,853,30,10,10,853,EMP1041,"01","3",3,0,1,MEDIUM
1054,1054,30,10,10,1054,EMP1041,"01","5",7,0,1,LOW
1174,1174,30,10,10,1174,EMP1041,"01","4",3,0,1,LOW
1500000,15000,10,20,20,0,NONE,"01","2",4,0,1,LOW
52750,52750,20,10,10,52750,EMP1004,"01","6",7,0,1,LOW
500000,5000,10,20,20,0,NONE,"01","2",4,0,1,LOW
500000,5000,10,20,20,0,NONE,"01","2",4,0,1,LOW
99665,997,20,20,20,99665,EMP1004,"01","5",6,0,1,LOW
74640,746,20,20,20,74640,EMP1004,"01","4",4,0,1,LOW
500000,5000,10,20,20,0,NONE,"01","1",4,0,1,LOW
92225,922,20,20,20,92225,EMP1004,"01","5",8,0,1,LOW
500000,5000,10,20,20,0,NONE,"01","2",4,0,1,LOW
500000,5000,10,20,20,0,NONE,"01","2",4,0,1,LOW
102725,1027,20,20,20,102725,EMP1004,"01","4",4,0,1,LOW
13101,13101,20,10,10,13101,EMP1004,"01","4",5,0,1,LOW
9812,9812,20,10,10,9812,EMP1004,"01","4",5,0,1,LOW
13098,13098,20,10,10,13098,EMP1046,"01","7",5,0,1,LOW
9809,9809,20,10,10,9809,EMP1046,"01","7",5,0,1,LOW
12121,12121,20,10,10,12121,EMP1046,"01","7",5,0,1,LOW
13501,13501,20,10,10,13501,EMP1046,"01","7",5,0,1,LOW
12301,12301,20,10,10,12301,EMP1046,"01","1",7,0,1,LOW
9212,9212,20,10,10,9212,EMP1046,"01","1",5,0,1,LOW
11383,11383,20,10,10,11383,EMP1046,"01","7",5,0,1,LOW
12679,12679,20,10,10,12679,EMP1046,"01","7",5,0,1,MEDIUM
1139,1139,30,10,10,1139,EMP1046,"01","1",3,0,1,LOW
853,853,30,10,10,853,EMP1046,"01","1",3,0,1,LOW
1054,1054,30,10,10,1054,EMP1046,"01","7",5,0,1,LOW
1174,1174,30,10,10,1174,EMP1046,"01","2",7,0,1,LOW
300000,3000,10,20,20,0,NONE,"01","7",4,0,1,LOW
250000,2500,10,20,20,0,NONE,"01","7",4,0,1,LOW
250000,2500,10,20,20,0,NONE,"01","7",4,0,1,LOW
300000,3000,10,20,20,0,NONE,"01","7",6,0,1,LOW
1500000,15000,10,20,20,0,NONE,"01","6",4,0,1,LOW
52750,52750,20,10,10,52750,EMP1006,"01","3",9,0,1,HIGH
500000,5000,10,20,20,0,NONE,"01","6",6,0,1,LOW
99662,997,20,20,20,99662,EMP1006,"01","1",4,0,1,LOW
74637,746,20,20,20,74637,EMP1006,"01","2",6,0,1,LOW
500000,5000,10,20,20,0,NONE,"01","6",4,0,1,LOW
92225,922,20,20,20,92225,EMP1006,"01","2",6,0,1,LOW
500000,5000,10,20,20,0,NONE,"01","6",4,0,1,LOW
1500000,15000,10,20,20,0,NONE,"01","6",6,0,1,LOW
102725,1027,20,20,20,102725,EMP1006,"01","3",6,0,1,LOW
13098,13098,20,10,10,13098,EMP1006,"01","3",9,0,1,LOW
9809,9809,20,10,10,9809,EMP1006,"01","1",5,0,1,LOW
12121,12121,20,10,10,12121,EMP1006,"01","3",9,0,1,LOW
13501,13501,20,10,10,13501,EMP1006,"01","1",5,0,1,MEDIUM
12301,12301,20,10,10,12301,EMP1006,"01","2",5,0,1,LOW
9212,9212,20,10,10,9212,EMP1006,"01","3",7,0,1,HIGH
11383,11383,20,10,10,11383,EMP1006,"01","1",5,0,1,LOW
12679,12679,20,10,10,12679,EMP1006,"01","4",9,0,1,LOW
1139,1139,30,10,10,1139,EMP1006,"01","4",7,0,1,LOW
853,853,30,10,10,853,EMP1006,"01","2",5,0,1,LOW
1054,1054,30,10,10,1054,EMP1006,"01","2",7,0,1,LOW
99662,997,20,20,20,99662,EMP1042,"01","6",4,0,1,LOW
500000,5000,10,20,20,0,NONE,"01","4",4,0,1,LOW
74637,746,20,20,20,74637,EMP1042,"01","1",6,0,1,LOW
500000,5000,10,20,20,0,NONE,"01","4",3,0,1,LOW
1500000,15000,10,20,20,0,NONE,"12","3",3,0,1,LOW
92225,922,20,20,20,92225,EMP1042,"01","6",4,0,1,LOW
500000,5000,10,20,20,0,NONE,"01","4",6,0,1,HIGH
500000,5000,10,20,20,0,NONE,"01","4",4,0,1,LOW
500000,5000,10,20,20,0,NONE,"01","4",6,0,1,LOW
102725,1027,20,20,20,102725,EMP1042,"01","6",4,0,1,LOW
13098,13098,20,10,10,13098,EMP1042,"01","6",5,0,1,MEDIUM
9809,9809,20,10,10,9809,EMP1042,"01","6",5,0,1,LOW
12121,12121,20,10,10,12121,EMP1042,"01","6",5,0,1,HIGH
13501,13501,20,10,10,13501,EMP1042,"01","6",5,0,1,LOW
12301,12301,20,10,10,12301,EMP1042,"01","7",5,0,1,LOW
9212,9212,20,10,10,9212,EMP1042,"01","6",5,0,1,LOW
11383,11383,20,10,10,11383,EMP1042,"01","6",5,0,1,LOW
12679,12679,20,10,10,12679,EMP1042,"01","1",7,0,1,LOW
1139,1139,30,10,10,1139,EMP1042,"01","7",3,0,1,LOW
853,853,30,10,10,853,EMP1042,"01","7",3,0,1,LOW
1054,1054,30,10,10,1054,EMP1042,"01","7",3,0,1,LOW
1174,1174,30,10,10,1174,EMP1042,"01","7",3,0,1,LOW
52750,52750,20,10,10,52750,EMP1046,"01","2",7,0,1,LOW
1000000,10000,10,20,20,0,NONE,"01","5",4,0,1,LOW
99662,997,20,20,20,99662,EMP1046,"01","2",8,0,1,HIGH
500000,5000,10,20,20,0,NONE,"01","5",4,0,1,HIGH
500000,5000,10,20,20,0,NONE,"01","5",4,0,1,HIGH
500000,5000,10,20,20,0,NONE,"01","5",6,0,1,LOW
74637,746,20,20,20,74637,EMP1046,"01","7",4,0,1,LOW
500000,5000,10,20,20,0,NONE,"01","4",6,0,1,HIGH
500000,5000,10,20,20,0,NONE,"01","5",4,0,1,LOW
500000,5000,10,20,20,0,NONE,"01","5",4,0,1,LOW
92225,922,20,20,20,92225,EMP1046,"01","2",6,0,1,LOW
1500000,15000,10,20,20,0,NONE,"01","5",4,0,1,HIGH
1500000,15000,10,20,20,0,NONE,"01","5",8,0,1,LOW
102725,1027,20,20,20,102725,EMP1046,"01","1",8,0,1,LOW
8924,8924,20,10,10,8924,EMP1006,"01","4",5,0,1,LOW
10004,10004,20,10,10,10004,EMP1006,"01","4",5,0,1,LOW
12096,12096,20,10,10,12096,EMP1006,"01","5",5,0,1,LOW
747,747,30,10,10,747,EMP1006,"12","3",2,0,1,LOW
826,826,30,10,10,826,EMP1006,"01","4",2,0,1,LOW
926,926,30,10,10,926,EMP1006,"01","4",2,0,1,LOW
1120,1120,30,10,10,1120,EMP1006,"01","4",2,0,1,LOW
500000,5000,10,20,20,0,NONE,"01","4",4,0,1,LOW
1500000,15000,10,20,20,0,NONE,"12","3",3,0,1,HIGH
1500000,15000,10,20,20,0,NONE,"12","3",3,0,1,LOW
52750,52750,20,10,10,52750,EMP1051,"01","5",5,0,1,LOW
500000,5000,10,20,20,0,NONE,"12","2",3,0,1,LOW
99662,997,20,20,20,99662,EMP1051,"01","5",4,0,1,MEDIUM
1500000,15000,10,20,20,0,NONE,"12","3",7,0,1,LOW
74637,746,20,20,20,74637,EMP1051,"01","7",6,0,1,LOW
500000,5000,10,20,20,0,NONE,"12","3",3,0,1,LOW
500000,5000,10,20,20,0,NONE,"12","3",7,0,1,LOW
92225,922,20,20,20,92225,EMP1051,"01","5",4,0,1,LOW
500000,5000,10,20,20,0,NONE,"12","3",7,0,1,LOW
102725,1027,20,20,20,102725,EMP1051,"01","5",4,0,1,LOW
13098,13098,20,10,10,13098,EMP1051,"01","6",5,0,1,LOW
9809,9809,20,10,10,9809,EMP1051,"01","7",7,0,1,LOW
12121,12121,20,10,10,12121,EMP1051,"01","5",5,0,1,LOW
13501,13501,20,10,10,13501,EMP1051,"01","6",5,0,1,LOW
12301,12301,20,10,10,12301,EMP1051,"01","1",9,0,1,LOW
9212,9212,20,10,10,9212,EMP1051,"01","6",5,0,1,LOW
11383,11383,20,10,10,11383,EMP1051,"01","6",7,0,1,HIGH
12679,12679,20,10,10,12679,EMP1051,"01","5",5,0,1,LOW
1139,1139,30,10,10,1139,EMP1051,"01","5",3,0,1,LOW
853,853,30,10,10,853,EMP1051,"01","6",3,0,1,LOW
1054,1054,30,10,10,1054,EMP1051,"01","6",3,0,1,LOW
1174,1174,30,10,10,1174,EMP1051,"01","5",5,0,1,LOW
300000,3000,10,20,20,0,NONE,"01","5",4,0,1,LOW
250000,2500,10,20,20,0,NONE,"01","5",8,0,1,LOW
250000,2500,10,20,20,0,NONE,"01","5",8,0,1,LOW
300000,3000,10,20,20,0,NONE,"01","5",4,0,1,LOW
52750,52750,20,10,10,52750,EMP1042,"01","6",5,0,1,LOW
250000,2500,10,20,20,0,NONE,"12","1",7,0,1,LOW
250000,2500,10,20,20,0,NONE,"12","1",5,0,1,LOW
300000,3000,10,20,20,0,NONE,"12","1",3,0,1,LOW
45237,45237,20,10,10,45237,EMP1042,"12","3",4,0,1,LOW
65362,654,20,20,20,65362,EMP1042,"12","3",3,0,1,LOW
72275,723,20,20,20,72275,EMP1042,"12","3",3,0,1,LOW
500000,5000,10,20,20,0,NONE,"12","1",3,0,1,LOW
81025,810,20,20,20,81025,EMP1042,"12","3",3,0,1,LOW
500000,5000,10,20,20,0,NONE,"12","7",7,0,1,LOW
98000,980,20,20,20,98000,EMP1042,"01","4",8,0,1,LOW
8590,8590,20,10,10,8590,EMP1042,"01","4",4,0,1,MEDIUM
9499,9499,20,10,10,9499,EMP1042,"12","3",4,0,1,LOW
10649,10649,20,10,10,10649,EMP1042,"12","3",4,0,1,LOW
12880,12880,20,10,10,12880,EMP1042,"01","5",7,0,1,LOW
8067,8067,20,10,10,8067,EMP1042,"12","3",4,0,1,LOW
8920,8920,20,10,10,8920,EMP1042,"12","3",4,0,1,LOW
10000,10000,20,10,10,10000,EMP1042,"12","3",4,0,1,LOW
12096,12096,20,10,10,12096,EMP1042,"12","3",4,0,1,LOW
747,747,30,10,10,747,EMP1042,"12","3",2,0,1,LOW
826,826,30,10,10,826,EMP1042,"12","3",2,0,1,LOW
926,926,30,10,10,926,EMP1042,"12","3",4,0,1,LOW
1120,1120,30,10,10,1120,EMP1042,"12","3",2,0,1,LOW
300000,3000,10,20,20,0,NONE,"12","3",5,0,1,LOW
250000,2500,10,20,20,0,NONE,"12","3",3,0,1,LOW
250000,2500,10,20,20,0,NONE,"12","3",3,0,1,LOW
300000,3000,10,20,20,0,NONE,"12","3",7,0,1,LOW
45240,45240,20,10,10,45240,EMP1006,"01","4",5,0,1,LOW
1500000,15000,10,20,20,0,NONE,"12","1",3,0,1,LOW
65365,654,20,20,20,65365,EMP1006,"01","4",4,0,1,LOW
72275,723,20,20,20,72275,EMP1006,"01","4",4,0,1,LOW
81025,810,20,20,20,81025,EMP1006,"01","4",4,0,1,LOW
500000,5000,10,20,20,0,NONE,"12","2",7,0,1,LOW
98000,980,20,20,20,98000,EMP1006,"01","4",4,0,1,LOW
8593,8593,20,10,10,8593,EMP1006,"01","4",5,0,1,LOW
9499,9499,20,10,10,9499,EMP1006,"01","4",5,0,1,LOW
10649,10649,20,10,10,10649,EMP1006,"01","4",5,0,1,LOW
12880,12880,20,10,10,12880,EMP1006,"01","4",5,0,1,LOW
8070,8070,20,10,10,8070,EMP1006,"01","5",7,0,1,LOW
10000,10000,20,10,10,10000,EMP1044,"12","7",6,0,1,LOW
12096,12096,20,10,10,12096,EMP1044,"12","7",4,0,1,LOW
747,747,30,10,10,747,EMP1044,"12","6",2,0,1,LOW
826,826,30,10,10,826,EMP1044,"12","6",2,0,1,LOW
926,926,30,10,10,926,EMP1044,"12","6",2,0,1,LOW
1120,1120,30,10,10,1120,EMP1044,"12","5",2,0,1,LOW
300000,3000,10,20,20,0,NONE,"12","6",3,0,1,LOW
250000,2500,10,20,20,0,NONE,"12","6",3,0,1,LOW
250000,2500,10,20,20,0,NONE,"12","6",3,0,1,LOW
300000,3000,10,20,20,0,NONE,"12","6",3,0,1,LOW
1500000,15000,10,20,20,0,NONE,"12","6",5,0,1,LOW
1500000,15000,10,20,20,0,NONE,"12","6",7,0,1,LOW
1000000,10000,10,20,20,0,NONE,"12","6",5,0,1,LOW
500,500,40,10,10,0,NONE,"12","6",4,0,1,LOW
500000,5000,40,20,20,0,NONE,"12","6",3,0,1,LOW
500000,5000,40,20,20,0,NONE,"12","6",5,0,1,LOW
45237,45237,20,10,10,45237,EMP1042,"12","7",4,0,1,LOW
65362,654,20,20,20,65362,EMP1042,"12","2",5,0,1,LOW
72275,723,20,20,20,72275,EMP1042,"12","2",5,0,1,LOW
81025,810,20,20,20,81025,EMP1042,"12","7",3,0,1,MEDIUM
500000,5000,10,20,20,0,NONE,"12","5",3,0,1,LOW
500000,5000,10,20,20,0,NONE,"12","5",7,0,1,HIGH
500000,5000,10,20,20,0,NONE,"12","4",3,0,1,LOW
98000,980,20,20,20,98000,EMP1042,"12","7",3,0,1,LOW
8590,8590,20,10,10,8590,EMP1042,"12","7",4,0,1,LOW
9499,9499,20,10,10,9499,EMP1042,"12","1",6,0,1,LOW
10649,10649,20,10,10,10649,EMP1042,"12","7",4,0,1,LOW
12880,12880,20,10,10,12880,EMP1042,"12","7",4,0,1,LOW
8067,8067,20,10,10,8067,EMP1042,"12","1",4,0,1,LOW
8920,8920,20,10,10,8920,EMP1042,"12","1",4,0,1,LOW
10000,10000,20,10,10,10000,EMP1042,"12","1",6,0,1,LOW
12096,12096,20,10,10,12096,EMP1042,"12","2",6,0,1,LOW
747,747,30,10,10,747,EMP1042,"12","7",2,0,1,LOW
826,826,30,10,10,826,EMP1042,"12","7",4,0,1,MEDIUM
926,926,30,10,10,926,EMP1042,"12","7",2,0,1,LOW
1120,1120,30,10,10,1120,EMP1042,"12","6",2,0,1,LOW
300000,3000,10,20,20,0,NONE,"12","1",3,0,1,LOW
65362,654,20,20,20,65362,EMP1053,"12","5",3,0,1,LOW
500000,5000,10,20,20,0,NONE,"12","3",3,0,1,LOW
1500000,15000,10,20,20,0,NONE,"12","3",5,0,1,LOW
72275,723,20,20,20,72275,EMP1053,"12","5",3,0,1,LOW
500000,5000,10,20,20,0,NONE,"12","3",3,0,1,HIGH
500000,5000,10,20,20,0,NONE,"12","3",3,0,1,LOW
500000,5000,10,20,20,0,NONE,"12","3",5,0,1,LOW
81025,810,20,20,20,81025,EMP1053,"12","5",3,0,1,LOW
98000,980,20,20,20,98000,EMP1053,"12","7",7,0,1,HIGH
8590,8590,20,10,10,8590,EMP1053,"12","5",4,0,1,LOW
9499,9499,20,10,10,9499,EMP1053,"12","5",4,0,1,LOW
10649,10649,20,10,10,10649,EMP1053,"12","5",4,0,1,LOW
12880,12880,20,10,10,12880,EMP1053,"12","5",4,0,1,LOW
8067,8067,20,10,10,8067,EMP1053,"12","5",4,0,1,LOW
8920,8920,20,10,10,8920,EMP1053,"12","5",4,0,1,LOW
10000,10000,20,10,10,10000,EMP1053,"12","1",6,0,1,LOW
12096,12096,20,10,10,12096,EMP1053,"12","7",6,0,1,LOW
747,747,30,10,10,747,EMP1053,"12","6",4,0,1,LOW
826,826,30,10,10,826,EMP1053,"12","6",4,0,1,LOW
926,926,30,10,10,926,EMP1053,"12","5",4,0,1,LOW
1120,1120,30,10,10,1120,EMP1053,"12","7",6,0,1,LOW
45237,45237,20,10,10,45237,EMP1044,"12","6",4,0,1,LOW
500000,5000,10,20,20,0,NONE,"12","3",5,0,1,LOW
65362,654,20,20,20,65362,EMP1044,"12","6",3,0,1,LOW
500000,5000,10,20,20,0,NONE,"12","4",3,0,1,LOW
72275,723,20,20,20,72275,EMP1044,"12","6",3,0,1,LOW
1500000,15000,10,20,20,0,NONE,"12","3",3,0,1,LOW
81025,810,20,20,20,81025,EMP1044,"12","6",3,0,1,MEDIUM
500000,5000,10,20,20,0,NONE,"12","3",3,0,1,LOW
500000,5000,10,20,20,0,NONE,"12","3",3,0,1,LOW
98000,980,20,20,20,98000,EMP1044,"12","6",3,0,1,LOW
8590,8590,20,10,10,8590,EMP1044,"12","6",4,0,1,LOW
9499,9499,20,10,10,9499,EMP1044,"12","7",6,0,1,LOW
10649,10649,20,10,10,10649,EMP1044,"12","1",8,0,1,LOW
12880,12880,20,10,10,12880,EMP1044,"12","6",4,0,1,LOW
8067,8067,20,10,10,8067,EMP1044,"12","6",4,0,1,LOW
8920,8920,20,10,10,8920,EMP1044,"12","7",8,0,1,LOW
8802,8802,20,10,10,8802,EMP1054,"12","3",4,0,1,LOW
12268,12268,20,10,10,12268,EMP1054,"12","3",4,0,1,LOW
11080,11080,20,10,10,11080,EMP1054,"12","3",4,0,1,LOW
13543,13543,20,10,10,13543,EMP1054,"12","4",4,0,1,MEDIUM
815,815,30,10,10,815,EMP1054,"12","3",2,0,1,LOW
1136,1136,30,10,10,1136,EMP1054,"12","3",2,0,1,LOW
1026,1026,30,10,10,1026,EMP1054,"12","5",6,0,1,LOW
1254,1254,30,10,10,1254,EMP1054,"12","2",2,0,1,LOW
1500000,15000,10,20,20,0,NONE,"12","2",5,0,1,LOW
1500000,15000,10,20,20,0,NONE,"12","2",5,0,1,LOW
52890,52890,20,10,10,52890,EMP1054,"12","6",6,0,1,LOW
71315,713,20,20,20,71315,EMP1054,"12","4",3,0,1,LOW
99400,994,20,20,20,99400,EMP1054,"12","5",5,0,1,LOW
500000,5000,10,20,20,0,NONE,"12","2",3,0,1,LOW
500000,5000,10,20,20,0,NONE,"12","2",3,0,1,LOW
89775,898,20,20,20,89775,EMP1054,"12","4",3,0,1,LOW
109725,1097,20,20,20,109725,EMP1054,"12","4",3,0,1,LOW
9375,9375,20,10,10,9375,EMP1054,"12","4",4,0,1,LOW
13064,13064,20,10,10,13064,EMP1054,"12","4",4,0,1,LOW
11799,11799,20,10,10,11799,EMP1054,"12","6",6,0,1,LOW
14421,14421,20,10,10,14421,EMP1054,"12","5",6,0,1,HIGH
8802,8802,20,10,10,8802,EMP1054,"12","4",4,0,1,LOW
12272,12272,20,10,10,12272,EMP1054,"12","5",6,0,1,LOW
11084,11084,20,10,10,11084,EMP1054,"12","6",8,0,1,HIGH
13544,13544,20,10,10,13544,EMP1054,"12","4",4,0,1,MEDIUM
815,815,30,10,10,815,EMP1054,"12","4",4,0,1,LOW
1136,1136,30,10,10,1136,EMP1054,"12","3",2,0,1,LOW
1026,1026,30,10,10,1026,EMP1054,"12","4",2,0,1,LOW
1254,1254,30,10,10,1254,EMP1054,"12","4",2,0,1,LOW
300000,3000,10,20,20,0,NONE,"12","4",5,0,1,HIGH
250000,2500,10,20,20,0,NONE,"12","4",3,0,1,HIGH
250000,2500,10,20,20,0,NONE,"12","4",3,0,1,LOW
300000,3000,10,20,20,0,NONE,"12","4",3,0,1,LOW
500000,5000,10,20,20,0,NONE,"12","4",3,0,1,HIGH
45237,45237,20,10,10,45237,EMP1053,"12","7",6,0,1,HIGH
500000,5000,10,20,20,0,NONE,"12","3",5,0,1,LOW
89775,898,20,20,20,89775,EMP1051,"12","2",5,0,1,LOW
500000,5000,10,20,20,0,NONE,"12","5",3,0,1,LOW
1500000,15000,10,20,20,0,NONE,"12","5",5,0,1,LOW
109725,1097,20,20,20,109725,EMP1051,"12","2",5,0,1,LOW
9372,9372,20,10,10,9372,EMP1051,"12","7",4,0,1,LOW
13064,13064,20,10,10,13064,EMP1051,"12","7",4,0,1,LOW
11799,11799,20,10,10,11799,EMP1051,"12","7",4,0,1,LOW
14421,14421,20,10,10,14421,EMP1051,"12","7",4,0,1,LOW
8802,8802,20,10,10,8802,EMP1051,"12","7",4,0,1,LOW
12268,12268,20,10,10,12268,EMP1051,"12","1",4,0,1,LOW
11080,11080,20,10,10,11080,EMP1051,"12","1",4,0,1,LOW
13543,13543,20,10,10,13543,EMP1051,"12","7",4,0,1,LOW
815,815,30,10,10,815,EMP1051,"12","7",2,0,1,LOW
1136,1136,30,10,10,1136,EMP1051,"12","6",2,0,1,LOW
1026,1026,30,10,10,1026,EMP1051,"12","7",2,0,1,LOW
1254,1254,30,10,10,1254,EMP1051,"12","6",2,0,1,LOW
300000,3000,10,20,20,0,NONE,"12","7",3,0,1,LOW
250000,2500,10,20,20,0,NONE,"12","7",3,0,1,LOW
250000,2500,10,20,20,0,NONE,"12","7",3,0,1,LOW
300000,3000,10,20,20,0,NONE,"12","7",3,0,1,LOW
300000,3000,10,20,20,0,NONE,"12","2",3,0,1,LOW
250000,2500,10,20,20,0,NONE,"12","2",5,0,1,LOW
250000,2500,10,20,20,0,NONE,"12","2",5,0,1,LOW
300000,3000,10,20,20,0,NONE,"12","2",3,0,1,LOW
52887,52887,20,10,10,52887,EMP1054,"12","3",4,0,1,LOW
1000000,10000,10,20,20,0,NONE,"12","7",3,0,1,LOW
71312,713,20,20,20,71312,EMP1054,"12","5",5,0,1,LOW
99400,994,20,20,20,99400,EMP1054,"12","5",7,0,1,LOW
500000,5000,10,20,20,0,NONE,"12","1",3,0,1,LOW
89775,898,20,20,20,89775,EMP1054,"12","3",3,0,1,LOW
500000,5000,10,20,20,0,NONE,"12","1",3,0,1,LOW
500000,5000,10,20,20,0,NONE,"12","7",3,0,1,LOW
109725,1097,20,20,20,109725,EMP1054,"12","3",3,0,1,LOW
9372,9372,20,10,10,9372,EMP1054,"12","3",4,0,1,LOW
13064,13064,20,10,10,13064,EMP1054,"12","3",4,0,1,MEDIUM
11799,11799,20,10,10,11799,EMP1054,"12","3",4,0,1,LOW
14421,14421,20,10,10,14421,EMP1054,"12","3",4,0,1,HIGH
11080,11080,20,10,10,11080,EMP1004,"12","7",8,0,1,LOW
13543,13543,20,10,10,13543,EMP1004,"12","5",4,0,1,LOW
815,815,30,10,10,815,EMP1004,"12","6",4,0,1,LOW
1136,1136,30,10,10,1136,EMP1004,"12","6",4,0,1,LOW
1026,1026,30,10,10,1026,EMP1004,"12","6",4,0,1,MEDIUM
1254,1254,30,10,10,1254,EMP1004,"12","5",4,0,1,LOW
300000,3000,10,20,20,0,NONE,"12","5",3,0,1,LOW
250000,2500,10,20,20,0,NONE,"12","5",3,0,1,LOW
250000,2500,10,20,20,0,NONE,"12","5",3,0,1,LOW
300000,3000,10,20,20,0,NONE,"12","5",7,0,1,LOW
1500000,15000,10,20,20,0,NONE,"12","4",3,0,1,LOW
52887,52887,20,10,10,52887,EMP1056,"12","1",6,0,1,LOW
71312,713,20,20,20,71312,EMP1056,"12","1",5,0,1,LOW
500000,5000,10,20,20,0,NONE,"12","4",3,0,1,LOW
99400,994,20,20,20,99400,EMP1056,"12","6",3,0,1,LOW
500000,5000,10,20,20,0,NONE,"12","4",3,0,1,LOW
89775,898,20,20,20,89775,EMP1056,"12","6",3,0,1,LOW
1500000,15000,10,20,20,0,NONE,"12","3",5,0,1,LOW
109725,1097,20,20,20,109725,EMP1056,"12","6",3,0,1,LOW
9372,9372,20,10,10,9372,EMP1056,"12","2",6,0,1,LOW
13064,13064,20,10,10,13064,EMP1056,"12","1",6,0,1,LOW
11799,11799,20,10,10,11799,EMP1056,"12","6",4,0,1,LOW
14421,14421,20,10,10,14421,EMP1056,"12","6",4,0,1,LOW
8802,8802,20,10,10,8802,EMP1056,"12","7",6,0,1,LOW
12268,12268,20,10,10,12268,EMP1056,"12","7",4,0,1,LOW
11080,11080,20,10,10,11080,EMP1056,"12","2",6,0,1,HIGH
13543,13543,20,10,10,13543,EMP1056,"12","6",4,0,1,LOW
815,815,30,10,10,815,EMP1056,"12","6",4,0,1,LOW
1136,1136,30,10,10,1136,EMP1056,"12","6",2,0,1,LOW
1026,1026,30,10,10,1026,EMP1056,"12","6",2,0,1,LOW
1254,1254,30,10,10,1254,EMP1056,"12","5",2,0,1,LOW
52887,52887,20,10,10,52887,EMP1051,"12","7",4,0,1,LOW
500000,5000,10,20,20,0,NONE,"12","5",5,0,1,LOW
500000,5000,10,20,20,0,NONE,"12","5",5,0,1,LOW
71312,713,20,20,20,71312,EMP1051,"12","7",3,0,1,LOW
99400,994,20,20,20,99400,EMP1051,"12","7",3,0,1,LOW
500000,5000,10,20,20,0,NONE,"12","5",3,0,1,LOW
500000,5000,10,20,20,0,NONE,"12","5",3,0,1,LOW
1500000,15000,10,20,20,0,NONE,"12","2",5,0,1,LOW
110515,1105,20,20,20,110515,EMP1002,"12","4",3,0,1,LOW
500000,5000,10,20,20,0,NONE,"12","2",3,0,1,HIGH
500000,5000,10,20,20,0,NONE,"12","2",3,0,1,LOW
110425,1104,20,20,20,110425,EMP1002,"12","4",3,0,1,LOW
63090,631,20,20,20,63090,EMP1002,"12","4",3,0,1,LOW
12650,12650,20,10,10,12650,EMP1002,"12","5",6,0,1,LOW
14527,14527,20,10,10,14527,EMP1002,"12","6",6,0,1,LOW
14513,14513,20,10,10,14513,EMP1002,"12","6",8,0,1,LOW
8294,8294,20,10,10,8294,EMP1002,"12","5",4,0,1,LOW
11880,11880,20,10,10,11880,EMP1002,"12","5",4,0,1,MEDIUM
13643,13643,20,10,10,13643,EMP1002,"12","5",6,0,1,HIGH
13633,13633,20,10,10,13633,EMP1002,"12","6",6,0,1,HIGH
7791,7791,20,10,10,7791,EMP1002,"12","4",4,0,1,LOW
1100,1100,30,10,10,1100,EMP1002,"12","5",4,0,1,LOW
1263,1263,30,10,10,1263,EMP1002,"12","4",2,0,1,LOW
1262,1262,30,10,10,1262,EMP1002,"12","3",2,0,1,LOW
721,721,30,10,10,721,EMP1002,"12","4",2,0,1,LOW
500000,5000,10,20,20,0,NONE,"12","4",3,0,1,LOW
52887,52887,20,10,10,52887,EMP1004,"12","7",6,0,1,LOW
500000,5000,10,20,20,0,NONE,"12","3",5,0,1,HIGH
500000,5000,10,20,20,0,NONE,"12","3",3,0,1,LOW
500000,5000,10,20,20,0,NONE,"12","3",3,0,1,LOW
71312,713,20,20,20,71312,EMP1004,"12","5",3,0,1,LOW
99400,994,20,20,20,99400,EMP1004,"12","5",3,0,1,MEDIUM
500000,5000,10,20,20,0,NONE,"12","3",3,0,1,LOW
1500000,15000,10,20,20,0,NONE,"12","2",5,0,1,LOW
89775,898,20,20,20,89775,EMP1004,"12","6",5,0,1,LOW
500000,5000,10,20,20,0,NONE,"12","3",3,0,1,LOW
500000,5000,10,20,20,0,NONE,"12","3",7,0,1,LOW
109725,1097,20,20,20,109725,EMP1004,"12","5",3,0,1,LOW
9372,9372,20,10,10,9372,EMP1004,"12","6",4,0,1,LOW
13064,13064,20,10,10,13064,EMP1004,"12","5",4,0,1,LOW
11799,11799,20,10,10,11799,EMP1004,"12","7",6,0,1,LOW
14421,14421,20,10,10,14421,EMP1004,"12","6",4,0,1,LOW
8802,8802,20,10,10,8802,EMP1004,"12","6",6,0,1,LOW
12268,12268,20,10,10,12268,EMP1004,"12","5",4,0,1,LOW
1262,1262,30,10,10,1262,EMP1044,"12","1",2,0,1,LOW
721,721,30,10,10,721,EMP1044,"12","1",2,0,1,LOW
300000,3000,10,20,20,0,NONE,"12","1",5,0,1,LOW
250000,2500,10,20,20,0,NONE,"12","1",5,0,1,LOW
250000,2500,10,20,20,0,NONE,"12","1",3,0,1,LOW
300000,3000,10,20,20,0,NONE,"12","1",5,0,1,HIGH
1500000,15000,10,20,20,0,NONE,"12","1",3,0,1,LOW
54325,54325,20,10,10,54325,EMP1054,"12","3",4,0,1,LOW
96250,963,20,20,20,96250,EMP1054,"12","3",3,0,1,LOW
500000,5000,10,20,20,0,NONE,"12","1",5,0,1,LOW
1500000,15000,10,20,20,0,NONE,"12","1",3,0,1,LOW
110512,1105,20,20,20,110512,EMP1054,"12","3",3,0,1,LOW
500000,5000,10,20,20,0,NONE,"12","1",3,0,1,LOW
500000,5000,10,20,20,0,NONE,"12","1",3,0,1,LOW
110425,1104,20,20,20,110425,EMP1054,"12","3",3,0,1,HIGH
1000000,10000,10,20,20,0,NONE,"12","1",5,0,1,LOW
63087,631,20,20,20,63087,EMP1054,"12","5",5,0,1,LOW
12650,12650,20,10,10,12650,EMP1054,"12","4",6,0,1,LOW
14524,14524,20,10,10,14524,EMP1054,"12","3",4,0,1,LOW
14513,14513,20,10,10,14513,EMP1054,"12","3",4,0,1,LOW
8291,8291,20,10,10,8291,EMP1054,"12","5",8,0,1,LOW
11880,11880,20,10,10,11880,EMP1054,"12","3",4,0,1,LOW
13640,13640,20,10,10,13640,EMP1054,"12","6",6,0,1,HIGH
13629,13629,20,10,10,13629,EMP1054,"12","4",4,0,1,LOW
7786,7786,20,10,10,7786,EMP1054,"12","3",4,0,1,LOW
1100,1100,30,10,10,1100,EMP1054,"12","4",4,0,1,LOW
1263,1263,30,10,10,1263,EMP1054,"12","3",2,0,1,LOW
1262,1262,30,10,10,1262,EMP1054,"12","3",2,0,1,LOW
721,721,30,10,10,721,EMP1054,"12","3",2,0,1,LOW
300000,3000,10,20,20,0,NONE,"12","3",3,0,1,HIGH
250000,2500,10,20,20,0,NONE,"12","3",3,0,1,LOW
250000,2500,10,20,20,0,NONE,"12","3",3,0,1,LOW
300000,3000,10,20,20,0,NONE,"12","3",3,0,1,HIGH
54325,54325,20,10,10,54325,EMP1002,"12","4",4,0,1,LOW
500000,5000,10,20,20,0,NONE,"12","1",3,0,1,LOW
500000,5000,10,20,20,0,NONE,"12","2",3,0,1,LOW
96250,963,20,20,20,96250,EMP1002,"12","4",3,0,1,LOW
500000,5000,10,20,20,0,NONE,"12","4",5,0,1,LOW
110425,1104,20,20,20,110425,EMP1021,"12","7",3,0,1,LOW
63087,631,20,20,20,63087,EMP1021,"12","2",5,0,1,LOW
12650,12650,20,10,10,12650,EMP1021,"12","7",4,0,1,LOW
14524,14524,20,10,10,14524,EMP1021,"12","7",4,0,1,LOW
14513,14513,20,10,10,14513,EMP1021,"12","7",4,0,1,LOW
8291,8291,20,10,10,8291,EMP1021,"12","2",6,0,1,LOW
11880,11880,20,10,10,11880,EMP1021,"12","7",4,0,1,LOW
13640,13640,20,10,10,13640,EMP1021,"12","2",6,0,1,HIGH
13629,13629,20,10,10,13629,EMP1021,"12","7",4,0,1,LOW
7786,7786,20,10,10,7786,EMP1021,"12","7",4,0,1,LOW
1100,1100,30,10,10,1100,EMP1021,"12","7",2,0,1,LOW
1263,1263,30,10,10,1263,EMP1021,"12","7",2,0,1,LOW
1262,1262,30,10,10,1262,EMP1021,"12","1",4,0,1,LOW
721,721,30,10,10,721,EMP1021,"12","7",2,0,1,LOW
54325,54325,20,10,10,54325,EMP1044,"12","1",4,0,1,LOW
500000,5000,10,20,20,0,NONE,"12","6",3,0,1,LOW
500000,5000,10,20,20,0,NONE,"12","6",3,0,1,LOW
96250,963,20,20,20,96250,EMP1044,"12","2",5,0,1,LOW
500000,5000,10,20,20,0,NONE,"12","6",3,0,1,LOW
1500000,15000,10,20,20,0,NONE,"12","6",3,0,1,LOW
110512,1105,20,20,20,110512,EMP1044,"12","1",3,0,1,LOW
500000,5000,10,20,20,0,NONE,"12","5",3,0,1,LOW
500000,5000,10,20,20,0,NONE,"12","6",3,0,1,LOW
500000,5000,10,20,20,0,NONE,"12","6",3,0,1,LOW
110425,1104,20,20,20,110425,EMP1044,"12","1",3,0,1,LOW
63087,631,20,20,20,63087,EMP1044,"12","1",3,0,1,LOW
12650,12650,20,10,10,12650,EMP1044,"12","1",4,0,1,LOW
14524,14524,20,10,10,14524,EMP1044,"12","2",8,0,1,LOW
14513,14513,20,10,10,14513,EMP1044,"12","1",4,0,1,LOW
8291,8291,20,10,10,8291,EMP1044,"12","2",8,0,1,HIGH
11880,11880,20,10,10,11880,EMP1044,"12","1",4,0,1,LOW
13640,13640,20,10,10,13640,EMP1044,"12","4",6,0,1,LOW
13629,13629,20,10,10,13629,EMP1044,"12","2",4,0,1,LOW
7786,7786,20,10,10,7786,EMP1044,"12","1",4,0,1,LOW
1100,1100,30,10,10,1100,EMP1044,"12","1",2,0,1,LOW
1263,1263,30,10,10,1263,EMP1044,"12","1",2,0,1,LOW
400000,400000,40,10,10,0,NONE,"12","5",6,0,1,LOW
400000,400000,40,10,10,0,NONE,"12","5",4,0,1,LOW
30000,30000,40,10,10,0,NONE,"12","5",6,0,1,LOW
54325,54325,20,10,10,54325,EMP1042,"12","1",6,0,1,LOW
500000,5000,10,20,20,0,NONE,"12","4",3,0,1,LOW
1500000,15000,10,20,20,0,NONE,"12","4",3,0,1,LOW
96250,963,20,20,20,96250,EMP1042,"12","6",3,0,1,LOW
500000,5000,10,20,20,0,NONE,"12","3",7,0,1,LOW
500000,5000,10,20,20,0,NONE,"12","4",3,0,1,LOW
110512,1105,20,20,20,110512,EMP1042,"12","6",3,0,1,LOW
500000,5000,10,20,20,0,NONE,"12","4",3,0,1,LOW
500000,5000,10,20,20,0,NONE,"12","4",3,0,1,LOW
110425,1104,20,20,20,110425,EMP1042,"12","6",3,0,1,LOW
500000,5000,10,20,20,0,NONE,"12","3",5,0,1,LOW
63087,631,20,20,20,63087,EMP1042,"12","7",5,0,1,LOW
12650,12650,20,10,10,12650,EMP1042,"12","7",4,0,1,LOW
14524,14524,20,10,10,14524,EMP1042,"12","6",4,0,1,LOW
14513,14513,20,10,10,14513,EMP1042,"12","1",8,0,1,HIGH
8291,8291,20,10,10,8291,EMP1042,"12","7",6,0,1,LOW
11880,11880,20,10,10,11880,EMP1042,"12","7",4,0,1,LOW
13640,13640,20,10,10,13640,EMP1042,"12","7",4,0,1,LOW
13629,13629,20,10,10,13629,EMP1042,"12","2",6,0,1,HIGH
7786,7786,20,10,10,7786,EMP1042,"12","1",8,0,1,HIGH
1100,1100,30,10,10,1100,EMP1042,"12","6",2,0,1,LOW
1263,1263,30,10,10,1263,EMP1042,"12","7",4,0,1,LOW
1262,1262,30,10,10,1262,EMP1042,"12","1",6,0,1,LOW
721,721,30,10,10,721,EMP1042,"12","6",2,0,1,LOW
300000,3000,10,20,20,0,NONE,"12","6",3,0,1,LOW
250000,2500,10,20,20,0,NONE,"12","6",3,0,1,LOW
250000,2500,10,20,20,0,NONE,"12","6",3,0,1,LOW
300000,3000,10,20,20,0,NONE,"12","6",3,0,1,LOW
1500000,15000,10,20,20,0,NONE,"12","4",3,0,1,LOW
54325,54325,20,10,10,54325,EMP1021,"12","7",4,0,1,LOW
1500000,15000,10,20,20,0,NONE,"12","5",3,0,1,LOW
96250,963,20,20,20,96250,EMP1021,"12","7",3,0,1,LOW
110512,1105,20,20,20,110512,EMP1021,"12","7",3,0,1,LOW
500000,5000,10,20,20,0,NONE,"12","5",7,0,1,HIGH
1114,1114,30,10,10,1114,EMP1007,"12","4",2,0,1,LOW
1114,1114,30,10,10,1114,EMP1007,"12","4",2,0,1,LOW
843,843,30,10,10,843,EMP1007,"12","6",6,0,1,LOW
300000,3000,10,20,20,0,NONE,"12","4",3,0,1,LOW
250000,2500,10,20,20,0,NONE,"12","4",3,0,1,LOW
250000,2500,10,20,20,0,NONE,"12","4",3,0,1,HIGH
300000,3000,10,20,20,0,NONE,"12","4",3,0,1,HIGH
500000,5000,10,20,20,0,NONE,"12","4",3,0,1,LOW
1500000,15000,10,20,20,0,NONE,"12","3",3,0,1,LOW
54325,54325,20,10,10,54325,EMP1001,"12","7",6,0,1,LOW
1000000,10000,10,20,20,0,NONE,"12","3",3,0,1,HIGH
1000000,10000,10,20,20,0,NONE,"12","3",3,0,1,LOW
96250,963,20,20,20,96250,EMP1001,"12","5",3,0,1,LOW
500000,5000,10,20,20,0,NONE,"12","2",3,0,1,LOW
500000,5000,10,20,20,0,NONE,"12","3",3,0,1,LOW
110512,1105,20,20,20,110512,EMP1001,"12","5",3,0,1,LOW
500000,5000,10,20,20,0,NONE,"12","3",3,0,1,HIGH
500000,5000,10,20,20,0,NONE,"12","3",3,0,1,LOW
110425,1104,20,20,20,110425,EMP1001,"12","5",3,0,1,LOW
500000,5000,10,20,20,0,NONE,"12","3",5,0,1,HIGH
500000,5000,10,20,20,0,NONE,"12","3",3,0,1,LOW
63087,631,20,20,20,63087,EMP1001,"12","5",3,0,1,MEDIUM
12650,12650,20,10,10,12650,EMP1001,"12","5",4,0,1,LOW
14524,14524,20,10,10,14524,EMP1001,"12","6",4,0,1,LOW
14513,14513,20,10,10,14513,EMP1001,"12","5",4,0,1,LOW
8291,8291,20,10,10,8291,EMP1001,"12","5",4,0,1,LOW
11880,11880,20,10,10,11880,EMP1001,"12","7",6,0,1,LOW
13640,13640,20,10,10,13640,EMP1001,"12","7",6,0,1,LOW
13629,13629,20,10,10,13629,EMP1001,"12","5",4,0,1,LOW
7786,7786,20,10,10,7786,EMP1001,"12","5",4,0,1,LOW
1100,1100,30,10,10,1100,EMP1001,"12","5",4,0,1,LOW
1263,1263,30,10,10,1263,EMP1001,"12","4",2,0,1,LOW
1262,1262,30,10,10,1262,EMP1001,"12","5",2,0,1,LOW
721,721,30,10,10,721,EMP1001,"12","5",4,0,1,LOW
500000,500000,40,10,10,0,NONE,"12","5",6,0,1,HIGH
500000,500000,40,10,10,0,NONE,"12","5",8,0,1,LOW
109375,1094,20,20,20,109375,EMP1051,"12","3",3,0,1,LOW
97475,975,20,20,20,97475,EMP1051,"12","4",7,0,1,LOW
500000,5000,10,20,20,0,NONE,"12","7",3,0,1,LOW
97475,975,20,20,20,97475,EMP1051,"12","3",3,0,1,LOW
1500000,15000,10,20,20,0,NONE,"12","1",5,0,1,HIGH
1500000,15000,10,20,20,0,NONE,"12","1",3,0,1,LOW
73762,738,20,20,20,73762,EMP1051,"12","3",3,0,1,LOW
14375,14375,20,10,10,14375,EMP1051,"12","6",6,0,1,LOW
12811,12811,20,10,10,12811,EMP1051,"12","3",4,0,1,LOW
12811,12811,20,10,10,12811,EMP1051,"12","3",4,0,1,LOW
9694,9694,20,10,10,9694,EMP1051,"12","3",4,0,1,LOW
13500,13500,20,10,10,13500,EMP1051,"12","3",4,0,1,LOW
12031,12031,20,10,10,12031,EMP1051,"12","4",8,0,1,LOW
12031,12031,20,10,10,12031,EMP1051,"12","3",4,0,1,LOW
9104,9104,20,10,10,9104,EMP1051,"12","4",6,0,1,LOW
1250,1250,30,10,10,1250,EMP1051,"12","4",4,0,1,LOW
1114,1114,30,10,10,1114,EMP1051,"12","2",2,0,1,LOW
1114,1114,30,10,10,1114,EMP1051,"12","3",2,0,1,LOW
843,843,30,10,10,843,EMP1051,"12","3",2,0,1,LOW
1500000,15000,10,20,20,0,NONE,"12","2",3,0,1,LOW
54015,54015,20,10,10,54015,EMP1007,"12","4",4,0,1,HIGH
500000,5000,10,20,20,0,NONE,"12","1",7,0,1,LOW
500000,5000,10,20,20,0,NONE,"12","1",5,0,1,LOW
109375,1094,20,20,20,109375,EMP1007,"12","6",5,0,1,LOW
500000,5000,10,20,20,0,NONE,"12","2",3,0,1,LOW
500000,5000,10,20,20,0,NONE,"12","2",5,0,1,LOW
97475,975,20,20,20,97475,EMP1007,"12","5",5,0,1,LOW
97475,975,20,20,20,97475,EMP1007,"12","4",3,0,1,LOW
73765,738,20,20,20,73765,EMP1007,"12","4",3,0,1,LOW
14375,14375,20,10,10,14375,EMP1007,"12","5",6,0,1,LOW
12811,12811,20,10,10,12811,EMP1007,"12","5",4,0,1,LOW
12811,12811,20,10,10,12811,EMP1007,"12","6",8,0,1,LOW
9697,9697,20,10,10,9697,EMP1007,"12","5",6,0,1,LOW
13500,13500,20,10,10,13500,EMP1007,"12","5",8,0,1,LOW
12032,12032,20,10,10,12032,EMP1007,"12","5",4,0,1,LOW
12032,12032,20,10,10,12032,EMP1007,"12","5",4,0,1,LOW
9106,9106,20,10,10,9106,EMP1007,"12","7",6,0,1,LOW
1250,1250,30,10,10,1250,EMP1007,"12","4",2,0,1,LOW
9104,9104,20,10,10,9104,EMP1052,"12","6",4,0,1,LOW
1250,1250,30,10,10,1250,EMP1052,"12","6",2,0,1,LOW
1114,1114,30,10,10,1114,EMP1052,"12","6",2,0,1,LOW
1114,1114,30,10,10,1114,EMP1052,"12","1",6,0,1,LOW
843,843,30,10,10,843,EMP1052,"12","7",4,0,1,LOW
54012,54012,20,10,10,54012,EMP1053,"12","7",4,0,1,LOW
500000,5000,10,20,20,0,NONE,"12","5",5,0,1,LOW
500000,5000,10,20,20,0,NONE,"12","4",3,0,1,HIGH
500000,5000,10,20,20,0,NONE,"12","5",3,0,1,LOW
109375,1094,20,20,20,109375,EMP1053,"12","1",7,0,1,LOW
500000,5000,10,20,20,0,NONE,"12","5",3,0,1,LOW
97475,975,20,20,20,97475,EMP1053,"12","7",3,0,1,LOW
500000,5000,10,20,20,0,NONE,"12","4",3,0,1,LOW
97475,975,20,20,20,97475,EMP1053,"12","1",7,0,1,LOW
1500000,15000,10,20,20,0,NONE,"12","5",5,0,1,LOW
73762,738,20,20,20,73762,EMP1053,"12","7",3,0,1,LOW
14375,14375,20,10,10,14375,EMP1053,"12","7",4,0,1,LOW
12811,12811,20,10,10,12811,EMP1053,"12","1",4,0,1,LOW
12811,12811,20,10,10,12811,EMP1053,"12","2",6,0,1,HIGH
9694,9694,20,10,10,9694,EMP1053,"12","7",4,0,1,LOW
13500,13500,20,10,10,13500,EMP1053,"12","7",4,0,1,LOW
12031,12031,20,10,10,12031,EMP1053,"12","1",4,0,1,LOW
12031,12031,20,10,10,12031,EMP1053,"12","1",4,0,1,LOW
9104,9104,20,10,10,9104,EMP1053,"12","2",8,0,1,LOW
1250,1250,30,10,10,1250,EMP1053,"12","1",4,0,1,LOW
1114,1114,30,10,10,1114,EMP1053,"12","7",2,0,1,LOW
1114,1114,30,10,10,1114,EMP1053,"12","7",2,0,1,LOW
843,843,30,10,10,843,EMP1053,"12","7",2,0,1,LOW
300000,3000,10,20,20,0,NONE,"12","7",3,0,1,LOW
250000,2500,10,20,20,0,NONE,"12","7",3,0,1,LOW
250000,2500,10,20,20,0,NONE,"12","7",3,0,1,LOW
300000,3000,10,20,20,0,NONE,"12","7",3,0,1,LOW
300000,3000,10,20,20,0,NONE,"12","2",3,0,1,LOW
250000,2500,10,20,20,0,NONE,"12","2",3,0,1,LOW
250000,2500,10,20,20,0,NONE,"12","2",5,0,1,HIGH
300000,3000,10,20,20,0,NONE,"12","2",5,0,1,LOW
54012,54012,20,10,10,54012,EMP1051,"12","3",4,0,1,LOW
500000,5000,10,20,20,0,NONE,"12","3",5,0,1,LOW
73762,738,20,20,20,73762,EMP1056,"12","5",3,0,1,LOW
14375,14375,20,10,10,14375,EMP1056,"12","5",4,0,1,LOW
12811,12811,20,10,10,12811,EMP1056,"12","5",4,0,1,LOW
12811,12811,20,10,10,12811,EMP1056,"12","6",4,0,1,LOW
9694,9694,20,10,10,9694,EMP1056,"12","5",4,0,1,LOW
13500,13500,20,10,10,13500,EMP1056,"12","5",4,0,1,LOW
12031,12031,20,10,10,12031,EMP1056,"12","5",4,0,1,MEDIUM
12031,12031,20,10,10,12031,EMP1056,"12","7",6,0,1,LOW
9104,9104,20,10,10,9104,EMP1056,"12","1",8,0,1,HIGH
1250,1250,30,10,10,1250,EMP1056,"12","1",6,0,1,LOW
1114,1114,30,10,10,1114,EMP1056,"12","5",4,0,1,LOW
1114,1114,30,10,10,1114,EMP1056,"12","5",2,0,1,LOW
843,843,30,10,10,843,EMP1056,"12","5",2,0,1,LOW
300000,3000,10,20,20,0,NONE,"12","5",3,0,1,LOW
250000,2500,10,20,20,0,NONE,"12","5",3,0,1,LOW
250000,2500,10,20,20,0,NONE,"12","5",3,0,1,LOW
300000,3000,10,20,20,0,NONE,"12","5",5,0,1,LOW
1000000,10000,10,20,20,0,NONE,"12","4",3,0,1,LOW
1500000,15000,10,20,20,0,NONE,"12","3",7,0,1,HIGH
1500000,15000,10,20,20,0,NONE,"12","4",5,0,1,LOW
54012,54012,20,10,10,54012,EMP1052,"12","7",8,0,1,LOW
109375,1094,20,20,20,109375,EMP1052,"12","6",3,0,1,LOW
500000,5000,10,20,20,0,NONE,"12","4",3,0,1,LOW
97475,975,20,20,20,97475,EMP1052,"12","6",3,0,1,LOW
500000,5000,10,20,20,0,NONE,"12","4",3,0,1,LOW
500000,5000,10,20,20,0,NONE,"12","4",3,0,1,LOW
1500000,15000,10,20,20,0,NONE,"12","4",3,0,1,LOW
97475,975,20,20,20,97475,EMP1052,"12","6",3,0,1,LOW
73762,738,20,20,20,73762,EMP1052,"12","6",3,0,1,LOW
14375,14375,20,10,10,14375,EMP1052,"12","7",6,0,1,LOW
12811,12811,20,10,10,12811,EMP1052,"12","7",4,0,1,LOW
12811,12811,20,10,10,12811,EMP1052,"12","6",4,0,1,LOW
9694,9694,20,10,10,9694,EMP1052,"12","6",4,0,1,MEDIUM
13500,13500,20,10,10,13500,EMP1052,"12","7",6,0,1,LOW
12031,12031,20,10,10,12031,EMP1052,"12","7",4,0,1,LOW
12031,12031,20,10,10,12031,EMP1052,"12","6",4,0,1,LOW
1047,1047,30,10,10,1047,EMP1048,"12","3",2,0,1,LOW
1114,1114,30,10,10,1114,EMP1048,"12","3",2,0,1,LOW
1023,1023,30,10,10,1023,EMP1048,"12","2",2,0,1,LOW
300000,3000,10,20,20,0,NONE,"12","3",7,0,1,LOW
250000,2500,10,20,20,0,NONE,"12","3",3,0,1,LOW
250000,2500,10,20,20,0,NONE,"12","3",3,0,1,LOW
300000,3000,10,20,20,0,NONE,"12","3",5,0,1,LOW
49075,49075,20,10,10,49075,EMP1047,"12","6",6,0,1,LOW
64925,649,20,20,20,64925,EMP1047,"12","4",3,0,1,LOW
1500000,15000,10,20,20,0,NONE,"12","2",5,0,1,HIGH
1500000,15000,10,20,20,0,NONE,"12","1",5,0,1,LOW
91615,916,20,20,20,91615,EMP1047,"12","4",3,0,1,LOW
97475,975,20,20,20,97475,EMP1047,"12","4",3,0,1,MEDIUM
500000,5000,10,20,20,0,NONE,"12","2",3,0,1,LOW
500000,5000,10,20,20,0,NONE,"12","2",3,0,1,LOW
89515,895,20,20,20,89515,EMP1047,"12","4",3,0,1,LOW
8533,8533,20,10,10,8533,EMP1047,"12","4",4,0,1,LOW
12043,12043,20,10,10,12043,EMP1047,"12","5",8,0,1,LOW
12811,12811,20,10,10,12811,EMP1047,"12","4",4,0,1,LOW
11767,11767,20,10,10,11767,EMP1047,"12","5",6,0,1,LOW
8017,8017,20,10,10,8017,EMP1047,"12","5",6,0,1,LOW
11311,11311,20,10,10,11311,EMP1047,"12","4",4,0,1,LOW
12033,12033,20,10,10,12033,EMP1047,"12","4",4,0,1,LOW
11051,11051,20,10,10,11051,EMP1047,"12","5",4,0,1,LOW
742,742,30,10,10,742,EMP1047,"12","4",2,0,1,LOW
1047,1047,30,10,10,1047,EMP1047,"12","4",2,0,1,LOW
1114,1114,30,10,10,1114,EMP1047,"12","5",4,0,1,LOW
1023,1023,30,10,10,1023,EMP1047,"12","3",2,0,1,LOW
500000,5000,10,20,20,0,NONE,"12","4",3,0,1,LOW
54012,54012,20,10,10,54012,EMP1056,"12","5",4,0,1,LOW
109375,1094,20,20,20,109375,EMP1056,"12","5",3,0,1,LOW
500000,5000,10,20,20,0,NONE,"12","3",3,0,1,LOW
500000,5000,10,20,20,0,NONE,"12","2",3,0,1,LOW
500000,5000,10,20,20,0,NONE,"12","3",3,0,1,LOW
97475,975,20,20,20,97475,EMP1056,"12","5",3,0,1,LOW
1500000,15000,10,20,20,0,NONE,"12","3",3,0,1,LOW
97475,975,20,20,20,97475,EMP1056,"12","5",3,0,1,LOW
500000,5000,10,20,20,0,NONE,"12","3",7,0,1,LOW
12040,12040,20,10,10,12040,EMP1051,"11","7",3,0,0,LOW
12811,12811,20,10,10,12811,EMP1051,"11","7",3,0,0,MEDIUM
11764,11764,20,10,10,11764,EMP1051,"11","7",3,0,0,LOW
8013,8013,20,10,10,8013,EMP1051,"12","1",3,0,1,LOW
11307,11307,20,10,10,11307,EMP1051,"12","1",3,0,1,LOW
12031,12031,20,10,10,12031,EMP1051,"11","7",3,0,0,LOW
11048,11048,20,10,10,11048,EMP1051,"11","7",3,0,0,LOW
742,742,30,10,10,742,EMP1051,"12","1",1,0,1,LOW
1047,1047,30,10,10,1047,EMP1051,"12","1",1,0,1,LOW
1114,1114,30,10,10,1114,EMP1051,"12","1",1,0,1,LOW
1023,1023,30,10,10,1023,EMP1051,"12","1",1,0,1,LOW
300000,3000,10,20,20,0,NONE,"12","1",5,0,1,LOW
250000,2500,10,20,20,0,NONE,"12","1",3,0,1,HIGH
250000,2500,10,20,20,0,NONE,"12","1",3,0,1,LOW
300000,3000,10,20,20,0,NONE,"12","1",5,0,1,LOW
1500000,15000,10,20,20,0,NONE,"12","1",3,0,1,HIGH
1500000,15000,10,20,20,0,NONE,"12","1",5,0,1,HIGH
1500000,15000,10,20,20,0,NONE,"12","1",3,0,1,LOW
49075,49075,20,10,10,49075,EMP1048,"12","3",4,0,1,LOW
1500000,15000,10,20,20,0,NONE,"12","1",2,0,1,LOW
64925,649,20,20,20,64925,EMP1048,"12","4",5,0,1,LOW
500000,5000,10,20,20,0,NONE,"12","1",2,0,1,LOW
91612,916,20,20,20,91612,EMP1048,"12","5",5,0,1,LOW
500000,5000,10,20,20,0,NONE,"12","1",3,0,1,LOW
97475,975,20,20,20,97475,EMP1048,"12","3",3,0,1,MEDIUM
500000,5000,10,20,20,0,NONE,"12","1",5,0,1,LOW
89512,895,20,20,20,89512,EMP1048,"12","4",5,0,1,LOW
8533,8533,20,10,10,8533,EMP1048,"12","3",4,0,1,LOW
12040,12040,20,10,10,12040,EMP1048,"12","3",4,0,1,LOW
12811,12811,20,10,10,12811,EMP1048,"12","3",4,0,1,LOW
11764,11764,20,10,10,11764,EMP1048,"12","4",8,0,1,HIGH
8013,8013,20,10,10,8013,EMP1048,"12","3",4,0,1,LOW
11307,11307,20,10,10,11307,EMP1048,"12","4",4,0,1,LOW
12031,12031,20,10,10,12031,EMP1048,"12","6",6,0,1,LOW
11048,11048,20,10,10,11048,EMP1048,"12","4",4,0,1,LOW
742,742,30,10,10,742,EMP1048,"12","3",2,0,1,LOW
1047,1047,30,10,10,1047,EMP1043,"11","5",1,0,0,LOW
1114,1114,30,10,10,1114,EMP1043,"11","6",1,0,0,LOW
1023,1023,30,10,10,1023,EMP1043,"11","5",1,0,0,LOW
300000,3000,10,20,20,0,NONE,"11","6",2,0,0,LOW
250000,2500,10,20,20,0,NONE,"11","6",2,0,0,LOW
250000,2500,10,20,20,0,NONE,"11","6",2,0,0,LOW
300000,3000,10,20,20,0,NONE,"11","6",2,0,0,LOW
49075,49075,20,10,10,49075,EMP1041,"11","6",3,0,0,LOW
1000000,10000,10,20,20,0,NONE,"11","5",2,0,0,LOW
64925,649,20,20,20,64925,EMP1041,"11","6",2,0,0,LOW
91612,916,20,20,20,91612,EMP1041,"11","6",2,0,0,LOW
500000,5000,10,20,20,0,NONE,"11","5",2,0,0,LOW
97475,975,20,20,20,97475,EMP1041,"11","6",2,0,0,LOW
500000,5000,10,20,20,0,NONE,"11","5",2,0,0,LOW
89512,895,20,20,20,89512,EMP1041,"11","6",2,0,0,LOW
8533,8533,20,10,10,8533,EMP1041,"11","6",3,0,0,LOW
12040,12040,20,10,10,12040,EMP1041,"11","6",3,0,0,LOW
12811,12811,20,10,10,12811,EMP1041,"11","6",3,0,0,LOW
11764,11764,20,10,10,11764,EMP1041,"11","6",3,0,0,LOW
8013,8013,20,10,10,8013,EMP1041,"11","6",3,0,0,MEDIUM
11307,11307,20,10,10,11307,EMP1041,"11","6",3,0,0,LOW
12031,12031,20,10,10,12031,EMP1041,"11","6",3,0,0,LOW
11048,11048,20,10,10,11048,EMP1041,"11","6",3,0,0,MEDIUM
742,742,30,10,10,742,EMP1041,"11","6",1,0,0,LOW
1047,1047,30,10,10,1047,EMP1041,"11","6",1,0,0,LOW
1114,1114,30,10,10,1114,EMP1041,"11","7",1,0,0,LOW
1023,1023,30,10,10,1023,EMP1041,"11","7",1,0,0,LOW
1500000,15000,10,20,20,0,NONE,"11","6",2,0,0,LOW
49075,49075,20,10,10,49075,EMP1051,"11","7",3,0,0,LOW
500000,5000,10,20,20,0,NONE,"11","6",4,0,0,LOW
64925,649,20,20,20,64925,EMP1051,"11","7",2,0,0,LOW
500000,5000,10,20,20,0,NONE,"11","6",4,0,0,LOW
91612,916,20,20,20,91612,EMP1051,"11","7",2,0,0,LOW
500000,5000,10,20,20,0,NONE,"11","6",2,0,0,LOW
97475,975,20,20,20,97475,EMP1051,"11","7",2,0,0,LOW
500000,5000,10,20,20,0,NONE,"11","6",4,0,0,LOW
89512,895,20,20,20,89512,EMP1051,"11","7",2,0,0,LOW
8533,8533,20,10,10,8533,EMP1051,"11","7",3,0,0,LOW
64925,649,20,20,20,64925,EMP1001,"11","4",2,0,0,LOW
500000,5000,10,20,20,0,NONE,"11","2",2,0,0,LOW
91612,916,20,20,20,91612,EMP1001,"11","4",2,0,0,LOW
500000,5000,10,20,20,0,NONE,"11","3",2,0,0,LOW
500000,5000,10,20,20,0,NONE,"11","3",2,0,0,LOW
97475,975,20,20,20,97475,EMP1001,"11","4",2,0,0,LOW
89512,895,20,20,20,89512,EMP1001,"11","4",2,0,0,LOW
8533,8533,20,10,10,8533,EMP1001,"11","4",3,0,0,LOW
12040,12040,20,10,10,12040,EMP1001,"11","5",3,0,0,LOW
12811,12811,20,10,10,12811,EMP1001,"11","4",3,0,0,LOW
11764,11764,20,10,10,11764,EMP1001,"11","4",3,0,0,LOW
8013,8013,20,10,10,8013,EMP1001,"11","4",3,0,0,LOW
11307,11307,20,10,10,11307,EMP1001,"11","4",3,0,0,LOW
12031,12031,20,10,10,12031,EMP1001,"11","4",3,0,0,LOW
11048,11048,20,10,10,11048,EMP1001,"11","4",3,0,0,LOW
742,742,30,10,10,742,EMP1001,"11","5",1,0,0,LOW
1047,1047,30,10,10,1047,EMP1001,"11","5",1,0,0,LOW
1114,1114,30,10,10,1114,EMP1001,"11","5",1,0,0,LOW
1023,1023,30,10,10,1023,EMP1001,"11","5",1,0,0,LOW
49075,49075,20,10,10,49075,EMP1043,"11","5",3,0,0,LOW
64925,649,20,20,20,64925,EMP1043,"11","5",2,0,0,LOW
500000,5000,10,20,20,0,NONE,"11","4",2,0,0,LOW
500000,5000,10,20,20,0,NONE,"11","3",2,0,0,LOW
91612,916,20,20,20,91612,EMP1043,"11","5",2,0,0,LOW
97475,975,20,20,20,97475,EMP1043,"11","5",2,0,0,LOW
500000,5000,10,20,20,0,NONE,"11","4",2,0,0,LOW
500000,5000,10,20,20,0,NONE,"11","4",2,0,0,LOW
1500000,15000,10,20,20,0,NONE,"11","3",2,0,0,LOW
89512,895,20,20,20,89512,EMP1043,"11","5",2,0,0,LOW
8533,8533,20,10,10,8533,EMP1043,"11","5",3,0,0,LOW
12040,12040,20,10,10,12040,EMP1043,"11","5",3,0,0,LOW
12811,12811,20,10,10,12811,EMP1043,"11","5",3,0,0,LOW
11764,11764,20,10,10,11764,EMP1043,"11","6",3,0,0,LOW
8013,8013,20,10,10,8013,EMP1043,"11","6",3,0,0,LOW
11307,11307,20,10,10,11307,EMP1043,"11","6",3,0,0,LOW
12031,12031,20,10,10,12031,EMP1043,"11","6",5,0,0,LOW
11048,11048,20,10,10,11048,EMP1043,"11","5",3,0,0,MEDIUM
742,742,30,10,10,742,EMP1043,"11","5",1,0,0,LOW
10292,10292,20,10,10,10292,EMP1044,"11","2",3,0,0,LOW
13262,13262,20,10,10,13262,EMP1044,"11","2",3,0,0,LOW
8359,8359,20,10,10,8359,EMP1044,"11","2",3,0,0,LOW
1033,1033,30,10,10,1033,EMP1044,"11","3",1,0,0,LOW
953,953,30,10,10,953,EMP1044,"11","2",1,0,0,LOW
1228,1228,30,10,10,1228,EMP1044,"11","3",1,0,0,LOW
774,774,30,10,10,774,EMP1044,"11","3",1,0,0,LOW
49850,49850,20,10,10,49850,EMP1002,"11","4",5,0,0,LOW
500000,5000,10,20,20,0,NONE,"11","2",2,0,0,LOW
500000,5000,10,20,20,0,NONE,"11","2",2,0,0,LOW
90390,904,20,20,20,90390,EMP1002,"11","3",2,0,0,LOW
1500000,15000,10,20,20,0,NONE,"11","2",2,0,0,LOW
83390,834,20,20,20,83390,EMP1002,"11","3",2,0,0,LOW
500000,5000,10,20,20,0,NONE,"11","2",2,0,0,LOW
500000,5000,10,20,20,0,NONE,"11","2",2,0,0,LOW
107450,1075,20,20,20,107450,EMP1002,"11","3",2,0,0,LOW
67725,677,20,20,20,67725,EMP1002,"11","4",4,0,0,LOW
11882,11882,20,10,10,11882,EMP1002,"11","3",3,0,0,LOW
10962,10962,20,10,10,10962,EMP1002,"11","3",3,0,0,LOW
14122,14122,20,10,10,14122,EMP1002,"11","4",3,0,0,HIGH
8901,8901,20,10,10,8901,EMP1002,"11","3",3,0,0,LOW
11158,11158,20,10,10,11158,EMP1002,"11","4",3,0,0,LOW
10294,10294,20,10,10,10294,EMP1002,"11","4",3,0,0,MEDIUM
13264,13264,20,10,10,13264,EMP1002,"11","3",3,0,0,LOW
8360,8360,20,10,10,8360,EMP1002,"11","3",3,0,0,LOW
1033,1033,30,10,10,1033,EMP1002,"11","4",1,0,0,LOW
953,953,30,10,10,953,EMP1002,"11","4",1,0,0,LOW
1228,1228,30,10,10,1228,EMP1002,"11","4",1,0,0,LOW
774,774,30,10,10,774,EMP1002,"11","3",1,0,0,LOW
300000,3000,10,20,20,0,NONE,"11","4",2,0,0,LOW
250000,2500,10,20,20,0,NONE,"11","4",4,0,0,HIGH
250000,2500,10,20,20,0,NONE,"11","4",4,0,0,LOW
300000,3000,10,20,20,0,NONE,"11","4",2,0,0,LOW
500000,5000,10,20,20,0,NONE,"11","4",2,0,0,LOW
1500000,15000,10,20,20,0,NONE,"11","4",4,0,0,LOW
1500000,15000,10,20,20,0,NONE,"11","4",2,0,0,LOW
49075,49075,20,10,10,49075,EMP1001,"11","5",5,0,0,LOW
83387,834,20,20,20,83387,EMP1043,"11","6",2,0,0,LOW
500000,5000,10,20,20,0,NONE,"11","4",2,0,0,LOW
107450,1075,20,20,20,107450,EMP1043,"11","6",2,0,0,LOW
67725,677,20,20,20,67725,EMP1043,"11","6",2,0,0,LOW
11879,11879,20,10,10,11879,EMP1043,"11","6",3,0,0,LOW
10959,10959,20,10,10,10959,EMP1043,"11","6",3,0,0,LOW
14122,14122,20,10,10,14122,EMP1043,"11","6",3,0,0,LOW
8901,8901,20,10,10,8901,EMP1043,"11","6",3,0,0,LOW
11156,11156,20,10,10,11156,EMP1043,"11","6",3,0,0,LOW
10292,10292,20,10,10,10292,EMP1043,"11","6",3,0,0,LOW
13262,13262,20,10,10,13262,EMP1043,"11","6",3,0,0,LOW
8359,8359,20,10,10,8359,EMP1043,"11","7",3,0,0,LOW
1033,1033,30,10,10,1033,EMP1043,"11","7",1,0,0,LOW
953,953,30,10,10,953,EMP1043,"11","7",1,0,0,LOW
1228,1228,30,10,10,1228,EMP1043,"11","7",1,0,0,LOW
774,774,30,10,10,774,EMP1043,"11","6",1,0,0,LOW
300000,3000,10,20,20,0,NONE,"11","7",2,0,0,LOW
250000,2500,10,20,20,0,NONE,"11","7",2,0,0,LOW
250000,2500,10,20,20,0,NONE,"11","7",2,0,0,LOW
300000,3000,10,20,20,0,NONE,"11","7",4,0,0,HIGH
300000,3000,10,20,20,0,NONE,"11","2",2,0,0,LOW
250000,2500,10,20,20,0,NONE,"11","2",2,0,0,LOW
250000,2500,10,20,20,0,NONE,"11","2",2,0,0,LOW
300000,3000,10,20,20,0,NONE,"11","2",2,0,0,LOW
1500000,15000,10,20,20,0,NONE,"11","1",2,0,0,LOW
49850,49850,20,10,10,49850,EMP1044,"11","2",3,0,0,LOW
1500000,15000,10,20,20,0,NONE,"11","1",2,0,0,LOW
90387,904,20,20,20,90387,EMP1044,"11","2",2,0,0,LOW
500000,5000,10,20,20,0,NONE,"11","1",2,0,0,LOW
83387,834,20,20,20,83387,EMP1044,"11","2",2,0,0,LOW
500000,5000,10,20,20,0,NONE,"11","1",2,0,0,LOW
107450,1075,20,20,20,107450,EMP1044,"11","2",2,0,0,LOW
67725,677,20,20,20,67725,EMP1044,"11","2",2,0,0,LOW
11879,11879,20,10,10,11879,EMP1044,"11","3",3,0,0,LOW
10959,10959,20,10,10,10959,EMP1044,"11","2",3,0,0,LOW
14122,14122,20,10,10,14122,EMP1044,"11","2",3,0,0,LOW
8901,8901,20,10,10,8901,EMP1044,"11","3",3,0,0,LOW
11156,11156,20,10,10,11156,EMP1044,"11","3",3,0,0,LOW
11156,11156,20,10,10,11156,EMP1001,"11","4",3,0,0,LOW
10292,10292,20,10,10,10292,EMP1001,"11","5",3,0,0,LOW
13262,13262,20,10,10,13262,EMP1001,"11","5",3,0,0,LOW
8359,8359,20,10,10,8359,EMP1001,"11","4",3,0,0,LOW
1033,1033,30,10,10,1033,EMP1001,"11","5",1,0,0,LOW
953,953,30,10,10,953,EMP1001,"11","5",1,0,0,LOW
1228,1228,30,10,10,1228,EMP1001,"11","4",1,0,0,LOW
774,774,30,10,10,774,EMP1001,"11","5",1,0,0,LOW
300000,3000,10,20,20,0,NONE,"11","5",2,0,0,LOW
250000,2500,10,20,20,0,NONE,"11","5",2,0,0,LOW
250000,2500,10,20,20,0,NONE,"11","5",2,0,0,LOW
300000,3000,10,20,20,0,NONE,"11","5",2,0,0,LOW
49850,49850,20,10,10,49850,EMP1002,"11","5",3,0,0,MEDIUM
90387,904,20,20,20,90387,EMP1002,"11","5",2,0,0,LOW
500000,5000,10,20,20,0,NONE,"11","4",2,0,0,LOW
83387,834,20,20,20,83387,EMP1002,"11","5",2,0,0,LOW
107450,1075,20,20,20,107450,EMP1002,"11","5",2,0,0,LOW
500000,5000,10,20,20,0,NONE,"11","3",2,0,0,LOW
1500000,15000,10,20,20,0,NONE,"11","4",4,0,0,LOW
67725,677,20,20,20,67725,EMP1002,"11","5",2,0,0,LOW
11879,11879,20,10,10,11879,EMP1002,"11","5",3,0,0,LOW
10959,10959,20,10,10,10959,EMP1002,"11","5",3,0,0,LOW
14122,14122,20,10,10,14122,EMP1002,"11","5",3,0,0,LOW
8901,8901,20,10,10,8901,EMP1002,"11","5",3,0,0,LOW
11156,11156,20,10,10,11156,EMP1002,"11","5",3,0,0,MEDIUM
10292,10292,20,10,10,10292,EMP1002,"11","6",3,0,0,LOW
13262,13262,20,10,10,13262,EMP1002,"11","6",3,0,0,LOW
8359,8359,20,10,10,8359,EMP1002,"11","5",3,0,0,LOW
1033,1033,30,10,10,1033,EMP1002,"11","6",1,0,0,LOW
953,953,30,10,10,953,EMP1002,"11","6",1,0,0,LOW
1228,1228,30,10,10,1228,EMP1002,"11","6",1,0,0,LOW
774,774,30,10,10,774,EMP1002,"11","5",1,0,0,LOW
49850,49850,20,10,10,49850,EMP1043,"11","6",3,0,0,LOW
500000,5000,10,20,20,0,NONE,"11","5",2,0,0,LOW
1000000,10000,10,20,20,0,NONE,"11","4",2,0,0,LOW
90387,904,20,20,20,90387,EMP1043,"11","6",2,0,0,LOW
500000,5000,10,20,20,0,NONE,"11","5",4,0,0,LOW
55465,55465,20,10,10,55465,EMP1049,"11","3",3,0,0,LOW
107715,1077,20,20,20,107715,EMP1049,"11","3",2,0,0,LOW
500000,5000,10,20,20,0,NONE,"11","1",2,0,0,LOW
1500000,15000,10,20,20,0,NONE,"11","2",2,0,0,LOW
109990,1100,20,20,20,109990,EMP1049,"11","3",2,0,0,LOW
500000,5000,10,20,20,0,NONE,"11","2",2,0,0,LOW
107275,1073,20,20,20,107275,EMP1049,"11","3",2,0,0,LOW
500000,5000,10,20,20,0,NONE,"11","2",2,0,0,LOW
63265,633,20,20,20,63265,EMP1049,"11","3",2,0,0,LOW
14159,14159,20,10,10,14159,EMP1049,"11","3",3,0,0,LOW
14458,14458,20,10,10,14458,EMP1049,"11","3",3,0,0,LOW
14099,14099,20,10,10,14099,EMP1049,"11","3",3,0,0,LOW
8317,8317,20,10,10,8317,EMP1049,"11","3",3,0,0,LOW
13298,13298,20,10,10,13298,EMP1049,"11","4",3,0,0,LOW
13578,13578,20,10,10,13578,EMP1049,"11","4",3,0,0,LOW
13244,13244,20,10,10,13244,EMP1049,"11","4",3,0,0,LOW
7810,7810,20,10,10,7810,EMP1049,"11","4",3,0,0,LOW
1231,1231,30,10,10,1231,EMP1049,"11","4",1,0,0,LOW
1257,1257,30,10,10,1257,EMP1049,"11","4",1,0,0,LOW
1226,1226,30,10,10,1226,EMP1049,"11","4",1,0,0,LOW
723,723,30,10,10,723,EMP1049,"11","4",1,0,0,LOW
500000,5000,10,20,20,0,NONE,"11","4",2,0,0,LOW
1500000,15000,10,20,20,0,NONE,"11","3",2,0,0,LOW
49850,49850,20,10,10,49850,EMP1001,"11","4",3,0,0,LOW
500000,5000,10,20,20,0,NONE,"11","3",4,0,0,LOW
90387,904,20,20,20,90387,EMP1001,"11","4",2,0,0,LOW
500000,5000,10,20,20,0,NONE,"11","3",2,0,0,LOW
500000,5000,10,20,20,0,NONE,"11","3",2,0,0,LOW
83387,834,20,20,20,83387,EMP1001,"11","5",4,0,0,LOW
1500000,15000,10,20,20,0,NONE,"11","3",4,0,0,HIGH
1500000,15000,10,20,20,0,NONE,"11","3",2,0,0,LOW
107450,1075,20,20,20,107450,EMP1001,"11","4",2,0,0,LOW
500000,5000,10,20,20,0,NONE,"11","2",2,0,0,LOW
67725,677,20,20,20,67725,EMP1001,"11","4",2,0,0,LOW
11879,11879,20,10,10,11879,EMP1001,"11","4",3,0,0,LOW
10959,10959,20,10,10,10959,EMP1001,"11","4",3,0,0,MEDIUM
14122,14122,20,10,10,14122,EMP1001,"11","4",3,0,0,LOW
8901,8901,20,10,10,8901,EMP1001,"11","4",3,0,0,LOW
8314,8314,20,10,10,8314,EMP1045,"11","6",3,0,0,LOW
13294,13294,20,10,10,13294,EMP1045,"11","6",3,0,0,LOW
13575,13575,20,10,10,13575,EMP1045,"11","6",3,0,0,LOW
13240,13240,20,10,10,13240,EMP1045,"11","6",3,0,0,LOW
7808,7808,20,10,10,7808,EMP1045,"11","7",3,0,0,LOW
1231,1231,30,10,10,1231,EMP1045,"11","7",1,0,0,LOW
1257,1257,30,10,10,1257,EMP1045,"11","6",3,0,0,LOW
1226,1226,30,10,10,1226,EMP1045,"11","7",1,0,0,LOW
723,723,30,10,10,723,EMP1045,"11","7",1,0,0,LOW
300000,3000,10,20,20,0,NONE,"11","1",2,0,0,LOW
250000,2500,10,20,20,0,NONE,"11","1",2,0,0,LOW
250000,2500,10,20,20,0,NONE,"11","1",2,0,0,LOW
300000,3000,10,20,20,0,NONE,"11","1",2,0,0,LOW
55462,55462,20,10,10,55462,EMP1043,"11","2",3,0,0,LOW
107712,1077,20,20,20,107712,EMP1043,"11","2",2,0,0,LOW
1500000,15000,10,20,20,0,NONE,"11","1",2,0,0,LOW
109987,1100,20,20,20,109987,EMP1043,"11","2",2,0,0,LOW
500000,5000,10,20,20,0,NONE,"11","1",2,0,0,LOW
500000,5000,10,20,20,0,NONE,"11","1",2,0,0,LOW
107275,1073,20,20,20,107275,EMP1043,"11","2",2,0,0,LOW
500000,5000,10,20,20,0,NONE,"11","1",2,0,0,LOW
63262,633,20,20,20,63262,EMP1043,"11","2",2,0,0,LOW
14156,14156,20,10,10,14156,EMP1043,"11","2",3,0,0,MEDIUM
14455,14455,20,10,10,14455,EMP1043,"11","3",5,0,0,LOW
14099,14099,20,10,10,14099,EMP1043,"11","2",3,0,0,LOW
8314,8314,20,10,10,8314,EMP1043,"11","4",5,0,0,LOW
13294,13294,20,10,10,13294,EMP1043,"11","3",3,0,0,LOW
13575,13575,20,10,10,13575,EMP1043,"11","2",3,0,0,LOW
13240,13240,20,10,10,13240,EMP1043,"11","2",3,0,0,MEDIUM
7808,7808,20,10,10,7808,EMP1043,"11","3",3,0,0,LOW
1231,1231,30,10,10,1231,EMP1043,"11","2",1,0,0,LOW
1257,1257,30,10,10,1257,EMP1043,"11","2",1,0,0,LOW
1226,1226,30,10,10,1226,EMP1043,"11","2",1,0,0,LOW
723,723,30,10,10,723,EMP1043,"11","2",1,0,0,LOW
300000,3000,10,20,20,0,NONE,"11","3",2,0,0,LOW
250000,2500,10,20,20,0,NONE,"11","3",2,0,0,LOW
250000,2500,10,20,20,0,NONE,"11","3",2,0,0,LOW
300000,3000,10,20,20,0,NONE,"11","3",2,0,0,LOW
107712,1077,20,20,20,107712,EMP1005,"11","5",2,0,0,LOW
500000,5000,10,20,20,0,NONE,"11","4",2,0,0,LOW
500000,5000,10,20,20,0,NONE,"11","4",2,0,0,LOW
500000,5000,10,20,20,0,NONE,"11","3",2,0,0,LOW
109987,1100,20,20,20,109987,EMP1005,"11","5",2,0,0,LOW
500000,5000,10,20,20,0,NONE,"11","4",2,0,0,LOW
107275,1073,20,20,20,107275,EMP1005,"11","5",2,0,0,LOW
63262,633,20,20,20,63262,EMP1005,"11","5",2,0,0,LOW
14156,14156,20,10,10,14156,EMP1005,"11","5",3,0,0,LOW
14455,14455,20,10,10,14455,EMP1005,"11","5",3,0,0,LOW
14099,14099,20,10,10,14099,EMP1005,"11","5",3,0,0,LOW
8314,8314,20,10,10,8314,EMP1005,"11","6",3,0,0,LOW
13294,13294,20,10,10,13294,EMP1005,"11","6",3,0,0,LOW
13575,13575,20,10,10,13575,EMP1005,"11","5",3,0,0,MEDIUM
13240,13240,20,10,10,13240,EMP1005,"11","6",3,0,0,LOW
7808,7808,20,10,10,7808,EMP1005,"11","6",3,0,0,LOW
1231,1231,30,10,10,1231,EMP1005,"11","6",1,0,0,LOW
1257,1257,30,10,10,1257,EMP1005,"11","6",1,0,0,LOW
1226,1226,30,10,10,1226,EMP1005,"11","5",1,0,0,LOW
723,723,30,10,10,723,EMP1005,"11","5",1,0,0,LOW
300000,3000,10,20,20,0,NONE,"11","6",2,0,0,LOW
250000,2500,10,20,20,0,NONE,"11","6",2,0,0,LOW
250000,2500,10,20,20,0,NONE,"11","6",2,0,0,LOW
300000,3000,10,20,20,0,NONE,"11","6",2,0,0,LOW
1500000,15000,10,20,20,0,NONE,"11","5",2,0,0,LOW
55462,55462,20,10,10,55462,EMP1045,"11","6",3,0,0,LOW
500000,5000,10,20,20,0,NONE,"11","5",2,0,0,LOW
107712,1077,20,20,20,107712,EMP1045,"11","6",2,0,0,LOW
1500000,15000,10,20,20,0,NONE,"11","5",2,0,0,LOW
109987,1100,20,20,20,109987,EMP1045,"11","6",2,0,0,LOW
500000,5000,10,20,20,0,NONE,"11","4",2,0,0,LOW
500000,5000,10,20,20,0,NONE,"11","5",2,0,0,LOW
107275,1073,20,20,20,107275,EMP1045,"11","7",4,0,0,LOW
1000000,10000,10,20,20,0,NONE,"11","5",2,0,0,LOW
63262,633,20,20,20,63262,EMP1045,"11","6",2,0,0,LOW
14156,14156,20,10,10,14156,EMP1045,"11","6",3,0,0,LOW
14455,14455,20,10,10,14455,EMP1045,"11","6",3,0,0,LOW
14099,14099,20,10,10,14099,EMP1045,"11","7",3,0,0,LOW
14214,14214,20,10,10,14214,EMP1054,"11","3",3,0,0,LOW
10962,10962,20,10,10,10962,EMP1054,"11","4",3,0,0,LOW
11286,11286,20,10,10,11286,EMP1054,"11","3",3,0,0,LOW
7938,7938,20,10,10,7938,EMP1054,"11","3",3,0,0,LOW
13352,13352,20,10,10,13352,EMP1054,"11","3",3,0,0,LOW
1015,1015,30,10,10,1015,EMP1054,"11","4",1,0,0,LOW
1045,1045,30,10,10,1045,EMP1054,"11","4",1,0,0,LOW
735,735,30,10,10,735,EMP1054,"11","3",1,0,0,LOW
1236,1236,30,10,10,1236,EMP1054,"11","4",1,0,0,LOW
300000,3000,10,20,20,0,NONE,"11","4",2,0,0,LOW
250000,2500,10,20,20,0,NONE,"11","4",2,0,0,LOW
250000,2500,10,20,20,0,NONE,"11","4",2,0,0,LOW
300000,3000,10,20,20,0,NONE,"11","4",2,0,0,LOW
500000,5000,10,20,20,0,NONE,"11","4",2,0,0,LOW
1500000,15000,10,20,20,0,NONE,"11","3",2,0,0,LOW
55462,55462,20,10,10,55462,EMP1047,"11","4",3,0,0,LOW
1500000,15000,10,20,20,0,NONE,"11","3",2,0,0,LOW
107712,1077,20,20,20,107712,EMP1047,"11","4",2,0,0,LOW
500000,5000,10,20,20,0,NONE,"11","3",2,0,0,LOW
109987,1100,20,20,20,109987,EMP1047,"11","4",2,0,0,LOW
107275,1073,20,20,20,107275,EMP1047,"11","4",2,0,0,LOW
63262,633,20,20,20,63262,EMP1047,"11","4",2,0,0,LOW
14156,14156,20,10,10,14156,EMP1047,"11","4",3,0,0,LOW
14455,14455,20,10,10,14455,EMP1047,"11","4",3,0,0,LOW
14099,14099,20,10,10,14099,EMP1047,"11","4",3,0,0,LOW
8314,8314,20,10,10,8314,EMP1047,"11","4",3,0,0,LOW
13294,13294,20,10,10,13294,EMP1047,"11","4",3,0,0,LOW
13575,13575,20,10,10,13575,EMP1047,"11","4",3,0,0,LOW
13240,13240,20,10,10,13240,EMP1047,"11","4",3,0,0,LOW
7808,7808,20,10,10,7808,EMP1047,"11","5",3,0,0,MEDIUM
1231,1231,30,10,10,1231,EMP1047,"11","5",1,0,0,LOW
1257,1257,30,10,10,1257,EMP1047,"11","5",1,0,0,LOW
1226,1226,30,10,10,1226,EMP1047,"11","5",1,0,0,LOW
723,723,30,10,10,723,EMP1047,"11","5",1,0,0,LOW
55462,55462,20,10,10,55462,EMP1005,"11","5",3,0,0,LOW
500000,5000,10,20,20,0,NONE,"11","4",2,0,0,LOW
500000,5000,10,20,20,0,NONE,"11","4",2,0,0,LOW
1500000,15000,10,20,20,0,NONE,"11","3",2,0,0,LOW
250000,2500,10,20,20,0,NONE,"11","7",2,0,0,LOW
300000,3000,10,20,20,0,NONE,"11","7",2,0,0,LOW
300000,3000,10,20,20,0,NONE,"11","2",2,0,0,LOW
250000,2500,10,20,20,0,NONE,"11","2",2,0,0,LOW
250000,2500,10,20,20,0,NONE,"11","2",2,0,0,LOW
300000,3000,10,20,20,0,NONE,"11","2",2,0,0,LOW
50387,50387,20,10,10,50387,EMP1007,"11","2",3,0,0,LOW
1000000,10000,10,20,20,0,NONE,"11","1",2,0,0,LOW
88812,888,20,20,20,88812,EMP1007,"11","3",4,0,0,LOW
91437,914,20,20,20,91437,EMP1007,"11","2",2,0,0,LOW
64312,643,20,20,20,64312,EMP1007,"11","2",2,0,0,LOW
108150,1082,20,20,20,108150,EMP1007,"11","3",4,0,0,LOW
11672,11672,20,10,10,11672,EMP1007,"11","3",5,0,0,LOW
12017,12017,20,10,10,12017,EMP1007,"11","2",3,0,0,LOW
8452,8452,20,10,10,8452,EMP1007,"11","4",5,0,0,LOW
14214,14214,20,10,10,14214,EMP1007,"11","2",3,0,0,LOW
10962,10962,20,10,10,10962,EMP1007,"11","3",3,0,0,LOW
11286,11286,20,10,10,11286,EMP1007,"11","2",3,0,0,LOW
7938,7938,20,10,10,7938,EMP1007,"11","3",3,0,0,LOW
13348,13348,20,10,10,13348,EMP1007,"11","2",3,0,0,LOW
1015,1015,30,10,10,1015,EMP1007,"11","3",1,0,0,LOW
1045,1045,30,10,10,1045,EMP1007,"11","3",1,0,0,LOW
735,735,30,10,10,735,EMP1007,"11","2",1,0,0,LOW
1236,1236,30,10,10,1236,EMP1007,"11","3",1,0,0,LOW
1500000,15000,10,20,20,0,NONE,"11","2",2,0,0,LOW
50390,50390,20,10,10,50390,EMP1054,"11","3",3,0,0,LOW
500000,5000,10,20,20,0,NONE,"11","1",2,0,0,LOW
500000,5000,10,20,20,0,NONE,"11","2",2,0,0,LOW
88815,888,20,20,20,88815,EMP1054,"11","3",2,0,0,LOW
91440,914,20,20,20,91440,EMP1054,"11","3",2,0,0,LOW
500000,5000,10,20,20,0,NONE,"11","2",2,0,0,LOW
64315,643,20,20,20,64315,EMP1054,"11","3",2,0,0,LOW
500000,5000,10,20,20,0,NONE,"11","2",4,0,0,LOW
500000,5000,10,20,20,0,NONE,"11","2",2,0,0,LOW
108150,1082,20,20,20,108150,EMP1054,"11","3",2,0,0,LOW
11675,11675,20,10,10,11675,EMP1054,"11","3",3,0,0,LOW
12020,12020,20,10,10,12020,EMP1054,"11","4",3,0,0,LOW
8455,8455,20,10,10,8455,EMP1054,"11","3",3,0,0,LOW
108150,1082,20,20,20,108150,EMP1006,"11","5",2,0,0,LOW
11672,11672,20,10,10,11672,EMP1006,"11","5",3,0,0,LOW
12017,12017,20,10,10,12017,EMP1006,"11","5",3,0,0,LOW
8452,8452,20,10,10,8452,EMP1006,"11","5",3,0,0,LOW
14214,14214,20,10,10,14214,EMP1006,"11","6",3,0,0,LOW
10962,10962,20,10,10,10962,EMP1006,"11","6",3,0,0,LOW
11286,11286,20,10,10,11286,EMP1006,"11","5",3,0,0,LOW
7938,7938,20,10,10,7938,EMP1006,"11","5",3,0,0,LOW
13348,13348,20,10,10,13348,EMP1006,"11","5",3,0,0,HIGH
1015,1015,30,10,10,1015,EMP1006,"11","6",1,0,0,LOW
1045,1045,30,10,10,1045,EMP1006,"11","6",1,0,0,LOW
735,735,30,10,10,735,EMP1006,"11","6",1,0,0,LOW
1236,1236,30,10,10,1236,EMP1006,"11","5",1,0,0,LOW
1500000,15000,10,20,20,0,NONE,"11","5",2,0,0,LOW
50387,50387,20,10,10,50387,EMP1051,"11","6",3,0,0,LOW
500000,5000,10,20,20,0,NONE,"11","5",2,0,0,LOW
500000,5000,10,20,20,0,NONE,"11","5",2,0,0,LOW
88812,888,20,20,20,88812,EMP1051,"11","6",2,0,0,LOW
500000,5000,10,20,20,0,NONE,"11","5",2,0,0,LOW
91437,914,20,20,20,91437,EMP1051,"11","6",2,0,0,LOW
64312,643,20,20,20,64312,EMP1051,"11","6",2,0,0,LOW
500000,5000,10,20,20,0,NONE,"11","5",2,0,0,LOW
1500000,15000,10,20,20,0,NONE,"11","5",2,0,0,LOW
108150,1082,20,20,20,108150,EMP1051,"11","6",2,0,0,LOW
11672,11672,20,10,10,11672,EMP1051,"11","6",3,0,0,LOW
12017,12017,20,10,10,12017,EMP1051,"11","6",3,0,0,LOW
8452,8452,20,10,10,8452,EMP1051,"11","7",3,0,0,LOW
14214,14214,20,10,10,14214,EMP1051,"11","6",3,0,0,LOW
10962,10962,20,10,10,10962,EMP1051,"11","7",3,0,0,LOW
11286,11286,20,10,10,11286,EMP1051,"11","7",3,0,0,LOW
7938,7938,20,10,10,7938,EMP1051,"11","7",3,0,0,LOW
13348,13348,20,10,10,13348,EMP1051,"11","6",3,0,0,LOW
1015,1015,30,10,10,1015,EMP1051,"11","7",1,0,0,LOW
1045,1045,30,10,10,1045,EMP1051,"11","6",1,0,0,LOW
735,735,30,10,10,735,EMP1051,"11","7",1,0,0,LOW
1236,1236,30,10,10,1236,EMP1051,"11","7",1,0,0,LOW
300000,3000,10,20,20,0,NONE,"11","7",2,0,0,LOW
250000,2500,10,20,20,0,NONE,"11","7",2,0,0,LOW
1171,1171,30,10,10,1171,EMP1050,"11","4",1,0,0,LOW
1193,1193,30,10,10,1193,EMP1050,"11","4",1,0,0,LOW
793,793,30,10,10,793,EMP1050,"11","3",1,0,0,LOW
1075,1075,30,10,10,1075,EMP1050,"11","4",1,0,0,LOW
500000,5000,10,20,20,0,NONE,"11","4",2,0,0,LOW
50387,50387,20,10,10,50387,EMP1005,"11","4",3,0,0,LOW
500000,5000,10,20,20,0,NONE,"11","3",4,0,0,LOW
500000,5000,10,20,20,0,NONE,"11","3",2,0,0,LOW
88812,888,20,20,20,88812,EMP1005,"11","4",2,0,0,LOW
1500000,15000,10,20,20,0,NONE,"11","3",2,0,0,LOW
91437,914,20,20,20,91437,EMP1005,"11","4",2,0,0,LOW
500000,5000,10,20,20,0,NONE,"11","3",2,0,0,LOW
64312,643,20,20,20,64312,EMP1005,"11","4",2,0,0,LOW
108150,1082,20,20,20,108150,EMP1005,"11","4",2,0,0,LOW
11672,11672,20,10,10,11672,EMP1005,"11","5",3,0,0,LOW
12017,12017,20,10,10,12017,EMP1005,"11","4",3,0,0,LOW
8452,8452,20,10,10,8452,EMP1005,"11","4",3,0,0,LOW
14214,14214,20,10,10,14214,EMP1005,"11","4",3,0,0,LOW
10962,10962,20,10,10,10962,EMP1005,"11","4",3,0,0,LOW
11286,11286,20,10,10,11286,EMP1005,"11","4",3,0,0,LOW
7938,7938,20,10,10,7938,EMP1005,"11","4",3,0,0,LOW
13348,13348,20,10,10,13348,EMP1005,"11","4",3,0,0,LOW
1015,1015,30,10,10,1015,EMP1005,"11","5",1,0,0,LOW
1045,1045,30,10,10,1045,EMP1005,"11","5",3,0,0,LOW
735,735,30,10,10,735,EMP1005,"11","5",1,0,0,LOW
1236,1236,30,10,10,1236,EMP1005,"11","4",1,0,0,LOW
300000,3000,10,20,20,0,NONE,"11","5",2,0,0,LOW
250000,2500,10,20,20,0,NONE,"11","5",2,0,0,LOW
250000,2500,10,20,20,0,NONE,"11","5",2,0,0,LOW
300000,3000,10,20,20,0,NONE,"11","5",2,0,0,LOW
50387,50387,20,10,10,50387,EMP1006,"11","5",3,0,0,LOW
88812,888,20,20,20,88812,EMP1006,"11","5",2,0,0,LOW
500000,5000,10,20,20,0,NONE,"11","4",2,0,0,LOW
91437,914,20,20,20,91437,EMP1006,"11","5",2,0,0,LOW
500000,5000,10,20,20,0,NONE,"11","4",2,0,0,LOW
64312,643,20,20,20,64312,EMP1006,"11","5",2,0,0,LOW
500000,5000,10,20,20,0,NONE,"11","4",2,0,0,LOW
1500000,15000,10,20,20,0,NONE,"11","3",2,0,0,LOW
69387,694,20,20,20,69387,EMP1050,"11","2",2,0,0,LOW
94062,941,20,20,20,94062,EMP1050,"11","2",2,0,0,LOW
13466,13466,20,10,10,13466,EMP1050,"11","2",3,0,0,LOW
13719,13719,20,10,10,13719,EMP1050,"11","2",3,0,0,LOW
9119,9119,20,10,10,9119,EMP1050,"11","2",3,0,0,LOW
12362,12362,20,10,10,12362,EMP1050,"11","2",3,0,0,LOW
12646,12646,20,10,10,12646,EMP1050,"11","2",3,0,0,LOW
12884,12884,20,10,10,12884,EMP1050,"11","2",3,0,0,LOW
8564,8564,20,10,10,8564,EMP1050,"11","3",3,0,0,LOW
11610,11610,20,10,10,11610,EMP1050,"11","3",5,0,0,LOW
1171,1171,30,10,10,1171,EMP1050,"11","3",1,0,0,LOW
1193,1193,30,10,10,1193,EMP1050,"11","3",1,0,0,LOW
793,793,30,10,10,793,EMP1050,"11","3",1,0,0,LOW
1075,1075,30,10,10,1075,EMP1050,"11","3",1,0,0,LOW
300000,3000,10,20,20,0,NONE,"11","3",2,0,0,LOW
250000,2500,10,20,20,0,NONE,"11","3",2,0,0,LOW
250000,2500,10,20,20,0,NONE,"11","3",2,0,0,LOW
300000,3000,10,20,20,0,NONE,"11","3",2,0,0,LOW
1500000,15000,10,20,20,0,NONE,"11","1",2,0,0,LOW
52900,52900,20,10,10,52900,EMP1050,"11","3",3,0,0,LOW
500000,5000,10,20,20,0,NONE,"11","2",2,0,0,LOW
1500000,15000,10,20,20,0,NONE,"11","2",2,0,0,LOW
1000000,10000,10,20,20,0,NONE,"11","2",2,0,0,LOW
102465,1025,20,20,20,102465,EMP1050,"11","3",2,0,0,LOW
500000,5000,10,20,20,0,NONE,"11","2",2,0,0,LOW
104390,1044,20,20,20,104390,EMP1050,"11","3",2,0,0,LOW
500000,5000,10,20,20,0,NONE,"11","2",2,0,0,LOW
69390,694,20,20,20,69390,EMP1050,"11","3",2,0,0,LOW
94065,941,20,20,20,94065,EMP1050,"11","3",2,0,0,LOW
13469,13469,20,10,10,13469,EMP1050,"11","3",3,0,0,LOW
13722,13722,20,10,10,13722,EMP1050,"11","3",3,0,0,LOW
9122,9122,20,10,10,9122,EMP1050,"11","4",3,0,0,LOW
12365,12365,20,10,10,12365,EMP1050,"11","3",3,0,0,HIGH
12650,12650,20,10,10,12650,EMP1050,"11","3",3,0,0,LOW
12886,12886,20,10,10,12886,EMP1050,"11","3",3,0,0,LOW
8566,8566,20,10,10,8566,EMP1050,"11","4",3,0,0,LOW
11610,11610,20,10,10,11610,EMP1050,"11","4",3,0,0,MEDIUM
1193,1193,30,10,10,1193,EMP1046,"10","5",1,0,0,LOW
793,793,30,10,10,793,EMP1046,"10","5",1,0,0,LOW
1075,1075,30,10,10,1075,EMP1046,"11","6",1,0,0,LOW
300000,3000,10,20,20,0,NONE,"11","6",2,0,0,LOW
250000,2500,10,20,20,0,NONE,"11","6",2,0,0,LOW
250000,2500,10,20,20,0,NONE,"11","6",2,0,0,LOW
300000,3000,10,20,20,0,NONE,"11","6",2,0,0,LOW
1500000,15000,10,20,20,0,NONE,"10","5",2,0,0,LOW
52900,52900,20,10,10,52900,EMP1055,"11","6",3,0,0,LOW
102462,1025,20,20,20,102462,EMP1055,"11","6",2,0,0,LOW
104387,1044,20,20,20,104387,EMP1055,"11","6",2,0,0,LOW
500000,5000,10,20,20,0,NONE,"10","5",2,0,0,LOW
500000,5000,10,20,20,0,NONE,"10","5",2,0,0,LOW
69387,694,20,20,20,69387,EMP1055,"11","6",2,0,0,LOW
500000,5000,10,20,20,0,NONE,"10","5",2,0,0,LOW
94062,941,20,20,20,94062,EMP1055,"11","6",2,0,0,LOW
13466,13466,20,10,10,13466,EMP1055,"11","6",3,0,0,LOW
13719,13719,20,10,10,13719,EMP1055,"11","7",3,0,0,LOW
9119,9119,20,10,10,9119,EMP1055,"11","7",3,0,0,LOW
12362,12362,20,10,10,12362,EMP1055,"11","7",3,0,0,LOW
12646,12646,20,10,10,12646,EMP1055,"11","6",3,0,0,LOW
12884,12884,20,10,10,12884,EMP1055,"11","7",3,0,0,LOW
8564,8564,20,10,10,8564,EMP1055,"11","6",3,0,0,LOW
11610,11610,20,10,10,11610,EMP1055,"11","6",3,0,0,LOW
1171,1171,30,10,10,1171,EMP1055,"11","7",1,0,0,LOW
1193,1193,30,10,10,1193,EMP1055,"11","6",1,0,0,LOW
793,793,30,10,10,793,EMP1055,"11","6",1,0,0,LOW
1075,1075,30,10,10,1075,EMP1055,"11","7",1,0,0,LOW
300000,3000,10,20,20,0,NONE,"11","1",2,0,0,LOW
250000,2500,10,20,20,0,NONE,"11","1",2,0,0,LOW
250000,2500,10,20,20,0,NONE,"11","1",2,0,0,LOW
300000,3000,10,20,20,0,NONE,"11","1",2,0,0,LOW
52900,52900,20,10,10,52900,EMP1050,"11","2",3,0,0,LOW
1500000,15000,10,20,20,0,NONE,"11","1",2,0,0,LOW
102462,1025,20,20,20,102462,EMP1050,"11","2",2,0,0,LOW
500000,5000,10,20,20,0,NONE,"11","1",2,0,0,LOW
104387,1044,20,20,20,104387,EMP1050,"11","2",2,0,0,LOW
500000,5000,10,20,20,0,NONE,"11","1",2,0,0,LOW
104387,1044,20,20,20,104387,EMP1051,"10","4",2,0,0,LOW
69387,694,20,20,20,69387,EMP1051,"10","4",2,0,0,LOW
500000,5000,10,20,20,0,NONE,"10","3",2,0,0,LOW
500000,5000,10,20,20,0,NONE,"10","2",2,0,0,LOW
1500000,15000,10,20,20,0,NONE,"10","3",2,0,0,LOW
94062,941,20,20,20,94062,EMP1051,"10","4",2,0,0,LOW
13466,13466,20,10,10,13466,EMP1051,"10","5",3,0,0,LOW
13719,13719,20,10,10,13719,EMP1051,"10","4",3,0,0,LOW
9119,9119,20,10,10,9119,EMP1051,"10","4",3,0,0,LOW
12362,12362,20,10,10,12362,EMP1051,"10","5",3,0,0,LOW
12646,12646,20,10,10,12646,EMP1051,"10","5",3,0,0,LOW
12884,12884,20,10,10,12884,EMP1051,"10","4",3,0,0,LOW
8564,8564,20,10,10,8564,EMP1051,"10","4",3,0,0,LOW
11610,11610,20,10,10,11610,EMP1051,"10","5",5,0,0,LOW
1171,1171,30,10,10,1171,EMP1051,"10","5",1,0,0,LOW
1193,1193,30,10,10,1193,EMP1051,"10","5",1,0,0,LOW
793,793,30,10,10,793,EMP1051,"10","4",1,0,0,LOW
1075,1075,30,10,10,1075,EMP1051,"10","5",1,0,0,LOW
1500000,15000,10,20,20,0,NONE,"10","3",2,0,0,LOW
52900,52900,20,10,10,52900,EMP1046,"10","5",3,0,0,LOW
500000,5000,10,20,20,0,NONE,"10","4",2,0,0,LOW
102462,1025,20,20,20,102462,EMP1046,"10","5",2,0,0,LOW
500000,5000,10,20,20,0,NONE,"10","4",2,0,0,LOW
104387,1044,20,20,20,104387,EMP1046,"10","5",2,0,0,LOW
69387,694,20,20,20,69387,EMP1046,"10","5",2,0,0,LOW
500000,5000,10,20,20,0,NONE,"10","3",2,0,0,LOW
500000,5000,10,20,20,0,NONE,"10","4",4,0,0,LOW
94062,941,20,20,20,94062,EMP1046,"10","5",2,0,0,LOW
13466,13466,20,10,10,13466,EMP1046,"10","5",3,0,0,LOW
13719,13719,20,10,10,13719,EMP1046,"11","6",3,0,0,LOW
9119,9119,20,10,10,9119,EMP1046,"10","5",3,0,0,LOW
12362,12362,20,10,10,12362,EMP1046,"10","5",3,0,0,MEDIUM
12646,12646,20,10,10,12646,EMP1046,"11","6",3,0,0,LOW
12884,12884,20,10,10,12884,EMP1046,"11","6",3,0,0,LOW
8564,8564,20,10,10,8564,EMP1046,"10","5",3,0,0,LOW
11610,11610,20,10,10,11610,EMP1046,"10","5",3,0,0,LOW
1171,1171,30,10,10,1171,EMP1046,"11","6",1,0,0,LOW
12477,12477,20,10,10,12477,EMP1043,"10","2",3,0,0,LOW
14685,14685,20,10,10,14685,EMP1043,"10","2",3,0,0,LOW
8110,8110,20,10,10,8110,EMP1043,"10","2",3,0,0,LOW
8056,8056,20,10,10,8056,EMP1043,"10","3",3,0,0,MEDIUM
11718,11718,20,10,10,11718,EMP1043,"10","3",3,0,0,LOW
13791,13791,20,10,10,13791,EMP1043,"10","2",3,0,0,LOW
751,751,30,10,10,751,EMP1043,"10","3",1,0,0,LOW
746,746,30,10,10,746,EMP1043,"10","2",1,0,0,LOW
1085,1085,30,10,10,1085,EMP1043,"10","2",1,0,0,LOW
1277,1277,30,10,10,1277,EMP1043,"10","3",1,0,0,LOW
48240,48240,20,10,10,48240,EMP1046,"10","3",3,0,0,LOW
65715,657,20,20,20,65715,EMP1046,"10","3",2,0,0,LOW
500000,5000,10,20,20,0,NONE,"10","1",2,0,0,LOW
65275,653,20,20,20,65275,EMP1046,"10","3",2,0,0,LOW
500000,5000,10,20,20,0,NONE,"10","2",2,0,0,LOW
94940,949,20,20,20,94940,EMP1046,"10","3",2,0,0,LOW
500000,5000,10,20,20,0,NONE,"10","2",2,0,0,LOW
1500000,15000,10,20,20,0,NONE,"10","2",2,0,0,LOW
111740,1117,20,20,20,111740,EMP1046,"10","3",2,0,0,LOW
8639,8639,20,10,10,8639,EMP1046,"10","3",3,0,0,LOW
8579,8579,20,10,10,8579,EMP1046,"10","3",3,0,0,LOW
12480,12480,20,10,10,12480,EMP1046,"10","3",3,0,0,LOW
14688,14688,20,10,10,14688,EMP1046,"10","3",3,0,0,LOW
8114,8114,20,10,10,8114,EMP1046,"10","3",3,0,0,LOW
8060,8060,20,10,10,8060,EMP1046,"10","4",3,0,0,LOW
11718,11718,20,10,10,11718,EMP1046,"10","4",5,0,0,LOW
13794,13794,20,10,10,13794,EMP1046,"10","3",3,0,0,LOW
751,751,30,10,10,751,EMP1046,"10","4",1,0,0,LOW
746,746,30,10,10,746,EMP1046,"10","4",1,0,0,LOW
1085,1085,30,10,10,1085,EMP1046,"10","4",1,0,0,LOW
1277,1277,30,10,10,1277,EMP1046,"10","4",1,0,0,LOW
300000,3000,10,20,20,0,NONE,"10","4",2,0,0,LOW
250000,2500,10,20,20,0,NONE,"10","4",2,0,0,LOW
250000,2500,10,20,20,0,NONE,"10","4",2,0,0,LOW
300000,3000,10,20,20,0,NONE,"10","4",2,0,0,LOW
500000,5000,10,20,20,0,NONE,"10","4",2,0,0,LOW
52900,52900,20,10,10,52900,EMP1051,"10","4",3,0,0,LOW
102462,1025,20,20,20,102462,EMP1051,"10","4",2,0,0,LOW
8579,8579,20,10,10,8579,EMP1052,"10","6",3,0,0,LOW
12477,12477,20,10,10,12477,EMP1052,"10","7",3,0,0,LOW
14685,14685,20,10,10,14685,EMP1052,"10","7",3,0,0,LOW
8110,8110,20,10,10,8110,EMP1052,"10","6",3,0,0,LOW
8056,8056,20,10,10,8056,EMP1052,"10","7",3,0,0,LOW
11718,11718,20,10,10,11718,EMP1052,"10","6",3,0,0,LOW
13791,13791,20,10,10,13791,EMP1052,"10","6",3,0,0,LOW
751,751,30,10,10,751,EMP1052,"10","7",1,0,0,LOW
746,746,30,10,10,746,EMP1052,"10","7",1,0,0,LOW
1085,1085,30,10,10,1085,EMP1052,"10","7",1,0,0,LOW
1277,1277,30,10,10,1277,EMP1052,"10","6",1,0,0,LOW
300000,3000,10,20,20,0,NONE,"10","7",2,0,0,LOW
250000,2500,10,20,20,0,NONE,"10","7",2,0,0,LOW
250000,2500,10,20,20,0,NONE,"10","7",2,0,0,LOW
300000,3000,10,20,20,0,NONE,"10","7",2,0,0,LOW
300000,3000,10,20,20,0,NONE,"10","2",2,0,0,LOW
250000,2500,10,20,20,0,NONE,"10","2",2,0,0,LOW
250000,2500,10,20,20,0,NONE,"10","2",2,0,0,LOW
300000,3000,10,20,20,0,NONE,"10","2",2,0,0,LOW
1500000,15000,10,20,20,0,NONE,"10","2",2,0,0,LOW
1500000,15000,10,20,20,0,NONE,"10","2",2,0,0,LOW
1000000,10000,10,20,20,0,NONE,"10","2",2,0,0,LOW
500000,500000,40,10,10,0,NONE,"10","2",3,0,0,LOW
500000,500000,40,10,10,0,NONE,"10","2",3,0,0,LOW
400000,400000,40,10,10,0,NONE,"10","2",3,0,0,LOW
400000,400000,40,10,10,0,NONE,"10","2",3,0,0,LOW
30000,30000,40,10,10,0,NONE,"10","2",5,0,0,LOW
500,500,40,10,10,0,NONE,"10","2",1,0,0,LOW
500000,5000,40,20,20,0,NONE,"10","2",2,0,0,LOW
500000,5000,40,20,20,0,NONE,"10","2",2,0,0,LOW
48237,48237,20,10,10,48237,EMP1043,"10","2",3,0,0,LOW
65712,657,20,20,20,65712,EMP1043,"10","2",2,0,0,LOW
65275,653,20,20,20,65275,EMP1043,"10","2",2,0,0,LOW
500000,5000,10,20,20,0,NONE,"10","7",2,0,0,LOW
94937,949,20,20,20,94937,EMP1043,"10","2",2,0,0,LOW
111737,1117,20,20,20,111737,EMP1043,"10","2",2,0,0,LOW
8636,8636,20,10,10,8636,EMP1043,"10","2",3,0,0,LOW
8579,8579,20,10,10,8579,EMP1043,"10","2",3,0,0,LOW
1277,1277,30,10,10,1277,EMP1052,"10","5",1,0,0,LOW
300000,3000,10,20,20,0,NONE,"10","5",2,0,0,LOW
250000,2500,10,20,20,0,NONE,"10","5",4,0,0,LOW
250000,2500,10,20,20,0,NONE,"10","5",2,0,0,LOW
300000,3000,10,20,20,0,NONE,"10","5",2,0,0,LOW
1000000,10000,10,20,20,0,NONE,"10","3",2,0,0,LOW
1500000,15000,10,20,20,0,NONE,"10","4",2,0,0,LOW
48237,48237,20,10,10,48237,EMP1004,"10","5",3,0,0,LOW
65712,657,20,20,20,65712,EMP1004,"10","5",2,0,0,LOW
65275,653,20,20,20,65275,EMP1004,"10","5",2,0,0,LOW
500000,5000,10,20,20,0,NONE,"10","3",2,0,0,LOW
94937,949,20,20,20,94937,EMP1004,"10","5",2,0,0,LOW
500000,5000,10,20,20,0,NONE,"10","4",2,0,0,LOW
111737,1117,20,20,20,111737,EMP1004,"10","5",2,0,0,LOW
8636,8636,20,10,10,8636,EMP1004,"10","5",3,0,0,LOW
8579,8579,20,10,10,8579,EMP1004,"10","5",3,0,0,LOW
12477,12477,20,10,10,12477,EMP1004,"10","5",3,0,0,LOW
14685,14685,20,10,10,14685,EMP1004,"10","5",3,0,0,LOW
8110,8110,20,10,10,8110,EMP1004,"10","6",3,0,0,LOW
8056,8056,20,10,10,8056,EMP1004,"10","6",3,0,0,LOW
11718,11718,20,10,10,11718,EMP1004,"10","6",3,0,0,LOW
13791,13791,20,10,10,13791,EMP1004,"10","5",3,0,0,LOW
751,751,30,10,10,751,EMP1004,"10","5",1,0,0,LOW
746,746,30,10,10,746,EMP1004,"10","6",1,0,0,LOW
1085,1085,30,10,10,1085,EMP1004,"10","6",1,0,0,LOW
1277,1277,30,10,10,1277,EMP1004,"10","6",1,0,0,LOW
48237,48237,20,10,10,48237,EMP1052,"10","7",5,0,0,LOW
65712,657,20,20,20,65712,EMP1052,"10","6",2,0,0,LOW
500000,5000,10,20,20,0,NONE,"10","5",2,0,0,LOW
1500000,15000,10,20,20,0,NONE,"10","5",2,0,0,LOW
65275,653,20,20,20,65275,EMP1052,"10","6",2,0,0,LOW
500000,5000,10,20,20,0,NONE,"10","5",2,0,0,LOW
500000,5000,10,20,20,0,NONE,"10","5",2,0,0,LOW
94937,949,20,20,20,94937,EMP1052,"10","6",2,0,0,LOW
500000,5000,10,20,20,0,NONE,"10","5",2,0,0,LOW
500000,5000,10,20,20,0,NONE,"10","4",2,0,0,LOW
111737,1117,20,20,20,111737,EMP1052,"10","6",2,0,0,LOW
8636,8636,20,10,10,8636,EMP1052,"10","6",3,0,0,LOW
69825,698,20,20,20,69825,EMP1054,"10","3",2,0,0,LOW
1500000,15000,10,20,20,0,NONE,"10","1",2,0,0,LOW
88815,888,20,20,20,88815,EMP1054,"10","3",2,0,0,LOW
13754,13754,20,10,10,13754,EMP1054,"10","3",3,0,0,MEDIUM
9292,9292,20,10,10,9292,EMP1054,"10","3",3,0,0,LOW
9177,9177,20,10,10,9177,EMP1054,"10","3",3,0,0,LOW
11675,11675,20,10,10,11675,EMP1054,"10","3",3,0,0,LOW
12920,12920,20,10,10,12920,EMP1054,"10","3",3,0,0,LOW
8728,8728,20,10,10,8728,EMP1054,"10","4",3,0,0,HIGH
8620,8620,20,10,10,8620,EMP1054,"10","3",3,0,0,LOW
10962,10962,20,10,10,10962,EMP1054,"10","3",3,0,0,LOW
1196,1196,30,10,10,1196,EMP1054,"10","3",1,0,0,LOW
808,808,30,10,10,808,EMP1054,"10","4",1,0,0,LOW
798,798,30,10,10,798,EMP1054,"10","4",1,0,0,LOW
1015,1015,30,10,10,1015,EMP1054,"10","3",1,0,0,LOW
500000,5000,10,20,20,0,NONE,"10","4",2,0,0,LOW
1500000,15000,10,20,20,0,NONE,"10","3",2,0,0,LOW
48237,48237,20,10,10,48237,EMP1052,"10","4",3,0,0,LOW
500000,5000,10,20,20,0,NONE,"10","3",2,0,0,LOW
65712,657,20,20,20,65712,EMP1052,"10","4",2,0,0,LOW
500000,5000,10,20,20,0,NONE,"10","2",2,0,0,LOW
65275,653,20,20,20,65275,EMP1052,"10","4",2,0,0,LOW
94937,949,20,20,20,94937,EMP1052,"10","4",2,0,0,LOW
500000,5000,10,20,20,0,NONE,"10","3",2,0,0,LOW
500000,5000,10,20,20,0,NONE,"10","2",2,0,0,LOW
111737,1117,20,20,20,111737,EMP1052,"10","4",2,0,0,LOW
8636,8636,20,10,10,8636,EMP1052,"10","4",3,0,0,MEDIUM
8579,8579,20,10,10,8579,EMP1052,"10","4",3,0,0,LOW
12477,12477,20,10,10,12477,EMP1052,"10","4",3,0,0,LOW
14685,14685,20,10,10,14685,EMP1052,"10","4",3,0,0,LOW
8110,8110,20,10,10,8110,EMP1052,"10","5",3,0,0,LOW
8056,8056,20,10,10,8056,EMP1052,"10","4",3,0,0,LOW
11718,11718,20,10,10,11718,EMP1052,"10","4",3,0,0,LOW
13791,13791,20,10,10,13791,EMP1052,"10","6",5,0,0,LOW
751,751,30,10,10,751,EMP1052,"10","5",1,0,0,LOW
746,746,30,10,10,746,EMP1052,"10","5",1,0,0,LOW
1085,1085,30,10,10,1085,EMP1052,"10","5",1,0,0,LOW
10962,10962,20,10,10,10962,EMP1047,"10","6",3,0,0,LOW
1196,1196,30,10,10,1196,EMP1047,"10","7",1,0,0,LOW
808,808,30,10,10,808,EMP1047,"10","7",1,0,0,LOW
798,798,30,10,10,798,EMP1047,"10","7",1,0,0,LOW
1015,1015,30,10,10,1015,EMP1047,"10","6",1,0,0,LOW
300000,3000,10,20,20,0,NONE,"10","1",2,0,0,LOW
250000,2500,10,20,20,0,NONE,"10","1",2,0,0,LOW
250000,2500,10,20,20,0,NONE,"10","1",2,0,0,LOW
300000,3000,10,20,20,0,NONE,"10","1",2,0,0,LOW
47712,47712,20,10,10,47712,EMP1053,"10","2",3,0,0,LOW
104650,1047,20,20,20,104650,EMP1053,"10","2",2,0,0,LOW
70700,707,20,20,20,70700,EMP1053,"10","2",2,0,0,LOW
500000,5000,10,20,20,0,NONE,"10","1",2,0,0,LOW
1500000,15000,10,20,20,0,NONE,"10","1",2,0,0,LOW
69825,698,20,20,20,69825,EMP1053,"10","2",2,0,0,LOW
500000,5000,10,20,20,0,NONE,"10","1",2,0,0,LOW
88812,888,20,20,20,88812,EMP1053,"10","2",2,0,0,LOW
13754,13754,20,10,10,13754,EMP1053,"10","3",3,0,0,LOW
9292,9292,20,10,10,9292,EMP1053,"10","2",3,0,0,MEDIUM
9177,9177,20,10,10,9177,EMP1053,"10","2",3,0,0,LOW
11672,11672,20,10,10,11672,EMP1053,"10","3",5,0,0,LOW
12916,12916,20,10,10,12916,EMP1053,"10","3",3,0,0,LOW
8726,8726,20,10,10,8726,EMP1053,"10","2",3,0,0,LOW
8618,8618,20,10,10,8618,EMP1053,"10","3",3,0,0,LOW
10962,10962,20,10,10,10962,EMP1053,"10","3",3,0,0,LOW
1196,1196,30,10,10,1196,EMP1053,"10","3",1,0,0,LOW
808,808,30,10,10,808,EMP1053,"10","3",1,0,0,LOW
798,798,30,10,10,798,EMP1053,"10","3",1,0,0,LOW
1015,1015,30,10,10,1015,EMP1053,"10","3",1,0,0,LOW
300000,3000,10,20,20,0,NONE,"10","3",2,0,0,LOW
250000,2500,10,20,20,0,NONE,"10","3",2,0,0,LOW
250000,2500,10,20,20,0,NONE,"10","3",2,0,0,LOW
300000,3000,10,20,20,0,NONE,"10","3",2,0,0,LOW
47715,47715,20,10,10,47715,EMP1054,"10","3",3,0,0,LOW
104650,1047,20,20,20,104650,EMP1054,"10","3",2,0,0,LOW
70700,707,20,20,20,70700,EMP1054,"10","3",2,0,0,LOW
500000,5000,10,20,20,0,NONE,"10","2",2,0,0,LOW
500000,5000,10,20,20,0,NONE,"10","1",2,0,0,LOW
70700,707,20,20,20,70700,EMP1044,"10","5",2,0,0,LOW
69825,698,20,20,20,69825,EMP1044,"10","5",2,0,0,LOW
500000,5000,10,20,20,0,NONE,"10","4",2,0,0,LOW
500000,5000,10,20,20,0,NONE,"10","4",2,0,0,LOW
1000000,10000,10,20,20,0,NONE,"10","4",2,0,0,LOW
88812,888,20,20,20,88812,EMP1044,"10","5",2,0,0,LOW
13754,13754,20,10,10,13754,EMP1044,"10","5",3,0,0,LOW
9292,9292,20,10,10,9292,EMP1044,"10","6",3,0,0,LOW
9177,9177,20,10,10,9177,EMP1044,"10","6",3,0,0,LOW
11672,11672,20,10,10,11672,EMP1044,"10","5",3,0,0,LOW
12916,12916,20,10,10,12916,EMP1044,"10","6",5,0,0,LOW
8726,8726,20,10,10,8726,EMP1044,"10","5",3,0,0,LOW
8618,8618,20,10,10,8618,EMP1044,"10","6",3,0,0,LOW
10962,10962,20,10,10,10962,EMP1044,"10","6",3,0,0,LOW
1196,1196,30,10,10,1196,EMP1044,"10","6",1,0,0,LOW
808,808,30,10,10,808,EMP1044,"10","6",1,0,0,LOW
798,798,30,10,10,798,EMP1044,"10","5",1,0,0,LOW
1015,1015,30,10,10,1015,EMP1044,"10","6",1,0,0,LOW
300000,3000,10,20,20,0,NONE,"10","6",2,0,0,LOW
250000,2500,10,20,20,0,NONE,"10","6",2,0,0,LOW
250000,2500,10,20,20,0,NONE,"10","6",2,0,0,LOW
300000,3000,10,20,20,0,NONE,"10","6",2,0,0,LOW
1500000,15000,10,20,20,0,NONE,"10","4",4,0,0,LOW
47712,47712,20,10,10,47712,EMP1047,"10","6",3,0,0,LOW
500000,5000,10,20,20,0,NONE,"10","5",2,0,0,LOW
1500000,15000,10,20,20,0,NONE,"10","5",2,0,0,LOW
104650,1047,20,20,20,104650,EMP1047,"10","6",2,0,0,LOW
70700,707,20,20,20,70700,EMP1047,"10","6",2,0,0,LOW
500000,5000,10,20,20,0,NONE,"10","5",4,0,0,LOW
69825,698,20,20,20,69825,EMP1047,"10","6",2,0,0,LOW
88812,888,20,20,20,88812,EMP1047,"10","6",2,0,0,LOW
13754,13754,20,10,10,13754,EMP1047,"10","6",3,0,0,LOW
9292,9292,20,10,10,9292,EMP1047,"10","7",3,0,0,MEDIUM
9177,9177,20,10,10,9177,EMP1047,"10","6",3,0,0,LOW
11672,11672,20,10,10,11672,EMP1047,"10","6",3,0,0,LOW
12916,12916,20,10,10,12916,EMP1047,"10","6",3,0,0,LOW
8726,8726,20,10,10,8726,EMP1047,"10","6",3,0,0,LOW
8618,8618,20,10,10,8618,EMP1047,"10","7",3,0,0,LOW
13285,13285,20,10,10,13285,EMP1004,"10","3",3,0,0,LOW
13284,13284,20,10,10,13284,EMP1004,"10","4",3,0,0,MEDIUM
13653,13653,20,10,10,13653,EMP1004,"10","3",3,0,0,LOW
12661,12661,20,10,10,12661,EMP1004,"10","3",3,0,0,LOW
12474,12474,20,10,10,12474,EMP1004,"10","3",3,0,0,LOW
1230,1230,30,10,10,1230,EMP1004,"10","4",1,0,0,LOW
1264,1264,30,10,10,1264,EMP1004,"10","4",1,0,0,LOW
1172,1172,30,10,10,1172,EMP1004,"10","4",1,0,0,LOW
1155,1155,30,10,10,1155,EMP1004,"10","4",1,0,0,LOW
300000,3000,10,20,20,0,NONE,"10","4",2,0,0,LOW
250000,2500,10,20,20,0,NONE,"10","4",2,0,0,LOW
250000,2500,10,20,20,0,NONE,"10","4",2,0,0,LOW
300000,3000,10,20,20,0,NONE,"10","4",2,0,0,LOW
500000,5000,10,20,20,0,NONE,"10","4",2,0,0,LOW
47712,47712,20,10,10,47712,EMP1021,"10","4",3,0,0,LOW
104650,1047,20,20,20,104650,EMP1021,"10","4",2,0,0,LOW
70700,707,20,20,20,70700,EMP1021,"10","4",2,0,0,LOW
500000,5000,10,20,20,0,NONE,"10","3",2,0,0,LOW
69825,698,20,20,20,69825,EMP1021,"10","4",2,0,0,LOW
88812,888,20,20,20,88812,EMP1021,"10","4",2,0,0,LOW
13754,13754,20,10,10,13754,EMP1021,"10","5",5,0,0,LOW
9292,9292,20,10,10,9292,EMP1021,"10","4",3,0,0,LOW
9177,9177,20,10,10,9177,EMP1021,"10","4",3,0,0,LOW
11672,11672,20,10,10,11672,EMP1021,"10","4",3,0,0,LOW
12916,12916,20,10,10,12916,EMP1021,"10","4",3,0,0,LOW
8726,8726,20,10,10,8726,EMP1021,"10","5",3,0,0,MEDIUM
8618,8618,20,10,10,8618,EMP1021,"10","4",3,0,0,LOW
10962,10962,20,10,10,10962,EMP1021,"10","5",3,0,0,LOW
1196,1196,30,10,10,1196,EMP1021,"10","5",1,0,0,LOW
808,808,30,10,10,808,EMP1021,"10","4",1,0,0,LOW
798,798,30,10,10,798,EMP1021,"10","5",1,0,0,LOW
1015,1015,30,10,10,1015,EMP1021,"10","5",1,0,0,LOW
1500000,15000,10,20,20,0,NONE,"10","3",2,0,0,LOW
47712,47712,20,10,10,47712,EMP1044,"10","5",3,0,0,HIGH
500000,5000,10,20,20,0,NONE,"10","4",2,0,0,LOW
500000,5000,10,20,20,0,NONE,"10","4",2,0,0,LOW
104650,1047,20,20,20,104650,EMP1044,"10","5",2,0,0,LOW
300000,3000,10,20,20,0,NONE,"10","2",4,0,0,HIGH
500000,5000,10,20,20,0,NONE,"10","7",2,0,0,LOW
107625,1076,20,20,20,107625,EMP1057,"10","3",4,0,0,LOW
500000,5000,10,20,20,0,NONE,"10","7",2,0,0,LOW
110600,1106,20,20,20,110600,EMP1057,"10","2",2,0,0,LOW
500000,5000,10,20,20,0,NONE,"10","7",4,0,0,LOW
500000,5000,10,20,20,0,NONE,"10","1",2,0,0,LOW
102550,1026,20,20,20,102550,EMP1057,"10","2",2,0,0,LOW
1500000,15000,10,20,20,0,NONE,"10","1",2,0,0,LOW
101062,1011,20,20,20,101062,EMP1057,"10","2",2,0,0,LOW
14145,14145,20,10,10,14145,EMP1057,"10","2",3,0,0,LOW
14536,14536,20,10,10,14536,EMP1057,"10","2",3,0,0,LOW
13478,13478,20,10,10,13478,EMP1057,"10","2",3,0,0,LOW
13282,13282,20,10,10,13282,EMP1057,"10","3",3,0,0,LOW
13284,13284,20,10,10,13284,EMP1057,"10","3",3,0,0,LOW
13651,13651,20,10,10,13651,EMP1057,"10","3",3,0,0,LOW
12657,12657,20,10,10,12657,EMP1057,"10","2",3,0,0,LOW
12474,12474,20,10,10,12474,EMP1057,"10","3",5,0,0,LOW
1230,1230,30,10,10,1230,EMP1057,"10","3",1,0,0,LOW
1264,1264,30,10,10,1264,EMP1057,"10","3",3,0,0,LOW
1172,1172,30,10,10,1172,EMP1057,"10","3",1,0,0,LOW
1155,1155,30,10,10,1155,EMP1057,"10","3",1,0,0,LOW
1500000,15000,10,20,20,0,NONE,"10","2",2,0,0,LOW
60265,60265,20,10,10,60265,EMP1004,"10","3",3,0,0,LOW
500000,5000,10,20,20,0,NONE,"10","2",2,0,0,LOW
500000,5000,10,20,20,0,NONE,"10","1",2,0,0,LOW
107625,1076,20,20,20,107625,EMP1004,"10","3",2,0,0,LOW
500000,5000,10,20,20,0,NONE,"10","1",2,0,0,LOW
110600,1106,20,20,20,110600,EMP1004,"10","3",2,0,0,LOW
500000,5000,10,20,20,0,NONE,"10","1",2,0,0,LOW
500000,5000,10,20,20,0,NONE,"10","2",2,0,0,LOW
102550,1026,20,20,20,102550,EMP1004,"10","3",2,0,0,LOW
500000,5000,10,20,20,0,NONE,"10","1",2,0,0,LOW
1500000,15000,10,20,20,0,NONE,"10","2",2,0,0,LOW
101065,1011,20,20,20,101065,EMP1004,"10","3",2,0,0,LOW
14145,14145,20,10,10,14145,EMP1004,"10","3",3,0,0,LOW
14536,14536,20,10,10,14536,EMP1004,"10","4",3,0,0,LOW
13478,13478,20,10,10,13478,EMP1004,"10","4",3,0,0,LOW
13282,13282,20,10,10,13282,EMP1047,"10","7",3,0,0,LOW
13284,13284,20,10,10,13284,EMP1047,"10","7",3,0,0,LOW
13651,13651,20,10,10,13651,EMP1047,"10","7",3,0,0,LOW
12657,12657,20,10,10,12657,EMP1047,"10","7",3,0,0,LOW
12474,12474,20,10,10,12474,EMP1047,"10","6",3,0,0,LOW
1230,1230,30,10,10,1230,EMP1047,"10","7",1,0,0,LOW
1264,1264,30,10,10,1264,EMP1047,"10","7",1,0,0,LOW
1172,1172,30,10,10,1172,EMP1047,"10","7",3,0,0,HIGH
1155,1155,30,10,10,1155,EMP1047,"10","7",1,0,0,LOW
300000,3000,10,20,20,0,NONE,"10","7",2,0,0,LOW
250000,2500,10,20,20,0,NONE,"10","7",2,0,0,LOW
250000,2500,10,20,20,0,NONE,"10","7",2,0,0,LOW
300000,3000,10,20,20,0,NONE,"10","7",2,0,0,LOW
60262,60262,20,10,10,60262,EMP1051,"10","7",3,0,0,LOW
107625,1076,20,20,20,107625,EMP1051,"10","7",2,0,0,LOW
110600,1106,20,20,20,110600,EMP1051,"10","7",2,0,0,LOW
500000,5000,10,20,20,0,NONE,"10","6",2,0,0,LOW
102550,1026,20,20,20,102550,EMP1051,"10","7",2,0,0,LOW
500000,5000,10,20,20,0,NONE,"10","6",2,0,0,LOW
1500000,15000,10,20,20,0,NONE,"10","6",2,0,0,LOW
1000000,10000,10,20,20,0,NONE,"10","6",2,0,0,LOW
101062,1011,20,20,20,101062,EMP1051,"10","7",2,0,0,LOW
14145,14145,20,10,10,14145,EMP1051,"10","1",3,0,0,LOW
14536,14536,20,10,10,14536,EMP1051,"10","7",3,0,0,LOW
13478,13478,20,10,10,13478,EMP1051,"10","7",3,0,0,MEDIUM
13282,13282,20,10,10,13282,EMP1051,"10","7",3,0,0,LOW
13284,13284,20,10,10,13284,EMP1051,"10","7",3,0,0,LOW
13651,13651,20,10,10,13651,EMP1051,"10","1",3,0,0,LOW
12657,12657,20,10,10,12657,EMP1051,"10","7",3,0,0,LOW
12474,12474,20,10,10,12474,EMP1051,"10","7",3,0,0,LOW
1230,1230,30,10,10,1230,EMP1051,"10","1",1,0,0,LOW
1264,1264,30,10,10,1264,EMP1051,"10","1",1,0,0,LOW
1172,1172,30,10,10,1172,EMP1051,"10","1",1,0,0,LOW
1155,1155,30,10,10,1155,EMP1051,"10","7",1,0,0,LOW
300000,3000,10,20,20,0,NONE,"10","2",4,0,0,LOW
250000,2500,10,20,20,0,NONE,"10","2",2,0,0,LOW
250000,2500,10,20,20,0,NONE,"10","2",2,0,0,LOW
60262,60262,20,10,10,60262,EMP1057,"10","2",3,0,0,LOW
60262,60262,20,10,10,60262,EMP1043,"10","5",3,0,0,LOW
107625,1076,20,20,20,107625,EMP1043,"10","5",2,0,0,LOW
500000,5000,10,20,20,0,NONE,"10","4",4,0,0,LOW
500000,5000,10,20,20,0,NONE,"10","3",2,0,0,LOW
110600,1106,20,20,20,110600,EMP1043,"10","5",2,0,0,LOW
102550,1026,20,20,20,102550,EMP1043,"10","5",2,0,0,LOW
500000,5000,10,20,20,0,NONE,"10","4",2,0,0,LOW
1500000,15000,10,20,20,0,NONE,"10","4",2,0,0,LOW
101062,1011,20,20,20,101062,EMP1043,"10","5",2,0,0,LOW
14145,14145,20,10,10,14145,EMP1043,"10","6",3,0,0,LOW
14536,14536,20,10,10,14536,EMP1043,"10","5",3,0,0,LOW
13478,13478,20,10,10,13478,EMP1043,"10","6",3,0,0,LOW
13282,13282,20,10,10,13282,EMP1043,"10","5",3,0,0,LOW
13284,13284,20,10,10,13284,EMP1043,"10","6",3,0,0,LOW
13651,13651,20,10,10,13651,EMP1043,"10","6",3,0,0,MEDIUM
12657,12657,20,10,10,12657,EMP1043,"10","5",3,0,0,LOW
12474,12474,20,10,10,12474,EMP1043,"10","5",3,0,0,LOW
1230,1230,30,10,10,1230,EMP1043,"10","6",1,0,0,LOW
1264,1264,30,10,10,1264,EMP1043,"10","5",1,0,0,LOW
1172,1172,30,10,10,1172,EMP1043,"10","6",1,0,0,LOW
1155,1155,30,10,10,1155,EMP1043,"10","5",1,0,0,LOW
1500000,15000,10,20,20,0,NONE,"10","4",2,0,0,LOW
60262,60262,20,10,10,60262,EMP1047,"10","6",3,0,0,LOW
500000,5000,10,20,20,0,NONE,"10","5",2,0,0,LOW
500000,5000,10,20,20,0,NONE,"10","5",2,0,0,LOW
107625,1076,20,20,20,107625,EMP1047,"10","7",4,0,0,LOW
500000,5000,10,20,20,0,NONE,"10","5",2,0,0,LOW
110600,1106,20,20,20,110600,EMP1047,"10","7",4,0,0,LOW
500000,5000,10,20,20,0,NONE,"10","5",2,0,0,LOW
500000,5000,10,20,20,0,NONE,"10","5",2,0,0,LOW
102550,1026,20,20,20,102550,EMP1047,"10","6",2,0,0,LOW
500000,5000,10,20,20,0,NONE,"10","5",2,0,0,LOW
500000,5000,10,20,20,0,NONE,"10","5",2,0,0,LOW
1500000,15000,10,20,20,0,NONE,"10","5",2,0,0,LOW
101062,1011,20,20,20,101062,EMP1047,"10","6",2,0,0,LOW
14145,14145,20,10,10,14145,EMP1047,"10","6",3,0,0,LOW
14536,14536,20,10,10,14536,EMP1047,"10","6",3,0,0,LOW
13478,13478,20,10,10,13478,EMP1047,"10","6",3,0,0,LOW
10672,10672,20,10,10,10672,EMP1051,"10","3",3,0,0,LOW
13028,13028,20,10,10,13028,EMP1051,"10","4",3,0,0,HIGH
11914,11914,20,10,10,11914,EMP1051,"10","4",3,0,0,LOW
13392,13392,20,10,10,13392,EMP1051,"10","3",3,0,0,LOW
988,988,30,10,10,988,EMP1051,"10","4",1,0,0,LOW
1206,1206,30,10,10,1206,EMP1051,"10","3",1,0,0,LOW
1103,1103,30,10,10,1103,EMP1051,"10","4",1,0,0,LOW
1240,1240,30,10,10,1240,EMP1051,"10","4",1,0,0,LOW
500000,5000,10,20,20,0,NONE,"10","4",2,0,0,LOW
1500000,15000,10,20,20,0,NONE,"10","3",2,0,0,LOW
60262,60262,20,10,10,60262,EMP1004,"10","4",3,0,0,MEDIUM
500000,5000,10,20,20,0,NONE,"10","3",2,0,0,LOW
500000,5000,10,20,20,0,NONE,"10","3",2,0,0,LOW
1000000,10000,10,20,20,0,NONE,"10","2",2,0,0,LOW
107625,1076,20,20,20,107625,EMP1004,"10","4",2,0,0,LOW
500000,5000,10,20,20,0,NONE,"10","3",2,0,0,LOW
110600,1106,20,20,20,110600,EMP1004,"10","4",2,0,0,LOW
500000,5000,10,20,20,0,NONE,"10","3",2,0,0,LOW
102550,1026,20,20,20,102550,EMP1004,"10","4",2,0,0,LOW
500000,5000,10,20,20,0,NONE,"10","2",2,0,0,LOW
1500000,15000,10,20,20,0,NONE,"10","3",4,0,0,LOW
101062,1011,20,20,20,101062,EMP1004,"10","4",2,0,0,LOW
14145,14145,20,10,10,14145,EMP1004,"10","4",3,0,0,LOW
14536,14536,20,10,10,14536,EMP1004,"10","5",3,0,0,LOW
13478,13478,20,10,10,13478,EMP1004,"10","4",3,0,0,LOW
13282,13282,20,10,10,13282,EMP1004,"10","5",3,0,0,LOW
13284,13284,20,10,10,13284,EMP1004,"10","4",3,0,0,LOW
13651,13651,20,10,10,13651,EMP1004,"10","4",3,0,0,LOW
12657,12657,20,10,10,12657,EMP1004,"10","5",3,0,0,LOW
12474,12474,20,10,10,12474,EMP1004,"10","4",3,0,0,LOW
1230,1230,30,10,10,1230,EMP1004,"10","5",1,0,0,LOW
1264,1264,30,10,10,1264,EMP1004,"10","5",1,0,0,LOW
1172,1172,30,10,10,1172,EMP1004,"10","5",1,0,0,LOW
1155,1155,30,10,10,1155,EMP1004,"10","5",1,0,0,LOW
300000,3000,10,20,20,0,NONE,"10","5",2,0,0,LOW
250000,2500,10,20,20,0,NONE,"10","5",2,0,0,LOW
250000,2500,10,20,20,0,NONE,"10","5",2,0,0,LOW
300000,3000,10,20,20,0,NONE,"10","5",2,0,0,LOW
86450,865,20,20,20,86450,EMP1001,"10","2",2,0,0,LOW
500000,5000,10,20,20,0,NONE,"10","1",2,0,0,LOW
105525,1055,20,20,20,105525,EMP1001,"10","2",2,0,0,LOW
96512,965,20,20,20,96512,EMP1001,"10","2",2,0,0,LOW
500000,5000,10,20,20,0,NONE,"10","1",2,0,0,LOW
1500000,15000,10,20,20,0,NONE,"10","1",2,0,0,LOW
108500,1085,20,20,20,108500,EMP1001,"10","2",2,0,0,LOW
11362,11362,20,10,10,11362,EMP1001,"10","2",3,0,0,MEDIUM
13869,13869,20,10,10,13869,EMP1001,"10","2",3,0,0,LOW
12684,12684,20,10,10,12684,EMP1001,"10","3",3,0,0,MEDIUM
14260,14260,20,10,10,14260,EMP1001,"10","2",3,0,0,LOW
10670,10670,20,10,10,10670,EMP1001,"10","3",3,0,0,LOW
13024,13024,20,10,10,13024,EMP1001,"10","2",3,0,0,LOW
11912,11912,20,10,10,11912,EMP1001,"10","2",3,0,0,MEDIUM
13392,13392,20,10,10,13392,EMP1001,"10","3",3,0,0,MEDIUM
988,988,30,10,10,988,EMP1001,"10","3",1,0,0,LOW
1206,1206,30,10,10,1206,EMP1001,"10","3",1,0,0,LOW
1103,1103,30,10,10,1103,EMP1001,"10","3",1,0,0,LOW
1240,1240,30,10,10,1240,EMP1001,"10","3",1,0,0,LOW
300000,3000,10,20,20,0,NONE,"10","3",2,0,0,LOW
250000,2500,10,20,20,0,NONE,"10","3",2,0,0,LOW
250000,2500,10,20,20,0,NONE,"10","3",2,0,0,LOW
300000,3000,10,20,20,0,NONE,"10","3",2,0,0,LOW
56715,56715,20,10,10,56715,EMP1051,"10","3",3,0,0,LOW
86450,865,20,20,20,86450,EMP1051,"10","3",2,0,0,LOW
105525,1055,20,20,20,105525,EMP1051,"10","3",2,0,0,LOW
500000,5000,10,20,20,0,NONE,"10","2",2,0,0,LOW
500000,5000,10,20,20,0,NONE,"10","2",2,0,0,LOW
500000,5000,10,20,20,0,NONE,"10","2",2,0,0,LOW
96515,965,20,20,20,96515,EMP1051,"10","3",2,0,0,LOW
1500000,15000,10,20,20,0,NONE,"10","2",2,0,0,LOW
108500,1085,20,20,20,108500,EMP1051,"10","3",2,0,0,LOW
11362,11362,20,10,10,11362,EMP1051,"10","3",3,0,0,LOW
13869,13869,20,10,10,13869,EMP1051,"10","3",3,0,0,LOW
12687,12687,20,10,10,12687,EMP1051,"10","3",3,0,0,LOW
14260,14260,20,10,10,14260,EMP1051,"10","3",3,0,0,LOW
13392,13392,20,10,10,13392,EMP1006,"10","5",3,0,0,MEDIUM
988,988,30,10,10,988,EMP1006,"10","5",1,0,0,LOW
1206,1206,30,10,10,1206,EMP1006,"10","5",1,0,0,LOW
1103,1103,30,10,10,1103,EMP1006,"10","6",1,0,0,LOW
1240,1240,30,10,10,1240,EMP1006,"10","6",1,0,0,LOW
300000,3000,10,20,20,0,NONE,"10","6",2,0,0,LOW
250000,2500,10,20,20,0,NONE,"10","6",2,0,0,LOW
250000,2500,10,20,20,0,NONE,"10","6",2,0,0,LOW
300000,3000,10,20,20,0,NONE,"10","6",2,0,0,LOW
1500000,15000,10,20,20,0,NONE,"10","4",2,0,0,LOW
56712,56712,20,10,10,56712,EMP1044,"10","6",3,0,0,LOW
500000,5000,10,20,20,0,NONE,"10","4",2,0,0,LOW
86450,865,20,20,20,86450,EMP1044,"10","6",2,0,0,LOW
105525,1055,20,20,20,105525,EMP1044,"10","6",2,0,0,LOW
500000,5000,10,20,20,0,NONE,"10","5",2,0,0,LOW
500000,5000,10,20,20,0,NONE,"10","5",2,0,0,LOW
96512,965,20,20,20,96512,EMP1044,"10","6",2,0,0,LOW
500000,5000,10,20,20,0,NONE,"10","5",2,0,0,LOW
1500000,15000,10,20,20,0,NONE,"10","5",2,0,0,LOW
108500,1085,20,20,20,108500,EMP1044,"10","6",2,0,0,LOW
11362,11362,20,10,10,11362,EMP1044,"10","6",3,0,0,LOW
13869,13869,20,10,10,13869,EMP1044,"10","6",3,0,0,MEDIUM
12684,12684,20,10,10,12684,EMP1044,"10","6",3,0,0,LOW
14260,14260,20,10,10,14260,EMP1044,"10","6",3,0,0,LOW
10670,10670,20,10,10,10670,EMP1044,"10","7",3,0,0,LOW
13024,13024,20,10,10,13024,EMP1044,"10","6",3,0,0,LOW
11912,11912,20,10,10,11912,EMP1044,"10","7",3,0,0,LOW
13392,13392,20,10,10,13392,EMP1044,"10","6",3,0,0,MEDIUM
988,988,30,10,10,988,EMP1044,"10","7",1,0,0,LOW
1206,1206,30,10,10,1206,EMP1044,"10","7",1,0,0,LOW
1103,1103,30,10,10,1103,EMP1044,"10","7",1,0,0,LOW
1240,1240,30,10,10,1240,EMP1044,"10","7",1,0,0,LOW
300000,3000,10,20,20,0,NONE,"10","1",2,0,0,LOW
250000,2500,10,20,20,0,NONE,"10","1",2,0,0,LOW
250000,2500,10,20,20,0,NONE,"10","1",2,0,0,LOW
300000,3000,10,20,20,0,NONE,"10","1",2,0,0,LOW
56712,56712,20,10,10,56712,EMP1001,"10","2",3,0,0,LOW
500000,5000,10,20,20,0,NONE,"10","4",2,0,0,LOW
105525,1055,20,20,20,105525,EMP1042,"10","4",2,0,0,LOW
500000,5000,10,20,20,0,NONE,"10","3",2,0,0,LOW
1500000,15000,10,20,20,0,NONE,"10","3",2,0,0,LOW
96512,965,20,20,20,96512,EMP1042,"10","4",2,0,0,LOW
108500,1085,20,20,20,108500,EMP1042,"10","4",2,0,0,LOW
11362,11362,20,10,10,11362,EMP1042,"10","4",3,0,0,LOW
13869,13869,20,10,10,13869,EMP1042,"10","4",3,0,0,LOW
12684,12684,20,10,10,12684,EMP1042,"10","4",3,0,0,LOW
14260,14260,20,10,10,14260,EMP1042,"10","4",3,0,0,LOW
10670,10670,20,10,10,10670,EMP1042,"10","5",3,0,0,MEDIUM
13024,13024,20,10,10,13024,EMP1042,"10","5",3,0,0,LOW
11912,11912,20,10,10,11912,EMP1042,"10","4",3,0,0,LOW
13392,13392,20,10,10,13392,EMP1042,"10","4",3,0,0,MEDIUM
988,988,30,10,10,988,EMP1042,"10","5",3,0,0,LOW
1206,1206,30,10,10,1206,EMP1042,"10","4",1,0,0,LOW
1103,1103,30,10,10,1103,EMP1042,"10","5",1,0,0,LOW
1240,1240,30,10,10,1240,EMP1042,"10","4",1,0,0,LOW
56712,56712,20,10,10,56712,EMP1006,"10","5",3,0,0,LOW
500000,5000,10,20,20,0,NONE,"10","4",2,0,0,LOW
500000,5000,10,20,20,0,NONE,"10","4",2,0,0,LOW
1000000,10000,10,20,20,0,NONE,"10","4",2,0,0,LOW
86450,865,20,20,20,86450,EMP1006,"10","5",2,0,0,LOW
500000,5000,10,20,20,0,NONE,"10","4",2,0,0,LOW
105525,1055,20,20,20,105525,EMP1006,"10","5",2,0,0,LOW
500000,5000,10,20,20,0,NONE,"10","4",2,0,0,LOW
1500000,15000,10,20,20,0,NONE,"10","4",2,0,0,LOW
96512,965,20,20,20,96512,EMP1006,"10","5",2,0,0,LOW
500000,5000,10,20,20,0,NONE,"10","4",2,0,0,LOW
108500,1085,20,20,20,108500,EMP1006,"10","5",2,0,0,LOW
11362,11362,20,10,10,11362,EMP1006,"10","5",3,0,0,LOW
13869,13869,20,10,10,13869,EMP1006,"10","6",3,0,0,LOW
12684,12684,20,10,10,12684,EMP1006,"10","5",3,0,0,LOW
14260,14260,20,10,10,14260,EMP1006,"10","5",3,0,0,LOW
10670,10670,20,10,10,10670,EMP1006,"10","6",3,0,0,LOW
13024,13024,20,10,10,13024,EMP1006,"10","5",3,0,0,LOW
11912,11912,20,10,10,11912,EMP1006,"10","5",3,0,0,LOW
8268,8268,20,10,10,8268,EMP1057,"09","2",3,0,0,LOW
10098,10098,20,10,10,10098,EMP1057,"10","3",3,0,0,LOW
13186,13186,20,10,10,13186,EMP1057,"10","3",3,0,0,LOW
12657,12657,20,10,10,12657,EMP1057,"10","3",3,0,0,LOW
7765,7765,20,10,10,7765,EMP1057,"09","2",3,0,0,LOW
935,935,30,10,10,935,EMP1057,"09","2",1,0,0,LOW
1221,1221,30,10,10,1221,EMP1057,"09","2",1,0,0,LOW
1172,1172,30,10,10,1172,EMP1057,"10","3",1,0,0,LOW
719,719,30,10,10,719,EMP1057,"10","3",1,0,0,LOW
50590,50590,20,10,10,50590,EMP1021,"10","3",3,0,0,LOW
500000,5000,10,20,20,0,NONE,"09","1",4,0,0,LOW
500000,5000,10,20,20,0,NONE,"09","2",2,0,0,LOW
81815,818,20,20,20,81815,EMP1021,"10","3",2,0,0,LOW
1500000,15000,10,20,20,0,NONE,"09","1",2,0,0,LOW
106840,1068,20,20,20,106840,EMP1021,"10","3",2,0,0,LOW
500000,5000,10,20,20,0,NONE,"09","2",2,0,0,LOW
500000,5000,10,20,20,0,NONE,"09","2",2,0,0,LOW
102550,1026,20,20,20,102550,EMP1021,"10","3",2,0,0,LOW
62915,629,20,20,20,62915,EMP1021,"10","3",2,0,0,LOW
10755,10755,20,10,10,10755,EMP1021,"10","4",3,0,0,LOW
14044,14044,20,10,10,14044,EMP1021,"10","3",3,0,0,LOW
13478,13478,20,10,10,13478,EMP1021,"10","4",3,0,0,LOW
8271,8271,20,10,10,8271,EMP1021,"10","3",3,0,0,LOW
10098,10098,20,10,10,10098,EMP1021,"10","3",3,0,0,MEDIUM
13190,13190,20,10,10,13190,EMP1021,"10","3",3,0,0,LOW
12660,12660,20,10,10,12660,EMP1021,"10","3",3,0,0,MEDIUM
7766,7766,20,10,10,7766,EMP1021,"10","4",3,0,0,LOW
935,935,30,10,10,935,EMP1021,"10","4",1,0,0,LOW
1221,1221,30,10,10,1221,EMP1021,"10","4",1,0,0,LOW
1172,1172,30,10,10,1172,EMP1021,"10","4",1,0,0,LOW
719,719,30,10,10,719,EMP1021,"10","3",1,0,0,LOW
300000,3000,10,20,20,0,NONE,"10","4",2,0,0,LOW
250000,2500,10,20,20,0,NONE,"10","4",2,0,0,LOW
250000,2500,10,20,20,0,NONE,"10","4",2,0,0,LOW
300000,3000,10,20,20,0,NONE,"10","4",2,0,0,LOW
500000,5000,10,20,20,0,NONE,"10","4",2,0,0,LOW
56712,56712,20,10,10,56712,EMP1042,"10","4",3,0,0,LOW
86450,865,20,20,20,86450,EMP1042,"10","4",2,0,0,LOW
500000,5000,10,20,20,0,NONE,"09","5",2,0,0,LOW
500000,5000,10,20,20,0,NONE,"09","5",2,0,0,LOW
500000,5000,10,20,20,0,NONE,"09","5",2,0,0,LOW
106837,1068,20,20,20,106837,EMP1041,"09","6",2,0,0,LOW
500000,5000,10,20,20,0,NONE,"09","5",2,0,0,LOW
102550,1026,20,20,20,102550,EMP1041,"09","6",2,0,0,LOW
62912,629,20,20,20,62912,EMP1041,"09","6",2,0,0,LOW
10752,10752,20,10,10,10752,EMP1041,"09","7",3,0,0,LOW
14041,14041,20,10,10,14041,EMP1041,"09","6",3,0,0,LOW
13478,13478,20,10,10,13478,EMP1041,"09","6",3,0,0,LOW
8268,8268,20,10,10,8268,EMP1041,"09","6",3,0,0,LOW
10098,10098,20,10,10,10098,EMP1041,"09","1",5,0,0,LOW
13186,13186,20,10,10,13186,EMP1041,"09","6",3,0,0,LOW
12657,12657,20,10,10,12657,EMP1041,"09","6",3,0,0,LOW
7765,7765,20,10,10,7765,EMP1041,"09","6",3,0,0,LOW
935,935,30,10,10,935,EMP1041,"09","7",1,0,0,LOW
1221,1221,30,10,10,1221,EMP1041,"09","6",1,0,0,LOW
1172,1172,30,10,10,1172,EMP1041,"09","7",1,0,0,LOW
719,719,30,10,10,719,EMP1041,"09","7",1,0,0,LOW
300000,3000,10,20,20,0,NONE,"09","7",2,0,0,LOW
250000,2500,10,20,20,0,NONE,"09","7",2,0,0,LOW
250000,2500,10,20,20,0,NONE,"09","7",2,0,0,LOW
300000,3000,10,20,20,0,NONE,"09","7",2,0,0,LOW
1500000,15000,10,20,20,0,NONE,"09","7",2,0,0,LOW
1500000,15000,10,20,20,0,NONE,"09","7",2,0,0,LOW
300000,3000,10,20,20,0,NONE,"09","2",2,0,0,LOW
250000,2500,10,20,20,0,NONE,"09","2",2,0,0,LOW
250000,2500,10,20,20,0,NONE,"09","2",2,0,0,LOW
300000,3000,10,20,20,0,NONE,"09","2",2,0,0,LOW
50587,50587,20,10,10,50587,EMP1057,"09","2",3,0,0,LOW
81812,818,20,20,20,81812,EMP1057,"09","2",2,0,0,LOW
106837,1068,20,20,20,106837,EMP1057,"09","2",2,0,0,LOW
500000,5000,10,20,20,0,NONE,"09","7",2,0,0,LOW
102550,1026,20,20,20,102550,EMP1057,"09","2",2,0,0,LOW
62912,629,20,20,20,62912,EMP1057,"09","2",2,0,0,LOW
10752,10752,20,10,10,10752,EMP1057,"09","2",3,0,0,LOW
14041,14041,20,10,10,14041,EMP1057,"09","2",3,0,0,LOW
13478,13478,20,10,10,13478,EMP1057,"09","2",3,0,0,LOW
13186,13186,20,10,10,13186,EMP1057,"09","4",3,0,0,LOW
12657,12657,20,10,10,12657,EMP1057,"09","5",3,0,0,LOW
7765,7765,20,10,10,7765,EMP1057,"09","4",3,0,0,LOW
935,935,30,10,10,935,EMP1057,"09","5",1,0,0,LOW
1221,1221,30,10,10,1221,EMP1057,"09","4",1,0,0,LOW
1172,1172,30,10,10,1172,EMP1057,"09","4",1,0,0,LOW
719,719,30,10,10,719,EMP1057,"09","5",1,0,0,LOW
300000,3000,10,20,20,0,NONE,"09","5",2,0,0,LOW
250000,2500,10,20,20,0,NONE,"09","5",2,0,0,LOW
250000,2500,10,20,20,0,NONE,"09","5",2,0,0,LOW
300000,3000,10,20,20,0,NONE,"09","5",2,0,0,LOW
1500000,15000,10,20,20,0,NONE,"09","4",2,0,0,LOW
1500000,15000,10,20,20,0,NONE,"09","4",2,0,0,LOW
50587,50587,20,10,10,50587,EMP1052,"09","6",5,0,0,LOW
1000000,10000,10,20,20,0,NONE,"09","4",2,0,0,LOW
81812,818,20,20,20,81812,EMP1052,"09","5",2,0,0,LOW
500000,5000,10,20,20,0,NONE,"09","4",2,0,0,LOW
500000,5000,10,20,20,0,NONE,"09","4",2,0,0,LOW
106837,1068,20,20,20,106837,EMP1052,"09","5",2,0,0,LOW
102550,1026,20,20,20,102550,EMP1052,"09","5",2,0,0,LOW
500000,5000,10,20,20,0,NONE,"09","4",2,0,0,LOW
62912,629,20,20,20,62912,EMP1052,"09","5",2,0,0,LOW
10752,10752,20,10,10,10752,EMP1052,"09","6",3,0,0,LOW
14041,14041,20,10,10,14041,EMP1052,"09","5",3,0,0,LOW
13478,13478,20,10,10,13478,EMP1052,"09","6",5,0,0,LOW
8268,8268,20,10,10,8268,EMP1052,"09","6",3,0,0,LOW
10098,10098,20,10,10,10098,EMP1052,"09","6",3,0,0,LOW
13186,13186,20,10,10,13186,EMP1052,"09","6",3,0,0,LOW
12657,12657,20,10,10,12657,EMP1052,"09","6",5,0,0,LOW
7765,7765,20,10,10,7765,EMP1052,"09","6",3,0,0,MEDIUM
935,935,30,10,10,935,EMP1052,"09","5",1,0,0,LOW
1221,1221,30,10,10,1221,EMP1052,"09","6",1,0,0,LOW
1172,1172,30,10,10,1172,EMP1052,"09","6",1,0,0,LOW
719,719,30,10,10,719,EMP1052,"09","6",1,0,0,LOW
50587,50587,20,10,10,50587,EMP1041,"09","6",3,0,0,LOW
1500000,15000,10,20,20,0,NONE,"09","5",2,0,0,LOW
81812,818,20,20,20,81812,EMP1041,"09","6",2,0,0,LOW
1500000,15000,10,20,20,0,NONE,"09","1",2,0,0,LOW
57625,57625,20,10,10,57625,EMP1041,"09","3",3,0,0,MEDIUM
82775,828,20,20,20,82775,EMP1041,"09","3",2,0,0,LOW
500000,5000,10,20,20,0,NONE,"09","1",2,0,0,LOW
500000,5000,10,20,20,0,NONE,"09","2",2,0,0,LOW
500000,5000,10,20,20,0,NONE,"09","2",2,0,0,LOW
104390,1044,20,20,20,104390,EMP1041,"09","3",2,0,0,LOW
500000,5000,10,20,20,0,NONE,"09","2",2,0,0,LOW
103950,1040,20,20,20,103950,EMP1041,"09","3",2,0,0,LOW
500000,5000,10,20,20,0,NONE,"09","2",2,0,0,LOW
1500000,15000,10,20,20,0,NONE,"09","3",4,0,0,LOW
112265,1123,20,20,20,112265,EMP1041,"09","3",2,0,0,LOW
10879,10879,20,10,10,10879,EMP1041,"09","4",3,0,0,LOW
13722,13722,20,10,10,13722,EMP1041,"09","3",3,0,0,LOW
13662,13662,20,10,10,13662,EMP1041,"09","3",3,0,0,LOW
14757,14757,20,10,10,14757,EMP1041,"09","3",3,0,0,LOW
10221,10221,20,10,10,10221,EMP1041,"09","3",3,0,0,LOW
12887,12887,20,10,10,12887,EMP1041,"09","3",3,0,0,MEDIUM
12833,12833,20,10,10,12833,EMP1041,"09","3",3,0,0,MEDIUM
13859,13859,20,10,10,13859,EMP1041,"09","4",3,0,0,LOW
946,946,30,10,10,946,EMP1041,"09","4",1,0,0,LOW
1193,1193,30,10,10,1193,EMP1041,"09","4",1,0,0,LOW
1188,1188,30,10,10,1188,EMP1041,"09","4",1,0,0,LOW
1283,1283,30,10,10,1283,EMP1041,"09","4",3,0,0,LOW
500000,5000,10,20,20,0,NONE,"09","4",2,0,0,LOW
50587,50587,20,10,10,50587,EMP1057,"09","4",3,0,0,LOW
500000,5000,10,20,20,0,NONE,"09","3",2,0,0,LOW
81812,818,20,20,20,81812,EMP1057,"09","4",2,0,0,LOW
500000,5000,10,20,20,0,NONE,"09","3",2,0,0,LOW
106837,1068,20,20,20,106837,EMP1057,"09","4",2,0,0,LOW
102550,1026,20,20,20,102550,EMP1057,"09","4",2,0,0,LOW
62912,629,20,20,20,62912,EMP1057,"09","4",2,0,0,LOW
10752,10752,20,10,10,10752,EMP1057,"09","4",3,0,0,LOW
14041,14041,20,10,10,14041,EMP1057,"09","4",3,0,0,LOW
13478,13478,20,10,10,13478,EMP1057,"09","5",3,0,0,LOW
8268,8268,20,10,10,8268,EMP1057,"09","4",3,0,0,LOW
10098,10098,20,10,10,10098,EMP1057,"09","5",3,0,0,LOW
10216,10216,20,10,10,10216,EMP1047,"09","7",3,0,0,LOW
12884,12884,20,10,10,12884,EMP1047,"09","1",3,0,0,LOW
12830,12830,20,10,10,12830,EMP1047,"09","1",3,0,0,LOW
13856,13856,20,10,10,13856,EMP1047,"09","7",3,0,0,HIGH
946,946,30,10,10,946,EMP1047,"09","1",1,0,0,LOW
1193,1193,30,10,10,1193,EMP1047,"09","7",1,0,0,LOW
1188,1188,30,10,10,1188,EMP1047,"09","7",1,0,0,LOW
1283,1283,30,10,10,1283,EMP1047,"09","7",1,0,0,LOW
300000,3000,10,20,20,0,NONE,"09","1",2,0,0,LOW
250000,2500,10,20,20,0,NONE,"09","1",2,0,0,LOW
250000,2500,10,20,20,0,NONE,"09","1",2,0,0,LOW
300000,3000,10,20,20,0,NONE,"09","1",2,0,0,LOW
57625,57625,20,10,10,57625,EMP1048,"09","2",3,0,0,LOW
82775,828,20,20,20,82775,EMP1048,"09","2",2,0,0,LOW
500000,5000,10,20,20,0,NONE,"09","7",2,0,0,LOW
104387,1044,20,20,20,104387,EMP1048,"09","2",2,0,0,LOW
500000,5000,10,20,20,0,NONE,"09","7",2,0,0,LOW
103950,1040,20,20,20,103950,EMP1048,"09","2",2,0,0,LOW
500000,5000,10,20,20,0,NONE,"09","1",2,0,0,LOW
1500000,15000,10,20,20,0,NONE,"09","1",2,0,0,LOW
112262,1123,20,20,20,112262,EMP1048,"09","3",4,0,0,LOW
10879,10879,20,10,10,10879,EMP1048,"09","3",3,0,0,LOW
13719,13719,20,10,10,13719,EMP1048,"09","3",5,0,0,LOW
13662,13662,20,10,10,13662,EMP1048,"09","2",3,0,0,LOW
14754,14754,20,10,10,14754,EMP1048,"09","2",3,0,0,LOW
10216,10216,20,10,10,10216,EMP1048,"09","2",3,0,0,MEDIUM
12884,12884,20,10,10,12884,EMP1048,"09","2",3,0,0,MEDIUM
12830,12830,20,10,10,12830,EMP1048,"09","2",3,0,0,LOW
13856,13856,20,10,10,13856,EMP1048,"09","2",3,0,0,LOW
946,946,30,10,10,946,EMP1048,"09","3",1,0,0,LOW
1193,1193,30,10,10,1193,EMP1048,"09","3",1,0,0,LOW
1188,1188,30,10,10,1188,EMP1048,"09","3",1,0,0,LOW
1283,1283,30,10,10,1283,EMP1048,"09","3",3,0,0,LOW
300000,3000,10,20,20,0,NONE,"09","3",2,0,0,LOW
250000,2500,10,20,20,0,NONE,"09","3",2,0,0,LOW
250000,2500,10,20,20,0,NONE,"09","3",2,0,0,LOW
300000,3000,10,20,20,0,NONE,"09","3",2,0,0,LOW
57625,57625,20,10,10,57625,EMP1041,"09","6",3,0,0,MEDIUM
82775,828,20,20,20,82775,EMP1041,"09","6",2,0,0,LOW
500000,5000,10,20,20,0,NONE,"09","5",2,0,0,LOW
104387,1044,20,20,20,104387,EMP1041,"09","6",2,0,0,LOW
500000,5000,10,20,20,0,NONE,"09","5",4,0,0,LOW
500000,5000,10,20,20,0,NONE,"09","5",2,0,0,LOW
1500000,15000,10,20,20,0,NONE,"09","5",2,0,0,LOW
103950,1040,20,20,20,103950,EMP1041,"09","6",2,0,0,LOW
500000,5000,10,20,20,0,NONE,"09","4",2,0,0,LOW
112262,1123,20,20,20,112262,EMP1041,"09","6",2,0,0,LOW
10879,10879,20,10,10,10879,EMP1041,"09","6",3,0,0,MEDIUM
13719,13719,20,10,10,13719,EMP1041,"09","6",3,0,0,LOW
13662,13662,20,10,10,13662,EMP1041,"09","6",3,0,0,LOW
14754,14754,20,10,10,14754,EMP1041,"09","6",3,0,0,LOW
10216,10216,20,10,10,10216,EMP1041,"09","6",3,0,0,LOW
12884,12884,20,10,10,12884,EMP1041,"09","7",3,0,0,LOW
12830,12830,20,10,10,12830,EMP1041,"09","6",3,0,0,LOW
13856,13856,20,10,10,13856,EMP1041,"09","6",3,0,0,LOW
946,946,30,10,10,946,EMP1041,"09","7",1,0,0,LOW
1193,1193,30,10,10,1193,EMP1041,"09","7",1,0,0,LOW
1188,1188,30,10,10,1188,EMP1041,"09","7",1,0,0,LOW
1283,1283,30,10,10,1283,EMP1041,"09","7",1,0,0,LOW
57625,57625,20,10,10,57625,EMP1047,"09","7",3,0,0,LOW
500000,5000,10,20,20,0,NONE,"09","6",2,0,0,LOW
1000000,10000,10,20,20,0,NONE,"09","6",2,0,0,LOW
82775,828,20,20,20,82775,EMP1047,"09","7",2,0,0,LOW
500000,5000,10,20,20,0,NONE,"09","6",2,0,0,LOW
104387,1044,20,20,20,104387,EMP1047,"09","7",2,0,0,LOW
500000,5000,10,20,20,0,NONE,"09","6",2,0,0,LOW
500000,5000,10,20,20,0,NONE,"09","6",2,0,0,LOW
1500000,15000,10,20,20,0,NONE,"09","6",2,0,0,LOW
103950,1040,20,20,20,103950,EMP1047,"09","7",2,0,0,LOW
112262,1123,20,20,20,112262,EMP1047,"09","7",2,0,0,LOW
10879,10879,20,10,10,10879,EMP1047,"09","7",3,0,0,LOW
13719,13719,20,10,10,13719,EMP1047,"09","1",3,0,0,LOW
13662,13662,20,10,10,13662,EMP1047,"09","7",3,0,0,MEDIUM
14754,14754,20,10,10,14754,EMP1047,"09","7",3,0,0,LOW
13719,13719,20,10,10,13719,EMP1047,"09","4",3,0,0,LOW
13662,13662,20,10,10,13662,EMP1047,"09","4",3,0,0,LOW
14754,14754,20,10,10,14754,EMP1047,"09","4",3,0,0,LOW
10216,10216,20,10,10,10216,EMP1047,"09","4",3,0,0,LOW
12884,12884,20,10,10,12884,EMP1047,"09","5",3,0,0,LOW
12830,12830,20,10,10,12830,EMP1047,"09","5",3,0,0,LOW
13856,13856,20,10,10,13856,EMP1047,"09","5",3,0,0,LOW
946,946,30,10,10,946,EMP1047,"09","5",1,0,0,LOW
1193,1193,30,10,10,1193,EMP1047,"09","5",1,0,0,LOW
1188,1188,30,10,10,1188,EMP1047,"09","5",1,0,0,LOW
1283,1283,30,10,10,1283,EMP1047,"09","5",1,0,0,LOW
57625,57625,20,10,10,57625,EMP1006,"09","5",3,0,0,LOW
500000,5000,10,20,20,0,NONE,"09","4",2,0,0,LOW
82775,828,20,20,20,82775,EMP1006,"09","5",2,0,0,LOW
500000,5000,10,20,20,0,NONE,"09","4",2,0,0,LOW
104387,1044,20,20,20,104387,EMP1006,"09","5",2,0,0,LOW
500000,5000,10,20,20,0,NONE,"09","4",2,0,0,LOW
1500000,15000,10,20,20,0,NONE,"09","4",2,0,0,LOW
103950,1040,20,20,20,103950,EMP1006,"09","5",2,0,0,LOW
500000,5000,10,20,20,0,NONE,"09","4",2,0,0,LOW
112262,1123,20,20,20,112262,EMP1006,"09","5",2,0,0,LOW
10879,10879,20,10,10,10879,EMP1006,"09","5",3,0,0,LOW
13719,13719,20,10,10,13719,EMP1006,"09","6",3,0,0,LOW
13662,13662,20,10,10,13662,EMP1006,"09","5",3,0,0,LOW
14754,14754,20,10,10,14754,EMP1006,"09","5",3,0,0,HIGH
10216,10216,20,10,10,10216,EMP1006,"09","5",3,0,0,LOW
12884,12884,20,10,10,12884,EMP1006,"09","6",3,0,0,LOW
12830,12830,20,10,10,12830,EMP1006,"09","5",3,0,0,LOW
13856,13856,20,10,10,13856,EMP1006,"09","5",3,0,0,LOW
946,946,30,10,10,946,EMP1006,"09","5",1,0,0,LOW
1193,1193,30,10,10,1193,EMP1006,"09","5",1,0,0,LOW
1188,1188,30,10,10,1188,EMP1006,"09","6",1,0,0,LOW
1283,1283,30,10,10,1283,EMP1006,"09","5",1,0,0,LOW
300000,3000,10,20,20,0,NONE,"09","6",2,0,0,LOW
250000,2500,10,20,20,0,NONE,"09","6",2,0,0,LOW
250000,2500,10,20,20,0,NONE,"09","6",2,0,0,LOW
300000,3000,10,20,20,0,NONE,"09","6",2,0,0,LOW
1500000,15000,10,20,20,0,NONE,"09","5",2,0,0,LOW
774,774,30,10,10,774,EMP1021,"09","2",1,0,0,LOW
840,840,30,10,10,840,EMP1021,"09","2",1,0,0,LOW
794,794,30,10,10,794,EMP1021,"09","3",1,0,0,LOW
1500000,15000,10,20,20,0,NONE,"09","1",2,0,0,LOW
39515,39515,20,10,10,39515,EMP1056,"09","3",3,0,0,LOW
65890,659,20,20,20,65890,EMP1056,"09","3",2,0,0,LOW
1500000,15000,10,20,20,0,NONE,"09","2",2,0,0,LOW
67725,677,20,20,20,67725,EMP1056,"09","3",2,0,0,LOW
500000,5000,10,20,20,0,NONE,"09","2",2,0,0,LOW
73500,735,20,20,20,73500,EMP1056,"09","3",2,0,0,LOW
69475,695,20,20,20,69475,EMP1056,"09","3",2,0,0,LOW
8662,8662,20,10,10,8662,EMP1056,"09","3",3,0,0,LOW
8901,8901,20,10,10,8901,EMP1056,"09","3",3,0,0,MEDIUM
9660,9660,20,10,10,9660,EMP1056,"09","3",3,0,0,LOW
9131,9131,20,10,10,9131,EMP1056,"09","3",3,0,0,MEDIUM
8134,8134,20,10,10,8134,EMP1056,"09","3",3,0,0,LOW
8360,8360,20,10,10,8360,EMP1056,"09","4",3,0,0,LOW
9072,9072,20,10,10,9072,EMP1056,"09","3",3,0,0,LOW
8576,8576,20,10,10,8576,EMP1056,"09","4",3,0,0,LOW
753,753,30,10,10,753,EMP1056,"09","4",1,0,0,LOW
774,774,30,10,10,774,EMP1056,"09","4",1,0,0,LOW
840,840,30,10,10,840,EMP1056,"09","4",1,0,0,LOW
794,794,30,10,10,794,EMP1056,"09","4",1,0,0,LOW
300000,3000,10,20,20,0,NONE,"09","4",2,0,0,LOW
250000,2500,10,20,20,0,NONE,"09","4",2,0,0,LOW
250000,2500,10,20,20,0,NONE,"09","4",2,0,0,LOW
300000,3000,10,20,20,0,NONE,"09","4",2,0,0,LOW
500000,5000,10,20,20,0,NONE,"09","4",2,0,0,LOW
57625,57625,20,10,10,57625,EMP1047,"09","4",3,0,0,LOW
82775,828,20,20,20,82775,EMP1047,"09","4",2,0,0,LOW
500000,5000,10,20,20,0,NONE,"09","3",2,0,0,LOW
500000,5000,10,20,20,0,NONE,"09","3",2,0,0,LOW
104387,1044,20,20,20,104387,EMP1047,"09","4",2,0,0,LOW
1500000,15000,10,20,20,0,NONE,"09","3",2,0,0,LOW
103950,1040,20,20,20,103950,EMP1047,"09","4",2,0,0,LOW
500000,5000,10,20,20,0,NONE,"09","3",2,0,0,LOW
112262,1123,20,20,20,112262,EMP1047,"09","4",2,0,0,LOW
10879,10879,20,10,10,10879,EMP1047,"09","5",3,0,0,LOW
69475,695,20,20,20,69475,EMP1046,"09","6",2,0,0,LOW
8659,8659,20,10,10,8659,EMP1046,"09","6",3,0,0,LOW
8901,8901,20,10,10,8901,EMP1046,"09","6",3,0,0,LOW
9660,9660,20,10,10,9660,EMP1046,"09","6",3,0,0,MEDIUM
9131,9131,20,10,10,9131,EMP1046,"09","6",3,0,0,LOW
8132,8132,20,10,10,8132,EMP1046,"09","7",3,0,0,LOW
8359,8359,20,10,10,8359,EMP1046,"09","7",3,0,0,LOW
9072,9072,20,10,10,9072,EMP1046,"09","7",3,0,0,LOW
8575,8575,20,10,10,8575,EMP1046,"09","6",3,0,0,LOW
753,753,30,10,10,753,EMP1046,"09","6",1,0,0,LOW
774,774,30,10,10,774,EMP1046,"09","7",1,0,0,LOW
840,840,30,10,10,840,EMP1046,"09","6",1,0,0,LOW
794,794,30,10,10,794,EMP1046,"09","7",1,0,0,LOW
300000,3000,10,20,20,0,NONE,"09","7",2,0,0,LOW
250000,2500,10,20,20,0,NONE,"09","7",2,0,0,LOW
250000,2500,10,20,20,0,NONE,"09","1",2,0,0,LOW
300000,3000,10,20,20,0,NONE,"09","7",2,0,0,LOW
300000,3000,10,20,20,0,NONE,"09","2",2,0,0,LOW
250000,2500,10,20,20,0,NONE,"09","2",2,0,0,LOW
250000,2500,10,20,20,0,NONE,"09","2",2,0,0,LOW
300000,3000,10,20,20,0,NONE,"09","2",2,0,0,LOW
39512,39512,20,10,10,39512,EMP1021,"09","2",3,0,0,LOW
65887,659,20,20,20,65887,EMP1021,"09","2",2,0,0,LOW
67725,677,20,20,20,67725,EMP1021,"09","2",2,0,0,LOW
500000,5000,10,20,20,0,NONE,"09","1",2,0,0,LOW
73500,735,20,20,20,73500,EMP1021,"09","2",2,0,0,LOW
1000000,10000,10,20,20,0,NONE,"09","1",2,0,0,LOW
69475,695,20,20,20,69475,EMP1021,"09","2",2,0,0,LOW
8659,8659,20,10,10,8659,EMP1021,"09","2",3,0,0,LOW
8901,8901,20,10,10,8901,EMP1021,"09","3",3,0,0,LOW
9660,9660,20,10,10,9660,EMP1021,"09","2",3,0,0,LOW
9131,9131,20,10,10,9131,EMP1021,"09","2",3,0,0,MEDIUM
8132,8132,20,10,10,8132,EMP1021,"09","3",3,0,0,LOW
8359,8359,20,10,10,8359,EMP1021,"09","2",3,0,0,LOW
9072,9072,20,10,10,9072,EMP1021,"09","2",3,0,0,LOW
8575,8575,20,10,10,8575,EMP1021,"09","2",3,0,0,LOW
753,753,30,10,10,753,EMP1021,"09","3",1,0,0,LOW
250000,2500,10,20,20,0,NONE,"09","5",2,0,0,LOW
250000,2500,10,20,20,0,NONE,"09","5",2,0,0,LOW
300000,3000,10,20,20,0,NONE,"09","5",2,0,0,LOW
1500000,15000,10,20,20,0,NONE,"09","4",2,0,0,LOW
39512,39512,20,10,10,39512,EMP1050,"09","5",3,0,0,LOW
65887,659,20,20,20,65887,EMP1050,"09","5",2,0,0,LOW
1500000,15000,10,20,20,0,NONE,"09","4",2,0,0,LOW
67725,677,20,20,20,67725,EMP1050,"09","5",2,0,0,LOW
500000,5000,10,20,20,0,NONE,"09","3",2,0,0,LOW
73500,735,20,20,20,73500,EMP1050,"09","5",2,0,0,LOW
500000,5000,10,20,20,0,NONE,"09","4",2,0,0,LOW
69475,695,20,20,20,69475,EMP1050,"09","5",2,0,0,LOW
8659,8659,20,10,10,8659,EMP1050,"09","5",3,0,0,LOW
8901,8901,20,10,10,8901,EMP1050,"09","5",3,0,0,LOW
9660,9660,20,10,10,9660,EMP1050,"09","5",3,0,0,LOW
9131,9131,20,10,10,9131,EMP1050,"09","5",3,0,0,LOW
8132,8132,20,10,10,8132,EMP1050,"09","5",3,0,0,LOW
8359,8359,20,10,10,8359,EMP1050,"09","5",3,0,0,LOW
9072,9072,20,10,10,9072,EMP1050,"09","6",3,0,0,LOW
8575,8575,20,10,10,8575,EMP1050,"09","5",3,0,0,MEDIUM
753,753,30,10,10,753,EMP1050,"09","6",1,0,0,LOW
774,774,30,10,10,774,EMP1050,"09","6",1,0,0,LOW
840,840,30,10,10,840,EMP1050,"09","6",1,0,0,LOW
794,794,30,10,10,794,EMP1050,"09","5",1,0,0,LOW
500000,500000,40,10,10,0,NONE,"09","6",3,0,0,LOW
500000,500000,40,10,10,0,NONE,"09","6",3,0,0,LOW
400000,400000,40,10,10,0,NONE,"09","6",3,0,0,LOW
400000,400000,40,10,10,0,NONE,"09","6",3,0,0,LOW
30000,30000,40,10,10,0,NONE,"09","6",3,0,0,LOW
39512,39512,20,10,10,39512,EMP1046,"09","6",3,0,0,LOW
500000,5000,10,20,20,0,NONE,"09","5",2,0,0,LOW
65887,659,20,20,20,65887,EMP1046,"09","7",4,0,0,LOW
67725,677,20,20,20,67725,EMP1046,"09","6",2,0,0,LOW
73500,735,20,20,20,73500,EMP1046,"09","6",2,0,0,LOW
500000,5000,10,20,20,0,NONE,"09","5",2,0,0,LOW
500000,5000,10,20,20,0,NONE,"09","5",2,0,0,LOW
500000,5000,10,20,20,0,NONE,"09","5",2,0,0,LOW
1500000,15000,10,20,20,0,NONE,"09","5",2,0,0,LOW
500000,5000,10,20,20,0,NONE,"09","2",2,0,0,LOW
67725,677,20,20,20,67725,EMP1003,"09","3",2,0,0,LOW
1500000,15000,10,20,20,0,NONE,"09","2",2,0,0,LOW
74725,747,20,20,20,74725,EMP1003,"09","4",4,0,0,LOW
10879,10879,20,10,10,10879,EMP1003,"09","3",3,0,0,LOW
10019,10019,20,10,10,10019,EMP1003,"09","3",3,0,0,HIGH
8901,8901,20,10,10,8901,EMP1003,"09","3",3,0,0,LOW
9821,9821,20,10,10,9821,EMP1003,"09","3",3,0,0,LOW
10221,10221,20,10,10,10221,EMP1003,"09","4",3,0,0,LOW
9411,9411,20,10,10,9411,EMP1003,"09","3",3,0,0,LOW
8361,8361,20,10,10,8361,EMP1003,"09","3",3,0,0,LOW
9225,9225,20,10,10,9225,EMP1003,"09","3",3,0,0,LOW
946,946,30,10,10,946,EMP1003,"09","4",1,0,0,LOW
871,871,30,10,10,871,EMP1003,"09","4",1,0,0,LOW
774,774,30,10,10,774,EMP1003,"09","4",1,0,0,LOW
854,854,30,10,10,854,EMP1003,"09","3",1,0,0,LOW
500000,5000,10,20,20,0,NONE,"09","4",2,0,0,LOW
39512,39512,20,10,10,39512,EMP1005,"09","4",3,0,0,LOW
500000,5000,10,20,20,0,NONE,"09","3",4,0,0,LOW
65887,659,20,20,20,65887,EMP1005,"09","4",2,0,0,LOW
500000,5000,10,20,20,0,NONE,"09","3",2,0,0,LOW
500000,5000,10,20,20,0,NONE,"09","2",2,0,0,LOW
67725,677,20,20,20,67725,EMP1005,"09","4",2,0,0,LOW
73500,735,20,20,20,73500,EMP1005,"09","4",2,0,0,LOW
69475,695,20,20,20,69475,EMP1005,"09","4",2,0,0,LOW
8659,8659,20,10,10,8659,EMP1005,"09","4",3,0,0,LOW
8901,8901,20,10,10,8901,EMP1005,"09","4",3,0,0,LOW
9660,9660,20,10,10,9660,EMP1005,"09","5",3,0,0,LOW
9131,9131,20,10,10,9131,EMP1005,"09","4",3,0,0,LOW
8132,8132,20,10,10,8132,EMP1005,"09","5",3,0,0,LOW
8359,8359,20,10,10,8359,EMP1005,"09","5",3,0,0,LOW
9072,9072,20,10,10,9072,EMP1005,"09","5",3,0,0,LOW
8575,8575,20,10,10,8575,EMP1005,"09","4",3,0,0,LOW
753,753,30,10,10,753,EMP1005,"09","5",1,0,0,LOW
774,774,30,10,10,774,EMP1005,"09","5",1,0,0,LOW
840,840,30,10,10,840,EMP1005,"09","5",1,0,0,LOW
794,794,30,10,10,794,EMP1005,"09","5",1,0,0,LOW
300000,3000,10,20,20,0,NONE,"09","5",2,0,0,LOW
946,946,30,10,10,946,EMP1044,"09","7",1,0,0,LOW
871,871,30,10,10,871,EMP1044,"09","7",1,0,0,LOW
774,774,30,10,10,774,EMP1044,"09","1",1,0,0,LOW
854,854,30,10,10,854,EMP1044,"09","7",1,0,0,LOW
300000,3000,10,20,20,0,NONE,"09","1",2,0,0,LOW
250000,2500,10,20,20,0,NONE,"09","1",2,0,0,LOW
250000,2500,10,20,20,0,NONE,"09","1",4,0,0,LOW
300000,3000,10,20,20,0,NONE,"09","1",2,0,0,LOW
43062,43062,20,10,10,43062,EMP1057,"09","2",3,0,0,LOW
1000000,10000,10,20,20,0,NONE,"09","7",2,0,0,LOW
82775,828,20,20,20,82775,EMP1057,"09","2",2,0,0,LOW
500000,5000,10,20,20,0,NONE,"09","1",2,0,0,LOW
1500000,15000,10,20,20,0,NONE,"09","1",2,0,0,LOW
76212,762,20,20,20,76212,EMP1057,"09","2",2,0,0,LOW
500000,5000,10,20,20,0,NONE,"09","7",2,0,0,LOW
67725,677,20,20,20,67725,EMP1057,"09","2",2,0,0,LOW
74725,747,20,20,20,74725,EMP1057,"09","2",2,0,0,LOW
10879,10879,20,10,10,10879,EMP1057,"09","2",3,0,0,LOW
10016,10016,20,10,10,10016,EMP1057,"09","3",3,0,0,MEDIUM
8901,8901,20,10,10,8901,EMP1057,"09","2",3,0,0,LOW
9821,9821,20,10,10,9821,EMP1057,"09","2",3,0,0,HIGH
10216,10216,20,10,10,10216,EMP1057,"09","2",3,0,0,LOW
9406,9406,20,10,10,9406,EMP1057,"09","2",3,0,0,LOW
8359,8359,20,10,10,8359,EMP1057,"09","3",3,0,0,LOW
9223,9223,20,10,10,9223,EMP1057,"09","2",3,0,0,LOW
946,946,30,10,10,946,EMP1057,"09","2",1,0,0,LOW
871,871,30,10,10,871,EMP1057,"09","3",1,0,0,LOW
774,774,30,10,10,774,EMP1057,"09","2",1,0,0,LOW
854,854,30,10,10,854,EMP1057,"09","2",1,0,0,LOW
300000,3000,10,20,20,0,NONE,"09","3",2,0,0,LOW
250000,2500,10,20,20,0,NONE,"09","3",2,0,0,LOW
250000,2500,10,20,20,0,NONE,"09","3",2,0,0,LOW
300000,3000,10,20,20,0,NONE,"09","3",2,0,0,LOW
43065,43065,20,10,10,43065,EMP1003,"09","3",3,0,0,LOW
82775,828,20,20,20,82775,EMP1003,"09","3",2,0,0,LOW
76215,762,20,20,20,76215,EMP1003,"09","3",2,0,0,LOW
500000,5000,10,20,20,0,NONE,"09","2",2,0,0,LOW
300000,3000,10,20,20,0,NONE,"09","6",2,0,0,LOW
43062,43062,20,10,10,43062,EMP1042,"09","6",3,0,0,LOW
82775,828,20,20,20,82775,EMP1042,"09","6",2,0,0,LOW
76212,762,20,20,20,76212,EMP1042,"09","6",2,0,0,LOW
500000,5000,10,20,20,0,NONE,"09","5",2,0,0,LOW
67725,677,20,20,20,67725,EMP1042,"09","6",2,0,0,LOW
500000,5000,10,20,20,0,NONE,"09","5",2,0,0,LOW
74725,747,20,20,20,74725,EMP1042,"09","6",2,0,0,LOW
10879,10879,20,10,10,10879,EMP1042,"09","7",3,0,0,LOW
10016,10016,20,10,10,10016,EMP1042,"09","6",3,0,0,LOW
8901,8901,20,10,10,8901,EMP1042,"09","6",3,0,0,LOW
9821,9821,20,10,10,9821,EMP1042,"09","7",3,0,0,LOW
10216,10216,20,10,10,10216,EMP1042,"09","6",3,0,0,LOW
9406,9406,20,10,10,9406,EMP1042,"09","6",3,0,0,LOW
8359,8359,20,10,10,8359,EMP1042,"09","6",3,0,0,LOW
9223,9223,20,10,10,9223,EMP1042,"09","6",3,0,0,LOW
946,946,30,10,10,946,EMP1042,"09","6",3,0,0,LOW
871,871,30,10,10,871,EMP1042,"09","7",1,0,0,LOW
774,774,30,10,10,774,EMP1042,"09","7",1,0,0,LOW
854,854,30,10,10,854,EMP1042,"09","7",1,0,0,LOW
1500000,15000,10,20,20,0,NONE,"09","6",2,0,0,LOW
1500000,15000,10,20,20,0,NONE,"09","6",2,0,0,LOW
43062,43062,20,10,10,43062,EMP1044,"09","7",3,0,0,LOW
500000,5000,10,20,20,0,NONE,"09","6",2,0,0,LOW
82775,828,20,20,20,82775,EMP1044,"09","7",2,0,0,LOW
500000,5000,10,20,20,0,NONE,"09","6",2,0,0,LOW
76212,762,20,20,20,76212,EMP1044,"09","7",2,0,0,LOW
67725,677,20,20,20,67725,EMP1044,"09","7",2,0,0,LOW
74725,747,20,20,20,74725,EMP1044,"09","7",2,0,0,LOW
10879,10879,20,10,10,10879,EMP1044,"09","7",3,0,0,LOW
10016,10016,20,10,10,10016,EMP1044,"09","7",3,0,0,MEDIUM
8901,8901,20,10,10,8901,EMP1044,"09","1",3,0,0,LOW
9821,9821,20,10,10,9821,EMP1044,"09","7",3,0,0,LOW
10216,10216,20,10,10,10216,EMP1044,"09","1",3,0,0,LOW
9406,9406,20,10,10,9406,EMP1044,"09","1",3,0,0,MEDIUM
8359,8359,20,10,10,8359,EMP1044,"09","2",5,0,0,LOW
9223,9223,20,10,10,9223,EMP1044,"09","1",5,0,0,LOW
10879,10879,20,10,10,10879,EMP1041,"09","4",3,0,0,LOW
10016,10016,20,10,10,10016,EMP1041,"09","5",5,0,0,MEDIUM
8901,8901,20,10,10,8901,EMP1041,"09","4",3,0,0,LOW
9821,9821,20,10,10,9821,EMP1041,"09","4",3,0,0,LOW
10216,10216,20,10,10,10216,EMP1041,"09","4",3,0,0,MEDIUM
9406,9406,20,10,10,9406,EMP1041,"09","4",3,0,0,LOW
8359,8359,20,10,10,8359,EMP1041,"09","4",3,0,0,LOW
9223,9223,20,10,10,9223,EMP1041,"09","4",3,0,0,LOW
946,946,30,10,10,946,EMP1041,"09","5",1,0,0,LOW
871,871,30,10,10,871,EMP1041,"09","5",1,0,0,LOW
774,774,30,10,10,774,EMP1041,"09","5",1,0,0,LOW
854,854,30,10,10,854,EMP1041,"09","5",1,0,0,LOW
43062,43062,20,10,10,43062,EMP1005,"09","5",3,0,0,LOW
500000,5000,10,20,20,0,NONE,"09","4",2,0,0,LOW
82775,828,20,20,20,82775,EMP1005,"09","5",2,0,0,LOW
76212,762,20,20,20,76212,EMP1005,"09","5",2,0,0,LOW
500000,5000,10,20,20,0,NONE,"09","4",2,0,0,LOW
500000,5000,10,20,20,0,NONE,"09","4",2,0,0,LOW
1500000,15000,10,20,20,0,NONE,"09","4",2,0,0,LOW
67725,677,20,20,20,67725,EMP1005,"09","5",2,0,0,LOW
500000,5000,10,20,20,0,NONE,"09","4",2,0,0,LOW
74725,747,20,20,20,74725,EMP1005,"09","5",2,0,0,LOW
10879,10879,20,10,10,10879,EMP1005,"09","5",3,0,0,MEDIUM
10016,10016,20,10,10,10016,EMP1005,"09","5",3,0,0,LOW
8901,8901,20,10,10,8901,EMP1005,"09","5",3,0,0,LOW
9821,9821,20,10,10,9821,EMP1005,"09","5",3,0,0,LOW
10216,10216,20,10,10,10216,EMP1005,"09","5",3,0,0,LOW
9406,9406,20,10,10,9406,EMP1005,"09","6",3,0,0,LOW
8359,8359,20,10,10,8359,EMP1005,"09","5",3,0,0,LOW
9223,9223,20,10,10,9223,EMP1005,"09","6",3,0,0,HIGH
946,946,30,10,10,946,EMP1005,"09","6",1,0,0,LOW
871,871,30,10,10,871,EMP1005,"09","6",1,0,0,LOW
774,774,30,10,10,774,EMP1005,"09","6",1,0,0,LOW
854,854,30,10,10,854,EMP1005,"09","6",1,0,0,LOW
300000,3000,10,20,20,0,NONE,"09","6",2,0,0,LOW
250000,2500,10,20,20,0,NONE,"09","6",2,0,0,LOW
250000,2500,10,20,20,0,NONE,"09","6",2,0,0,LOW
1100,1100,30,10,10,1100,EMP1044,"09","2",1,0,0,LOW
801,801,30,10,10,801,EMP1044,"09","3",1,0,0,LOW
754,754,30,10,10,754,EMP1044,"09","2",1,0,0,LOW
1264,1264,30,10,10,1264,EMP1044,"09","3",1,0,0,LOW
1500000,15000,10,20,20,0,NONE,"09","2",2,0,0,LOW
48990,48990,20,10,10,48990,EMP1007,"09","3",3,0,0,LOW
500000,5000,10,20,20,0,NONE,"09","2",2,0,0,LOW
96250,963,20,20,20,96250,EMP1007,"09","3",2,0,0,LOW
500000,5000,10,20,20,0,NONE,"09","1",2,0,0,LOW
70090,701,20,20,20,70090,EMP1007,"09","3",2,0,0,LOW
65975,660,20,20,20,65975,EMP1007,"09","3",2,0,0,LOW
110600,1106,20,20,20,110600,EMP1007,"09","3",2,0,0,LOW
12650,12650,20,10,10,12650,EMP1007,"09","3",3,0,0,LOW
9214,9214,20,10,10,9214,EMP1007,"09","3",3,0,0,LOW
8671,8671,20,10,10,8671,EMP1007,"09","3",3,0,0,LOW
14536,14536,20,10,10,14536,EMP1007,"09","3",3,0,0,MEDIUM
11880,11880,20,10,10,11880,EMP1007,"09","3",3,0,0,LOW
8654,8654,20,10,10,8654,EMP1007,"09","3",3,0,0,LOW
8144,8144,20,10,10,8144,EMP1007,"09","3",3,0,0,LOW
13652,13652,20,10,10,13652,EMP1007,"09","3",3,0,0,LOW
1100,1100,30,10,10,1100,EMP1007,"09","4",1,0,0,LOW
801,801,30,10,10,801,EMP1007,"09","4",1,0,0,LOW
754,754,30,10,10,754,EMP1007,"09","4",1,0,0,LOW
1264,1264,30,10,10,1264,EMP1007,"09","4",1,0,0,LOW
300000,3000,10,20,20,0,NONE,"09","4",2,0,0,LOW
250000,2500,10,20,20,0,NONE,"09","4",2,0,0,LOW
250000,2500,10,20,20,0,NONE,"09","4",2,0,0,LOW
300000,3000,10,20,20,0,NONE,"09","4",2,0,0,LOW
500000,5000,10,20,20,0,NONE,"09","4",4,0,0,LOW
1500000,15000,10,20,20,0,NONE,"09","3",2,0,0,LOW
43062,43062,20,10,10,43062,EMP1041,"09","4",3,0,0,LOW
1500000,15000,10,20,20,0,NONE,"09","3",2,0,0,LOW
82775,828,20,20,20,82775,EMP1041,"09","4",2,0,0,LOW
500000,5000,10,20,20,0,NONE,"09","3",2,0,0,LOW
76212,762,20,20,20,76212,EMP1041,"09","4",2,0,0,LOW
67725,677,20,20,20,67725,EMP1041,"09","4",2,0,0,LOW
500000,5000,10,20,20,0,NONE,"09","3",2,0,0,LOW
74725,747,20,20,20,74725,EMP1041,"09","4",2,0,0,LOW
500000,5000,10,20,20,0,NONE,"08","5",4,1,0,LOW
1500000,15000,10,20,20,0,NONE,"08","5",4,1,0,LOW
110600,1106,20,20,20,110600,EMP1046,"08","7",6,1,0,LOW
12650,12650,20,10,10,12650,EMP1046,"09","1",5,0,0,LOW
9211,9211,20,10,10,9211,EMP1046,"09","2",7,0,0,HIGH
8671,8671,20,10,10,8671,EMP1046,"08","7",5,1,0,LOW
14536,14536,20,10,10,14536,EMP1046,"08","7",7,1,0,LOW
11880,11880,20,10,10,11880,EMP1046,"09","1",7,0,0,HIGH
8650,8650,20,10,10,8650,EMP1046,"08","7",5,1,0,LOW
8143,8143,20,10,10,8143,EMP1046,"09","1",5,0,0,MEDIUM
13651,13651,20,10,10,13651,EMP1046,"08","7",5,1,0,LOW
1100,1100,30,10,10,1100,EMP1046,"08","7",3,1,0,LOW
801,801,30,10,10,801,EMP1046,"08","6",3,1,0,LOW
754,754,30,10,10,754,EMP1046,"08","7",3,1,0,LOW
1264,1264,30,10,10,1264,EMP1046,"08","7",3,1,0,LOW
300000,3000,10,20,20,0,NONE,"08","7",4,1,0,LOW
250000,2500,10,20,20,0,NONE,"08","7",4,1,0,LOW
250000,2500,10,20,20,0,NONE,"08","7",6,1,0,HIGH
300000,3000,10,20,20,0,NONE,"08","7",6,1,0,LOW
300000,3000,10,20,20,0,NONE,"09","2",2,0,0,LOW
250000,2500,10,20,20,0,NONE,"09","2",2,0,0,LOW
250000,2500,10,20,20,0,NONE,"09","2",4,0,0,LOW
300000,3000,10,20,20,0,NONE,"09","2",2,0,0,LOW
48987,48987,20,10,10,48987,EMP1044,"09","2",3,0,0,LOW
96250,963,20,20,20,96250,EMP1044,"09","2",2,0,0,LOW
70087,701,20,20,20,70087,EMP1044,"09","2",2,0,0,LOW
65975,660,20,20,20,65975,EMP1044,"09","2",2,0,0,LOW
500000,5000,10,20,20,0,NONE,"09","1",2,0,0,LOW
110600,1106,20,20,20,110600,EMP1044,"09","2",2,0,0,LOW
12650,12650,20,10,10,12650,EMP1044,"09","2",3,0,0,LOW
9211,9211,20,10,10,9211,EMP1044,"09","2",3,0,0,HIGH
8671,8671,20,10,10,8671,EMP1044,"09","2",3,0,0,LOW
14536,14536,20,10,10,14536,EMP1044,"09","4",5,0,0,LOW
11880,11880,20,10,10,11880,EMP1044,"09","3",3,0,0,LOW
8650,8650,20,10,10,8650,EMP1044,"09","3",3,0,0,LOW
8143,8143,20,10,10,8143,EMP1044,"09","2",3,0,0,LOW
13651,13651,20,10,10,13651,EMP1044,"09","2",3,0,0,LOW
300000,3000,10,20,20,0,NONE,"08","5",6,1,0,LOW
1500000,15000,10,20,20,0,NONE,"08","5",6,1,0,HIGH
1500000,15000,10,20,20,0,NONE,"08","5",4,1,0,LOW
1000000,10000,10,20,20,0,NONE,"08","5",4,1,0,LOW
500,500,40,10,10,0,NONE,"08","5",3,1,0,LOW
500000,5000,40,20,20,0,NONE,"08","5",4,1,0,HIGH
500000,5000,40,20,20,0,NONE,"08","5",4,1,0,LOW
48987,48987,20,10,10,48987,EMP1046,"08","6",5,1,0,LOW
96250,963,20,20,20,96250,EMP1046,"08","6",6,1,0,HIGH
500000,5000,10,20,20,0,NONE,"08","4",8,1,0,LOW
70087,701,20,20,20,70087,EMP1046,"08","6",6,1,0,LOW
500000,5000,10,20,20,0,NONE,"08","4",4,1,0,LOW
1500000,15000,10,20,20,0,NONE,"08","4",4,1,0,LOW
65975,660,20,20,20,65975,EMP1046,"08","6",4,1,0,LOW
500000,5000,10,20,20,0,NONE,"08","4",8,1,0,HIGH
500000,5000,10,20,20,0,NONE,"08","3",4,1,0,LOW
110600,1106,20,20,20,110600,EMP1046,"09","1",6,0,0,LOW
12650,12650,20,10,10,12650,EMP1046,"08","6",5,1,0,LOW
9211,9211,20,10,10,9211,EMP1046,"08","7",5,1,0,LOW
8671,8671,20,10,10,8671,EMP1046,"08","7",5,1,0,LOW
14536,14536,20,10,10,14536,EMP1046,"08","6",5,1,0,LOW
11880,11880,20,10,10,11880,EMP1046,"08","7",7,1,0,LOW
8650,8650,20,10,10,8650,EMP1046,"08","7",5,1,0,LOW
8143,8143,20,10,10,8143,EMP1046,"08","6",7,1,0,LOW
13651,13651,20,10,10,13651,EMP1046,"08","6",5,1,0,LOW
1100,1100,30,10,10,1100,EMP1046,"08","6",3,1,0,LOW
801,801,30,10,10,801,EMP1046,"08","6",3,1,0,LOW
754,754,30,10,10,754,EMP1046,"08","6",3,1,0,LOW
1264,1264,30,10,10,1264,EMP1046,"08","7",5,1,0,LOW
48987,48987,20,10,10,48987,EMP1046,"08","7",5,1,0,LOW
96250,963,20,20,20,96250,EMP1046,"08","7",4,1,0,LOW
500000,5000,10,20,20,0,NONE,"08","6",8,1,0,LOW
500000,5000,10,20,20,0,NONE,"08","4",4,1,0,LOW
70087,701,20,20,20,70087,EMP1046,"08","7",6,1,0,LOW
500000,5000,10,20,20,0,NONE,"08","5",4,1,0,LOW
500000,5000,10,20,20,0,NONE,"08","5",6,1,0,LOW
65975,660,20,20,20,65975,EMP1046,"08","7",6,1,0,LOW
14145,14145,20,10,10,14145,EMP1050,"08","4",5,1,0,LOW
14053,14053,20,10,10,14053,EMP1050,"08","4",7,1,0,LOW
8685,8685,20,10,10,8685,EMP1050,"08","4",5,1,0,MEDIUM
11399,11399,20,10,10,11399,EMP1050,"08","5",5,1,0,LOW
13284,13284,20,10,10,13284,EMP1050,"08","4",5,1,0,LOW
13200,13200,20,10,10,13200,EMP1050,"08","5",5,1,0,LOW
8154,8154,20,10,10,8154,EMP1050,"08","5",7,1,0,LOW
10706,10706,20,10,10,10706,EMP1050,"08","5",5,1,0,LOW
1230,1230,30,10,10,1230,EMP1050,"08","4",3,1,0,LOW
1222,1222,30,10,10,1222,EMP1050,"08","4",3,1,0,LOW
755,755,30,10,10,755,EMP1050,"08","4",3,1,0,LOW
991,991,30,10,10,991,EMP1050,"08","4",3,1,0,LOW
500000,5000,10,20,20,0,NONE,"08","4",4,1,0,LOW
48987,48987,20,10,10,48987,EMP1046,"08","5",5,1,0,LOW
500000,5000,10,20,20,0,NONE,"08","2",4,1,0,LOW
1500000,15000,10,20,20,0,NONE,"08","2",4,1,0,LOW
96250,963,20,20,20,96250,EMP1046,"08","5",4,1,0,LOW
500000,5000,10,20,20,0,NONE,"08","3",6,1,0,LOW
70087,701,20,20,20,70087,EMP1046,"08","5",4,1,0,LOW
65975,660,20,20,20,65975,EMP1046,"08","5",4,1,0,LOW
500000,5000,10,20,20,0,NONE,"08","3",4,1,0,LOW
1000000,10000,10,20,20,0,NONE,"08","3",4,1,0,LOW
110600,1106,20,20,20,110600,EMP1046,"08","5",4,1,0,LOW
12650,12650,20,10,10,12650,EMP1046,"08","5",5,1,0,LOW
9211,9211,20,10,10,9211,EMP1046,"08","6",9,1,0,HIGH
8671,8671,20,10,10,8671,EMP1046,"08","6",5,1,0,LOW
14536,14536,20,10,10,14536,EMP1046,"08","5",5,1,0,LOW
11880,11880,20,10,10,11880,EMP1046,"08","5",5,1,0,LOW
8650,8650,20,10,10,8650,EMP1046,"08","6",5,1,0,LOW
8143,8143,20,10,10,8143,EMP1046,"08","5",5,1,0,LOW
13651,13651,20,10,10,13651,EMP1046,"08","6",5,1,0,LOW
1100,1100,30,10,10,1100,EMP1046,"08","4",3,1,0,LOW
801,801,30,10,10,801,EMP1046,"08","5",3,1,0,LOW
754,754,30,10,10,754,EMP1046,"08","6",5,1,0,LOW
1264,1264,30,10,10,1264,EMP1046,"08","6",5,1,0,LOW
300000,3000,10,20,20,0,NONE,"08","5",6,1,0,LOW
250000,2500,10,20,20,0,NONE,"08","5",4,1,0,LOW
250000,2500,10,20,20,0,NONE,"08","5",4,1,0,LOW
300000,3000,10,20,20,0,NONE,"08","1",4,1,0,LOW
1500000,15000,10,20,20,0,NONE,"08","1",4,1,0,LOW
1500000,15000,10,20,20,0,NONE,"08","1",4,1,0,LOW
52475,52475,20,10,10,52475,EMP1056,"08","3",5,1,0,MEDIUM
500000,5000,10,20,20,0,NONE,"08","1",4,1,0,LOW
107625,1076,20,20,20,107625,EMP1056,"08","3",4,1,0,LOW
500000,5000,10,20,20,0,NONE,"08","7",4,1,0,LOW
106925,1069,20,20,20,106925,EMP1056,"08","3",4,1,0,LOW
66062,661,20,20,20,66062,EMP1056,"08","3",4,1,0,LOW
500000,5000,10,20,20,0,NONE,"08","1",4,1,0,LOW
86712,867,20,20,20,86712,EMP1056,"08","3",6,1,0,LOW
14145,14145,20,10,10,14145,EMP1056,"08","3",7,1,0,LOW
14053,14053,20,10,10,14053,EMP1056,"08","3",7,1,0,LOW
8682,8682,20,10,10,8682,EMP1056,"08","4",5,1,0,LOW
11396,11396,20,10,10,11396,EMP1056,"08","3",5,1,0,LOW
13284,13284,20,10,10,13284,EMP1056,"08","3",7,1,0,LOW
13197,13197,20,10,10,13197,EMP1056,"08","4",7,1,0,LOW
8154,8154,20,10,10,8154,EMP1056,"08","3",5,1,0,MEDIUM
10702,10702,20,10,10,10702,EMP1056,"08","4",5,1,0,LOW
1230,1230,30,10,10,1230,EMP1056,"08","3",3,1,0,LOW
1222,1222,30,10,10,1222,EMP1056,"08","4",5,1,0,LOW
755,755,30,10,10,755,EMP1056,"08","3",3,1,0,LOW
991,991,30,10,10,991,EMP1056,"08","3",3,1,0,LOW
300000,3000,10,20,20,0,NONE,"08","3",4,1,0,LOW
250000,2500,10,20,20,0,NONE,"08","3",4,1,0,HIGH
250000,2500,10,20,20,0,NONE,"08","3",6,1,0,LOW
300000,3000,10,20,20,0,NONE,"08","3",4,1,0,LOW
52475,52475,20,10,10,52475,EMP1050,"08","4",5,1,0,LOW
1500000,15000,10,20,20,0,NONE,"08","2",4,1,0,LOW
107625,1076,20,20,20,107625,EMP1050,"08","4",4,1,0,LOW
500000,5000,10,20,20,0,NONE,"08","2",4,1,0,LOW
500000,5000,10,20,20,0,NONE,"08","1",4,1,0,LOW
106925,1069,20,20,20,106925,EMP1050,"08","4",6,1,0,LOW
66065,661,20,20,20,66065,EMP1050,"08","4",4,1,0,LOW
500000,5000,10,20,20,0,NONE,"08","2",4,1,0,HIGH
500000,5000,10,20,20,0,NONE,"08","2",6,1,0,LOW
86715,867,20,20,20,86715,EMP1050,"08","4",6,1,0,LOW
14145,14145,20,10,10,14145,EMP1054,"08","6",5,1,0,LOW
14053,14053,20,10,10,14053,EMP1054,"08","6",7,1,0,LOW
8682,8682,20,10,10,8682,EMP1054,"08","6",7,1,0,LOW
11396,11396,20,10,10,11396,EMP1054,"08","6",5,1,0,MEDIUM
13284,13284,20,10,10,13284,EMP1054,"08","7",5,1,0,MEDIUM
13197,13197,20,10,10,13197,EMP1054,"08","6",7,1,0,LOW
8154,8154,20,10,10,8154,EMP1054,"08","6",5,1,0,LOW
10702,10702,20,10,10,10702,EMP1054,"08","6",5,1,0,LOW
1230,1230,30,10,10,1230,EMP1054,"08","6",3,1,0,LOW
1222,1222,30,10,10,1222,EMP1054,"08","6",3,1,0,LOW
755,755,30,10,10,755,EMP1054,"08","6",3,1,0,LOW
991,991,30,10,10,991,EMP1054,"08","6",3,1,0,LOW
300000,3000,10,20,20,0,NONE,"08","6",4,1,0,LOW
250000,2500,10,20,20,0,NONE,"08","6",4,1,0,LOW
250000,2500,10,20,20,0,NONE,"08","6",4,1,0,LOW
300000,3000,10,20,20,0,NONE,"08","6",4,1,0,LOW
52475,52475,20,10,10,52475,EMP1049,"08","7",5,1,0,LOW
107625,1076,20,20,20,107625,EMP1049,"08","7",6,1,0,LOW
500000,5000,10,20,20,0,NONE,"08","5",4,1,0,LOW
106925,1069,20,20,20,106925,EMP1049,"08","7",4,1,0,LOW
500000,5000,10,20,20,0,NONE,"08","6",6,1,0,LOW
66062,661,20,20,20,66062,EMP1049,"08","7",6,1,0,LOW
86712,867,20,20,20,86712,EMP1049,"08","7",4,1,0,LOW
14145,14145,20,10,10,14145,EMP1049,"08","1",7,1,0,LOW
14053,14053,20,10,10,14053,EMP1049,"08","7",5,1,0,LOW
8682,8682,20,10,10,8682,EMP1049,"08","7",5,1,0,LOW
11396,11396,20,10,10,11396,EMP1049,"08","1",5,1,0,LOW
13284,13284,20,10,10,13284,EMP1049,"08","1",5,1,0,LOW
13197,13197,20,10,10,13197,EMP1049,"08","7",7,1,0,LOW
8154,8154,20,10,10,8154,EMP1049,"08","1",5,1,0,LOW
10702,10702,20,10,10,10702,EMP1049,"08","7",5,1,0,LOW
1230,1230,30,10,10,1230,EMP1049,"08","7",3,1,0,LOW
1222,1222,30,10,10,1222,EMP1049,"08","7",3,1,0,LOW
755,755,30,10,10,755,EMP1049,"08","7",3,1,0,LOW
991,991,30,10,10,991,EMP1049,"08","6",3,1,0,LOW
300000,3000,10,20,20,0,NONE,"08","1",6,1,0,LOW
250000,2500,10,20,20,0,NONE,"08","1",4,1,0,LOW
250000,2500,10,20,20,0,NONE,"08","1",4,1,0,LOW
52475,52475,20,10,10,52475,EMP1049,"08","5",7,1,0,HIGH
500000,5000,10,20,20,0,NONE,"08","3",6,1,0,HIGH
500000,5000,10,20,20,0,NONE,"08","3",4,1,0,LOW
107625,1076,20,20,20,107625,EMP1049,"08","5",4,1,0,LOW
500000,5000,10,20,20,0,NONE,"08","2",4,1,0,LOW
106925,1069,20,20,20,106925,EMP1049,"08","5",4,1,0,LOW
1500000,15000,10,20,20,0,NONE,"08","3",4,1,0,LOW
66062,661,20,20,20,66062,EMP1049,"08","5",4,1,0,LOW
86712,867,20,20,20,86712,EMP1049,"08","5",6,1,0,LOW
14145,14145,20,10,10,14145,EMP1049,"08","5",5,1,0,LOW
14053,14053,20,10,10,14053,EMP1049,"08","5",7,1,0,LOW
8682,8682,20,10,10,8682,EMP1049,"08","5",5,1,0,MEDIUM
11396,11396,20,10,10,11396,EMP1049,"08","5",5,1,0,MEDIUM
13284,13284,20,10,10,13284,EMP1049,"08","6",5,1,0,LOW
13197,13197,20,10,10,13197,EMP1049,"08","6",5,1,0,LOW
8154,8154,20,10,10,8154,EMP1049,"08","5",5,1,0,HIGH
10702,10702,20,10,10,10702,EMP1049,"08","5",5,1,0,LOW
1230,1230,30,10,10,1230,EMP1049,"08","4",3,1,0,LOW
1222,1222,30,10,10,1222,EMP1049,"08","4",3,1,0,LOW
755,755,30,10,10,755,EMP1049,"08","5",3,1,0,LOW
991,991,30,10,10,991,EMP1049,"08","5",3,1,0,LOW
1500000,15000,10,20,20,0,NONE,"08","4",4,1,0,LOW
52475,52475,20,10,10,52475,EMP1054,"08","6",7,1,0,LOW
500000,5000,10,20,20,0,NONE,"08","3",8,1,0,LOW
500000,5000,10,20,20,0,NONE,"08","4",4,1,0,LOW
1000000,10000,10,20,20,0,NONE,"08","4",4,1,0,LOW
107625,1076,20,20,20,107625,EMP1054,"08","6",4,1,0,LOW
500000,5000,10,20,20,0,NONE,"08","4",6,1,0,LOW
106925,1069,20,20,20,106925,EMP1054,"08","6",4,1,0,LOW
500000,5000,10,20,20,0,NONE,"08","4",6,1,0,LOW
66062,661,20,20,20,66062,EMP1054,"08","6",4,1,0,LOW
500000,5000,10,20,20,0,NONE,"08","4",6,1,0,LOW
500000,5000,10,20,20,0,NONE,"08","4",4,1,0,LOW
1500000,15000,10,20,20,0,NONE,"08","4",4,1,0,HIGH
1500000,15000,10,20,20,0,NONE,"08","4",4,1,0,LOW
86712,867,20,20,20,86712,EMP1054,"08","6",6,1,0,HIGH
13834,13834,20,10,10,13834,EMP1043,"08","3",5,1,0,LOW
14340,14340,20,10,10,14340,EMP1043,"08","3",5,1,0,LOW
8791,8791,20,10,10,8791,EMP1043,"08","4",5,1,0,LOW
8294,8294,20,10,10,8294,EMP1043,"08","3",5,1,0,LOW
12992,12992,20,10,10,12992,EMP1043,"08","4",5,1,0,LOW
13467,13467,20,10,10,13467,EMP1043,"08","3",7,1,0,LOW
814,814,30,10,10,814,EMP1043,"08","3",3,1,0,LOW
768,768,30,10,10,768,EMP1043,"08","4",5,1,0,LOW
1203,1203,30,10,10,1203,EMP1043,"08","3",3,1,0,LOW
1247,1247,30,10,10,1247,EMP1043,"08","4",5,1,0,LOW
50400,50400,20,10,10,50400,EMP1059,"08","4",7,1,0,LOW
500000,5000,10,20,20,0,NONE,"08","2",4,1,0,LOW
500000,5000,10,20,20,0,NONE,"08","2",4,1,0,LOW
71225,712,20,20,20,71225,EMP1059,"08","4",4,1,0,LOW
67200,672,20,20,20,67200,EMP1059,"08","4",4,1,0,LOW
500000,5000,10,20,20,0,NONE,"08","2",4,1,0,LOW
500000,5000,10,20,20,0,NONE,"08","2",4,1,0,LOW
1500000,15000,10,20,20,0,NONE,"08","2",4,1,0,LOW
105265,1053,20,20,20,105265,EMP1059,"08","4",4,1,0,LOW
109115,1091,20,20,20,109115,EMP1059,"08","5",8,1,0,LOW
9361,9361,20,10,10,9361,EMP1059,"08","4",7,1,0,LOW
8832,8832,20,10,10,8832,EMP1059,"08","4",5,1,0,LOW
13837,13837,20,10,10,13837,EMP1059,"08","4",7,1,0,HIGH
14343,14343,20,10,10,14343,EMP1059,"08","4",5,1,0,LOW
8792,8792,20,10,10,8792,EMP1059,"08","5",5,1,0,LOW
8296,8296,20,10,10,8296,EMP1059,"08","5",5,1,0,LOW
12994,12994,20,10,10,12994,EMP1059,"08","5",9,1,0,LOW
13470,13470,20,10,10,13470,EMP1059,"08","5",5,1,0,LOW
814,814,30,10,10,814,EMP1059,"08","4",3,1,0,LOW
768,768,30,10,10,768,EMP1059,"08","4",3,1,0,LOW
1203,1203,30,10,10,1203,EMP1059,"08","5",7,1,0,LOW
1247,1247,30,10,10,1247,EMP1059,"08","4",3,1,0,LOW
300000,3000,10,20,20,0,NONE,"08","4",4,1,0,LOW
250000,2500,10,20,20,0,NONE,"08","4",4,1,0,LOW
250000,2500,10,20,20,0,NONE,"08","4",6,1,0,HIGH
300000,3000,10,20,20,0,NONE,"08","4",4,1,0,LOW
500000,5000,10,20,20,0,NONE,"08","4",4,1,0,HIGH
500000,5000,10,20,20,0,NONE,"08","4",4,1,0,LOW
67200,672,20,20,20,67200,EMP1050,"08","7",4,1,0,MEDIUM
105262,1053,20,20,20,105262,EMP1050,"08","7",4,1,0,MEDIUM
500000,5000,10,20,20,0,NONE,"08","4",4,1,0,LOW
500000,5000,10,20,20,0,NONE,"08","5",4,1,0,HIGH
500000,5000,10,20,20,0,NONE,"08","5",4,1,0,LOW
109112,1091,20,20,20,109112,EMP1050,"08","2",8,1,0,LOW
9361,9361,20,10,10,9361,EMP1050,"08","7",5,1,0,LOW
8832,8832,20,10,10,8832,EMP1050,"08","7",5,1,0,LOW
13834,13834,20,10,10,13834,EMP1050,"08","1",5,1,0,LOW
14340,14340,20,10,10,14340,EMP1050,"08","1",7,1,0,LOW
8791,8791,20,10,10,8791,EMP1050,"08","1",7,1,0,LOW
8294,8294,20,10,10,8294,EMP1050,"08","7",5,1,0,LOW
12992,12992,20,10,10,12992,EMP1050,"08","1",5,1,0,MEDIUM
13467,13467,20,10,10,13467,EMP1050,"08","1",5,1,0,LOW
814,814,30,10,10,814,EMP1050,"08","7",3,1,0,LOW
768,768,30,10,10,768,EMP1050,"08","1",5,1,0,LOW
1203,1203,30,10,10,1203,EMP1050,"08","7",3,1,0,LOW
1247,1247,30,10,10,1247,EMP1050,"08","7",3,1,0,LOW
300000,3000,10,20,20,0,NONE,"08","7",4,1,0,LOW
250000,2500,10,20,20,0,NONE,"08","7",4,1,0,LOW
250000,2500,10,20,20,0,NONE,"08","7",4,1,0,LOW
300000,3000,10,20,20,0,NONE,"08","7",4,1,0,LOW
300000,3000,10,20,20,0,NONE,"08","2",4,1,0,LOW
250000,2500,10,20,20,0,NONE,"08","2",4,1,0,LOW
250000,2500,10,20,20,0,NONE,"08","2",8,1,0,LOW
300000,3000,10,20,20,0,NONE,"08","2",4,1,0,LOW
1500000,15000,10,20,20,0,NONE,"08","1",4,1,0,LOW
50400,50400,20,10,10,50400,EMP1043,"08","3",5,1,0,LOW
71225,712,20,20,20,71225,EMP1043,"08","3",6,1,0,LOW
1500000,15000,10,20,20,0,NONE,"08","1",4,1,0,LOW
67200,672,20,20,20,67200,EMP1043,"08","3",4,1,0,LOW
500000,5000,10,20,20,0,NONE,"08","1",4,1,0,LOW
105262,1053,20,20,20,105262,EMP1043,"08","3",4,1,0,LOW
109112,1091,20,20,20,109112,EMP1043,"08","3",6,1,0,LOW
9361,9361,20,10,10,9361,EMP1043,"08","3",5,1,0,LOW
8832,8832,20,10,10,8832,EMP1043,"08","3",5,1,0,HIGH
12992,12992,20,10,10,12992,EMP1021,"08","6",5,1,0,LOW
13467,13467,20,10,10,13467,EMP1021,"08","6",5,1,0,LOW
814,814,30,10,10,814,EMP1021,"08","4",3,1,0,LOW
768,768,30,10,10,768,EMP1021,"08","5",3,1,0,LOW
1203,1203,30,10,10,1203,EMP1021,"08","6",5,1,0,LOW
1247,1247,30,10,10,1247,EMP1021,"08","5",3,1,0,LOW
300000,3000,10,20,20,0,NONE,"08","5",4,1,0,LOW
250000,2500,10,20,20,0,NONE,"08","5",4,1,0,LOW
250000,2500,10,20,20,0,NONE,"08","5",4,1,0,LOW
300000,3000,10,20,20,0,NONE,"08","5",6,1,0,HIGH
1500000,15000,10,20,20,0,NONE,"08","4",4,1,0,LOW
50400,50400,20,10,10,50400,EMP1056,"08","6",5,1,0,LOW
500000,5000,10,20,20,0,NONE,"08","3",4,1,0,LOW
71225,712,20,20,20,71225,EMP1056,"08","6",4,1,0,LOW
67200,672,20,20,20,67200,EMP1056,"08","6",4,1,0,LOW
500000,5000,10,20,20,0,NONE,"08","4",8,1,0,LOW
500000,5000,10,20,20,0,NONE,"08","4",4,1,0,LOW
105262,1053,20,20,20,105262,EMP1056,"08","6",4,1,0,LOW
109112,1091,20,20,20,109112,EMP1056,"08","6",4,1,0,LOW
9361,9361,20,10,10,9361,EMP1056,"08","6",5,1,0,MEDIUM
8832,8832,20,10,10,8832,EMP1056,"08","6",7,1,0,LOW
13834,13834,20,10,10,13834,EMP1056,"08","7",5,1,0,LOW
14340,14340,20,10,10,14340,EMP1056,"08","6",7,1,0,LOW
8791,8791,20,10,10,8791,EMP1056,"08","6",7,1,0,LOW
8294,8294,20,10,10,8294,EMP1056,"08","6",5,1,0,LOW
12992,12992,20,10,10,12992,EMP1056,"08","1",9,1,0,HIGH
13467,13467,20,10,10,13467,EMP1056,"08","6",5,1,0,LOW
814,814,30,10,10,814,EMP1056,"08","6",3,1,0,LOW
768,768,30,10,10,768,EMP1056,"08","6",5,1,0,LOW
1203,1203,30,10,10,1203,EMP1056,"08","6",3,1,0,MEDIUM
1247,1247,30,10,10,1247,EMP1056,"08","5",3,1,0,LOW
50400,50400,20,10,10,50400,EMP1050,"08","7",7,1,0,LOW
500000,5000,10,20,20,0,NONE,"08","5",6,1,0,LOW
1500000,15000,10,20,20,0,NONE,"08","5",4,1,0,LOW
1000000,10000,10,20,20,0,NONE,"08","5",6,1,0,HIGH
1000000,10000,10,20,20,0,NONE,"08","4",4,1,0,LOW
71225,712,20,20,20,71225,EMP1050,"08","2",8,1,0,HIGH
49925,49925,20,10,10,49925,EMP1059,"08","4",5,1,0,LOW
61865,619,20,20,20,61865,EMP1059,"08","4",6,1,0,LOW
500000,5000,10,20,20,0,NONE,"08","2",4,1,0,LOW
104650,1047,20,20,20,104650,EMP1059,"08","4",4,1,0,LOW
500000,5000,10,20,20,0,NONE,"08","1",4,1,0,LOW
81465,815,20,20,20,81465,EMP1059,"08","4",4,1,0,LOW
1500000,15000,10,20,20,0,NONE,"08","2",4,1,0,LOW
101500,1015,20,20,20,101500,EMP1059,"08","4",4,1,0,LOW
8133,8133,20,10,10,8133,EMP1059,"08","5",5,1,0,LOW
13754,13754,20,10,10,13754,EMP1059,"08","5",5,1,0,LOW
10709,10709,20,10,10,10709,EMP1059,"08","4",5,1,0,LOW
13340,13340,20,10,10,13340,EMP1059,"08","4",7,1,0,LOW
7638,7638,20,10,10,7638,EMP1059,"08","6",9,1,0,LOW
12920,12920,20,10,10,12920,EMP1059,"08","5",5,1,0,LOW
10058,10058,20,10,10,10058,EMP1059,"08","4",5,1,0,MEDIUM
12528,12528,20,10,10,12528,EMP1059,"08","5",5,1,0,LOW
707,707,30,10,10,707,EMP1059,"08","3",3,1,0,MEDIUM
1196,1196,30,10,10,1196,EMP1059,"08","4",3,1,0,LOW
931,931,30,10,10,931,EMP1059,"08","4",3,1,0,LOW
1160,1160,30,10,10,1160,EMP1059,"08","4",3,1,0,LOW
500000,5000,10,20,20,0,NONE,"08","4",4,1,0,LOW
1500000,15000,10,20,20,0,NONE,"08","3",4,1,0,LOW
50400,50400,20,10,10,50400,EMP1021,"08","5",5,1,0,LOW
71225,712,20,20,20,71225,EMP1021,"08","5",4,1,0,HIGH
500000,5000,10,20,20,0,NONE,"08","3",4,1,0,LOW
500000,5000,10,20,20,0,NONE,"08","3",8,1,0,LOW
67200,672,20,20,20,67200,EMP1021,"08","5",6,1,0,LOW
105262,1053,20,20,20,105262,EMP1021,"08","7",8,1,0,LOW
500000,5000,10,20,20,0,NONE,"08","3",4,1,0,LOW
500000,5000,10,20,20,0,NONE,"08","3",4,1,0,LOW
109112,1091,20,20,20,109112,EMP1021,"08","5",4,1,0,LOW
9361,9361,20,10,10,9361,EMP1021,"08","5",7,1,0,LOW
8832,8832,20,10,10,8832,EMP1021,"08","5",5,1,0,LOW
13834,13834,20,10,10,13834,EMP1021,"08","5",7,1,0,LOW
14340,14340,20,10,10,14340,EMP1021,"08","5",5,1,0,LOW
8791,8791,20,10,10,8791,EMP1021,"08","6",5,1,0,LOW
8294,8294,20,10,10,8294,EMP1021,"08","6",9,1,0,LOW
10054,10054,20,10,10,10054,EMP1006,"08","1",5,1,0,LOW
12528,12528,20,10,10,12528,EMP1006,"08","1",5,1,0,LOW
707,707,30,10,10,707,EMP1006,"08","7",3,1,0,MEDIUM
1196,1196,30,10,10,1196,EMP1006,"08","7",5,1,0,LOW
931,931,30,10,10,931,EMP1006,"08","1",5,1,0,LOW
1160,1160,30,10,10,1160,EMP1006,"08","7",3,1,0,LOW
300000,3000,10,20,20,0,NONE,"08","1",4,1,0,LOW
250000,2500,10,20,20,0,NONE,"08","1",4,1,0,LOW
250000,2500,10,20,20,0,NONE,"08","1",6,1,0,LOW
300000,3000,10,20,20,0,NONE,"08","1",4,1,0,LOW
49925,49925,20,10,10,49925,EMP1051,"08","3",5,1,0,LOW
61862,619,20,20,20,61862,EMP1051,"08","4",8,1,0,LOW
500000,5000,10,20,20,0,NONE,"08","7",4,1,0,HIGH
500000,5000,10,20,20,0,NONE,"08","1",4,1,0,HIGH
500000,5000,10,20,20,0,NONE,"08","1",6,1,0,LOW
104650,1047,20,20,20,104650,EMP1051,"08","3",4,1,0,LOW
500000,5000,10,20,20,0,NONE,"08","1",4,1,0,LOW
500000,5000,10,20,20,0,NONE,"08","1",6,1,0,LOW
1500000,15000,10,20,20,0,NONE,"08","1",4,1,0,LOW
81462,815,20,20,20,81462,EMP1051,"08","3",4,1,0,LOW
101500,1015,20,20,20,101500,EMP1051,"08","3",4,1,0,HIGH
8130,8130,20,10,10,8130,EMP1051,"08","3",5,1,0,LOW
13754,13754,20,10,10,13754,EMP1051,"08","3",5,1,0,LOW
10706,10706,20,10,10,10706,EMP1051,"08","3",5,1,0,LOW
13340,13340,20,10,10,13340,EMP1051,"08","3",7,1,0,LOW
7635,7635,20,10,10,7635,EMP1051,"08","4",5,1,0,HIGH
12916,12916,20,10,10,12916,EMP1051,"08","4",5,1,0,LOW
10054,10054,20,10,10,10054,EMP1051,"08","3",5,1,0,LOW
12528,12528,20,10,10,12528,EMP1051,"08","3",5,1,0,LOW
707,707,30,10,10,707,EMP1051,"08","4",5,1,0,LOW
1196,1196,30,10,10,1196,EMP1051,"08","2",3,1,0,MEDIUM
931,931,30,10,10,931,EMP1051,"08","2",3,1,0,LOW
1160,1160,30,10,10,1160,EMP1051,"08","2",3,1,0,LOW
300000,3000,10,20,20,0,NONE,"08","3",8,1,0,LOW
250000,2500,10,20,20,0,NONE,"08","3",4,1,0,LOW
250000,2500,10,20,20,0,NONE,"08","3",8,1,0,LOW
300000,3000,10,20,20,0,NONE,"08","3",4,1,0,LOW
104650,1047,20,20,20,104650,EMP1059,"08","6",4,1,0,LOW
81462,815,20,20,20,81462,EMP1059,"08","6",4,1,0,LOW
500000,5000,10,20,20,0,NONE,"08","4",4,1,0,LOW
500000,5000,10,20,20,0,NONE,"08","5",4,1,0,LOW
101500,1015,20,20,20,101500,EMP1059,"08","6",4,1,0,LOW
8130,8130,20,10,10,8130,EMP1059,"08","7",7,1,0,LOW
13754,13754,20,10,10,13754,EMP1059,"08","6",5,1,0,LOW
10706,10706,20,10,10,10706,EMP1059,"08","7",5,1,0,LOW
13340,13340,20,10,10,13340,EMP1059,"08","6",7,1,0,LOW
7635,7635,20,10,10,7635,EMP1059,"08","7",5,1,0,LOW
12916,12916,20,10,10,12916,EMP1059,"08","7",5,1,0,LOW
10054,10054,20,10,10,10054,EMP1059,"08","7",5,1,0,LOW
12528,12528,20,10,10,12528,EMP1059,"08","7",5,1,0,LOW
707,707,30,10,10,707,EMP1059,"08","6",3,1,0,MEDIUM
1196,1196,30,10,10,1196,EMP1059,"08","7",5,1,0,MEDIUM
931,931,30,10,10,931,EMP1059,"08","6",3,1,0,MEDIUM
1160,1160,30,10,10,1160,EMP1059,"08","7",5,1,0,LOW
300000,3000,10,20,20,0,NONE,"08","6",4,1,0,LOW
250000,2500,10,20,20,0,NONE,"08","6",4,1,0,LOW
250000,2500,10,20,20,0,NONE,"08","6",8,1,0,LOW
300000,3000,10,20,20,0,NONE,"08","6",4,1,0,LOW
1500000,15000,10,20,20,0,NONE,"08","4",4,1,0,LOW
49925,49925,20,10,10,49925,EMP1006,"08","7",5,1,0,LOW
61862,619,20,20,20,61862,EMP1006,"08","7",6,1,0,LOW
500000,5000,10,20,20,0,NONE,"08","5",4,1,0,LOW
1500000,15000,10,20,20,0,NONE,"08","5",4,1,0,LOW
104650,1047,20,20,20,104650,EMP1006,"08","7",6,1,0,LOW
81462,815,20,20,20,81462,EMP1006,"08","7",4,1,0,LOW
500000,5000,10,20,20,0,NONE,"08","4",4,1,0,LOW
1000000,10000,10,20,20,0,NONE,"08","5",4,1,0,LOW
101500,1015,20,20,20,101500,EMP1006,"08","7",4,1,0,LOW
8130,8130,20,10,10,8130,EMP1006,"08","7",7,1,0,LOW
13754,13754,20,10,10,13754,EMP1006,"08","7",5,1,0,MEDIUM
10706,10706,20,10,10,10706,EMP1006,"08","7",5,1,0,LOW
13340,13340,20,10,10,13340,EMP1006,"08","7",7,1,0,LOW
7635,7635,20,10,10,7635,EMP1006,"08","7",5,1,0,LOW
12916,12916,20,10,10,12916,EMP1006,"08","7",5,1,0,LOW
13554,13554,20,10,10,13554,EMP1041,"08","5",5,1,0,LOW
8114,8114,20,10,10,8114,EMP1041,"08","5",7,1,0,LOW
11948,11948,20,10,10,11948,EMP1041,"08","4",5,1,0,MEDIUM
13730,13730,20,10,10,13730,EMP1041,"08","4",5,1,0,LOW
1255,1255,30,10,10,1255,EMP1041,"08","3",3,1,0,LOW
751,751,30,10,10,751,EMP1041,"08","3",3,1,0,LOW
1106,1106,30,10,10,1106,EMP1041,"08","4",3,1,0,LOW
1271,1271,30,10,10,1271,EMP1041,"08","4",3,1,0,LOW
300000,3000,10,20,20,0,NONE,"08","4",4,1,0,LOW
250000,2500,10,20,20,0,NONE,"08","4",4,1,0,LOW
250000,2500,10,20,20,0,NONE,"08","4",4,1,0,LOW
300000,3000,10,20,20,0,NONE,"08","4",6,1,0,LOW
500000,5000,10,20,20,0,NONE,"08","4",4,1,0,LOW
1500000,15000,10,20,20,0,NONE,"08","3",4,1,0,LOW
49925,49925,20,10,10,49925,EMP1057,"08","5",5,1,0,LOW
61862,619,20,20,20,61862,EMP1057,"08","5",6,1,0,LOW
104650,1047,20,20,20,104650,EMP1057,"08","5",4,1,0,LOW
500000,5000,10,20,20,0,NONE,"08","3",4,1,0,LOW
81462,815,20,20,20,81462,EMP1057,"08","5",4,1,0,LOW
101500,1015,20,20,20,101500,EMP1057,"08","5",4,1,0,LOW
8130,8130,20,10,10,8130,EMP1057,"08","5",5,1,0,LOW
13754,13754,20,10,10,13754,EMP1057,"08","5",5,1,0,LOW
10706,10706,20,10,10,10706,EMP1057,"08","5",5,1,0,LOW
13340,13340,20,10,10,13340,EMP1057,"08","5",5,1,0,MEDIUM
7635,7635,20,10,10,7635,EMP1057,"08","7",9,1,0,LOW
12916,12916,20,10,10,12916,EMP1057,"08","5",7,1,0,LOW
10054,10054,20,10,10,10054,EMP1057,"08","6",5,1,0,LOW
12528,12528,20,10,10,12528,EMP1057,"08","5",5,1,0,LOW
707,707,30,10,10,707,EMP1057,"08","5",3,1,0,LOW
1196,1196,30,10,10,1196,EMP1057,"08","6",5,1,0,MEDIUM
931,931,30,10,10,931,EMP1057,"08","6",5,1,0,LOW
1160,1160,30,10,10,1160,EMP1057,"08","6",5,1,0,LOW
49925,49925,20,10,10,49925,EMP1059,"08","6",7,1,0,LOW
500000,5000,10,20,20,0,NONE,"08","4",4,1,0,LOW
1500000,15000,10,20,20,0,NONE,"08","4",4,1,0,LOW
61862,619,20,20,20,61862,EMP1059,"08","6",4,1,0,LOW
500000,5000,10,20,20,0,NONE,"08","4",8,1,0,LOW
300000,3000,10,20,20,0,NONE,"08","2",4,1,0,LOW
54787,54787,20,10,10,54787,EMP1044,"08","3",5,1,0,LOW
109812,1098,20,20,20,109812,EMP1044,"08","3",4,1,0,LOW
65712,657,20,20,20,65712,EMP1044,"08","3",6,1,0,HIGH
500000,5000,10,20,20,0,NONE,"08","7",4,1,0,LOW
96775,968,20,20,20,96775,EMP1044,"08","3",4,1,0,LOW
1500000,15000,10,20,20,0,NONE,"08","1",6,1,0,LOW
1000000,10000,10,20,20,0,NONE,"08","7",6,1,0,LOW
111212,1112,20,20,20,111212,EMP1044,"08","3",4,1,0,LOW
14432,14432,20,10,10,14432,EMP1044,"08","3",7,1,0,LOW
8636,8636,20,10,10,8636,EMP1044,"08","3",5,1,0,LOW
12719,12719,20,10,10,12719,EMP1044,"08","3",5,1,0,LOW
14616,14616,20,10,10,14616,EMP1044,"08","3",5,1,0,LOW
13554,13554,20,10,10,13554,EMP1044,"08","4",5,1,0,LOW
8110,8110,20,10,10,8110,EMP1044,"08","3",5,1,0,LOW
11944,11944,20,10,10,11944,EMP1044,"08","4",5,1,0,MEDIUM
13726,13726,20,10,10,13726,EMP1044,"08","3",5,1,0,MEDIUM
1255,1255,30,10,10,1255,EMP1044,"08","3",3,1,0,LOW
751,751,30,10,10,751,EMP1044,"08","3",3,1,0,LOW
1106,1106,30,10,10,1106,EMP1044,"08","3",3,1,0,LOW
1271,1271,30,10,10,1271,EMP1044,"08","4",5,1,0,MEDIUM
1500000,15000,10,20,20,0,NONE,"08","2",6,1,0,LOW
54790,54790,20,10,10,54790,EMP1041,"08","4",5,1,0,LOW
500000,5000,10,20,20,0,NONE,"08","2",4,1,0,LOW
500000,5000,10,20,20,0,NONE,"08","2",4,1,0,LOW
109815,1098,20,20,20,109815,EMP1041,"08","4",4,1,0,LOW
500000,5000,10,20,20,0,NONE,"08","2",4,1,0,LOW
65715,657,20,20,20,65715,EMP1041,"08","4",4,1,0,LOW
500000,5000,10,20,20,0,NONE,"08","2",4,1,0,LOW
500000,5000,10,20,20,0,NONE,"08","2",4,1,0,LOW
96775,968,20,20,20,96775,EMP1041,"08","4",4,1,0,MEDIUM
500000,5000,10,20,20,0,NONE,"08","2",4,1,0,LOW
111215,1112,20,20,20,111215,EMP1041,"08","6",8,1,0,HIGH
14435,14435,20,10,10,14435,EMP1041,"08","4",5,1,0,LOW
8639,8639,20,10,10,8639,EMP1041,"08","4",5,1,0,LOW
12719,12719,20,10,10,12719,EMP1041,"08","4",5,1,0,LOW
14619,14619,20,10,10,14619,EMP1041,"08","5",7,1,0,LOW
11944,11944,20,10,10,11944,EMP1059,"08","6",5,1,0,LOW
13726,13726,20,10,10,13726,EMP1059,"08","7",9,1,0,LOW
1255,1255,30,10,10,1255,EMP1059,"08","6",3,1,0,LOW
751,751,30,10,10,751,EMP1059,"08","6",3,1,0,LOW
1106,1106,30,10,10,1106,EMP1059,"08","6",3,1,0,LOW
1271,1271,30,10,10,1271,EMP1059,"08","7",5,1,0,LOW
54787,54787,20,10,10,54787,EMP1048,"08","7",5,1,0,LOW
500000,5000,10,20,20,0,NONE,"08","5",5,1,0,LOW
500000,5000,10,20,20,0,NONE,"08","5",6,1,0,LOW
109812,1098,20,20,20,109812,EMP1048,"08","7",6,1,0,LOW
500000,5000,10,20,20,0,NONE,"08","5",5,1,0,LOW
65712,657,20,20,20,65712,EMP1048,"08","7",4,1,0,LOW
500000,5000,10,20,20,0,NONE,"08","5",4,1,0,LOW
500000,5000,10,20,20,0,NONE,"08","5",5,1,0,LOW
96775,968,20,20,20,96775,EMP1048,"08","7",4,1,0,LOW
500000,5000,10,20,20,0,NONE,"08","5",6,1,0,LOW
1500000,15000,10,20,20,0,NONE,"08","5",4,1,0,LOW
111212,1112,20,20,20,111212,EMP1048,"08","7",4,1,0,LOW
14432,14432,20,10,10,14432,EMP1048,"08","7",5,1,0,LOW
8636,8636,20,10,10,8636,EMP1048,"08","7",5,1,0,LOW
12719,12719,20,10,10,12719,EMP1048,"08","7",5,1,0,LOW
14616,14616,20,10,10,14616,EMP1048,"08","7",5,1,0,LOW
13554,13554,20,10,10,13554,EMP1048,"08","1",5,1,0,LOW
8110,8110,20,10,10,8110,EMP1048,"08","7",5,1,0,LOW
11944,11944,20,10,10,11944,EMP1048,"08","7",7,1,0,LOW
13726,13726,20,10,10,13726,EMP1048,"08","7",5,1,0,LOW
1255,1255,30,10,10,1255,EMP1048,"08","7",3,1,0,LOW
751,751,30,10,10,751,EMP1048,"08","7",3,1,0,LOW
1106,1106,30,10,10,1106,EMP1048,"08","1",5,1,0,MEDIUM
1271,1271,30,10,10,1271,EMP1048,"08","7",3,1,0,LOW
300000,3000,10,20,20,0,NONE,"08","7",4,1,0,LOW
250000,2500,10,20,20,0,NONE,"08","7",4,1,0,HIGH
250000,2500,10,20,20,0,NONE,"08","7",6,1,0,LOW
300000,3000,10,20,20,0,NONE,"08","7",4,1,0,LOW
300000,3000,10,20,20,0,NONE,"08","2",4,1,0,LOW
250000,2500,10,20,20,0,NONE,"08","2",4,1,0,HIGH
250000,2500,10,20,20,0,NONE,"08","2",6,1,0,LOW
111212,1112,20,20,20,111212,EMP1041,"08","5",4,1,0,LOW
14432,14432,20,10,10,14432,EMP1041,"08","6",9,1,0,LOW
8636,8636,20,10,10,8636,EMP1041,"08","5",5,1,0,MEDIUM
12719,12719,20,10,10,12719,EMP1041,"08","7",7,1,0,LOW
14616,14616,20,10,10,14616,EMP1041,"08","1",7,1,0,LOW
13554,13554,20,10,10,13554,EMP1041,"08","7",7,1,0,LOW
8110,8110,20,10,10,8110,EMP1041,"08","6",5,1,0,LOW
11944,11944,20,10,10,11944,EMP1041,"08","5",5,1,0,MEDIUM
13726,13726,20,10,10,13726,EMP1041,"08","6",7,1,0,LOW
1255,1255,30,10,10,1255,EMP1041,"07","4",4,1,0,LOW
751,751,30,10,10,751,EMP1041,"08","5",4,1,0,LOW
1106,1106,30,10,10,1106,EMP1041,"08","5",3,1,0,LOW
1271,1271,30,10,10,1271,EMP1041,"08","6",5,1,0,LOW
300000,3000,10,20,20,0,NONE,"08","5",4,1,0,HIGH
250000,2500,10,20,20,0,NONE,"08","5",4,1,0,LOW
250000,2500,10,20,20,0,NONE,"08","5",4,1,0,HIGH
300000,3000,10,20,20,0,NONE,"08","5",4,1,0,LOW
54787,54787,20,10,10,54787,EMP1059,"08","6",5,1,0,LOW
500000,5000,10,20,20,0,NONE,"07","3",5,1,0,HIGH
500000,5000,10,20,20,0,NONE,"07","3",7,1,0,LOW
109812,1098,20,20,20,109812,EMP1059,"08","6",4,1,0,LOW
65712,657,20,20,20,65712,EMP1059,"08","7",8,1,0,LOW
500000,5000,10,20,20,0,NONE,"07","4",5,1,0,LOW
500000,5000,10,20,20,0,NONE,"07","4",7,1,0,HIGH
500000,5000,10,20,20,0,NONE,"07","4",5,1,0,LOW
1500000,15000,10,20,20,0,NONE,"07","4",5,1,0,LOW
96775,968,20,20,20,96775,EMP1059,"08","6",4,1,0,LOW
500000,5000,10,20,20,0,NONE,"07","4",9,1,0,HIGH
500000,5000,10,20,20,0,NONE,"07","4",5,1,0,LOW
111212,1112,20,20,20,111212,EMP1059,"08","6",4,1,0,LOW
14432,14432,20,10,10,14432,EMP1059,"08","6",5,1,0,LOW
8636,8636,20,10,10,8636,EMP1059,"08","7",5,1,0,LOW
12719,12719,20,10,10,12719,EMP1059,"08","6",5,1,0,LOW
14616,14616,20,10,10,14616,EMP1059,"08","6",5,1,0,LOW
13554,13554,20,10,10,13554,EMP1059,"08","6",5,1,0,LOW
8110,8110,20,10,10,8110,EMP1059,"08","6",5,1,0,LOW
500000,500000,40,10,10,0,NONE,"07","3",6,1,0,LOW
400000,400000,40,10,10,0,NONE,"07","3",6,1,0,LOW
400000,400000,40,10,10,0,NONE,"07","3",10,1,0,LOW
30000,30000,40,10,10,0,NONE,"07","3",8,1,0,HIGH
53000,53000,20,10,10,53000,EMP1047,"07","4",6,1,0,LOW
95900,959,20,20,20,95900,EMP1047,"07","4",5,1,0,LOW
75340,753,20,20,20,75340,EMP1047,"08","6",6,1,0,LOW
500000,5000,10,20,20,0,NONE,"07","2",5,1,0,LOW
500000,5000,10,20,20,0,NONE,"07","2",7,1,0,LOW
500000,5000,10,20,20,0,NONE,"07","1",7,1,0,HIGH
500000,5000,10,20,20,0,NONE,"07","1",9,1,0,LOW
99315,993,20,20,20,99315,EMP1047,"07","4",5,1,0,MEDIUM
500000,5000,10,20,20,0,NONE,"07","2",7,1,0,LOW
100450,1005,20,20,20,100450,EMP1047,"08","5",8,1,0,LOW
12604,12604,20,10,10,12604,EMP1047,"07","4",6,1,0,LOW
9904,9904,20,10,10,9904,EMP1047,"08","5",7,1,0,LOW
13055,13055,20,10,10,13055,EMP1047,"08","6",7,1,0,HIGH
13202,13202,20,10,10,13202,EMP1047,"07","4",6,1,0,LOW
11841,11841,20,10,10,11841,EMP1047,"07","4",6,1,0,HIGH
9303,9303,20,10,10,9303,EMP1047,"08","7",9,1,0,LOW
12258,12258,20,10,10,12258,EMP1047,"08","5",6,1,0,LOW
12401,12401,20,10,10,12401,EMP1047,"07","4",6,1,0,LOW
1096,1096,30,10,10,1096,EMP1047,"07","4",4,1,0,LOW
861,861,30,10,10,861,EMP1047,"08","5",6,1,0,LOW
1135,1135,30,10,10,1135,EMP1047,"07","4",4,1,0,LOW
1148,1148,30,10,10,1148,EMP1047,"07","4",4,1,0,LOW
500000,5000,10,20,20,0,NONE,"07","4",5,1,0,LOW
1000000,10000,10,20,20,0,NONE,"07","2",5,1,0,LOW
54787,54787,20,10,10,54787,EMP1041,"08","5",5,1,0,LOW
500000,5000,10,20,20,0,NONE,"07","3",5,1,0,LOW
500000,5000,10,20,20,0,NONE,"07","2",5,1,0,LOW
109812,1098,20,20,20,109812,EMP1041,"08","5",4,1,0,LOW
65712,657,20,20,20,65712,EMP1041,"08","5",4,1,0,LOW
500000,5000,10,20,20,0,NONE,"07","3",5,1,0,LOW
1500000,15000,10,20,20,0,NONE,"07","3",5,1,0,HIGH
1500000,15000,10,20,20,0,NONE,"07","3",5,1,0,LOW
96775,968,20,20,20,96775,EMP1041,"08","6",6,1,0,LOW
12398,12398,20,10,10,12398,EMP1006,"07","3",8,1,0,LOW
1096,1096,30,10,10,1096,EMP1006,"07","1",4,1,0,LOW
861,861,30,10,10,861,EMP1006,"07","1",4,1,0,LOW
1135,1135,30,10,10,1135,EMP1006,"07","1",4,1,0,LOW
1148,1148,30,10,10,1148,EMP1006,"07","1",4,1,0,LOW
300000,3000,10,20,20,0,NONE,"07","1",5,1,0,LOW
250000,2500,10,20,20,0,NONE,"07","1",5,1,0,LOW
250000,2500,10,20,20,0,NONE,"07","1",5,1,0,LOW
300000,3000,10,20,20,0,NONE,"07","1",7,1,0,LOW
1500000,15000,10,20,20,0,NONE,"07","1",7,1,0,LOW
53000,53000,20,10,10,53000,EMP1050,"08","5",7,1,0,LOW
95900,959,20,20,20,95900,EMP1050,"07","3",5,1,0,LOW
500000,5000,10,20,20,0,NONE,"07","1",5,1,0,LOW
1500000,15000,10,20,20,0,NONE,"07","1",5,1,0,LOW
75337,753,20,20,20,75337,EMP1050,"07","3",5,1,0,LOW
500000,5000,10,20,20,0,NONE,"07","7",5,1,0,LOW
99312,993,20,20,20,99312,EMP1050,"07","3",5,1,0,LOW
100450,1005,20,20,20,100450,EMP1050,"07","3",5,1,0,LOW
12604,12604,20,10,10,12604,EMP1050,"07","3",6,1,0,LOW
9901,9901,20,10,10,9901,EMP1050,"07","4",6,1,0,LOW
13052,13052,20,10,10,13052,EMP1050,"07","3",6,1,0,LOW
13202,13202,20,10,10,13202,EMP1050,"07","3",6,1,0,HIGH
11836,11836,20,10,10,11836,EMP1050,"07","3",6,1,0,LOW
9298,9298,20,10,10,9298,EMP1050,"07","4",6,1,0,HIGH
12258,12258,20,10,10,12258,EMP1050,"07","3",6,1,0,LOW
12398,12398,20,10,10,12398,EMP1050,"07","4",6,1,0,LOW
1096,1096,30,10,10,1096,EMP1050,"07","4",6,1,0,LOW
861,861,30,10,10,861,EMP1050,"07","3",4,1,0,LOW
1135,1135,30,10,10,1135,EMP1050,"07","3",4,1,0,LOW
1148,1148,30,10,10,1148,EMP1050,"08","5",7,1,0,LOW
300000,3000,10,20,20,0,NONE,"07","3",5,1,0,LOW
250000,2500,10,20,20,0,NONE,"07","3",5,1,0,HIGH
250000,2500,10,20,20,0,NONE,"07","3",7,1,0,HIGH
300000,3000,10,20,20,0,NONE,"07","3",5,1,0,LOW
1500000,15000,10,20,20,0,NONE,"07","3",5,1,0,LOW
1500000,15000,10,20,20,0,NONE,"07","3",5,1,0,LOW
500000,500000,40,10,10,0,NONE,"07","3",8,1,0,LOW
500000,5000,10,20,20,0,NONE,"07","5",7,1,0,HIGH
500000,5000,10,20,20,0,NONE,"07","5",5,1,0,LOW
99312,993,20,20,20,99312,EMP1002,"07","7",5,1,0,LOW
100450,1005,20,20,20,100450,EMP1002,"07","7",5,1,0,LOW
12604,12604,20,10,10,12604,EMP1002,"07","2",10,1,0,LOW
9901,9901,20,10,10,9901,EMP1002,"07","2",10,1,0,HIGH
13052,13052,20,10,10,13052,EMP1002,"07","2",10,1,0,LOW
13202,13202,20,10,10,13202,EMP1002,"07","7",6,1,0,LOW
11836,11836,20,10,10,11836,EMP1002,"07","2",8,1,0,HIGH
9298,9298,20,10,10,9298,EMP1002,"07","1",10,1,0,LOW
12258,12258,20,10,10,12258,EMP1002,"07","1",6,1,0,HIGH
12398,12398,20,10,10,12398,EMP1002,"07","2",8,1,0,HIGH
1096,1096,30,10,10,1096,EMP1002,"07","2",8,1,0,LOW
861,861,30,10,10,861,EMP1002,"07","1",6,1,0,HIGH
1135,1135,30,10,10,1135,EMP1002,"07","1",6,1,0,LOW
1148,1148,30,10,10,1148,EMP1002,"07","6",4,1,0,LOW
53000,53000,20,10,10,53000,EMP1006,"07","3",8,1,0,HIGH
500000,5000,10,20,20,0,NONE,"07","7",5,1,0,LOW
500000,5000,10,20,20,0,NONE,"07","6",5,1,0,LOW
1500000,15000,10,20,20,0,NONE,"07","6",7,1,0,LOW
95900,959,20,20,20,95900,EMP1006,"07","1",5,1,0,LOW
500000,5000,10,20,20,0,NONE,"07","5",5,1,0,LOW
75337,753,20,20,20,75337,EMP1006,"07","1",5,1,0,LOW
500000,5000,10,20,20,0,NONE,"07","5",5,1,0,LOW
500000,5000,10,20,20,0,NONE,"07","6",9,1,0,LOW
99312,993,20,20,20,99312,EMP1006,"07","1",5,1,0,LOW
500000,5000,10,20,20,0,NONE,"07","6",9,1,0,HIGH
500000,5000,10,20,20,0,NONE,"07","5",5,1,0,LOW
100450,1005,20,20,20,100450,EMP1006,"07","1",5,1,0,LOW
12604,12604,20,10,10,12604,EMP1006,"07","2",8,1,0,LOW
9901,9901,20,10,10,9901,EMP1006,"07","1",6,1,0,LOW
13052,13052,20,10,10,13052,EMP1006,"07","1",6,1,0,LOW
13202,13202,20,10,10,13202,EMP1006,"07","1",6,1,0,LOW
11836,11836,20,10,10,11836,EMP1006,"07","1",6,1,0,LOW
9298,9298,20,10,10,9298,EMP1006,"07","3",8,1,0,LOW
12258,12258,20,10,10,12258,EMP1006,"07","3",8,1,0,LOW
1135,1135,30,10,10,1135,EMP1046,"07","5",6,1,0,LOW
1148,1148,30,10,10,1148,EMP1046,"07","5",4,1,0,LOW
1500000,15000,10,20,20,0,NONE,"07","4",5,1,0,LOW
1500000,15000,10,20,20,0,NONE,"07","4",5,1,0,LOW
53000,53000,20,10,10,53000,EMP1048,"07","7",8,1,0,HIGH
500000,5000,10,20,20,0,NONE,"07","4",5,1,0,LOW
95900,959,20,20,20,95900,EMP1048,"07","6",5,1,0,LOW
75337,753,20,20,20,75337,EMP1048,"07","6",5,1,0,MEDIUM
500000,5000,10,20,20,0,NONE,"07","4",7,1,0,LOW
500000,5000,10,20,20,0,NONE,"07","4",5,1,0,LOW
99312,993,20,20,20,99312,EMP1048,"07","6",5,1,0,HIGH
500000,5000,10,20,20,0,NONE,"07","3",7,1,0,LOW
1000000,10000,10,20,20,0,NONE,"07","4",5,1,0,LOW
100450,1005,20,20,20,100450,EMP1048,"07","6",5,1,0,LOW
12604,12604,20,10,10,12604,EMP1048,"07","6",6,1,0,LOW
9901,9901,20,10,10,9901,EMP1048,"07","6",6,1,0,LOW
13052,13052,20,10,10,13052,EMP1048,"07","6",6,1,0,LOW
13202,13202,20,10,10,13202,EMP1048,"07","1",8,1,0,LOW
11836,11836,20,10,10,11836,EMP1048,"07","7",6,1,0,LOW
9298,9298,20,10,10,9298,EMP1048,"07","7",6,1,0,HIGH
12258,12258,20,10,10,12258,EMP1048,"07","1",8,1,0,HIGH
12398,12398,20,10,10,12398,EMP1048,"07","6",6,1,0,LOW
1096,1096,30,10,10,1096,EMP1048,"07","5",4,1,0,LOW
861,861,30,10,10,861,EMP1048,"07","7",6,1,0,LOW
1135,1135,30,10,10,1135,EMP1048,"07","6",4,1,0,LOW
1148,1148,30,10,10,1148,EMP1048,"07","2",8,1,0,LOW
300000,3000,10,20,20,0,NONE,"07","6",9,1,0,LOW
250000,2500,10,20,20,0,NONE,"07","6",9,1,0,LOW
250000,2500,10,20,20,0,NONE,"07","6",7,1,0,LOW
300000,3000,10,20,20,0,NONE,"07","6",5,1,0,HIGH
1500000,15000,10,20,20,0,NONE,"07","5",9,1,0,LOW
53000,53000,20,10,10,53000,EMP1002,"07","7",6,1,0,LOW
500000,5000,10,20,20,0,NONE,"07","5",5,1,0,LOW
95900,959,20,20,20,95900,EMP1002,"07","7",5,1,0,LOW
75337,753,20,20,20,75337,EMP1002,"07","7",5,1,0,LOW
500000,5000,10,20,20,0,NONE,"07","5",5,1,0,HIGH
500000,5000,10,20,20,0,NONE,"07","1",5,1,0,LOW
1500000,15000,10,20,20,0,NONE,"07","2",5,1,0,LOW
109115,1091,20,20,20,109115,EMP1049,"07","6",7,1,0,HIGH
8648,8648,20,10,10,8648,EMP1049,"07","5",8,1,0,LOW
10810,10810,20,10,10,10810,EMP1049,"07","4",6,1,0,LOW
8671,8671,20,10,10,8671,EMP1049,"07","4",6,1,0,LOW
14343,14343,20,10,10,14343,EMP1049,"07","4",6,1,0,LOW
8125,8125,20,10,10,8125,EMP1049,"07","4",6,1,0,HIGH
10152,10152,20,10,10,10152,EMP1049,"07","4",6,1,0,HIGH
8145,8145,20,10,10,8145,EMP1049,"07","5",6,1,0,LOW
13471,13471,20,10,10,13471,EMP1049,"07","4",6,1,0,LOW
752,752,30,10,10,752,EMP1049,"07","4",4,1,0,LOW
940,940,30,10,10,940,EMP1049,"07","3",4,1,0,LOW
754,754,30,10,10,754,EMP1049,"07","5",6,1,0,LOW
1247,1247,30,10,10,1247,EMP1049,"07","6",8,1,0,HIGH
300000,3000,10,20,20,0,NONE,"07","4",7,1,0,LOW
250000,2500,10,20,20,0,NONE,"07","4",5,1,0,LOW
250000,2500,10,20,20,0,NONE,"07","4",7,1,0,LOW
300000,3000,10,20,20,0,NONE,"07","4",9,1,0,LOW
500000,5000,10,20,20,0,NONE,"07","4",7,1,0,LOW
53000,53000,20,10,10,53000,EMP1046,"07","5",6,1,0,LOW
95900,959,20,20,20,95900,EMP1046,"07","5",5,1,0,LOW
75337,753,20,20,20,75337,EMP1046,"07","5",5,1,0,LOW
500000,5000,10,20,20,0,NONE,"07","3",5,1,0,LOW
99312,993,20,20,20,99312,EMP1046,"07","5",5,1,0,LOW
500000,5000,10,20,20,0,NONE,"07","3",5,1,0,LOW
100450,1005,20,20,20,100450,EMP1046,"07","7",7,1,0,LOW
12604,12604,20,10,10,12604,EMP1046,"07","6",6,1,0,LOW
9901,9901,20,10,10,9901,EMP1046,"07","7",8,1,0,LOW
13052,13052,20,10,10,13052,EMP1046,"07","6",8,1,0,HIGH
13202,13202,20,10,10,13202,EMP1046,"07","6",8,1,0,LOW
11836,11836,20,10,10,11836,EMP1046,"07","6",8,1,0,LOW
9298,9298,20,10,10,9298,EMP1046,"07","6",8,1,0,LOW
12258,12258,20,10,10,12258,EMP1046,"07","5",6,1,0,LOW
12398,12398,20,10,10,12398,EMP1046,"07","6",8,1,0,HIGH
1096,1096,30,10,10,1096,EMP1046,"07","4",4,1,0,LOW
861,861,30,10,10,861,EMP1046,"07","4",4,1,0,LOW
940,940,30,10,10,940,EMP1042,"07","7",4,1,0,MEDIUM
754,754,30,10,10,754,EMP1042,"07","7",4,1,0,MEDIUM
1247,1247,30,10,10,1247,EMP1042,"07","1",4,1,0,MEDIUM
300000,3000,10,20,20,0,NONE,"07","2",5,1,0,LOW
250000,2500,10,20,20,0,NONE,"07","2",7,1,0,LOW
250000,2500,10,20,20,0,NONE,"07","2",5,1,0,LOW
300000,3000,10,20,20,0,NONE,"07","2",5,1,0,LOW
1500000,15000,10,20,20,0,NONE,"07","1",5,1,0,LOW
46162,46162,20,10,10,46162,EMP1054,"07","5",8,1,0,LOW
65800,658,20,20,20,65800,EMP1054,"07","3",5,1,0,LOW
82250,823,20,20,20,82250,EMP1054,"07","4",7,1,0,LOW
500000,5000,10,20,20,0,NONE,"07","1",5,1,0,LOW
500000,5000,10,20,20,0,NONE,"07","1",5,1,0,LOW
1500000,15000,10,20,20,0,NONE,"07","1",5,1,0,LOW
65975,660,20,20,20,65975,EMP1054,"07","3",5,1,0,LOW
109112,1091,20,20,20,109112,EMP1054,"07","3",5,1,0,LOW
8648,8648,20,10,10,8648,EMP1054,"07","3",6,1,0,LOW
10810,10810,20,10,10,10810,EMP1054,"07","3",6,1,0,LOW
8671,8671,20,10,10,8671,EMP1054,"07","3",6,1,0,LOW
14340,14340,20,10,10,14340,EMP1054,"07","4",8,1,0,LOW
8121,8121,20,10,10,8121,EMP1054,"07","3",6,1,0,HIGH
10152,10152,20,10,10,10152,EMP1054,"07","4",10,1,0,LOW
8143,8143,20,10,10,8143,EMP1054,"07","4",6,1,0,LOW
13467,13467,20,10,10,13467,EMP1054,"07","5",8,1,0,LOW
752,752,30,10,10,752,EMP1054,"07","4",8,1,0,LOW
940,940,30,10,10,940,EMP1054,"07","3",4,1,0,LOW
754,754,30,10,10,754,EMP1054,"07","4",8,1,0,LOW
1247,1247,30,10,10,1247,EMP1054,"07","3",4,1,0,LOW
46165,46165,20,10,10,46165,EMP1049,"07","4",6,1,0,HIGH
65800,658,20,20,20,65800,EMP1049,"07","6",7,1,0,LOW
500000,5000,10,20,20,0,NONE,"07","2",7,1,0,HIGH
500000,5000,10,20,20,0,NONE,"07","2",5,1,0,LOW
500000,5000,10,20,20,0,NONE,"07","2",7,1,0,LOW
500000,5000,10,20,20,0,NONE,"07","2",7,1,0,LOW
82250,823,20,20,20,82250,EMP1049,"07","4",5,1,0,LOW
65975,660,20,20,20,65975,EMP1049,"07","4",5,1,0,LOW
500000,5000,10,20,20,0,NONE,"07","2",5,1,0,LOW
65975,660,20,20,20,65975,EMP1043,"07","7",5,1,0,LOW
500000,5000,10,20,20,0,NONE,"07","5",5,1,0,LOW
109112,1091,20,20,20,109112,EMP1043,"07","7",5,1,0,LOW
8648,8648,20,10,10,8648,EMP1043,"07","7",6,1,0,LOW
10810,10810,20,10,10,10810,EMP1043,"07","1",6,1,0,LOW
8671,8671,20,10,10,8671,EMP1043,"07","1",10,1,0,LOW
14340,14340,20,10,10,14340,EMP1043,"07","7",6,1,0,LOW
8121,8121,20,10,10,8121,EMP1043,"07","2",8,1,0,LOW
10152,10152,20,10,10,10152,EMP1043,"07","1",6,1,0,HIGH
8143,8143,20,10,10,8143,EMP1043,"07","1",6,1,0,HIGH
13467,13467,20,10,10,13467,EMP1043,"07","2",8,1,0,LOW
752,752,30,10,10,752,EMP1043,"07","6",4,1,0,LOW
940,940,30,10,10,940,EMP1043,"07","7",4,1,0,HIGH
754,754,30,10,10,754,EMP1043,"07","6",4,1,0,LOW
1247,1247,30,10,10,1247,EMP1043,"07","6",4,1,0,LOW
300000,3000,10,20,20,0,NONE,"07","7",5,1,0,LOW
250000,2500,10,20,20,0,NONE,"07","7",7,1,0,LOW
250000,2500,10,20,20,0,NONE,"07","7",5,1,0,LOW
300000,3000,10,20,20,0,NONE,"07","7",5,1,0,LOW
46162,46162,20,10,10,46162,EMP1042,"07","1",6,1,0,HIGH
1500000,15000,10,20,20,0,NONE,"07","6",5,1,0,LOW
65800,658,20,20,20,65800,EMP1042,"07","1",5,1,0,LOW
82250,823,20,20,20,82250,EMP1042,"07","2",7,1,0,LOW
500000,5000,10,20,20,0,NONE,"07","6",5,1,0,LOW
500000,5000,10,20,20,0,NONE,"07","6",5,1,0,LOW
65975,660,20,20,20,65975,EMP1042,"07","1",5,1,0,LOW
1000000,10000,10,20,20,0,NONE,"07","5",7,1,0,LOW
109112,1091,20,20,20,109112,EMP1042,"07","1",5,1,0,LOW
8648,8648,20,10,10,8648,EMP1042,"07","1",6,1,0,LOW
10810,10810,20,10,10,10810,EMP1042,"07","1",6,1,0,LOW
8671,8671,20,10,10,8671,EMP1042,"07","1",6,1,0,LOW
14340,14340,20,10,10,14340,EMP1042,"07","1",6,1,0,LOW
8121,8121,20,10,10,8121,EMP1042,"07","2",6,1,0,LOW
10152,10152,20,10,10,10152,EMP1042,"07","1",6,1,0,LOW
8143,8143,20,10,10,8143,EMP1042,"07","2",6,1,0,HIGH
13467,13467,20,10,10,13467,EMP1042,"07","2",6,1,0,HIGH
752,752,30,10,10,752,EMP1042,"07","1",4,1,0,LOW
940,940,30,10,10,940,EMP1003,"07","5",4,1,0,LOW
754,754,30,10,10,754,EMP1003,"07","5",6,1,0,LOW
1247,1247,30,10,10,1247,EMP1003,"07","5",4,1,0,LOW
300000,3000,10,20,20,0,NONE,"07","5",5,1,0,LOW
250000,2500,10,20,20,0,NONE,"07","5",7,1,0,LOW
250000,2500,10,20,20,0,NONE,"07","5",9,1,0,HIGH
300000,3000,10,20,20,0,NONE,"07","5",5,1,0,LOW
1500000,15000,10,20,20,0,NONE,"07","4",9,1,0,LOW
46162,46162,20,10,10,46162,EMP1005,"07","1",8,1,0,LOW
65800,658,20,20,20,65800,EMP1005,"07","1",7,1,0,HIGH
82250,823,20,20,20,82250,EMP1005,"07","7",7,1,0,HIGH
500000,5000,10,20,20,0,NONE,"07","4",9,1,0,LOW
65975,660,20,20,20,65975,EMP1005,"07","6",5,1,0,MEDIUM
500000,5000,10,20,20,0,NONE,"07","4",5,1,0,LOW
500000,5000,10,20,20,0,NONE,"07","4",5,1,0,LOW
1500000,15000,10,20,20,0,NONE,"07","4",5,1,0,LOW
109112,1091,20,20,20,109112,EMP1005,"07","6",5,1,0,LOW
8648,8648,20,10,10,8648,EMP1005,"07","6",6,1,0,LOW
10810,10810,20,10,10,10810,EMP1005,"07","6",6,1,0,LOW
8671,8671,20,10,10,8671,EMP1005,"07","2",8,1,0,LOW
14340,14340,20,10,10,14340,EMP1005,"07","7",6,1,0,HIGH
8121,8121,20,10,10,8121,EMP1005,"07","7",6,1,0,LOW
10152,10152,20,10,10,10152,EMP1005,"07","7",6,1,0,LOW
8143,8143,20,10,10,8143,EMP1005,"07","1",8,1,0,LOW
13467,13467,20,10,10,13467,EMP1005,"07","7",6,1,0,LOW
752,752,30,10,10,752,EMP1005,"07","5",4,1,0,LOW
940,940,30,10,10,940,EMP1005,"07","1",8,1,0,LOW
754,754,30,10,10,754,EMP1005,"07","6",4,1,0,LOW
1247,1247,30,10,10,1247,EMP1005,"07","6",4,1,0,LOW
46162,46162,20,10,10,46162,EMP1043,"07","2",8,1,0,LOW
65800,658,20,20,20,65800,EMP1043,"07","7",5,1,0,LOW
500000,5000,10,20,20,0,NONE,"07","5",9,1,0,HIGH
500000,5000,10,20,20,0,NONE,"07","5",5,1,0,HIGH
500000,5000,10,20,20,0,NONE,"07","4",7,1,0,LOW
82250,823,20,20,20,82250,EMP1043,"07","7",5,1,0,LOW
500000,5000,10,20,20,0,NONE,"07","4",5,1,0,LOW
1500000,15000,10,20,20,0,NONE,"07","2",5,1,0,LOW
96690,967,20,20,20,96690,EMP1045,"07","4",5,1,0,MEDIUM
500000,5000,10,20,20,0,NONE,"07","2",5,1,0,LOW
76650,767,20,20,20,76650,EMP1045,"07","6",7,1,0,LOW
85925,859,20,20,20,85925,EMP1045,"07","5",7,1,0,LOW
12374,12374,20,10,10,12374,EMP1045,"07","4",6,1,0,HIGH
12710,12710,20,10,10,12710,EMP1045,"07","6",8,1,0,LOW
10074,10074,20,10,10,10074,EMP1045,"07","5",8,1,0,LOW
11293,11293,20,10,10,11293,EMP1045,"07","5",6,1,0,LOW
11624,11624,20,10,10,11624,EMP1045,"07","4",6,1,0,LOW
11934,11934,20,10,10,11934,EMP1045,"07","5",6,1,0,LOW
9464,9464,20,10,10,9464,EMP1045,"07","4",6,1,0,LOW
10608,10608,20,10,10,10608,EMP1045,"07","7",8,1,0,LOW
1076,1076,30,10,10,1076,EMP1045,"07","4",4,1,0,LOW
1105,1105,30,10,10,1105,EMP1045,"07","4",4,1,0,LOW
876,876,30,10,10,876,EMP1045,"07","4",4,1,0,LOW
982,982,30,10,10,982,EMP1045,"07","4",4,1,0,LOW
500000,5000,10,20,20,0,NONE,"07","4",7,1,0,LOW
46162,46162,20,10,10,46162,EMP1003,"07","7",10,1,0,LOW
500000,5000,10,20,20,0,NONE,"07","3",5,1,0,LOW
65800,658,20,20,20,65800,EMP1003,"07","5",5,1,0,LOW
500000,5000,10,20,20,0,NONE,"07","3",5,1,0,LOW
500000,5000,10,20,20,0,NONE,"07","2",5,1,0,LOW
82250,823,20,20,20,82250,EMP1003,"07","5",5,1,0,LOW
1500000,15000,10,20,20,0,NONE,"07","3",7,1,0,LOW
65975,660,20,20,20,65975,EMP1003,"07","5",5,1,0,LOW
500000,5000,10,20,20,0,NONE,"07","3",7,1,0,LOW
109112,1091,20,20,20,109112,EMP1003,"07","5",5,1,0,LOW
8648,8648,20,10,10,8648,EMP1003,"07","6",10,1,0,LOW
10810,10810,20,10,10,10810,EMP1003,"07","7",10,1,0,LOW
8671,8671,20,10,10,8671,EMP1003,"07","6",6,1,0,HIGH
14340,14340,20,10,10,14340,EMP1003,"07","5",6,1,0,HIGH
8121,8121,20,10,10,8121,EMP1003,"07","7",8,1,0,LOW
10152,10152,20,10,10,10152,EMP1003,"07","7",8,1,0,LOW
8143,8143,20,10,10,8143,EMP1003,"07","1",10,1,0,LOW
13467,13467,20,10,10,13467,EMP1003,"07","6",6,1,0,LOW
752,752,30,10,10,752,EMP1003,"07","5",4,1,0,MEDIUM
250000,2500,10,20,20,0,NONE,"07","1",5,1,0,LOW
250000,2500,10,20,20,0,NONE,"07","1",5,1,0,LOW
300000,3000,10,20,20,0,NONE,"07","1",5,1,0,LOW
1500000,15000,10,20,20,0,NONE,"07","1",7,1,0,LOW
50487,50487,20,10,10,50487,EMP1051,"07","3",6,1,0,LOW
1500000,15000,10,20,20,0,NONE,"07","1",9,1,0,LOW
94150,942,20,20,20,94150,EMP1051,"07","3",5,1,0,LOW
500000,5000,10,20,20,0,NONE,"07","1",5,1,0,LOW
96687,967,20,20,20,96687,EMP1051,"07","3",5,1,0,MEDIUM
500000,5000,10,20,20,0,NONE,"07","1",5,1,0,HIGH
500000,5000,10,20,20,0,NONE,"07","1",5,1,0,LOW
500000,5000,10,20,20,0,NONE,"07","1",5,1,0,LOW
76650,767,20,20,20,76650,EMP1051,"07","3",5,1,0,LOW
85925,859,20,20,20,85925,EMP1051,"07","3",5,1,0,LOW
12374,12374,20,10,10,12374,EMP1051,"07","5",8,1,0,HIGH
12707,12707,20,10,10,12707,EMP1051,"07","3",6,1,0,LOW
10074,10074,20,10,10,10074,EMP1051,"07","4",6,1,0,LOW
11293,11293,20,10,10,11293,EMP1051,"07","5",8,1,0,LOW
11620,11620,20,10,10,11620,EMP1051,"07","3",6,1,0,LOW
11934,11934,20,10,10,11934,EMP1051,"07","4",6,1,0,LOW
9460,9460,20,10,10,9460,EMP1051,"07","4",8,1,0,HIGH
10605,10605,20,10,10,10605,EMP1051,"07","3",6,1,0,LOW
1076,1076,30,10,10,1076,EMP1051,"07","3",4,1,0,LOW
1105,1105,30,10,10,1105,EMP1051,"07","3",4,1,0,LOW
876,876,30,10,10,876,EMP1051,"07","2",4,1,0,LOW
982,982,30,10,10,982,EMP1051,"07","3",4,1,0,LOW
300000,3000,10,20,20,0,NONE,"07","3",5,1,0,LOW
250000,2500,10,20,20,0,NONE,"07","3",5,1,0,LOW
250000,2500,10,20,20,0,NONE,"07","3",7,1,0,LOW
300000,3000,10,20,20,0,NONE,"07","3",5,1,0,HIGH
50490,50490,20,10,10,50490,EMP1045,"07","4",6,1,0,LOW
500000,5000,10,20,20,0,NONE,"07","1",5,1,0,HIGH
500000,5000,10,20,20,0,NONE,"07","2",7,1,0,LOW
1000000,10000,10,20,20,0,NONE,"07","2",5,1,0,LOW
94150,942,20,20,20,94150,EMP1045,"07","4",5,1,0,LOW
1500000,15000,10,20,20,0,NONE,"07","2",7,1,0,HIGH
12374,12374,20,10,10,12374,EMP1046,"07","6",6,1,0,LOW
12707,12707,20,10,10,12707,EMP1046,"07","6",6,1,0,LOW
10074,10074,20,10,10,10074,EMP1046,"07","1",8,1,0,HIGH
11293,11293,20,10,10,11293,EMP1046,"07","6",6,1,0,LOW
11620,11620,20,10,10,11620,EMP1046,"07","6",6,1,0,LOW
11934,11934,20,10,10,11934,EMP1046,"07","6",6,1,0,HIGH
9460,9460,20,10,10,9460,EMP1046,"07","7",6,1,0,LOW
10605,10605,20,10,10,10605,EMP1046,"07","7",6,1,0,LOW
1076,1076,30,10,10,1076,EMP1046,"07","7",6,1,0,LOW
1105,1105,30,10,10,1105,EMP1046,"07","6",4,1,0,MEDIUM
876,876,30,10,10,876,EMP1046,"07","1",8,1,0,LOW
982,982,30,10,10,982,EMP1046,"07","6",4,1,0,HIGH
300000,3000,10,20,20,0,NONE,"07","6",5,1,0,LOW
250000,2500,10,20,20,0,NONE,"07","6",5,1,0,LOW
250000,2500,10,20,20,0,NONE,"07","6",5,1,0,LOW
300000,3000,10,20,20,0,NONE,"07","6",5,1,0,LOW
1500000,15000,10,20,20,0,NONE,"07","5",9,1,0,LOW
50487,50487,20,10,10,50487,EMP1050,"07","7",6,1,0,HIGH
94150,942,20,20,20,94150,EMP1050,"07","1",7,1,0,LOW
96687,967,20,20,20,96687,EMP1050,"07","7",5,1,0,LOW
76650,767,20,20,20,76650,EMP1050,"07","7",5,1,0,LOW
500000,5000,10,20,20,0,NONE,"07","5",5,1,0,LOW
85925,859,20,20,20,85925,EMP1050,"07","1",9,1,0,LOW
12374,12374,20,10,10,12374,EMP1050,"07","3",10,1,0,LOW
12707,12707,20,10,10,12707,EMP1050,"07","7",6,1,0,LOW
10074,10074,20,10,10,10074,EMP1050,"07","7",6,1,0,HIGH
11293,11293,20,10,10,11293,EMP1050,"07","7",6,1,0,LOW
11620,11620,20,10,10,11620,EMP1050,"07","7",6,1,0,LOW
11934,11934,20,10,10,11934,EMP1050,"07","7",6,1,0,LOW
9460,9460,20,10,10,9460,EMP1050,"07","7",6,1,0,LOW
10605,10605,20,10,10,10605,EMP1050,"07","1",6,1,0,LOW
1076,1076,30,10,10,1076,EMP1050,"07","7",4,1,0,LOW
1105,1105,30,10,10,1105,EMP1050,"07","3",8,1,0,LOW
876,876,30,10,10,876,EMP1050,"07","1",6,1,0,HIGH
982,982,30,10,10,982,EMP1050,"07","7",4,1,0,LOW
300000,3000,10,20,20,0,NONE,"07","1",7,1,0,LOW
1059,1059,30,10,10,1059,EMP1059,"07","5",6,1,0,LOW
300000,3000,10,20,20,0,NONE,"07","4",5,1,0,LOW
250000,2500,10,20,20,0,NONE,"07","4",5,1,0,LOW
250000,2500,10,20,20,0,NONE,"07","4",5,1,0,LOW
300000,3000,10,20,20,0,NONE,"07","4",7,1,0,LOW
500000,5000,10,20,20,0,NONE,"07","4",9,1,0,HIGH
1500000,15000,10,20,20,0,NONE,"07","3",9,1,0,LOW
50487,50487,20,10,10,50487,EMP1045,"07","5",6,1,0,LOW
94150,942,20,20,20,94150,EMP1045,"07","5",5,1,0,LOW
96687,967,20,20,20,96687,EMP1045,"07","6",9,1,0,LOW
500000,5000,10,20,20,0,NONE,"07","3",5,1,0,LOW
76650,767,20,20,20,76650,EMP1045,"07","5",5,1,0,LOW
1500000,15000,10,20,20,0,NONE,"07","3",5,1,0,LOW
85925,859,20,20,20,85925,EMP1045,"07","6",7,1,0,LOW
12374,12374,20,10,10,12374,EMP1045,"07","5",6,1,0,HIGH
12707,12707,20,10,10,12707,EMP1045,"07","5",6,1,0,LOW
10074,10074,20,10,10,10074,EMP1045,"07","5",6,1,0,LOW
11293,11293,20,10,10,11293,EMP1045,"07","7",8,1,0,LOW
11620,11620,20,10,10,11620,EMP1045,"07","1",8,1,0,LOW
11934,11934,20,10,10,11934,EMP1045,"07","6",6,1,0,LOW
9460,9460,20,10,10,9460,EMP1045,"07","7",8,1,0,LOW
10605,10605,20,10,10,10605,EMP1045,"07","5",6,1,0,LOW
1076,1076,30,10,10,1076,EMP1045,"07","5",4,1,0,LOW
1105,1105,30,10,10,1105,EMP1045,"07","5",4,1,0,LOW
876,876,30,10,10,876,EMP1045,"07","7",8,1,0,LOW
982,982,30,10,10,982,EMP1045,"07","5",4,1,0,LOW
50487,50487,20,10,10,50487,EMP1046,"07","6",6,1,0,HIGH
500000,5000,10,20,20,0,NONE,"07","3",5,1,0,LOW
94150,942,20,20,20,94150,EMP1046,"07","6",5,1,0,LOW
500000,5000,10,20,20,0,NONE,"07","3",5,1,0,LOW
96687,967,20,20,20,96687,EMP1046,"07","7",7,1,0,LOW
500000,5000,10,20,20,0,NONE,"07","4",5,1,0,LOW
76650,767,20,20,20,76650,EMP1046,"07","7",9,1,0,LOW
500000,5000,10,20,20,0,NONE,"07","4",9,1,0,LOW
500000,5000,10,20,20,0,NONE,"07","4",5,1,0,LOW
500000,5000,10,20,20,0,NONE,"07","4",5,1,0,LOW
85925,859,20,20,20,85925,EMP1046,"07","7",7,1,0,HIGH
8763,8763,20,10,10,8763,EMP1001,"07","6",8,1,0,LOW
13627,13627,20,10,10,13627,EMP1001,"07","3",6,1,0,LOW
9706,9706,20,10,10,9706,EMP1001,"07","5",10,1,0,LOW
12178,12178,20,10,10,12178,EMP1001,"07","4",10,1,0,LOW
8229,8229,20,10,10,8229,EMP1001,"07","3",6,1,0,LOW
12798,12798,20,10,10,12798,EMP1001,"07","4",6,1,0,LOW
9115,9115,20,10,10,9115,EMP1001,"07","4",6,1,0,LOW
11437,11437,20,10,10,11437,EMP1001,"07","5",8,1,0,LOW
762,762,30,10,10,762,EMP1001,"07","3",4,1,0,LOW
1185,1185,30,10,10,1185,EMP1001,"07","4",6,1,0,LOW
844,844,30,10,10,844,EMP1001,"07","4",8,1,0,LOW
1059,1059,30,10,10,1059,EMP1001,"07","3",6,1,0,LOW
48125,48125,20,10,10,48125,EMP1059,"07","6",8,1,0,LOW
500000,5000,10,20,20,0,NONE,"07","2",5,1,0,LOW
66675,667,20,20,20,66675,EMP1059,"07","6",7,1,0,LOW
500000,5000,10,20,20,0,NONE,"07","2",9,1,0,LOW
500000,5000,10,20,20,0,NONE,"07","2",5,1,0,LOW
103690,1037,20,20,20,103690,EMP1059,"07","4",5,1,0,LOW
500000,5000,10,20,20,0,NONE,"07","2",5,1,0,LOW
1500000,15000,10,20,20,0,NONE,"07","2",5,1,0,LOW
73850,739,20,20,20,73850,EMP1059,"07","4",5,1,0,LOW
500000,5000,10,20,20,0,NONE,"07","2",7,1,0,LOW
500000,5000,10,20,20,0,NONE,"07","2",5,1,0,HIGH
500000,5000,10,20,20,0,NONE,"07","2",7,1,0,LOW
1000000,10000,10,20,20,0,NONE,"07","2",5,1,0,LOW
92665,927,20,20,20,92665,EMP1059,"07","6",7,1,0,LOW
8763,8763,20,10,10,8763,EMP1059,"07","4",6,1,0,LOW
13630,13630,20,10,10,13630,EMP1059,"07","6",8,1,0,LOW
9706,9706,20,10,10,9706,EMP1059,"07","6",8,1,0,HIGH
12181,12181,20,10,10,12181,EMP1059,"07","4",6,1,0,LOW
8232,8232,20,10,10,8232,EMP1059,"07","4",6,1,0,LOW
12798,12798,20,10,10,12798,EMP1059,"07","4",6,1,0,LOW
9116,9116,20,10,10,9116,EMP1059,"07","5",6,1,0,LOW
11438,11438,20,10,10,11438,EMP1059,"07","7",10,1,0,HIGH
762,762,30,10,10,762,EMP1059,"07","3",4,1,0,LOW
1185,1185,30,10,10,1185,EMP1059,"07","5",6,1,0,HIGH
844,844,30,10,10,844,EMP1059,"07","4",4,1,0,LOW
48125,48125,20,10,10,48125,EMP1044,"07","7",6,1,0,HIGH
1500000,15000,10,20,20,0,NONE,"07","5",7,1,0,LOW
66675,667,20,20,20,66675,EMP1044,"07","1",7,1,0,LOW
500000,5000,10,20,20,0,NONE,"07","5",5,1,0,LOW
500000,5000,10,20,20,0,NONE,"07","5",5,1,0,LOW
103687,1037,20,20,20,103687,EMP1044,"07","2",9,1,0,LOW
73850,739,20,20,20,73850,EMP1044,"07","2",7,1,0,LOW
500000,5000,10,20,20,0,NONE,"07","5",7,1,0,LOW
500000,5000,10,20,20,0,NONE,"07","5",7,1,0,LOW
92662,927,20,20,20,92662,EMP1044,"07","7",5,1,0,MEDIUM
8763,8763,20,10,10,8763,EMP1044,"07","7",6,1,0,LOW
13627,13627,20,10,10,13627,EMP1044,"07","7",6,1,0,LOW
9706,9706,20,10,10,9706,EMP1044,"07","7",6,1,0,LOW
12178,12178,20,10,10,12178,EMP1044,"07","7",6,1,0,LOW
8229,8229,20,10,10,8229,EMP1044,"07","7",6,1,0,LOW
12798,12798,20,10,10,12798,EMP1044,"07","7",6,1,0,HIGH
9115,9115,20,10,10,9115,EMP1044,"07","1",6,1,0,HIGH
11437,11437,20,10,10,11437,EMP1044,"07","1",6,1,0,LOW
762,762,30,10,10,762,EMP1044,"07","7",4,1,0,LOW
1185,1185,30,10,10,1185,EMP1044,"07","6",4,1,0,HIGH
844,844,30,10,10,844,EMP1044,"07","7",4,1,0,LOW
1059,1059,30,10,10,1059,EMP1044,"07","1",6,1,0,LOW
300000,3000,10,20,20,0,NONE,"07","7",7,1,0,LOW
250000,2500,10,20,20,0,NONE,"07","7",5,1,0,LOW
250000,2500,10,20,20,0,NONE,"07","7",5,1,0,LOW
300000,3000,10,20,20,0,NONE,"07","7",5,1,0,HIGH
300000,3000,10,20,20,0,NONE,"07","2",5,1,0,LOW
250000,2500,10,20,20,0,NONE,"07","2",5,1,0,LOW
250000,2500,10,20,20,0,NONE,"07","2",5,1,0,HIGH
300000,3000,10,20,20,0,NONE,"07","2",5,1,0,LOW
48125,48125,20,10,10,48125,EMP1001,"07","3",6,1,0,LOW
66675,667,20,20,20,66675,EMP1001,"07","5",9,1,0,LOW
1500000,15000,10,20,20,0,NONE,"07","1",5,1,0,LOW
103687,1037,20,20,20,103687,EMP1001,"07","4",7,1,0,LOW
73850,739,20,20,20,73850,EMP1001,"07","5",7,1,0,LOW
92662,927,20,20,20,92662,EMP1001,"07","5",7,1,0,HIGH
1500000,15000,10,20,20,0,NONE,"07","3",5,1,0,LOW
92662,927,20,20,20,92662,EMP1044,"07","7",7,1,0,LOW
8763,8763,20,10,10,8763,EMP1044,"07","7",8,1,0,LOW
13627,13627,20,10,10,13627,EMP1044,"07","5",6,1,0,LOW
9706,9706,20,10,10,9706,EMP1044,"07","5",6,1,0,LOW
12178,12178,20,10,10,12178,EMP1044,"07","5",6,1,0,LOW
8229,8229,20,10,10,8229,EMP1044,"07","6",6,1,0,LOW
12798,12798,20,10,10,12798,EMP1044,"07","7",8,1,0,LOW
9115,9115,20,10,10,9115,EMP1044,"07","5",6,1,0,LOW
11437,11437,20,10,10,11437,EMP1044,"07","6",6,1,0,LOW
762,762,30,10,10,762,EMP1044,"07","5",4,1,0,LOW
1185,1185,30,10,10,1185,EMP1044,"07","5",4,1,0,LOW
844,844,30,10,10,844,EMP1044,"07","5",4,1,0,MEDIUM
1059,1059,30,10,10,1059,EMP1044,"07","5",6,1,0,LOW
300000,3000,10,20,20,0,NONE,"07","5",5,1,0,LOW
250000,2500,10,20,20,0,NONE,"07","5",5,1,0,LOW
250000,2500,10,20,20,0,NONE,"07","5",7,1,0,LOW
300000,3000,10,20,20,0,NONE,"07","5",5,1,0,LOW
48125,48125,20,10,10,48125,EMP1057,"07","7",8,1,0,LOW
66675,667,20,20,20,66675,EMP1057,"07","6",5,1,0,LOW
500000,5000,10,20,20,0,NONE,"07","3",7,1,0,LOW
103687,1037,20,20,20,103687,EMP1057,"07","6",5,1,0,LOW
500000,5000,10,20,20,0,NONE,"07","4",5,1,0,LOW
73850,739,20,20,20,73850,EMP1057,"07","1",7,1,0,LOW
92662,927,20,20,20,92662,EMP1057,"07","6",5,1,0,LOW
8763,8763,20,10,10,8763,EMP1057,"07","6",6,1,0,LOW
13627,13627,20,10,10,13627,EMP1057,"07","6",6,1,0,LOW
9706,9706,20,10,10,9706,EMP1057,"07","7",6,1,0,LOW
12178,12178,20,10,10,12178,EMP1057,"07","6",6,1,0,LOW
8229,8229,20,10,10,8229,EMP1057,"07","6",6,1,0,LOW
12798,12798,20,10,10,12798,EMP1057,"07","2",8,1,0,LOW
9115,9115,20,10,10,9115,EMP1057,"07","1",8,1,0,LOW
11437,11437,20,10,10,11437,EMP1057,"07","6",6,1,0,LOW
762,762,30,10,10,762,EMP1057,"07","5",4,1,0,LOW
1185,1185,30,10,10,1185,EMP1057,"07","7",6,1,0,LOW
844,844,30,10,10,844,EMP1057,"07","5",4,1,0,LOW
1059,1059,30,10,10,1059,EMP1057,"07","6",4,1,0,LOW
1500000,15000,10,20,20,0,NONE,"07","4",7,1,0,LOW
936,936,30,10,10,936,EMP1053,"07","4",6,1,0,LOW
807,807,30,10,10,807,EMP1053,"07","2",4,1,0,LOW
853,853,30,10,10,853,EMP1053,"07","3",4,1,0,MEDIUM
300000,3000,10,20,20,0,NONE,"07","3",7,1,0,LOW
250000,2500,10,20,20,0,NONE,"07","3",5,1,0,LOW
250000,2500,10,20,20,0,NONE,"07","3",7,1,0,LOW
300000,3000,10,20,20,0,NONE,"07","3",7,1,0,LOW
42590,42590,20,10,10,42590,EMP1059,"07","4",6,1,0,HIGH
70965,710,20,20,20,70965,EMP1059,"07","4",5,1,0,MEDIUM
500000,5000,10,20,20,0,NONE,"07","2",5,1,0,LOW
81900,819,20,20,20,81900,EMP1059,"07","6",7,1,0,LOW
500000,5000,10,20,20,0,NONE,"07","2",7,1,0,LOW
1500000,15000,10,20,20,0,NONE,"07","2",5,1,0,LOW
70615,706,20,20,20,70615,EMP1059,"07","4",5,1,0,HIGH
74640,746,20,20,20,74640,EMP1059,"07","4",5,1,0,LOW
9329,9329,20,10,10,9329,EMP1059,"07","5",8,1,0,LOW
10764,10764,20,10,10,10764,EMP1059,"07","4",6,1,0,LOW
9283,9283,20,10,10,9283,EMP1059,"07","4",6,1,0,LOW
9812,9812,20,10,10,9812,EMP1059,"07","4",6,1,0,LOW
8763,8763,20,10,10,8763,EMP1059,"07","7",8,1,0,LOW
10113,10113,20,10,10,10113,EMP1059,"07","6",10,1,0,HIGH
8719,8719,20,10,10,8719,EMP1059,"07","4",6,1,0,LOW
9215,9215,20,10,10,9215,EMP1059,"07","4",6,1,0,LOW
811,811,30,10,10,811,EMP1059,"07","3",4,1,0,LOW
936,936,30,10,10,936,EMP1059,"07","4",4,1,0,LOW
807,807,30,10,10,807,EMP1059,"07","4",4,1,0,LOW
853,853,30,10,10,853,EMP1059,"07","4",4,1,0,LOW
500000,5000,10,20,20,0,NONE,"07","4",5,1,0,LOW
48125,48125,20,10,10,48125,EMP1044,"07","5",6,1,0,LOW
500000,5000,10,20,20,0,NONE,"07","3",7,1,0,LOW
500000,5000,10,20,20,0,NONE,"07","2",5,1,0,LOW
66675,667,20,20,20,66675,EMP1044,"07","7",9,1,0,LOW
500000,5000,10,20,20,0,NONE,"07","3",5,1,0,LOW
103687,1037,20,20,20,103687,EMP1044,"07","7",7,1,0,LOW
500000,5000,10,20,20,0,NONE,"07","3",5,1,0,LOW
73850,739,20,20,20,73850,EMP1044,"07","6",9,1,0,HIGH
500000,5000,10,20,20,0,NONE,"07","3",5,1,0,LOW
9280,9280,20,10,10,9280,EMP1047,"06","1",5,1,0,LOW
9809,9809,20,10,10,9809,EMP1047,"06","1",7,1,0,HIGH
8758,8758,20,10,10,8758,EMP1047,"06","1",5,1,0,LOW
10108,10108,20,10,10,10108,EMP1047,"06","1",7,1,0,HIGH
8715,8715,20,10,10,8715,EMP1047,"06","1",5,1,0,LOW
9212,9212,20,10,10,9212,EMP1047,"07","2",5,1,0,LOW
811,811,30,10,10,811,EMP1047,"06","7",3,1,0,LOW
936,936,30,10,10,936,EMP1047,"06","1",3,1,0,LOW
807,807,30,10,10,807,EMP1047,"06","1",3,1,0,MEDIUM
853,853,30,10,10,853,EMP1047,"06","1",3,1,0,LOW
300000,3000,10,20,20,0,NONE,"06","1",4,1,0,HIGH
250000,2500,10,20,20,0,NONE,"06","1",8,1,0,LOW
250000,2500,10,20,20,0,NONE,"06","1",4,1,0,LOW
300000,3000,10,20,20,0,NONE,"06","1",4,1,0,LOW
1500000,15000,10,20,20,0,NONE,"06","1",6,1,0,LOW
1500000,15000,10,20,20,0,NONE,"06","1",4,1,0,LOW
1000000,10000,10,20,20,0,NONE,"06","1",4,1,0,LOW
500,500,40,10,10,0,NONE,"06","1",3,1,0,LOW
500000,5000,40,20,20,0,NONE,"06","1",4,1,0,LOW
500000,5000,40,20,20,0,NONE,"06","1",6,1,0,LOW
42587,42587,20,10,10,42587,EMP1053,"07","3",6,1,0,LOW
70962,710,20,20,20,70962,EMP1053,"07","3",5,1,0,LOW
500000,5000,10,20,20,0,NONE,"06","7",4,1,0,LOW
81900,819,20,20,20,81900,EMP1053,"07","3",5,1,0,LOW
500000,5000,10,20,20,0,NONE,"06","7",8,1,0,HIGH
500000,5000,10,20,20,0,NONE,"06","1",8,1,0,LOW
70612,706,20,20,20,70612,EMP1053,"07","3",5,1,0,LOW
74637,746,20,20,20,74637,EMP1053,"07","3",5,1,0,LOW
9326,9326,20,10,10,9326,EMP1053,"07","4",6,1,0,HIGH
10764,10764,20,10,10,10764,EMP1053,"07","3",6,1,0,LOW
9280,9280,20,10,10,9280,EMP1053,"07","3",6,1,0,LOW
9809,9809,20,10,10,9809,EMP1053,"07","4",6,1,0,LOW
8758,8758,20,10,10,8758,EMP1053,"07","4",8,1,0,LOW
10108,10108,20,10,10,10108,EMP1053,"07","5",8,1,0,LOW
8715,8715,20,10,10,8715,EMP1053,"07","4",6,1,0,LOW
9212,9212,20,10,10,9212,EMP1053,"07","3",6,1,0,LOW
811,811,30,10,10,811,EMP1053,"07","3",4,1,0,LOW
807,807,30,10,10,807,EMP1050,"06","6",3,1,0,LOW
853,853,30,10,10,853,EMP1050,"06","6",3,1,0,LOW
300000,3000,10,20,20,0,NONE,"06","6",6,1,0,LOW
250000,2500,10,20,20,0,NONE,"06","6",4,1,0,LOW
250000,2500,10,20,20,0,NONE,"06","6",4,1,0,LOW
300000,3000,10,20,20,0,NONE,"06","6",4,1,0,LOW
42587,42587,20,10,10,42587,EMP1002,"06","7",5,1,0,LOW
70962,710,20,20,20,70962,EMP1002,"06","7",4,1,0,LOW
81900,819,20,20,20,81900,EMP1002,"07","2",9,1,0,LOW
70612,706,20,20,20,70612,EMP1002,"06","7",4,1,0,LOW
500000,5000,10,20,20,0,NONE,"06","5",8,1,0,LOW
1500000,15000,10,20,20,0,NONE,"06","5",6,1,0,LOW
74637,746,20,20,20,74637,EMP1002,"06","7",4,1,0,LOW
9326,9326,20,10,10,9326,EMP1002,"06","7",5,1,0,LOW
10764,10764,20,10,10,10764,EMP1002,"06","1",9,1,0,LOW
9280,9280,20,10,10,9280,EMP1002,"06","7",5,1,0,LOW
9809,9809,20,10,10,9809,EMP1002,"06","7",5,1,0,LOW
8758,8758,20,10,10,8758,EMP1002,"06","7",7,1,0,LOW
10108,10108,20,10,10,10108,EMP1002,"06","1",9,1,0,HIGH
8715,8715,20,10,10,8715,EMP1002,"06","1",7,1,0,LOW
9212,9212,20,10,10,9212,EMP1002,"06","1",5,1,0,LOW
811,811,30,10,10,811,EMP1002,"06","7",3,1,0,LOW
936,936,30,10,10,936,EMP1002,"06","7",3,1,0,LOW
807,807,30,10,10,807,EMP1002,"06","6",3,1,0,LOW
853,853,30,10,10,853,EMP1002,"06","7",3,1,0,LOW
42587,42587,20,10,10,42587,EMP1047,"06","1",5,1,0,MEDIUM
500000,5000,10,20,20,0,NONE,"06","6",6,1,0,LOW
70962,710,20,20,20,70962,EMP1047,"06","1",4,1,0,LOW
500000,5000,10,20,20,0,NONE,"06","6",8,1,0,HIGH
500000,5000,10,20,20,0,NONE,"06","6",6,1,0,LOW
81900,819,20,20,20,81900,EMP1047,"07","2",9,1,0,LOW
500000,5000,10,20,20,0,NONE,"06","6",6,1,0,LOW
500000,5000,10,20,20,0,NONE,"06","6",4,1,0,LOW
70612,706,20,20,20,70612,EMP1047,"06","1",6,1,0,LOW
74637,746,20,20,20,74637,EMP1047,"06","1",6,1,0,LOW
9326,9326,20,10,10,9326,EMP1047,"06","1",5,1,0,LOW
10764,10764,20,10,10,10764,EMP1047,"06","1",5,1,0,LOW
81900,819,20,20,20,81900,EMP1003,"06","5",4,1,0,LOW
500000,5000,10,20,20,0,NONE,"06","3",4,1,0,LOW
500000,5000,10,20,20,0,NONE,"06","3",4,1,0,LOW
70612,706,20,20,20,70612,EMP1003,"06","5",4,1,0,LOW
1000000,10000,10,20,20,0,NONE,"06","3",8,1,0,LOW
74637,746,20,20,20,74637,EMP1003,"06","5",4,1,0,LOW
9326,9326,20,10,10,9326,EMP1003,"06","5",5,1,0,LOW
10764,10764,20,10,10,10764,EMP1003,"06","5",7,1,0,LOW
9280,9280,20,10,10,9280,EMP1003,"06","6",5,1,0,LOW
9809,9809,20,10,10,9809,EMP1003,"06","5",5,1,0,LOW
8758,8758,20,10,10,8758,EMP1003,"06","5",5,1,0,LOW
10108,10108,20,10,10,10108,EMP1003,"06","6",5,1,0,LOW
8715,8715,20,10,10,8715,EMP1003,"06","5",5,1,0,LOW
9212,9212,20,10,10,9212,EMP1003,"06","6",5,1,0,LOW
811,811,30,10,10,811,EMP1003,"06","5",3,1,0,LOW
936,936,30,10,10,936,EMP1003,"06","6",5,1,0,LOW
807,807,30,10,10,807,EMP1003,"06","5",3,1,0,LOW
853,853,30,10,10,853,EMP1003,"06","6",5,1,0,LOW
1500000,15000,10,20,20,0,NONE,"06","3",4,1,0,LOW
42587,42587,20,10,10,42587,EMP1050,"06","6",5,1,0,LOW
500000,5000,10,20,20,0,NONE,"06","3",4,1,0,LOW
70962,710,20,20,20,70962,EMP1050,"06","6",4,1,0,LOW
1500000,15000,10,20,20,0,NONE,"06","4",4,1,0,LOW
81900,819,20,20,20,81900,EMP1050,"06","6",6,1,0,LOW
500000,5000,10,20,20,0,NONE,"06","3",6,1,0,LOW
70612,706,20,20,20,70612,EMP1050,"06","6",4,1,0,LOW
500000,5000,10,20,20,0,NONE,"06","4",4,1,0,LOW
74637,746,20,20,20,74637,EMP1050,"06","6",4,1,0,LOW
9326,9326,20,10,10,9326,EMP1050,"06","6",7,1,0,LOW
10764,10764,20,10,10,10764,EMP1050,"06","6",5,1,0,LOW
9280,9280,20,10,10,9280,EMP1050,"06","6",7,1,0,HIGH
9809,9809,20,10,10,9809,EMP1050,"06","7",5,1,0,LOW
8758,8758,20,10,10,8758,EMP1050,"06","6",5,1,0,LOW
10108,10108,20,10,10,10108,EMP1050,"06","6",5,1,0,MEDIUM
8715,8715,20,10,10,8715,EMP1050,"06","6",5,1,0,LOW
9212,9212,20,10,10,9212,EMP1050,"06","6",7,1,0,LOW
811,811,30,10,10,811,EMP1050,"06","5",3,1,0,LOW
936,936,30,10,10,936,EMP1050,"06","7",5,1,0,LOW
9612,9612,20,10,10,9612,EMP1051,"06","4",5,1,0,LOW
779,779,30,10,10,779,EMP1051,"06","3",3,1,0,LOW
833,833,30,10,10,833,EMP1051,"06","3",3,1,0,MEDIUM
1066,1066,30,10,10,1066,EMP1051,"06","3",3,1,0,LOW
890,890,30,10,10,890,EMP1051,"06","2",3,1,0,LOW
44600,44600,20,10,10,44600,EMP1007,"06","4",5,1,0,MEDIUM
500000,5000,10,20,20,0,NONE,"06","2",4,1,0,LOW
500000,5000,10,20,20,0,NONE,"06","2",4,1,0,LOW
68165,682,20,20,20,68165,EMP1007,"06","6",8,1,0,LOW
72890,729,20,20,20,72890,EMP1007,"06","4",4,1,0,MEDIUM
500000,5000,10,20,20,0,NONE,"06","2",6,1,0,LOW
93275,933,20,20,20,93275,EMP1007,"06","4",4,1,0,LOW
500000,5000,10,20,20,0,NONE,"06","2",4,1,0,LOW
500000,5000,10,20,20,0,NONE,"06","2",4,1,0,LOW
1500000,15000,10,20,20,0,NONE,"06","2",4,1,0,HIGH
1500000,15000,10,20,20,0,NONE,"06","2",4,1,0,LOW
77875,779,20,20,20,77875,EMP1007,"06","4",4,1,0,MEDIUM
8961,8961,20,10,10,8961,EMP1007,"06","4",5,1,0,LOW
9582,9582,20,10,10,9582,EMP1007,"06","5",9,1,0,LOW
12259,12259,20,10,10,12259,EMP1007,"06","4",5,1,0,LOW
10235,10235,20,10,10,10235,EMP1007,"06","4",5,1,0,LOW
8414,8414,20,10,10,8414,EMP1007,"06","4",7,1,0,HIGH
8998,8998,20,10,10,8998,EMP1007,"06","4",5,1,0,LOW
11516,11516,20,10,10,11516,EMP1007,"06","5",7,1,0,LOW
9612,9612,20,10,10,9612,EMP1007,"06","5",5,1,0,LOW
779,779,30,10,10,779,EMP1007,"06","3",3,1,0,MEDIUM
833,833,30,10,10,833,EMP1007,"06","4",3,1,0,LOW
1066,1066,30,10,10,1066,EMP1007,"06","5",5,1,0,LOW
890,890,30,10,10,890,EMP1007,"06","3",3,1,0,LOW
300000,3000,10,20,20,0,NONE,"06","4",6,1,0,HIGH
250000,2500,10,20,20,0,NONE,"06","4",8,1,0,LOW
250000,2500,10,20,20,0,NONE,"06","4",4,1,0,LOW
300000,3000,10,20,20,0,NONE,"06","4",4,1,0,LOW
500000,5000,10,20,20,0,NONE,"06","4",4,1,0,LOW
42587,42587,20,10,10,42587,EMP1003,"06","5",5,1,0,LOW
70962,710,20,20,20,70962,EMP1003,"06","5",6,1,0,HIGH
93275,933,20,20,20,93275,EMP1057,"06","7",4,1,0,LOW
77875,779,20,20,20,77875,EMP1057,"06","7",6,1,0,LOW
8958,8958,20,10,10,8958,EMP1057,"06","7",5,1,0,LOW
9579,9579,20,10,10,9579,EMP1057,"06","7",5,1,0,LOW
12259,12259,20,10,10,12259,EMP1057,"06","1",5,1,0,LOW
10235,10235,20,10,10,10235,EMP1057,"06","1",9,1,0,LOW
8413,8413,20,10,10,8413,EMP1057,"06","7",5,1,0,LOW
8996,8996,20,10,10,8996,EMP1057,"06","1",5,1,0,LOW
11512,11512,20,10,10,11512,EMP1057,"06","7",5,1,0,HIGH
9612,9612,20,10,10,9612,EMP1057,"06","1",5,1,0,LOW
779,779,30,10,10,779,EMP1057,"06","7",3,1,0,LOW
833,833,30,10,10,833,EMP1057,"06","7",3,1,0,LOW
1066,1066,30,10,10,1066,EMP1057,"06","7",7,1,0,HIGH
890,890,30,10,10,890,EMP1057,"06","7",3,1,0,LOW
300000,3000,10,20,20,0,NONE,"06","7",4,1,0,HIGH
250000,2500,10,20,20,0,NONE,"06","7",6,1,0,HIGH
250000,2500,10,20,20,0,NONE,"06","7",4,1,0,HIGH
300000,3000,10,20,20,0,NONE,"06","7",6,1,0,LOW
300000,3000,10,20,20,0,NONE,"06","2",4,1,0,LOW
250000,2500,10,20,20,0,NONE,"06","2",8,1,0,LOW
250000,2500,10,20,20,0,NONE,"06","2",4,1,0,LOW
300000,3000,10,20,20,0,NONE,"06","2",8,1,0,LOW
1500000,15000,10,20,20,0,NONE,"06","1",4,1,0,LOW
44600,44600,20,10,10,44600,EMP1051,"06","3",5,1,0,LOW
68162,682,20,20,20,68162,EMP1051,"06","3",6,1,0,LOW
72887,729,20,20,20,72887,EMP1051,"06","3",4,1,0,LOW
500000,5000,10,20,20,0,NONE,"06","1",4,1,0,LOW
1500000,15000,10,20,20,0,NONE,"06","7",4,1,0,LOW
93275,933,20,20,20,93275,EMP1051,"06","3",6,1,0,LOW
77875,779,20,20,20,77875,EMP1051,"06","3",4,1,0,LOW
8958,8958,20,10,10,8958,EMP1051,"06","3",5,1,0,LOW
9579,9579,20,10,10,9579,EMP1051,"06","3",5,1,0,LOW
12259,12259,20,10,10,12259,EMP1051,"06","3",5,1,0,LOW
10235,10235,20,10,10,10235,EMP1051,"06","4",5,1,0,LOW
8413,8413,20,10,10,8413,EMP1051,"06","3",5,1,0,LOW
8996,8996,20,10,10,8996,EMP1051,"06","4",5,1,0,LOW
11512,11512,20,10,10,11512,EMP1051,"06","3",5,1,0,LOW
9612,9612,20,10,10,9612,EMP1042,"06","6",7,1,0,LOW
779,779,30,10,10,779,EMP1042,"06","4",3,1,0,LOW
833,833,30,10,10,833,EMP1042,"06","5",3,1,0,LOW
1066,1066,30,10,10,1066,EMP1042,"06","5",3,1,0,MEDIUM
890,890,30,10,10,890,EMP1042,"06","5",5,1,0,LOW
300000,3000,10,20,20,0,NONE,"06","5",4,1,0,LOW
250000,2500,10,20,20,0,NONE,"06","5",4,1,0,LOW
250000,2500,10,20,20,0,NONE,"06","5",6,1,0,LOW
300000,3000,10,20,20,0,NONE,"06","5",4,1,0,HIGH
44600,44600,20,10,10,44600,EMP1055,"06","6",5,1,0,LOW
500000,5000,10,20,20,0,NONE,"06","4",4,1,0,LOW
68162,682,20,20,20,68162,EMP1055,"06","7",8,1,0,LOW
72887,729,20,20,20,72887,EMP1055,"06","6",6,1,0,LOW
93275,933,20,20,20,93275,EMP1055,"06","6",4,1,0,LOW
500000,5000,10,20,20,0,NONE,"06","4",4,1,0,LOW
77875,779,20,20,20,77875,EMP1055,"06","6",6,1,0,LOW
8958,8958,20,10,10,8958,EMP1055,"06","6",5,1,0,LOW
9579,9579,20,10,10,9579,EMP1055,"06","6",7,1,0,LOW
12259,12259,20,10,10,12259,EMP1055,"06","1",9,1,0,LOW
10235,10235,20,10,10,10235,EMP1055,"06","7",5,1,0,LOW
8413,8413,20,10,10,8413,EMP1055,"06","6",5,1,0,LOW
8996,8996,20,10,10,8996,EMP1055,"06","7",7,1,0,LOW
11512,11512,20,10,10,11512,EMP1055,"06","6",5,1,0,LOW
9612,9612,20,10,10,9612,EMP1055,"06","6",7,1,0,HIGH
779,779,30,10,10,779,EMP1055,"06","5",3,1,0,LOW
833,833,30,10,10,833,EMP1055,"06","6",3,1,0,LOW
1066,1066,30,10,10,1066,EMP1055,"06","6",3,1,0,LOW
890,890,30,10,10,890,EMP1055,"06","6",3,1,0,LOW
44600,44600,20,10,10,44600,EMP1057,"06","7",5,1,0,LOW
500000,5000,10,20,20,0,NONE,"06","5",4,1,0,LOW
1500000,15000,10,20,20,0,NONE,"06","5",4,1,0,LOW
68162,682,20,20,20,68162,EMP1057,"06","7",4,1,0,LOW
500000,5000,10,20,20,0,NONE,"06","5",4,1,0,HIGH
500000,5000,10,20,20,0,NONE,"06","5",8,1,0,LOW
72887,729,20,20,20,72887,EMP1057,"06","7",4,1,0,LOW
500000,5000,10,20,20,0,NONE,"06","5",6,1,0,LOW
500000,5000,10,20,20,0,NONE,"06","5",4,1,0,LOW
500000,5000,10,20,20,0,NONE,"06","2",6,1,0,LOW
1500000,15000,10,20,20,0,NONE,"06","2",4,1,0,HIGH
1500000,15000,10,20,20,0,NONE,"06","2",4,1,0,HIGH
1500000,15000,10,20,20,0,NONE,"06","1",4,1,0,LOW
83125,831,20,20,20,83125,EMP1005,"06","4",4,1,0,LOW
84790,848,20,20,20,84790,EMP1005,"06","4",4,1,0,LOW
12526,12526,20,10,10,12526,EMP1005,"06","4",7,1,0,HIGH
14596,14596,20,10,10,14596,EMP1005,"06","5",5,1,0,LOW
10925,10925,20,10,10,10925,EMP1005,"06","4",5,1,0,LOW
11146,11146,20,10,10,11146,EMP1005,"06","4",5,1,0,LOW
11762,11762,20,10,10,11762,EMP1005,"06","5",5,1,0,LOW
13706,13706,20,10,10,13706,EMP1005,"06","4",5,1,0,LOW
10260,10260,20,10,10,10260,EMP1005,"06","4",5,1,0,LOW
10466,10466,20,10,10,10466,EMP1005,"06","4",7,1,0,LOW
1089,1089,30,10,10,1089,EMP1005,"06","3",3,1,0,LOW
1269,1269,30,10,10,1269,EMP1005,"06","3",3,1,0,LOW
950,950,30,10,10,950,EMP1005,"06","4",3,1,0,MEDIUM
969,969,30,10,10,969,EMP1005,"06","3",3,1,0,LOW
500000,5000,10,20,20,0,NONE,"06","4",4,1,0,LOW
44600,44600,20,10,10,44600,EMP1042,"06","5",5,1,0,MEDIUM
500000,5000,10,20,20,0,NONE,"06","3",6,1,0,LOW
1000000,10000,10,20,20,0,NONE,"06","3",6,1,0,LOW
68162,682,20,20,20,68162,EMP1042,"06","5",4,1,0,LOW
500000,5000,10,20,20,0,NONE,"06","3",4,1,0,LOW
72887,729,20,20,20,72887,EMP1042,"06","5",4,1,0,LOW
93275,933,20,20,20,93275,EMP1042,"06","5",6,1,0,LOW
500000,5000,10,20,20,0,NONE,"06","3",6,1,0,LOW
500000,5000,10,20,20,0,NONE,"06","3",4,1,0,LOW
1500000,15000,10,20,20,0,NONE,"06","3",6,1,0,LOW
77875,779,20,20,20,77875,EMP1042,"06","5",4,1,0,LOW
8958,8958,20,10,10,8958,EMP1042,"06","5",7,1,0,LOW
9579,9579,20,10,10,9579,EMP1042,"06","7",9,1,0,LOW
12259,12259,20,10,10,12259,EMP1042,"06","5",5,1,0,LOW
10235,10235,20,10,10,10235,EMP1042,"06","5",5,1,0,LOW
8413,8413,20,10,10,8413,EMP1042,"06","6",7,1,0,LOW
8996,8996,20,10,10,8996,EMP1042,"06","5",5,1,0,LOW
11512,11512,20,10,10,11512,EMP1042,"06","5",5,1,0,LOW
400000,400000,40,10,10,0,NONE,"06","7",5,1,0,LOW
400000,400000,40,10,10,0,NONE,"06","7",5,1,0,LOW
30000,30000,40,10,10,0,NONE,"06","7",7,1,0,HIGH
300000,3000,10,20,20,0,NONE,"06","1",4,1,0,LOW
250000,2500,10,20,20,0,NONE,"06","1",4,1,0,HIGH
250000,2500,10,20,20,0,NONE,"06","1",4,1,0,LOW
300000,3000,10,20,20,0,NONE,"06","1",4,1,0,LOW
53462,53462,20,10,10,53462,EMP1047,"06","3",5,1,0,LOW
95287,953,20,20,20,95287,EMP1047,"06","3",4,1,0,LOW
500000,5000,10,20,20,0,NONE,"06","1",4,1,0,LOW
1500000,15000,10,20,20,0,NONE,"06","7",4,1,0,LOW
111037,1110,20,20,20,111037,EMP1047,"06","3",4,1,0,LOW
500000,5000,10,20,20,0,NONE,"06","1",4,1,0,LOW
500000,5000,10,20,20,0,NONE,"06","1",4,1,0,LOW
83125,831,20,20,20,83125,EMP1047,"06","3",6,1,0,HIGH
84787,848,20,20,20,84787,EMP1047,"06","3",6,1,0,LOW
12523,12523,20,10,10,12523,EMP1047,"06","3",7,1,0,HIGH
14593,14593,20,10,10,14593,EMP1047,"06","3",7,1,0,LOW
10925,10925,20,10,10,10925,EMP1047,"06","3",5,1,0,LOW
11143,11143,20,10,10,11143,EMP1047,"06","3",5,1,0,LOW
11761,11761,20,10,10,11761,EMP1047,"06","5",9,1,0,LOW
13705,13705,20,10,10,13705,EMP1047,"06","4",5,1,0,LOW
10260,10260,20,10,10,10260,EMP1047,"06","3",7,1,0,LOW
10465,10465,20,10,10,10465,EMP1047,"06","3",5,1,0,LOW
1089,1089,30,10,10,1089,EMP1047,"06","3",3,1,0,LOW
1269,1269,30,10,10,1269,EMP1047,"06","3",3,1,0,LOW
950,950,30,10,10,950,EMP1047,"06","2",3,1,0,LOW
969,969,30,10,10,969,EMP1047,"06","3",5,1,0,LOW
300000,3000,10,20,20,0,NONE,"06","3",6,1,0,LOW
250000,2500,10,20,20,0,NONE,"06","3",4,1,0,LOW
250000,2500,10,20,20,0,NONE,"06","3",4,1,0,LOW
300000,3000,10,20,20,0,NONE,"06","3",4,1,0,LOW
1500000,15000,10,20,20,0,NONE,"06","2",4,1,0,LOW
53465,53465,20,10,10,53465,EMP1005,"06","4",5,1,0,LOW
500000,5000,10,20,20,0,NONE,"06","2",6,1,0,LOW
95290,953,20,20,20,95290,EMP1005,"06","4",6,1,0,LOW
111040,1110,20,20,20,111040,EMP1005,"06","4",6,1,0,HIGH
11143,11143,20,10,10,11143,EMP1001,"06","6",7,1,0,LOW
11761,11761,20,10,10,11761,EMP1001,"06","6",5,1,0,LOW
13705,13705,20,10,10,13705,EMP1001,"06","6",5,1,0,LOW
10260,10260,20,10,10,10260,EMP1001,"06","6",5,1,0,LOW
10465,10465,20,10,10,10465,EMP1001,"06","7",5,1,0,LOW
1089,1089,30,10,10,1089,EMP1001,"06","6",5,1,0,LOW
1269,1269,30,10,10,1269,EMP1001,"06","6",3,1,0,HIGH
950,950,30,10,10,950,EMP1001,"06","6",3,1,0,LOW
969,969,30,10,10,969,EMP1001,"06","6",3,1,0,LOW
300000,3000,10,20,20,0,NONE,"06","6",4,1,0,LOW
250000,2500,10,20,20,0,NONE,"06","6",4,1,0,LOW
250000,2500,10,20,20,0,NONE,"06","6",4,1,0,LOW
300000,3000,10,20,20,0,NONE,"06","6",4,1,0,LOW
1500000,15000,10,20,20,0,NONE,"06","5",4,1,0,LOW
53462,53462,20,10,10,53462,EMP1003,"06","7",5,1,0,LOW
95287,953,20,20,20,95287,EMP1003,"06","1",8,1,0,LOW
500000,5000,10,20,20,0,NONE,"06","5",4,1,0,LOW
1500000,15000,10,20,20,0,NONE,"06","5",4,1,0,LOW
111037,1110,20,20,20,111037,EMP1003,"06","7",4,1,0,LOW
500000,5000,10,20,20,0,NONE,"06","5",4,1,0,LOW
83125,831,20,20,20,83125,EMP1003,"06","7",6,1,0,LOW
500000,5000,10,20,20,0,NONE,"06","5",6,1,0,LOW
84787,848,20,20,20,84787,EMP1003,"06","7",4,1,0,LOW
12523,12523,20,10,10,12523,EMP1003,"06","1",5,1,0,LOW
14593,14593,20,10,10,14593,EMP1003,"06","7",5,1,0,HIGH
10925,10925,20,10,10,10925,EMP1003,"06","7",5,1,0,MEDIUM
11143,11143,20,10,10,11143,EMP1003,"06","7",7,1,0,LOW
11761,11761,20,10,10,11761,EMP1003,"06","1",5,1,0,LOW
13705,13705,20,10,10,13705,EMP1003,"06","1",5,1,0,LOW
10260,10260,20,10,10,10260,EMP1003,"06","1",5,1,0,LOW
10465,10465,20,10,10,10465,EMP1003,"06","7",5,1,0,LOW
1089,1089,30,10,10,1089,EMP1003,"06","7",3,1,0,LOW
1269,1269,30,10,10,1269,EMP1003,"06","7",3,1,0,HIGH
950,950,30,10,10,950,EMP1003,"06","1",5,1,0,LOW
969,969,30,10,10,969,EMP1003,"06","7",3,1,0,LOW
500000,500000,40,10,10,0,NONE,"06","7",5,1,0,LOW
500000,500000,40,10,10,0,NONE,"06","7",5,1,0,LOW
500000,5000,10,20,20,0,NONE,"06","4",4,1,0,LOW
53462,53462,20,10,10,53462,EMP1005,"06","5",5,1,0,LOW
1500000,15000,10,20,20,0,NONE,"06","3",4,1,0,LOW
95287,953,20,20,20,95287,EMP1005,"06","5",4,1,0,LOW
500000,5000,10,20,20,0,NONE,"06","3",4,1,0,LOW
111037,1110,20,20,20,111037,EMP1005,"06","6",6,1,0,HIGH
83125,831,20,20,20,83125,EMP1005,"06","5",4,1,0,LOW
500000,5000,10,20,20,0,NONE,"06","3",4,1,0,HIGH
500000,5000,10,20,20,0,NONE,"06","3",4,1,0,LOW
84787,848,20,20,20,84787,EMP1005,"06","5",4,1,0,LOW
12523,12523,20,10,10,12523,EMP1005,"06","5",5,1,0,LOW
14593,14593,20,10,10,14593,EMP1005,"06","5",5,1,0,LOW
10925,10925,20,10,10,10925,EMP1005,"06","5",5,1,0,MEDIUM
11143,11143,20,10,10,11143,EMP1005,"06","6",5,1,0,LOW
11761,11761,20,10,10,11761,EMP1005,"06","5",5,1,0,LOW
13705,13705,20,10,10,13705,EMP1005,"06","5",5,1,0,LOW
10260,10260,20,10,10,10260,EMP1005,"06","6",5,1,0,LOW
10465,10465,20,10,10,10465,EMP1005,"06","5",5,1,0,LOW
1089,1089,30,10,10,1089,EMP1005,"06","6",5,1,0,LOW
1269,1269,30,10,10,1269,EMP1005,"06","5",3,1,0,LOW
950,950,30,10,10,950,EMP1005,"06","5",7,1,0,HIGH
969,969,30,10,10,969,EMP1005,"06","6",7,1,0,HIGH
1000000,10000,10,20,20,0,NONE,"06","4",4,1,0,LOW
53462,53462,20,10,10,53462,EMP1001,"06","6",5,1,0,LOW
500000,5000,10,20,20,0,NONE,"06","4",4,1,0,LOW
1500000,15000,10,20,20,0,NONE,"06","4",4,1,0,LOW
95287,953,20,20,20,95287,EMP1001,"06","1",8,1,0,LOW
500000,5000,10,20,20,0,NONE,"06","4",6,1,0,LOW
500000,5000,10,20,20,0,NONE,"06","4",4,1,0,HIGH
500000,5000,10,20,20,0,NONE,"06","4",4,1,0,LOW
111037,1110,20,20,20,111037,EMP1001,"06","6",4,1,0,LOW
500000,5000,10,20,20,0,NONE,"06","3",4,1,0,LOW
83125,831,20,20,20,83125,EMP1001,"06","6",4,1,0,LOW
84787,848,20,20,20,84787,EMP1001,"06","6",4,1,0,LOW
12523,12523,20,10,10,12523,EMP1001,"06","6",5,1,0,LOW
14593,14593,20,10,10,14593,EMP1001,"06","6",5,1,0,LOW
10925,10925,20,10,10,10925,EMP1001,"06","6",5,1,0,LOW
13230,13230,20,10,10,13230,EMP1048,"06","3",7,1,0,LOW
8510,8510,20,10,10,8510,EMP1048,"06","4",5,1,0,LOW
12765,12765,20,10,10,12765,EMP1048,"06","4",5,1,0,LOW
1221,1221,30,10,10,1221,EMP1048,"06","3",3,1,0,LOW
1225,1225,30,10,10,1225,EMP1048,"06","3",3,1,0,LOW
788,788,30,10,10,788,EMP1048,"06","3",5,1,0,LOW
1182,1182,30,10,10,1182,EMP1048,"06","2",3,1,0,LOW
1500000,15000,10,20,20,0,NONE,"06","1",4,1,0,LOW
1500000,15000,10,20,20,0,NONE,"06","2",4,1,0,LOW
55200,55200,20,10,10,55200,EMP1043,"06","5",9,1,0,LOW
500000,5000,10,20,20,0,NONE,"06","2",4,1,0,LOW
500000,5000,10,20,20,0,NONE,"06","1",4,1,0,LOW
106840,1068,20,20,20,106840,EMP1043,"06","4",4,1,0,LOW
500000,5000,10,20,20,0,NONE,"06","2",4,1,0,LOW
500000,5000,10,20,20,0,NONE,"06","1",4,1,0,LOW
107190,1072,20,20,20,107190,EMP1043,"06","4",6,1,0,LOW
500000,5000,10,20,20,0,NONE,"06","2",6,1,0,LOW
500000,5000,10,20,20,0,NONE,"06","2",4,1,0,LOW
68950,690,20,20,20,68950,EMP1043,"06","4",4,1,0,LOW
500000,5000,10,20,20,0,NONE,"06","2",4,1,0,HIGH
500000,5000,10,20,20,0,NONE,"06","2",8,1,0,LOW
103425,1034,20,20,20,103425,EMP1043,"06","4",4,1,0,LOW
14044,14044,20,10,10,14044,EMP1043,"06","4",5,1,0,LOW
14090,14090,20,10,10,14090,EMP1043,"06","4",5,1,0,LOW
9062,9062,20,10,10,9062,EMP1043,"06","4",5,1,0,LOW
13593,13593,20,10,10,13593,EMP1043,"06","4",5,1,0,LOW
13191,13191,20,10,10,13191,EMP1043,"06","4",5,1,0,LOW
13230,13230,20,10,10,13230,EMP1043,"06","4",7,1,0,LOW
8513,8513,20,10,10,8513,EMP1043,"06","4",5,1,0,LOW
12769,12769,20,10,10,12769,EMP1043,"06","4",5,1,0,MEDIUM
1221,1221,30,10,10,1221,EMP1043,"06","3",3,1,0,LOW
1225,1225,30,10,10,1225,EMP1043,"06","4",3,1,0,LOW
788,788,30,10,10,788,EMP1043,"06","4",3,1,0,LOW
1182,1182,30,10,10,1182,EMP1043,"06","5",5,1,0,LOW
300000,3000,10,20,20,0,NONE,"06","4",4,1,0,LOW
250000,2500,10,20,20,0,NONE,"06","4",4,1,0,LOW
250000,2500,10,20,20,0,NONE,"06","4",6,1,0,LOW
300000,3000,10,20,20,0,NONE,"06","4",4,1,0,LOW
106837,1068,20,20,20,106837,EMP1006,"06","1",4,1,0,LOW
500000,5000,10,20,20,0,NONE,"06","6",6,1,0,LOW
107187,1072,20,20,20,107187,EMP1006,"06","1",4,1,0,LOW
500000,5000,10,20,20,0,NONE,"06","6",8,1,0,HIGH
500000,5000,10,20,20,0,NONE,"06","6",8,1,0,LOW
500000,5000,10,20,20,0,NONE,"06","6",4,1,0,LOW
68950,690,20,20,20,68950,EMP1006,"06","1",6,1,0,LOW
1500000,15000,10,20,20,0,NONE,"06","6",4,1,0,LOW
103425,1034,20,20,20,103425,EMP1006,"06","1",4,1,0,LOW
14041,14041,20,10,10,14041,EMP1006,"06","1",5,1,0,LOW
14087,14087,20,10,10,14087,EMP1006,"06","1",5,1,0,LOW
9062,9062,20,10,10,9062,EMP1006,"06","2",5,1,0,LOW
13593,13593,20,10,10,13593,EMP1006,"06","1",5,1,0,LOW
13186,13186,20,10,10,13186,EMP1006,"06","2",5,1,0,LOW
13230,13230,20,10,10,13230,EMP1006,"06","3",9,1,0,LOW
8510,8510,20,10,10,8510,EMP1006,"06","1",7,1,0,LOW
12765,12765,20,10,10,12765,EMP1006,"06","1",5,1,0,LOW
1221,1221,30,10,10,1221,EMP1006,"06","1",3,1,0,LOW
1225,1225,30,10,10,1225,EMP1006,"06","7",3,1,0,LOW
788,788,30,10,10,788,EMP1006,"06","1",3,1,0,LOW
1182,1182,30,10,10,1182,EMP1006,"06","1",3,1,0,LOW
300000,3000,10,20,20,0,NONE,"06","2",6,1,0,LOW
250000,2500,10,20,20,0,NONE,"06","2",4,1,0,LOW
250000,2500,10,20,20,0,NONE,"06","2",8,1,0,LOW
300000,3000,10,20,20,0,NONE,"06","2",4,1,0,HIGH
55200,55200,20,10,10,55200,EMP1048,"06","3",5,1,0,LOW
500000,5000,10,20,20,0,NONE,"06","1",4,1,0,LOW
106837,1068,20,20,20,106837,EMP1048,"06","3",4,1,0,LOW
107187,1072,20,20,20,107187,EMP1048,"06","3",4,1,0,LOW
500000,5000,10,20,20,0,NONE,"06","1",4,1,0,LOW
68950,690,20,20,20,68950,EMP1048,"06","3",6,1,0,LOW
103425,1034,20,20,20,103425,EMP1048,"06","3",6,1,0,LOW
14041,14041,20,10,10,14041,EMP1048,"06","4",5,1,0,LOW
14087,14087,20,10,10,14087,EMP1048,"06","4",7,1,0,LOW
9062,9062,20,10,10,9062,EMP1048,"06","3",7,1,0,LOW
13593,13593,20,10,10,13593,EMP1048,"06","3",5,1,0,LOW
13186,13186,20,10,10,13186,EMP1048,"06","4",5,1,0,HIGH
12765,12765,20,10,10,12765,EMP1041,"06","6",5,1,0,LOW
1221,1221,30,10,10,1221,EMP1041,"06","5",3,1,0,LOW
1225,1225,30,10,10,1225,EMP1041,"06","6",3,1,0,LOW
788,788,30,10,10,788,EMP1041,"06","6",3,1,0,LOW
1182,1182,30,10,10,1182,EMP1041,"06","7",5,1,0,LOW
1500000,15000,10,20,20,0,NONE,"06","5",4,1,0,LOW
55200,55200,20,10,10,55200,EMP1048,"06","1",9,1,0,LOW
500000,5000,10,20,20,0,NONE,"06","5",6,1,0,HIGH
500000,5000,10,20,20,0,NONE,"06","5",4,1,0,LOW
500000,5000,10,20,20,0,NONE,"06","5",4,1,0,LOW
106837,1068,20,20,20,106837,EMP1048,"06","7",4,1,0,LOW
500000,5000,10,20,20,0,NONE,"06","5",6,1,0,HIGH
500000,5000,10,20,20,0,NONE,"06","4",6,1,0,LOW
107187,1072,20,20,20,107187,EMP1048,"06","7",6,1,0,HIGH
68950,690,20,20,20,68950,EMP1048,"06","7",6,1,0,LOW
500000,5000,10,20,20,0,NONE,"06","5",4,1,0,LOW
500000,5000,10,20,20,0,NONE,"06","4",4,1,0,LOW
1500000,15000,10,20,20,0,NONE,"06","4",4,1,0,LOW
103425,1034,20,20,20,103425,EMP1048,"06","7",4,1,0,LOW
14041,14041,20,10,10,14041,EMP1048,"06","7",5,1,0,MEDIUM
14087,14087,20,10,10,14087,EMP1048,"06","7",7,1,0,HIGH
9062,9062,20,10,10,9062,EMP1048,"06","7",7,1,0,LOW
13593,13593,20,10,10,13593,EMP1048,"06","7",5,1,0,LOW
13186,13186,20,10,10,13186,EMP1048,"06","7",7,1,0,LOW
13230,13230,20,10,10,13230,EMP1048,"06","1",5,1,0,LOW
8510,8510,20,10,10,8510,EMP1048,"06","7",7,1,0,LOW
12765,12765,20,10,10,12765,EMP1048,"06","3",9,1,0,LOW
1221,1221,30,10,10,1221,EMP1048,"06","7",3,1,0,LOW
1225,1225,30,10,10,1225,EMP1048,"06","7",3,1,0,LOW
788,788,30,10,10,788,EMP1048,"06","7",3,1,0,LOW
1182,1182,30,10,10,1182,EMP1048,"06","6",3,1,0,LOW
300000,3000,10,20,20,0,NONE,"06","7",8,1,0,LOW
250000,2500,10,20,20,0,NONE,"06","7",4,1,0,LOW
250000,2500,10,20,20,0,NONE,"06","7",4,1,0,LOW
300000,3000,10,20,20,0,NONE,"06","7",4,1,0,LOW
55200,55200,20,10,10,55200,EMP1006,"06","1",5,1,0,LOW
1000000,10000,10,20,20,0,NONE,"06","6",8,1,0,LOW
1500000,15000,10,20,20,0,NONE,"06","3",4,1,0,LOW
68950,690,20,20,20,68950,EMP1052,"06","5",6,1,0,HIGH
500000,5000,10,20,20,0,NONE,"06","3",6,1,0,HIGH
500000,5000,10,20,20,0,NONE,"06","3",4,1,0,LOW
103425,1034,20,20,20,103425,EMP1052,"06","5",6,1,0,LOW
14041,14041,20,10,10,14041,EMP1052,"06","5",5,1,0,LOW
14087,14087,20,10,10,14087,EMP1052,"06","6",9,1,0,LOW
9062,9062,20,10,10,9062,EMP1052,"06","5",5,1,0,LOW
13593,13593,20,10,10,13593,EMP1052,"06","6",5,1,0,LOW
13186,13186,20,10,10,13186,EMP1052,"06","5",5,1,0,LOW
13230,13230,20,10,10,13230,EMP1052,"06","5",7,1,0,LOW
8510,8510,20,10,10,8510,EMP1052,"06","5",5,1,0,LOW
12765,12765,20,10,10,12765,EMP1052,"06","5",5,1,0,LOW
1221,1221,30,10,10,1221,EMP1052,"06","4",3,1,0,LOW
1225,1225,30,10,10,1225,EMP1052,"06","4",3,1,0,LOW
788,788,30,10,10,788,EMP1052,"06","6",5,1,0,LOW
1182,1182,30,10,10,1182,EMP1052,"06","4",3,1,0,MEDIUM
300000,3000,10,20,20,0,NONE,"06","5",4,1,0,LOW
250000,2500,10,20,20,0,NONE,"06","5",4,1,0,LOW
250000,2500,10,20,20,0,NONE,"06","5",4,1,0,LOW
300000,3000,10,20,20,0,NONE,"06","5",4,1,0,LOW
55200,55200,20,10,10,55200,EMP1041,"06","6",5,1,0,LOW
106837,1068,20,20,20,106837,EMP1041,"06","6",4,1,0,LOW
500000,5000,10,20,20,0,NONE,"06","4",8,1,0,HIGH
500000,5000,10,20,20,0,NONE,"06","4",4,1,0,LOW
107187,1072,20,20,20,107187,EMP1041,"06","6",4,1,0,LOW
68950,690,20,20,20,68950,EMP1041,"06","1",8,1,0,HIGH
500000,5000,10,20,20,0,NONE,"06","4",6,1,0,LOW
1500000,15000,10,20,20,0,NONE,"06","4",4,1,0,LOW
103425,1034,20,20,20,103425,EMP1041,"06","6",4,1,0,LOW
14041,14041,20,10,10,14041,EMP1041,"06","6",7,1,0,LOW
14087,14087,20,10,10,14087,EMP1041,"06","6",5,1,0,LOW
9062,9062,20,10,10,9062,EMP1041,"06","6",5,1,0,LOW
13593,13593,20,10,10,13593,EMP1041,"06","6",5,1,0,LOW
13186,13186,20,10,10,13186,EMP1041,"06","6",5,1,0,LOW
13230,13230,20,10,10,13230,EMP1041,"06","6",5,1,0,LOW
8510,8510,20,10,10,8510,EMP1041,"06","7",5,1,0,LOW
852,852,30,10,10,852,EMP1045,"06","3",3,1,0,LOW
1221,1221,30,10,10,1221,EMP1045,"06","3",3,1,0,LOW
300000,3000,10,20,20,0,NONE,"06","3",4,1,0,HIGH
250000,2500,10,20,20,0,NONE,"06","3",4,1,0,LOW
250000,2500,10,20,20,0,NONE,"06","3",4,1,0,LOW
300000,3000,10,20,20,0,NONE,"06","3",6,1,0,LOW
1500000,15000,10,20,20,0,NONE,"06","2",6,1,0,HIGH
1500000,15000,10,20,20,0,NONE,"06","2",4,1,0,LOW
51000,51000,20,10,10,51000,EMP1052,"06","4",5,1,0,LOW
1000000,10000,10,20,20,0,NONE,"06","2",4,1,0,LOW
92665,927,20,20,20,92665,EMP1052,"06","4",4,1,0,HIGH
500000,5000,10,20,20,0,NONE,"06","2",4,1,0,LOW
82950,830,20,20,20,82950,EMP1052,"06","4",4,1,0,LOW
1500000,15000,10,20,20,0,NONE,"06","2",6,1,0,LOW
74550,746,20,20,20,74550,EMP1052,"06","4",6,1,0,LOW
500000,5000,10,20,20,0,NONE,"06","2",4,1,0,LOW
500000,5000,10,20,20,0,NONE,"06","2",4,1,0,LOW
500000,5000,10,20,20,0,NONE,"06","1",4,1,0,LOW
106840,1068,20,20,20,106840,EMP1052,"06","4",4,1,0,LOW
12181,12181,20,10,10,12181,EMP1052,"06","4",5,1,0,LOW
10902,10902,20,10,10,10902,EMP1052,"06","4",7,1,0,HIGH
9798,9798,20,10,10,9798,EMP1052,"06","4",5,1,0,LOW
14044,14044,20,10,10,14044,EMP1052,"06","4",5,1,0,LOW
11439,11439,20,10,10,11439,EMP1052,"06","4",7,1,0,LOW
10241,10241,20,10,10,10241,EMP1052,"06","5",5,1,0,LOW
9205,9205,20,10,10,9205,EMP1052,"06","5",5,1,0,LOW
13191,13191,20,10,10,13191,EMP1052,"06","5",5,1,0,LOW
1059,1059,30,10,10,1059,EMP1052,"06","4",5,1,0,LOW
948,948,30,10,10,948,EMP1052,"06","5",5,1,0,LOW
852,852,30,10,10,852,EMP1052,"06","4",5,1,0,LOW
1221,1221,30,10,10,1221,EMP1052,"06","5",5,1,0,LOW
500000,5000,10,20,20,0,NONE,"06","4",4,1,0,LOW
55200,55200,20,10,10,55200,EMP1052,"06","5",5,1,0,LOW
106837,1068,20,20,20,106837,EMP1052,"06","5",6,1,0,LOW
500000,5000,10,20,20,0,NONE,"06","3",6,1,0,LOW
500000,5000,10,20,20,0,NONE,"06","3",4,1,0,LOW
107187,1072,20,20,20,107187,EMP1052,"06","5",6,1,0,LOW
10902,10902,20,10,10,10902,EMP1049,"06","1",5,1,0,LOW
9798,9798,20,10,10,9798,EMP1049,"06","1",5,1,0,LOW
14041,14041,20,10,10,14041,EMP1049,"06","1",5,1,0,MEDIUM
11437,11437,20,10,10,11437,EMP1049,"06","2",5,1,0,LOW
10238,10238,20,10,10,10238,EMP1049,"06","1",5,1,0,HIGH
9201,9201,20,10,10,9201,EMP1049,"06","3",9,1,0,HIGH
13186,13186,20,10,10,13186,EMP1049,"06","2",5,1,0,LOW
1059,1059,30,10,10,1059,EMP1049,"06","1",3,1,0,LOW
948,948,30,10,10,948,EMP1049,"06","1",3,1,0,LOW
852,852,30,10,10,852,EMP1049,"06","1",3,1,0,LOW
1221,1221,30,10,10,1221,EMP1049,"06","2",5,1,0,LOW
300000,3000,10,20,20,0,NONE,"06","1",4,1,0,LOW
250000,2500,10,20,20,0,NONE,"06","1",4,1,0,LOW
250000,2500,10,20,20,0,NONE,"06","1",8,1,0,LOW
300000,3000,10,20,20,0,NONE,"06","1",4,1,0,LOW
51000,51000,20,10,10,51000,EMP1045,"06","4",9,1,0,LOW
92662,927,20,20,20,92662,EMP1045,"06","3",4,1,0,LOW
500000,5000,10,20,20,0,NONE,"06","1",4,1,0,LOW
1500000,15000,10,20,20,0,NONE,"06","1",4,1,0,HIGH
1500000,15000,10,20,20,0,NONE,"06","1",4,1,0,HIGH
1500000,15000,10,20,20,0,NONE,"06","7",6,1,0,LOW
82950,830,20,20,20,82950,EMP1045,"06","3",6,1,0,LOW
500000,5000,10,20,20,0,NONE,"06","7",4,1,0,LOW
74550,746,20,20,20,74550,EMP1045,"06","5",8,1,0,HIGH
500000,5000,10,20,20,0,NONE,"06","1",6,1,0,LOW
106837,1068,20,20,20,106837,EMP1045,"06","3",4,1,0,LOW
12178,12178,20,10,10,12178,EMP1045,"06","3",5,1,0,LOW
10902,10902,20,10,10,10902,EMP1045,"06","4",9,1,0,HIGH
9798,9798,20,10,10,9798,EMP1045,"06","3",7,1,0,LOW
14041,14041,20,10,10,14041,EMP1045,"06","3",7,1,0,LOW
11437,11437,20,10,10,11437,EMP1045,"06","4",5,1,0,LOW
10238,10238,20,10,10,10238,EMP1045,"06","3",7,1,0,LOW
9201,9201,20,10,10,9201,EMP1045,"06","4",5,1,0,LOW
13186,13186,20,10,10,13186,EMP1045,"06","4",7,1,0,LOW
1059,1059,30,10,10,1059,EMP1045,"06","3",3,1,0,LOW
948,948,30,10,10,948,EMP1045,"06","3",7,1,0,LOW
1221,1221,30,10,10,1221,EMP1005,"05","6",1,0,0,LOW
300000,3000,10,20,20,0,NONE,"05","6",2,0,0,LOW
250000,2500,10,20,20,0,NONE,"05","6",2,0,0,LOW
250000,2500,10,20,20,0,NONE,"05","6",2,0,0,LOW
300000,3000,10,20,20,0,NONE,"05","6",2,0,0,LOW
1500000,15000,10,20,20,0,NONE,"05","6",2,0,0,LOW
1500000,15000,10,20,20,0,NONE,"05","6",2,0,0,LOW
51000,51000,20,10,10,51000,EMP1001,"05","6",3,0,0,LOW
92662,927,20,20,20,92662,EMP1001,"05","6",2,0,0,LOW
500000,5000,10,20,20,0,NONE,"05","5",2,0,0,LOW
82950,830,20,20,20,82950,EMP1001,"05","6",2,0,0,LOW
500000,5000,10,20,20,0,NONE,"05","4",2,0,0,LOW
74550,746,20,20,20,74550,EMP1001,"05","6",2,0,0,LOW
106837,1068,20,20,20,106837,EMP1001,"05","6",2,0,0,LOW
12178,12178,20,10,10,12178,EMP1001,"06","7",3,1,0,LOW
10902,10902,20,10,10,10902,EMP1001,"06","7",7,1,0,LOW
9798,9798,20,10,10,9798,EMP1001,"05","6",3,0,0,LOW
14041,14041,20,10,10,14041,EMP1001,"05","6",3,0,0,HIGH
11437,11437,20,10,10,11437,EMP1001,"05","6",3,0,0,LOW
10238,10238,20,10,10,10238,EMP1001,"06","7",3,1,0,LOW
9201,9201,20,10,10,9201,EMP1001,"05","6",3,0,0,LOW
13186,13186,20,10,10,13186,EMP1001,"06","7",3,1,0,MEDIUM
1059,1059,30,10,10,1059,EMP1001,"06","7",1,1,0,LOW
948,948,30,10,10,948,EMP1001,"06","7",1,1,0,LOW
852,852,30,10,10,852,EMP1001,"06","7",1,1,0,LOW
1221,1221,30,10,10,1221,EMP1001,"06","7",3,1,0,LOW
51000,51000,20,10,10,51000,EMP1049,"06","1",5,1,0,LOW
500000,5000,10,20,20,0,NONE,"05","6",2,0,0,LOW
500000,5000,10,20,20,0,NONE,"05","6",2,0,0,LOW
1500000,15000,10,20,20,0,NONE,"05","6",2,0,0,LOW
92662,927,20,20,20,92662,EMP1049,"06","1",4,1,0,HIGH
500000,5000,10,20,20,0,NONE,"05","6",2,0,0,LOW
82950,830,20,20,20,82950,EMP1049,"06","1",6,1,0,LOW
74550,746,20,20,20,74550,EMP1049,"06","1",4,1,0,LOW
500000,5000,10,20,20,0,NONE,"05","6",2,0,0,LOW
106837,1068,20,20,20,106837,EMP1049,"06","1",4,1,0,LOW
12178,12178,20,10,10,12178,EMP1049,"06","4",9,1,0,LOW
500000,5000,10,20,20,0,NONE,"05","3",2,0,0,LOW
74550,746,20,20,20,74550,EMP1049,"05","4",2,0,0,LOW
1500000,15000,10,20,20,0,NONE,"05","3",2,0,0,LOW
106837,1068,20,20,20,106837,EMP1049,"05","4",2,0,0,LOW
12178,12178,20,10,10,12178,EMP1049,"05","4",3,0,0,LOW
10902,10902,20,10,10,10902,EMP1049,"05","4",3,0,0,LOW
9798,9798,20,10,10,9798,EMP1049,"05","4",3,0,0,LOW
14041,14041,20,10,10,14041,EMP1049,"05","4",3,0,0,LOW
11437,11437,20,10,10,11437,EMP1049,"05","5",3,0,0,LOW
10238,10238,20,10,10,10238,EMP1049,"05","5",3,0,0,LOW
9201,9201,20,10,10,9201,EMP1049,"05","5",3,0,0,MEDIUM
13186,13186,20,10,10,13186,EMP1049,"05","4",3,0,0,LOW
1059,1059,30,10,10,1059,EMP1049,"05","4",1,0,0,LOW
948,948,30,10,10,948,EMP1049,"05","4",1,0,0,LOW
852,852,30,10,10,852,EMP1049,"05","5",1,0,0,LOW
1221,1221,30,10,10,1221,EMP1049,"05","4",1,0,0,LOW
51000,51000,20,10,10,51000,EMP1005,"05","5",3,0,0,LOW
500000,5000,10,20,20,0,NONE,"05","4",2,0,0,LOW
500000,5000,10,20,20,0,NONE,"05","4",2,0,0,LOW
1000000,10000,10,20,20,0,NONE,"05","4",2,0,0,LOW
92662,927,20,20,20,92662,EMP1005,"05","5",2,0,0,LOW
82950,830,20,20,20,82950,EMP1005,"05","5",2,0,0,LOW
74550,746,20,20,20,74550,EMP1005,"05","5",2,0,0,LOW
500000,5000,10,20,20,0,NONE,"05","4",2,0,0,LOW
500000,5000,10,20,20,0,NONE,"05","3",2,0,0,LOW
106837,1068,20,20,20,106837,EMP1005,"05","5",2,0,0,LOW
12178,12178,20,10,10,12178,EMP1005,"05","5",3,0,0,LOW
10902,10902,20,10,10,10902,EMP1005,"05","5",3,0,0,LOW
9798,9798,20,10,10,9798,EMP1005,"05","5",3,0,0,LOW
14041,14041,20,10,10,14041,EMP1005,"05","5",3,0,0,LOW
11437,11437,20,10,10,11437,EMP1005,"05","5",3,0,0,LOW
10238,10238,20,10,10,10238,EMP1005,"05","5",3,0,0,LOW
9201,9201,20,10,10,9201,EMP1005,"05","5",3,0,0,HIGH
13186,13186,20,10,10,13186,EMP1005,"05","5",3,0,0,LOW
1059,1059,30,10,10,1059,EMP1005,"05","6",1,0,0,LOW
948,948,30,10,10,948,EMP1005,"05","6",1,0,0,LOW
852,852,30,10,10,852,EMP1005,"05","6",1,0,0,LOW
924,924,30,10,10,924,EMP1043,"05","3",1,0,0,LOW
1274,1274,30,10,10,1274,EMP1043,"05","2",1,0,0,LOW
860,860,30,10,10,860,EMP1043,"05","3",1,0,0,LOW
1224,1224,30,10,10,1224,EMP1043,"05","3",1,0,0,LOW
53525,53525,20,10,10,53525,EMP1003,"05","3",3,0,0,LOW
500000,5000,10,20,20,0,NONE,"05","1",2,0,0,LOW
500000,5000,10,20,20,0,NONE,"05","2",2,0,0,LOW
80850,809,20,20,20,80850,EMP1003,"05","3",2,0,0,LOW
500000,5000,10,20,20,0,NONE,"05","1",2,0,0,LOW
111475,1115,20,20,20,111475,EMP1003,"05","3",2,0,0,LOW
500000,5000,10,20,20,0,NONE,"05","2",2,0,0,LOW
75250,753,20,20,20,75250,EMP1003,"05","3",2,0,0,LOW
500000,5000,10,20,20,0,NONE,"05","2",2,0,0,LOW
500000,5000,10,20,20,0,NONE,"05","2",2,0,0,LOW
1500000,15000,10,20,20,0,NONE,"05","2",2,0,0,LOW
107100,1071,20,20,20,107100,EMP1003,"05","3",2,0,0,LOW
10626,10626,20,10,10,10626,EMP1003,"05","3",3,0,0,LOW
14651,14651,20,10,10,14651,EMP1003,"05","3",3,0,0,LOW
9890,9890,20,10,10,9890,EMP1003,"05","3",3,0,0,LOW
14076,14076,20,10,10,14076,EMP1003,"05","3",3,0,0,LOW
9980,9980,20,10,10,9980,EMP1003,"05","3",3,0,0,LOW
13760,13760,20,10,10,13760,EMP1003,"05","3",3,0,0,MEDIUM
9288,9288,20,10,10,9288,EMP1003,"05","3",3,0,0,LOW
13220,13220,20,10,10,13220,EMP1003,"05","4",3,0,0,LOW
924,924,30,10,10,924,EMP1003,"05","4",1,0,0,LOW
1274,1274,30,10,10,1274,EMP1003,"05","4",1,0,0,LOW
860,860,30,10,10,860,EMP1003,"05","4",1,0,0,LOW
1224,1224,30,10,10,1224,EMP1003,"05","4",1,0,0,LOW
300000,3000,10,20,20,0,NONE,"05","4",2,0,0,LOW
250000,2500,10,20,20,0,NONE,"05","4",2,0,0,LOW
250000,2500,10,20,20,0,NONE,"05","4",2,0,0,LOW
300000,3000,10,20,20,0,NONE,"05","4",2,0,0,LOW
500000,5000,10,20,20,0,NONE,"05","4",2,0,0,LOW
1500000,15000,10,20,20,0,NONE,"05","3",2,0,0,LOW
51000,51000,20,10,10,51000,EMP1049,"05","4",3,0,0,LOW
500000,5000,10,20,20,0,NONE,"05","3",2,0,0,LOW
92662,927,20,20,20,92662,EMP1049,"05","4",2,0,0,LOW
82950,830,20,20,20,82950,EMP1049,"05","4",2,0,0,LOW
500000,5000,10,20,20,0,NONE,"05","4",2,0,0,LOW
75250,753,20,20,20,75250,EMP1057,"05","6",2,0,0,LOW
107100,1071,20,20,20,107100,EMP1057,"05","6",2,0,0,LOW
10626,10626,20,10,10,10626,EMP1057,"05","6",3,0,0,LOW
14651,14651,20,10,10,14651,EMP1057,"05","6",3,0,0,LOW
9890,9890,20,10,10,9890,EMP1057,"05","6",3,0,0,LOW
14076,14076,20,10,10,14076,EMP1057,"05","6",3,0,0,LOW
9979,9979,20,10,10,9979,EMP1057,"05","7",3,0,0,LOW
13759,13759,20,10,10,13759,EMP1057,"05","7",3,0,0,LOW
9288,9288,20,10,10,9288,EMP1057,"05","6",3,0,0,LOW
13219,13219,20,10,10,13219,EMP1057,"05","6",3,0,0,LOW
924,924,30,10,10,924,EMP1057,"05","7",1,0,0,LOW
1274,1274,30,10,10,1274,EMP1057,"05","7",1,0,0,LOW
860,860,30,10,10,860,EMP1057,"05","6",1,0,0,LOW
1224,1224,30,10,10,1224,EMP1057,"05","7",1,0,0,LOW
300000,3000,10,20,20,0,NONE,"05","7",2,0,0,LOW
250000,2500,10,20,20,0,NONE,"05","7",2,0,0,LOW
250000,2500,10,20,20,0,NONE,"05","7",2,0,0,LOW
300000,3000,10,20,20,0,NONE,"05","7",2,0,0,LOW
300000,3000,10,20,20,0,NONE,"05","2",2,0,0,LOW
250000,2500,10,20,20,0,NONE,"05","2",2,0,0,LOW
250000,2500,10,20,20,0,NONE,"05","2",2,0,0,LOW
300000,3000,10,20,20,0,NONE,"05","2",4,0,0,LOW
53525,53525,20,10,10,53525,EMP1043,"05","2",3,0,0,LOW
80850,809,20,20,20,80850,EMP1043,"05","2",2,0,0,LOW
111475,1115,20,20,20,111475,EMP1043,"05","2",2,0,0,LOW
500000,5000,10,20,20,0,NONE,"05","1",2,0,0,LOW
1500000,15000,10,20,20,0,NONE,"05","1",2,0,0,LOW
75250,753,20,20,20,75250,EMP1043,"05","2",2,0,0,LOW
107100,1071,20,20,20,107100,EMP1043,"05","2",2,0,0,LOW
10626,10626,20,10,10,10626,EMP1043,"05","3",5,0,0,LOW
14651,14651,20,10,10,14651,EMP1043,"05","2",3,0,0,LOW
9890,9890,20,10,10,9890,EMP1043,"05","2",3,0,0,LOW
14076,14076,20,10,10,14076,EMP1043,"05","2",3,0,0,LOW
9979,9979,20,10,10,9979,EMP1043,"05","3",3,0,0,LOW
13759,13759,20,10,10,13759,EMP1043,"05","3",3,0,0,LOW
9288,9288,20,10,10,9288,EMP1043,"05","2",3,0,0,LOW
13219,13219,20,10,10,13219,EMP1043,"05","4",5,0,0,LOW
924,924,30,10,10,924,EMP1041,"05","5",1,0,0,LOW
1274,1274,30,10,10,1274,EMP1041,"05","5",1,0,0,LOW
860,860,30,10,10,860,EMP1041,"05","5",1,0,0,LOW
1224,1224,30,10,10,1224,EMP1041,"05","4",1,0,0,LOW
300000,3000,10,20,20,0,NONE,"05","5",2,0,0,LOW
250000,2500,10,20,20,0,NONE,"05","5",2,0,0,LOW
250000,2500,10,20,20,0,NONE,"05","5",2,0,0,LOW
300000,3000,10,20,20,0,NONE,"05","5",2,0,0,LOW
53525,53525,20,10,10,53525,EMP1046,"05","5",3,0,0,LOW
80850,809,20,20,20,80850,EMP1046,"05","5",2,0,0,LOW
500000,5000,10,20,20,0,NONE,"05","4",2,0,0,LOW
500000,5000,10,20,20,0,NONE,"05","4",2,0,0,LOW
500000,5000,10,20,20,0,NONE,"05","4",2,0,0,LOW
1500000,15000,10,20,20,0,NONE,"05","4",2,0,0,LOW
111475,1115,20,20,20,111475,EMP1046,"05","5",2,0,0,LOW
75250,753,20,20,20,75250,EMP1046,"05","5",2,0,0,LOW
500000,5000,10,20,20,0,NONE,"05","4",2,0,0,LOW
107100,1071,20,20,20,107100,EMP1046,"05","5",2,0,0,LOW
10626,10626,20,10,10,10626,EMP1046,"05","6",3,0,0,LOW
14651,14651,20,10,10,14651,EMP1046,"05","5",3,0,0,LOW
9890,9890,20,10,10,9890,EMP1046,"05","5",3,0,0,LOW
14076,14076,20,10,10,14076,EMP1046,"05","5",3,0,0,LOW
9979,9979,20,10,10,9979,EMP1046,"05","6",3,0,0,LOW
13759,13759,20,10,10,13759,EMP1046,"05","5",3,0,0,LOW
9288,9288,20,10,10,9288,EMP1046,"05","5",3,0,0,LOW
13219,13219,20,10,10,13219,EMP1046,"05","5",3,0,0,LOW
924,924,30,10,10,924,EMP1046,"05","6",1,0,0,LOW
1274,1274,30,10,10,1274,EMP1046,"05","6",1,0,0,LOW
860,860,30,10,10,860,EMP1046,"05","6",1,0,0,LOW
1224,1224,30,10,10,1224,EMP1046,"05","6",1,0,0,LOW
1500000,15000,10,20,20,0,NONE,"05","4",2,0,0,LOW
53525,53525,20,10,10,53525,EMP1057,"05","6",3,0,0,LOW
1000000,10000,10,20,20,0,NONE,"05","5",2,0,0,LOW
80850,809,20,20,20,80850,EMP1057,"05","6",2,0,0,LOW
500000,5000,10,20,20,0,NONE,"05","5",2,0,0,LOW
500000,5000,10,20,20,0,NONE,"05","5",2,0,0,LOW
1500000,15000,10,20,20,0,NONE,"05","5",2,0,0,LOW
111475,1115,20,20,20,111475,EMP1057,"05","6",2,0,0,LOW
1500000,15000,10,20,20,0,NONE,"05","2",2,0,0,LOW
48425,48425,20,10,10,48425,EMP1047,"05","3",3,0,0,LOW
70350,704,20,20,20,70350,EMP1047,"05","3",2,0,0,LOW
87675,877,20,20,20,87675,EMP1047,"05","3",2,0,0,LOW
500000,5000,10,20,20,0,NONE,"05","2",2,0,0,LOW
75600,756,20,20,20,75600,EMP1047,"05","3",2,0,0,LOW
500000,5000,10,20,20,0,NONE,"05","2",2,0,0,LOW
105350,1054,20,20,20,105350,EMP1047,"05","3",2,0,0,LOW
9246,9246,20,10,10,9246,EMP1047,"05","3",3,0,0,LOW
11523,11523,20,10,10,11523,EMP1047,"05","4",3,0,0,LOW
9936,9936,20,10,10,9936,EMP1047,"05","3",3,0,0,LOW
13846,13846,20,10,10,13846,EMP1047,"05","3",3,0,0,LOW
8684,8684,20,10,10,8684,EMP1047,"05","3",3,0,0,LOW
10824,10824,20,10,10,10824,EMP1047,"05","3",3,0,0,LOW
9332,9332,20,10,10,9332,EMP1047,"05","4",3,0,0,LOW
13004,13004,20,10,10,13004,EMP1047,"05","3",3,0,0,LOW
804,804,30,10,10,804,EMP1047,"05","3",1,0,0,LOW
1002,1002,30,10,10,1002,EMP1047,"05","4",1,0,0,LOW
864,864,30,10,10,864,EMP1047,"05","3",1,0,0,LOW
1204,1204,30,10,10,1204,EMP1047,"05","3",1,0,0,LOW
500000,5000,10,20,20,0,NONE,"05","4",2,0,0,LOW
53525,53525,20,10,10,53525,EMP1041,"05","4",3,0,0,LOW
1500000,15000,10,20,20,0,NONE,"05","2",4,0,0,LOW
80850,809,20,20,20,80850,EMP1041,"05","4",2,0,0,LOW
500000,5000,10,20,20,0,NONE,"05","3",2,0,0,LOW
500000,5000,10,20,20,0,NONE,"05","3",2,0,0,LOW
111475,1115,20,20,20,111475,EMP1041,"05","4",2,0,0,LOW
75250,753,20,20,20,75250,EMP1041,"05","4",2,0,0,LOW
500000,5000,10,20,20,0,NONE,"05","3",2,0,0,LOW
107100,1071,20,20,20,107100,EMP1041,"05","4",2,0,0,LOW
10626,10626,20,10,10,10626,EMP1041,"05","5",3,0,0,LOW
14651,14651,20,10,10,14651,EMP1041,"05","4",3,0,0,LOW
9890,9890,20,10,10,9890,EMP1041,"05","4",3,0,0,LOW
14076,14076,20,10,10,14076,EMP1041,"05","4",3,0,0,LOW
9979,9979,20,10,10,9979,EMP1041,"05","5",5,0,0,LOW
13759,13759,20,10,10,13759,EMP1041,"05","5",3,0,0,LOW
9288,9288,20,10,10,9288,EMP1041,"05","4",3,0,0,LOW
13219,13219,20,10,10,13219,EMP1041,"05","4",3,0,0,LOW
8683,8683,20,10,10,8683,EMP1055,"05","1",5,0,0,LOW
10821,10821,20,10,10,10821,EMP1055,"05","6",3,0,0,LOW
9331,9331,20,10,10,9331,EMP1055,"05","7",3,0,0,MEDIUM
13003,13003,20,10,10,13003,EMP1055,"05","6",3,0,0,LOW
804,804,30,10,10,804,EMP1055,"05","7",1,0,0,LOW
1002,1002,30,10,10,1002,EMP1055,"05","7",1,0,0,LOW
864,864,30,10,10,864,EMP1055,"05","7",1,0,0,LOW
1204,1204,30,10,10,1204,EMP1055,"05","7",1,0,0,LOW
300000,3000,10,20,20,0,NONE,"05","1",2,0,0,LOW
250000,2500,10,20,20,0,NONE,"05","1",2,0,0,LOW
250000,2500,10,20,20,0,NONE,"05","1",2,0,0,LOW
300000,3000,10,20,20,0,NONE,"05","1",2,0,0,LOW
1000000,10000,10,20,20,0,NONE,"05","7",2,0,0,LOW
48425,48425,20,10,10,48425,EMP1044,"05","2",3,0,0,LOW
70350,704,20,20,20,70350,EMP1044,"05","2",2,0,0,LOW
500000,5000,10,20,20,0,NONE,"05","7",2,0,0,LOW
87675,877,20,20,20,87675,EMP1044,"05","2",2,0,0,LOW
500000,5000,10,20,20,0,NONE,"05","1",2,0,0,LOW
75600,756,20,20,20,75600,EMP1044,"05","2",2,0,0,LOW
500000,5000,10,20,20,0,NONE,"05","1",2,0,0,LOW
105350,1054,20,20,20,105350,EMP1044,"05","2",2,0,0,LOW
9246,9246,20,10,10,9246,EMP1044,"05","3",3,0,0,LOW
11523,11523,20,10,10,11523,EMP1044,"05","3",5,0,0,MEDIUM
9936,9936,20,10,10,9936,EMP1044,"05","2",3,0,0,LOW
13846,13846,20,10,10,13846,EMP1044,"05","3",3,0,0,LOW
8683,8683,20,10,10,8683,EMP1044,"05","3",3,0,0,LOW
10821,10821,20,10,10,10821,EMP1044,"05","2",3,0,0,LOW
9331,9331,20,10,10,9331,EMP1044,"05","3",3,0,0,LOW
13003,13003,20,10,10,13003,EMP1044,"05","3",3,0,0,LOW
804,804,30,10,10,804,EMP1044,"05","3",1,0,0,LOW
1002,1002,30,10,10,1002,EMP1044,"05","3",1,0,0,LOW
864,864,30,10,10,864,EMP1044,"05","3",1,0,0,LOW
1204,1204,30,10,10,1204,EMP1044,"05","3",1,0,0,LOW
300000,3000,10,20,20,0,NONE,"05","3",2,0,0,LOW
250000,2500,10,20,20,0,NONE,"05","3",2,0,0,LOW
250000,2500,10,20,20,0,NONE,"05","3",2,0,0,LOW
300000,3000,10,20,20,0,NONE,"05","3",2,0,0,LOW
1500000,15000,10,20,20,0,NONE,"05","1",2,0,0,LOW
48425,48425,20,10,10,48425,EMP1007,"05","5",3,0,0,LOW
500000,5000,10,20,20,0,NONE,"05","4",2,0,0,LOW
70350,704,20,20,20,70350,EMP1007,"05","5",2,0,0,LOW
500000,5000,10,20,20,0,NONE,"05","3",2,0,0,LOW
500000,5000,10,20,20,0,NONE,"05","4",2,0,0,LOW
87675,877,20,20,20,87675,EMP1007,"05","5",2,0,0,LOW
1500000,15000,10,20,20,0,NONE,"05","4",2,0,0,LOW
75600,756,20,20,20,75600,EMP1007,"05","5",2,0,0,LOW
500000,5000,10,20,20,0,NONE,"05","4",2,0,0,LOW
105350,1054,20,20,20,105350,EMP1007,"05","5",2,0,0,LOW
9246,9246,20,10,10,9246,EMP1007,"05","6",3,0,0,LOW
11523,11523,20,10,10,11523,EMP1007,"05","5",3,0,0,LOW
9936,9936,20,10,10,9936,EMP1007,"05","6",3,0,0,LOW
13846,13846,20,10,10,13846,EMP1007,"05","5",3,0,0,LOW
8683,8683,20,10,10,8683,EMP1007,"05","5",3,0,0,LOW
10821,10821,20,10,10,10821,EMP1007,"05","5",3,0,0,LOW
9331,9331,20,10,10,9331,EMP1007,"05","5",3,0,0,LOW
13003,13003,20,10,10,13003,EMP1007,"05","6",3,0,0,LOW
804,804,30,10,10,804,EMP1007,"05","5",1,0,0,LOW
1002,1002,30,10,10,1002,EMP1007,"05","6",1,0,0,LOW
864,864,30,10,10,864,EMP1007,"05","6",1,0,0,LOW
1204,1204,30,10,10,1204,EMP1007,"05","6",1,0,0,LOW
300000,3000,10,20,20,0,NONE,"05","6",2,0,0,LOW
250000,2500,10,20,20,0,NONE,"05","6",2,0,0,LOW
250000,2500,10,20,20,0,NONE,"05","6",2,0,0,LOW
300000,3000,10,20,20,0,NONE,"05","6",2,0,0,LOW
48425,48425,20,10,10,48425,EMP1055,"05","6",3,0,0,LOW
70350,704,20,20,20,70350,EMP1055,"05","6",2,0,0,LOW
500000,5000,10,20,20,0,NONE,"05","5",2,0,0,LOW
87675,877,20,20,20,87675,EMP1055,"05","6",2,0,0,LOW
500000,5000,10,20,20,0,NONE,"05","5",2,0,0,LOW
75600,756,20,20,20,75600,EMP1055,"05","6",2,0,0,LOW
1500000,15000,10,20,20,0,NONE,"05","5",4,0,0,LOW
105350,1054,20,20,20,105350,EMP1055,"05","6",2,0,0,LOW
9246,9246,20,10,10,9246,EMP1055,"05","6",3,0,0,LOW
11523,11523,20,10,10,11523,EMP1055,"05","6",3,0,0,LOW
9936,9936,20,10,10,9936,EMP1055,"05","6",3,0,0,LOW
13846,13846,20,10,10,13846,EMP1055,"05","6",3,0,0,LOW
74200,742,20,20,20,74200,EMP1041,"05","3",2,0,0,LOW
13469,13469,20,10,10,13469,EMP1041,"05","3",3,0,0,HIGH
11017,11017,20,10,10,11017,EMP1041,"05","3",3,0,0,LOW
8179,8179,20,10,10,8179,EMP1041,"05","3",3,0,0,LOW
9752,9752,20,10,10,9752,EMP1041,"05","3",3,0,0,LOW
12650,12650,20,10,10,12650,EMP1041,"05","4",3,0,0,LOW
10348,10348,20,10,10,10348,EMP1041,"05","3",3,0,0,LOW
7682,7682,20,10,10,7682,EMP1041,"05","4",3,0,0,LOW
9160,9160,20,10,10,9160,EMP1041,"05","3",3,0,0,LOW
1171,1171,30,10,10,1171,EMP1041,"05","4",1,0,0,LOW
958,958,30,10,10,958,EMP1041,"05","4",1,0,0,LOW
711,711,30,10,10,711,EMP1041,"05","3",1,0,0,LOW
848,848,30,10,10,848,EMP1041,"05","4",1,0,0,LOW
300000,3000,10,20,20,0,NONE,"05","4",2,0,0,LOW
250000,2500,10,20,20,0,NONE,"05","4",2,0,0,LOW
250000,2500,10,20,20,0,NONE,"05","4",2,0,0,LOW
300000,3000,10,20,20,0,NONE,"05","4",2,0,0,LOW
500000,5000,10,20,20,0,NONE,"05","4",2,0,0,LOW
48425,48425,20,10,10,48425,EMP1007,"05","4",3,0,0,LOW
70350,704,20,20,20,70350,EMP1007,"05","4",2,0,0,LOW
1500000,15000,10,20,20,0,NONE,"05","3",2,0,0,LOW
87675,877,20,20,20,87675,EMP1007,"05","4",2,0,0,LOW
75600,756,20,20,20,75600,EMP1007,"05","4",2,0,0,LOW
500000,5000,10,20,20,0,NONE,"05","3",2,0,0,LOW
105350,1054,20,20,20,105350,EMP1007,"05","4",2,0,0,LOW
9246,9246,20,10,10,9246,EMP1007,"05","5",3,0,0,LOW
11523,11523,20,10,10,11523,EMP1007,"05","4",3,0,0,LOW
9936,9936,20,10,10,9936,EMP1007,"05","4",3,0,0,LOW
13846,13846,20,10,10,13846,EMP1007,"05","4",3,0,0,LOW
8683,8683,20,10,10,8683,EMP1007,"05","5",3,0,0,LOW
10821,10821,20,10,10,10821,EMP1007,"05","5",3,0,0,LOW
9331,9331,20,10,10,9331,EMP1007,"05","4",3,0,0,LOW
13003,13003,20,10,10,13003,EMP1007,"05","4",3,0,0,LOW
804,804,30,10,10,804,EMP1007,"05","5",1,0,0,LOW
1002,1002,30,10,10,1002,EMP1007,"05","5",1,0,0,LOW
864,864,30,10,10,864,EMP1007,"05","5",1,0,0,LOW
1204,1204,30,10,10,1204,EMP1007,"05","5",1,0,0,LOW
1500000,15000,10,20,20,0,NONE,"05","4",2,0,0,LOW
848,848,30,10,10,848,EMP1059,"05","7",1,0,0,LOW
300000,3000,10,20,20,0,NONE,"05","7",2,0,0,LOW
250000,2500,10,20,20,0,NONE,"05","7",2,0,0,LOW
250000,2500,10,20,20,0,NONE,"05","7",2,0,0,LOW
300000,3000,10,20,20,0,NONE,"05","7",2,0,0,LOW
300000,3000,10,20,20,0,NONE,"05","2",2,0,0,LOW
250000,2500,10,20,20,0,NONE,"05","2",2,0,0,LOW
250000,2500,10,20,20,0,NONE,"05","2",2,0,0,LOW
300000,3000,10,20,20,0,NONE,"05","2",2,0,0,LOW
1500000,15000,10,20,20,0,NONE,"05","1",2,0,0,LOW
46100,46100,20,10,10,46100,EMP1004,"05","2",3,0,0,LOW
1000000,10000,10,20,20,0,NONE,"05","1",2,0,0,LOW
102462,1025,20,20,20,102462,EMP1004,"05","2",2,0,0,LOW
83825,838,20,20,20,83825,EMP1004,"05","2",2,0,0,LOW
500000,5000,10,20,20,0,NONE,"05","1",2,0,0,LOW
62212,622,20,20,20,62212,EMP1004,"05","2",2,0,0,LOW
74200,742,20,20,20,74200,EMP1004,"05","2",2,0,0,LOW
13466,13466,20,10,10,13466,EMP1004,"05","2",3,0,0,LOW
11017,11017,20,10,10,11017,EMP1004,"05","2",3,0,0,LOW
8176,8176,20,10,10,8176,EMP1004,"05","2",3,0,0,LOW
9752,9752,20,10,10,9752,EMP1004,"05","2",3,0,0,LOW
12646,12646,20,10,10,12646,EMP1004,"05","2",3,0,0,LOW
10346,10346,20,10,10,10346,EMP1004,"05","3",5,0,0,LOW
7678,7678,20,10,10,7678,EMP1004,"05","2",3,0,0,LOW
9158,9158,20,10,10,9158,EMP1004,"05","3",3,0,0,MEDIUM
1171,1171,30,10,10,1171,EMP1004,"05","2",1,0,0,LOW
958,958,30,10,10,958,EMP1004,"05","3",1,0,0,LOW
711,711,30,10,10,711,EMP1004,"05","3",1,0,0,LOW
848,848,30,10,10,848,EMP1004,"05","3",1,0,0,LOW
1500000,15000,10,20,20,0,NONE,"05","2",2,0,0,LOW
46100,46100,20,10,10,46100,EMP1041,"05","3",3,0,0,LOW
500000,5000,10,20,20,0,NONE,"05","1",2,0,0,LOW
500000,5000,10,20,20,0,NONE,"05","2",2,0,0,LOW
102465,1025,20,20,20,102465,EMP1041,"05","3",2,0,0,LOW
83825,838,20,20,20,83825,EMP1041,"05","3",2,0,0,LOW
62215,622,20,20,20,62215,EMP1041,"05","3",2,0,0,LOW
500000,5000,10,20,20,0,NONE,"05","2",2,0,0,LOW
500000,5000,10,20,20,0,NONE,"05","2",2,0,0,LOW
83825,838,20,20,20,83825,EMP1045,"05","6",4,0,0,HIGH
500000,5000,10,20,20,0,NONE,"05","3",2,0,0,LOW
62212,622,20,20,20,62212,EMP1045,"05","5",2,0,0,LOW
74200,742,20,20,20,74200,EMP1045,"05","5",2,0,0,LOW
13466,13466,20,10,10,13466,EMP1045,"05","5",3,0,0,LOW
11017,11017,20,10,10,11017,EMP1045,"05","5",3,0,0,LOW
8176,8176,20,10,10,8176,EMP1045,"05","5",3,0,0,LOW
9752,9752,20,10,10,9752,EMP1045,"05","5",3,0,0,LOW
12646,12646,20,10,10,12646,EMP1045,"05","5",3,0,0,LOW
10346,10346,20,10,10,10346,EMP1045,"05","5",3,0,0,LOW
7678,7678,20,10,10,7678,EMP1045,"05","6",5,0,0,LOW
9158,9158,20,10,10,9158,EMP1045,"05","6",3,0,0,LOW
1171,1171,30,10,10,1171,EMP1045,"05","6",1,0,0,LOW
958,958,30,10,10,958,EMP1045,"05","6",1,0,0,LOW
711,711,30,10,10,711,EMP1045,"05","6",3,0,0,MEDIUM
848,848,30,10,10,848,EMP1045,"05","6",1,0,0,LOW
46100,46100,20,10,10,46100,EMP1059,"05","6",3,0,0,LOW
500000,5000,10,20,20,0,NONE,"05","5",2,0,0,LOW
500000,5000,10,20,20,0,NONE,"05","4",2,0,0,LOW
102462,1025,20,20,20,102462,EMP1059,"05","6",2,0,0,LOW
83825,838,20,20,20,83825,EMP1059,"05","6",2,0,0,LOW
1500000,15000,10,20,20,0,NONE,"05","5",2,0,0,LOW
62212,622,20,20,20,62212,EMP1059,"05","6",2,0,0,LOW
500000,5000,10,20,20,0,NONE,"05","4",2,0,0,LOW
74200,742,20,20,20,74200,EMP1059,"05","6",2,0,0,LOW
13466,13466,20,10,10,13466,EMP1059,"05","6",3,0,0,HIGH
11017,11017,20,10,10,11017,EMP1059,"05","6",3,0,0,LOW
8176,8176,20,10,10,8176,EMP1059,"05","7",3,0,0,MEDIUM
9752,9752,20,10,10,9752,EMP1059,"05","7",5,0,0,LOW
12646,12646,20,10,10,12646,EMP1059,"05","6",3,0,0,LOW
10346,10346,20,10,10,10346,EMP1059,"05","7",3,0,0,LOW
7678,7678,20,10,10,7678,EMP1059,"05","7",3,0,0,LOW
9158,9158,20,10,10,9158,EMP1059,"05","6",3,0,0,LOW
1171,1171,30,10,10,1171,EMP1059,"05","7",1,0,0,LOW
958,958,30,10,10,958,EMP1059,"05","7",1,0,0,LOW
711,711,30,10,10,711,EMP1059,"05","6",1,0,0,LOW
12033,12033,20,10,10,12033,EMP1045,"05","3",3,0,0,LOW
8385,8385,20,10,10,8385,EMP1045,"05","3",3,0,0,MEDIUM
885,885,30,10,10,885,EMP1045,"05","4",1,0,0,LOW
1089,1089,30,10,10,1089,EMP1045,"05","4",1,0,0,LOW
1114,1114,30,10,10,1114,EMP1045,"05","4",1,0,0,LOW
776,776,30,10,10,776,EMP1045,"05","4",1,0,0,LOW
500000,5000,10,20,20,0,NONE,"05","4",2,0,0,LOW
46100,46100,20,10,10,46100,EMP1005,"05","4",3,0,0,LOW
500000,5000,10,20,20,0,NONE,"05","3",2,0,0,LOW
500000,5000,10,20,20,0,NONE,"05","3",2,0,0,LOW
1500000,15000,10,20,20,0,NONE,"05","3",4,0,0,LOW
102462,1025,20,20,20,102462,EMP1005,"05","4",2,0,0,LOW
500000,5000,10,20,20,0,NONE,"05","3",2,0,0,LOW
83825,838,20,20,20,83825,EMP1005,"05","4",2,0,0,LOW
500000,5000,10,20,20,0,NONE,"05","3",2,0,0,LOW
62212,622,20,20,20,62212,EMP1005,"05","4",2,0,0,LOW
500000,5000,10,20,20,0,NONE,"05","2",2,0,0,LOW
74200,742,20,20,20,74200,EMP1005,"05","4",2,0,0,LOW
13466,13466,20,10,10,13466,EMP1005,"05","5",5,0,0,LOW
11017,11017,20,10,10,11017,EMP1005,"05","4",3,0,0,LOW
8176,8176,20,10,10,8176,EMP1005,"05","4",3,0,0,LOW
9752,9752,20,10,10,9752,EMP1005,"05","4",3,0,0,LOW
12646,12646,20,10,10,12646,EMP1005,"05","4",3,0,0,MEDIUM
10346,10346,20,10,10,10346,EMP1005,"05","4",3,0,0,LOW
7678,7678,20,10,10,7678,EMP1005,"05","5",3,0,0,LOW
9158,9158,20,10,10,9158,EMP1005,"05","4",3,0,0,LOW
1171,1171,30,10,10,1171,EMP1005,"05","5",1,0,0,LOW
958,958,30,10,10,958,EMP1005,"05","4",1,0,0,LOW
711,711,30,10,10,711,EMP1005,"05","5",1,0,0,LOW
848,848,30,10,10,848,EMP1005,"05","4",1,0,0,LOW
300000,3000,10,20,20,0,NONE,"05","5",2,0,0,LOW
250000,2500,10,20,20,0,NONE,"05","5",2,0,0,LOW
250000,2500,10,20,20,0,NONE,"05","5",2,0,0,LOW
300000,3000,10,20,20,0,NONE,"05","5",2,0,0,LOW
46100,46100,20,10,10,46100,EMP1045,"05","6",5,0,0,LOW
500000,5000,10,20,20,0,NONE,"05","4",2,0,0,LOW
102462,1025,20,20,20,102462,EMP1045,"05","5",2,0,0,LOW
1500000,15000,10,20,20,0,NONE,"05","4",2,0,0,LOW
77437,774,20,20,20,77437,EMP1051,"05","2",2,0,0,LOW
95287,953,20,20,20,95287,EMP1051,"05","2",2,0,0,LOW
500000,5000,10,20,20,0,NONE,"05","1",2,0,0,LOW
500000,5000,10,20,20,0,NONE,"05","1",2,0,0,LOW
500000,5000,10,20,20,0,NONE,"05","1",2,0,0,LOW
97475,975,20,20,20,97475,EMP1051,"05","2",2,0,0,LOW
1500000,15000,10,20,20,0,NONE,"05","1",2,0,0,LOW
67900,679,20,20,20,67900,EMP1051,"05","2",2,0,0,LOW
10177,10177,20,10,10,10177,EMP1051,"05","2",3,0,0,LOW
12523,12523,20,10,10,12523,EMP1051,"05","2",3,0,0,LOW
12811,12811,20,10,10,12811,EMP1051,"05","2",3,0,0,LOW
8924,8924,20,10,10,8924,EMP1051,"05","2",3,0,0,LOW
9558,9558,20,10,10,9558,EMP1051,"05","3",3,0,0,LOW
11761,11761,20,10,10,11761,EMP1051,"05","2",3,0,0,LOW
12031,12031,20,10,10,12031,EMP1051,"05","2",3,0,0,LOW
8380,8380,20,10,10,8380,EMP1051,"05","2",3,0,0,HIGH
885,885,30,10,10,885,EMP1051,"05","3",1,0,0,LOW
1089,1089,30,10,10,1089,EMP1051,"05","3",1,0,0,LOW
1114,1114,30,10,10,1114,EMP1051,"05","2",1,0,0,LOW
776,776,30,10,10,776,EMP1051,"05","3",1,0,0,LOW
300000,3000,10,20,20,0,NONE,"05","3",2,0,0,LOW
250000,2500,10,20,20,0,NONE,"05","3",2,0,0,LOW
250000,2500,10,20,20,0,NONE,"05","3",2,0,0,LOW
300000,3000,10,20,20,0,NONE,"05","3",2,0,0,LOW
1000000,10000,10,20,20,0,NONE,"05","2",2,0,0,LOW
1500000,15000,10,20,20,0,NONE,"05","1",2,0,0,LOW
48300,48300,20,10,10,48300,EMP1045,"05","3",3,0,0,MEDIUM
77440,774,20,20,20,77440,EMP1045,"05","3",2,0,0,LOW
500000,5000,10,20,20,0,NONE,"05","2",2,0,0,LOW
95290,953,20,20,20,95290,EMP1045,"05","4",4,0,0,LOW
97475,975,20,20,20,97475,EMP1045,"05","3",2,0,0,LOW
67900,679,20,20,20,67900,EMP1045,"05","3",2,0,0,LOW
10180,10180,20,10,10,10180,EMP1045,"05","3",3,0,0,LOW
12526,12526,20,10,10,12526,EMP1045,"05","4",3,0,0,LOW
12811,12811,20,10,10,12811,EMP1045,"05","3",3,0,0,LOW
8924,8924,20,10,10,8924,EMP1045,"05","3",3,0,0,LOW
9558,9558,20,10,10,9558,EMP1045,"05","3",3,0,0,LOW
11763,11763,20,10,10,11763,EMP1045,"05","4",3,0,0,LOW
8924,8924,20,10,10,8924,EMP1006,"05","6",3,0,0,LOW
9558,9558,20,10,10,9558,EMP1006,"05","7",3,0,0,LOW
11761,11761,20,10,10,11761,EMP1006,"05","6",3,0,0,LOW
12031,12031,20,10,10,12031,EMP1006,"05","7",3,0,0,LOW
8380,8380,20,10,10,8380,EMP1006,"05","6",3,0,0,MEDIUM
885,885,30,10,10,885,EMP1006,"05","7",1,0,0,LOW
1089,1089,30,10,10,1089,EMP1006,"05","7",1,0,0,LOW
1114,1114,30,10,10,1114,EMP1006,"05","7",1,0,0,LOW
776,776,30,10,10,776,EMP1006,"05","6",1,0,0,LOW
48300,48300,20,10,10,48300,EMP1054,"05","7",3,0,0,LOW
500000,5000,10,20,20,0,NONE,"05","5",2,0,0,LOW
77437,774,20,20,20,77437,EMP1054,"05","7",2,0,0,LOW
500000,5000,10,20,20,0,NONE,"05","5",2,0,0,LOW
500000,5000,10,20,20,0,NONE,"05","6",2,0,0,LOW
95287,953,20,20,20,95287,EMP1054,"05","7",2,0,0,LOW
500000,5000,10,20,20,0,NONE,"05","6",2,0,0,LOW
500000,5000,10,20,20,0,NONE,"05","6",2,0,0,LOW
1500000,15000,10,20,20,0,NONE,"05","6",2,0,0,LOW
97475,975,20,20,20,97475,EMP1054,"05","7",2,0,0,LOW
67900,679,20,20,20,67900,EMP1054,"05","7",2,0,0,LOW
10177,10177,20,10,10,10177,EMP1054,"05","7",3,0,0,LOW
12523,12523,20,10,10,12523,EMP1054,"05","7",3,0,0,LOW
12811,12811,20,10,10,12811,EMP1054,"05","7",3,0,0,MEDIUM
8924,8924,20,10,10,8924,EMP1054,"05","7",3,0,0,LOW
9558,9558,20,10,10,9558,EMP1054,"05","7",3,0,0,LOW
11761,11761,20,10,10,11761,EMP1054,"05","7",3,0,0,LOW
12031,12031,20,10,10,12031,EMP1054,"05","7",3,0,0,LOW
8380,8380,20,10,10,8380,EMP1054,"05","7",3,0,0,LOW
885,885,30,10,10,885,EMP1054,"05","1",1,0,0,LOW
1089,1089,30,10,10,1089,EMP1054,"05","1",1,0,0,LOW
1114,1114,30,10,10,1114,EMP1054,"05","1",1,0,0,LOW
776,776,30,10,10,776,EMP1054,"05","1",1,0,0,LOW
300000,3000,10,20,20,0,NONE,"05","1",2,0,0,LOW
250000,2500,10,20,20,0,NONE,"05","1",2,0,0,LOW
250000,2500,10,20,20,0,NONE,"05","1",2,0,0,LOW
300000,3000,10,20,20,0,NONE,"05","1",2,0,0,LOW
48300,48300,20,10,10,48300,EMP1051,"05","2",3,0,0,LOW
48300,48300,20,10,10,48300,EMP1007,"05","5",3,0,0,LOW
500000,5000,10,20,20,0,NONE,"05","4",2,0,0,LOW
1500000,15000,10,20,20,0,NONE,"05","4",2,0,0,LOW
77437,774,20,20,20,77437,EMP1007,"05","5",2,0,0,LOW
500000,5000,10,20,20,0,NONE,"05","4",2,0,0,LOW
95287,953,20,20,20,95287,EMP1007,"05","5",2,0,0,LOW
500000,5000,10,20,20,0,NONE,"05","4",4,0,0,LOW
97475,975,20,20,20,97475,EMP1007,"05","5",2,0,0,LOW
67900,679,20,20,20,67900,EMP1007,"05","5",2,0,0,LOW
10177,10177,20,10,10,10177,EMP1007,"05","5",3,0,0,LOW
12523,12523,20,10,10,12523,EMP1007,"05","6",5,0,0,LOW
12811,12811,20,10,10,12811,EMP1007,"05","6",3,0,0,LOW
8924,8924,20,10,10,8924,EMP1007,"05","5",3,0,0,HIGH
9558,9558,20,10,10,9558,EMP1007,"05","5",3,0,0,MEDIUM
11761,11761,20,10,10,11761,EMP1007,"05","5",3,0,0,LOW
12031,12031,20,10,10,12031,EMP1007,"05","5",3,0,0,LOW
8380,8380,20,10,10,8380,EMP1007,"05","6",3,0,0,LOW
885,885,30,10,10,885,EMP1007,"05","5",1,0,0,LOW
1089,1089,30,10,10,1089,EMP1007,"05","6",1,0,0,LOW
1114,1114,30,10,10,1114,EMP1007,"05","5",1,0,0,LOW
776,776,30,10,10,776,EMP1007,"05","5",1,0,0,LOW
300000,3000,10,20,20,0,NONE,"05","6",2,0,0,LOW
250000,2500,10,20,20,0,NONE,"05","6",2,0,0,LOW
250000,2500,10,20,20,0,NONE,"05","6",2,0,0,LOW
300000,3000,10,20,20,0,NONE,"05","6",2,0,0,LOW
1500000,15000,10,20,20,0,NONE,"05","5",2,0,0,LOW
48300,48300,20,10,10,48300,EMP1006,"05","6",3,0,0,LOW
77437,774,20,20,20,77437,EMP1006,"05","6",2,0,0,LOW
500000,5000,10,20,20,0,NONE,"05","5",2,0,0,LOW
500000,5000,10,20,20,0,NONE,"05","5",2,0,0,LOW
1500000,15000,10,20,20,0,NONE,"05","5",4,0,0,LOW
95287,953,20,20,20,95287,EMP1006,"05","6",2,0,0,LOW
97475,975,20,20,20,97475,EMP1006,"05","6",2,0,0,LOW
67900,679,20,20,20,67900,EMP1006,"05","6",2,0,0,LOW
10177,10177,20,10,10,10177,EMP1006,"05","6",3,0,0,LOW
12523,12523,20,10,10,12523,EMP1006,"05","6",3,0,0,LOW
12811,12811,20,10,10,12811,EMP1006,"05","6",3,0,0,LOW
8380,8380,20,10,10,8380,EMP1059,"05","5",3,0,0,MEDIUM
885,885,30,10,10,885,EMP1059,"05","5",1,0,0,LOW
1089,1089,30,10,10,1089,EMP1059,"05","5",1,0,0,LOW
1114,1114,30,10,10,1114,EMP1059,"05","5",1,0,0,LOW
776,776,30,10,10,776,EMP1059,"05","5",1,0,0,LOW
300000,3000,10,20,20,0,NONE,"05","4",2,0,0,LOW
250000,2500,10,20,20,0,NONE,"05","4",2,0,0,LOW
250000,2500,10,20,20,0,NONE,"05","4",2,0,0,LOW
300000,3000,10,20,20,0,NONE,"05","4",2,0,0,LOW
500000,5000,10,20,20,0,NONE,"05","4",2,0,0,LOW
1500000,15000,10,20,20,0,NONE,"05","4",2,0,0,LOW
1500000,15000,10,20,20,0,NONE,"05","4",2,0,0,LOW
1000000,10000,10,20,20,0,NONE,"05","4",2,0,0,LOW
500000,500000,40,10,10,0,NONE,"05","4",3,0,0,LOW
500000,500000,40,10,10,0,NONE,"05","4",3,0,0,HIGH
400000,400000,40,10,10,0,NONE,"05","4",3,0,0,LOW
400000,400000,40,10,10,0,NONE,"05","4",3,0,0,LOW
30000,30000,40,10,10,0,NONE,"05","4",3,0,0,LOW
500,500,40,10,10,0,NONE,"05","4",1,0,0,LOW
500000,5000,40,20,20,0,NONE,"05","4",2,0,0,LOW
500000,5000,40,20,20,0,NONE,"05","4",2,0,0,LOW
48300,48300,20,10,10,48300,EMP1059,"05","4",3,0,0,LOW
500000,5000,10,20,20,0,NONE,"04","3",2,0,0,LOW
500000,5000,10,20,20,0,NONE,"04","3",2,0,0,LOW
77437,774,20,20,20,77437,EMP1059,"05","4",2,0,0,LOW
500000,5000,10,20,20,0,NONE,"04","3",2,0,0,LOW
95287,953,20,20,20,95287,EMP1059,"05","4",2,0,0,LOW
500000,5000,10,20,20,0,NONE,"04","2",2,0,0,LOW
97475,975,20,20,20,97475,EMP1059,"05","4",2,0,0,LOW
500000,5000,10,20,20,0,NONE,"04","3",2,0,0,LOW
67900,679,20,20,20,67900,EMP1059,"05","4",2,0,0,LOW
10177,10177,20,10,10,10177,EMP1059,"05","4",3,0,0,LOW
12523,12523,20,10,10,12523,EMP1059,"05","5",5,0,0,LOW
12811,12811,20,10,10,12811,EMP1059,"05","4",3,0,0,LOW
8924,8924,20,10,10,8924,EMP1059,"05","4",3,0,0,LOW
9558,9558,20,10,10,9558,EMP1059,"05","4",3,0,0,LOW
11761,11761,20,10,10,11761,EMP1059,"05","4",3,0,0,LOW
12031,12031,20,10,10,12031,EMP1059,"05","4",3,0,0,LOW
