"WORK_ORDER_QTY","WORK_PREV_QTY","WORK_STATUS","WORK_WORKER","WORK_DIRECTOR","PLAN_FIN_QTY","PLAN_WP_QTY","ITEM_TYPE","WORK_MONTH","WORK_WEEKDAY","SUMMER_FLAG","WINTER_FLAG","QTY_RISK_SCORE","SEASON_RISK_SCORE","RISK_LEVEL"
14685,14685,30,EMP1004,EMP1043,73428,73428,20,"10","5",0,0,2,0,NORMAL
8110,8110,30,EMP1004,EMP1043,40554,40554,20,"10","5",0,0,2,0,NORMAL
8056,8056,30,EMP1004,EMP1043,40284,40284,20,"10","5",0,0,2,0,NORMAL
11718,11718,30,EMP1004,EMP1043,58590,58590,20,"10","5",0,0,2,0,NORMAL
13791,13791,30,EMP1004,EMP1043,68958,68958,20,"10","5",0,0,2,0,NORMAL
751,751,30,EMP1004,EMP1043,3755,3755,30,"10","5",0,0,0,0,NORMAL
746,746,30,EMP1004,EMP1043,3730,3730,30,"10","5",0,0,0,0,NORMAL
1085,1085,30,EMP1004,EMP1043,5425,5425,30,"10","5",0,0,0,0,NORMAL
1277,1277,30,EMP1004,EMP1043,6385,6385,30,"10","5",0,0,0,0,NORMAL
48237,48237,30,EMP1052,EMP1001,241188,241188,20,"10","6",0,0,2,0,DELAY
65712,65712,30,EMP1052,EMP1001,328563,328563,20,"10","6",0,0,2,0,NORMAL
65275,65275,30,EMP1052,EMP1001,326375,326375,20,"10","6",0,0,2,0,NORMAL
94937,94937,30,EMP1052,EMP1001,474688,474688,20,"10","6",0,0,2,0,NORMAL
111737,111737,30,EMP1052,EMP1001,558688,558688,20,"10","6",0,0,2,0,NORMAL
8636,8636,30,EMP1052,EMP1001,43183,43183,20,"10","6",0,0,2,0,NORMAL
8579,8579,30,EMP1052,EMP1001,42895,42895,20,"10","6",0,0,2,0,NORMAL
12477,12477,30,EMP1052,EMP1001,62388,62388,20,"10","6",0,0,2,0,NORMAL
14685,14685,30,EMP1052,EMP1001,73428,73428,20,"10","6",0,0,2,0,NORMAL
8110,8110,30,EMP1052,EMP1001,40554,40554,20,"10","6",0,0,2,0,NORMAL
8056,8056,30,EMP1052,EMP1001,40284,40284,20,"10","6",0,0,2,0,NORMAL
11718,11718,30,EMP1052,EMP1001,58590,58590,20,"10","6",0,0,2,0,NORMAL
13791,13791,30,EMP1052,EMP1001,68958,68958,20,"10","6",0,0,2,0,NORMAL
751,751,30,EMP1052,EMP1001,3755,3755,30,"10","6",0,0,0,0,NORMAL
746,746,30,EMP1052,EMP1001,3730,3730,30,"10","6",0,0,0,0,NORMAL
1085,1085,30,EMP1052,EMP1001,5425,5425,30,"10","6",0,0,0,0,NORMAL
1277,1277,30,EMP1052,EMP1001,6385,6385,30,"10","6",0,0,0,0,NORMAL
48237,48237,30,EMP1043,EMP1049,241188,241188,20,"10","2",0,0,2,0,NORMAL
65712,65712,30,EMP1043,EMP1049,328563,328563,20,"10","2",0,0,2,0,NORMAL
65275,65275,30,EMP1043,EMP1049,326375,326375,20,"10","2",0,0,2,0,NORMAL
94937,94937,30,EMP1043,EMP1049,474688,474688,20,"10","2",0,0,2,0,NORMAL
111737,111737,30,EMP1043,EMP1049,558688,558688,20,"10","2",0,0,2,0,NORMAL
8636,8636,30,EMP1043,EMP1049,43183,43183,20,"10","2",0,0,2,0,NORMAL
8579,8579,30,EMP1043,EMP1049,42895,42895,20,"10","2",0,0,2,0,NORMAL
12477,12477,30,EMP1043,EMP1049,62388,62388,20,"10","2",0,0,2,0,NORMAL
14685,14685,30,EMP1043,EMP1049,73428,73428,20,"10","2",0,0,2,0,NORMAL
8110,8110,30,EMP1043,EMP1049,40554,40554,20,"10","2",0,0,2,0,NORMAL
8056,8056,30,EMP1043,EMP1049,40284,40284,20,"10","2",0,0,2,0,NORMAL
11718,11718,30,EMP1043,EMP1049,58590,58590,20,"10","2",0,0,2,0,NORMAL
13791,13791,30,EMP1043,EMP1049,68958,68958,20,"10","2",0,0,2,0,NORMAL
751,751,30,EMP1043,EMP1049,3755,3755,30,"10","2",0,0,0,0,NORMAL
746,746,30,EMP1043,EMP1049,3730,3730,30,"10","2",0,0,0,0,NORMAL
1085,1085,30,EMP1043,EMP1049,5425,5425,30,"10","2",0,0,0,0,NORMAL
1277,1277,30,EMP1043,EMP1049,6385,6385,30,"10","2",0,0,0,0,NORMAL
48240,48240,30,EMP1046,EMP1056,241188,241188,20,"10","3",0,0,2,0,NORMAL
65715,65715,30,EMP1046,EMP1056,328563,328563,20,"10","3",0,0,2,0,NORMAL
65275,65275,30,EMP1046,EMP1056,326375,326375,20,"10","3",0,0,2,0,NORMAL
94940,94940,30,EMP1046,EMP1056,474688,474688,20,"10","3",0,0,2,0,NORMAL
111740,111740,30,EMP1046,EMP1056,558688,558688,20,"10","3",0,0,2,0,NORMAL
8639,8639,30,EMP1046,EMP1056,43183,43183,20,"10","3",0,0,2,0,NORMAL
8579,8579,30,EMP1046,EMP1056,42895,42895,20,"10","3",0,0,2,0,NORMAL
12480,12480,30,EMP1046,EMP1056,62388,62388,20,"10","3",0,0,2,0,NORMAL
14688,14688,30,EMP1046,EMP1056,73428,73428,20,"10","3",0,0,2,0,NORMAL
8114,8114,30,EMP1046,EMP1056,40554,40554,20,"10","3",0,0,2,0,NORMAL
8060,8060,30,EMP1046,EMP1056,40284,40284,20,"10","3",0,0,2,0,NORMAL
11718,11718,30,EMP1046,EMP1056,58590,58590,20,"10","3",0,0,2,0,DELAY
13794,13794,30,EMP1046,EMP1056,68958,68958,20,"10","3",0,0,2,0,NORMAL
751,751,30,EMP1046,EMP1056,3755,3755,30,"10","3",0,0,0,0,NORMAL
746,746,30,EMP1046,EMP1056,3730,3730,30,"10","3",0,0,0,0,NORMAL
1085,1085,30,EMP1046,EMP1056,5425,5425,30,"10","3",0,0,0,0,NORMAL
1277,1277,30,EMP1046,EMP1056,6385,6385,30,"10","3",0,0,0,0,NORMAL
52900,52900,30,EMP1051,EMP1002,264500,264500,20,"10","4",0,0,2,0,NORMAL
102462,102462,30,EMP1051,EMP1002,512313,512313,20,"10","4",0,0,2,0,NORMAL
104387,104387,30,EMP1051,EMP1002,521938,521938,20,"10","4",0,0,2,0,NORMAL
69387,69387,30,EMP1051,EMP1002,346938,346938,20,"10","4",0,0,2,0,NORMAL
94062,94062,30,EMP1051,EMP1002,470313,470313,20,"10","4",0,0,2,0,NORMAL
13466,13466,30,EMP1051,EMP1002,67333,67333,20,"10","4",0,0,2,0,NORMAL
13719,13719,30,EMP1051,EMP1002,68598,68598,20,"10","4",0,0,2,0,NORMAL
9119,9119,30,EMP1051,EMP1002,45598,45598,20,"10","4",0,0,2,0,NORMAL
12362,12362,30,EMP1051,EMP1002,61813,61813,20,"10","4",0,0,2,0,NORMAL
12646,12646,30,EMP1051,EMP1002,63234,63234,20,"10","4",0,0,2,0,NORMAL
12884,12884,30,EMP1051,EMP1002,64422,64422,20,"10","4",0,0,2,0,NORMAL
8564,8564,30,EMP1051,EMP1002,42822,42822,20,"10","4",0,0,2,0,NORMAL
11610,11610,30,EMP1051,EMP1002,58050,58050,20,"10","4",0,0,2,0,DELAY
1171,1171,30,EMP1051,EMP1002,5855,5855,30,"10","4",0,0,0,0,NORMAL
1193,1193,30,EMP1051,EMP1002,5965,5965,30,"10","4",0,0,0,0,NORMAL
793,793,30,EMP1051,EMP1002,3965,3965,30,"10","4",0,0,0,0,NORMAL
1075,1075,30,EMP1051,EMP1002,5375,5375,30,"10","4",0,0,0,0,NORMAL
52900,52900,30,EMP1046,EMP1002,264500,264500,20,"10","5",0,0,2,0,NORMAL
102462,102462,30,EMP1046,EMP1002,512313,512313,20,"10","5",0,0,2,0,NORMAL
104387,104387,30,EMP1046,EMP1002,521938,521938,20,"10","5",0,0,2,0,NORMAL
69387,69387,30,EMP1046,EMP1002,346938,346938,20,"10","5",0,0,2,0,NORMAL
94062,94062,30,EMP1046,EMP1002,470313,470313,20,"10","5",0,0,2,0,NORMAL
13466,13466,30,EMP1046,EMP1002,67333,67333,20,"10","5",0,0,2,0,NORMAL
13719,13719,30,EMP1046,EMP1002,68598,68598,20,"10","5",0,0,2,0,NORMAL
9119,9119,30,EMP1046,EMP1002,45598,45598,20,"10","5",0,0,2,0,NORMAL
12362,12362,30,EMP1046,EMP1002,61813,61813,20,"10","5",0,0,2,0,NORMAL
12646,12646,30,EMP1046,EMP1002,63234,63234,20,"10","5",0,0,2,0,NORMAL
12884,12884,30,EMP1046,EMP1002,64422,64422,20,"10","5",0,0,2,0,NORMAL
8564,8564,30,EMP1046,EMP1002,42822,42822,20,"10","5",0,0,2,0,NORMAL
11610,11610,30,EMP1046,EMP1002,58050,58050,20,"10","5",0,0,2,0,NORMAL
1171,1171,30,EMP1046,EMP1002,5855,5855,30,"10","5",0,0,0,0,NORMAL
1193,1193,30,EMP1046,EMP1002,5965,5965,30,"10","5",0,0,0,0,NORMAL
793,793,30,EMP1046,EMP1002,3965,3965,30,"10","5",0,0,0,0,NORMAL
1075,1075,30,EMP1046,EMP1002,5375,5375,30,"10","5",0,0,0,0,NORMAL
52900,52900,30,EMP1055,EMP1055,264500,264500,20,"11","6",0,0,2,0,NORMAL
102462,102462,30,EMP1055,EMP1055,512313,512313,20,"11","6",0,0,2,0,NORMAL
104387,104387,30,EMP1055,EMP1055,521938,521938,20,"11","6",0,0,2,0,NORMAL
69387,69387,30,EMP1055,EMP1055,346938,346938,20,"11","6",0,0,2,0,NORMAL
94062,94062,30,EMP1055,EMP1055,470313,470313,20,"11","6",0,0,2,0,NORMAL
13466,13466,30,EMP1055,EMP1055,67333,67333,20,"11","6",0,0,2,0,NORMAL
13719,13719,30,EMP1055,EMP1055,68598,68598,20,"11","6",0,0,2,0,NORMAL
9119,9119,30,EMP1055,EMP1055,45598,45598,20,"11","6",0,0,2,0,NORMAL
12362,12362,30,EMP1055,EMP1055,61813,61813,20,"11","6",0,0,2,0,NORMAL
12646,12646,30,EMP1055,EMP1055,63234,63234,20,"11","6",0,0,2,0,NORMAL
12884,12884,30,EMP1055,EMP1055,64422,64422,20,"11","6",0,0,2,0,NORMAL
8564,8564,30,EMP1055,EMP1055,42822,42822,20,"11","6",0,0,2,0,NORMAL
11610,11610,30,EMP1055,EMP1055,58050,58050,20,"11","6",0,0,2,0,NORMAL
1171,1171,30,EMP1055,EMP1055,5855,5855,30,"11","6",0,0,0,0,NORMAL
1193,1193,30,EMP1055,EMP1055,5965,5965,30,"11","6",0,0,0,0,NORMAL
793,793,30,EMP1055,EMP1055,3965,3965,30,"11","6",0,0,0,0,NORMAL
1075,1075,30,EMP1055,EMP1055,5375,5375,30,"11","6",0,0,0,0,NORMAL
52900,52900,30,EMP1050,EMP1051,264500,264500,20,"11","2",0,0,2,0,NORMAL
102462,102462,30,EMP1050,EMP1051,512313,512313,20,"11","2",0,0,2,0,NORMAL
104387,104387,30,EMP1050,EMP1051,521938,521938,20,"11","2",0,0,2,0,NORMAL
69387,69387,30,EMP1050,EMP1051,346938,346938,20,"11","2",0,0,2,0,NORMAL
94062,94062,30,EMP1050,EMP1051,470313,470313,20,"11","2",0,0,2,0,NORMAL
13466,13466,30,EMP1050,EMP1051,67333,67333,20,"11","2",0,0,2,0,NORMAL
13719,13719,30,EMP1050,EMP1051,68598,68598,20,"11","2",0,0,2,0,NORMAL
9119,9119,30,EMP1050,EMP1051,45598,45598,20,"11","2",0,0,2,0,NORMAL
12362,12362,30,EMP1050,EMP1051,61813,61813,20,"11","2",0,0,2,0,NORMAL
12646,12646,30,EMP1050,EMP1051,63234,63234,20,"11","2",0,0,2,0,NORMAL
12884,12884,30,EMP1050,EMP1051,64422,64422,20,"11","2",0,0,2,0,NORMAL
8564,8564,30,EMP1050,EMP1051,42822,42822,20,"11","2",0,0,2,0,NORMAL
11610,11610,30,EMP1050,EMP1051,58050,58050,20,"11","2",0,0,2,0,DELAY
1171,1171,30,EMP1050,EMP1051,5855,5855,30,"11","2",0,0,0,0,NORMAL
1193,1193,30,EMP1050,EMP1051,5965,5965,30,"11","2",0,0,0,0,NORMAL
793,793,30,EMP1050,EMP1051,3965,3965,30,"11","2",0,0,0,0,NORMAL
1075,1075,30,EMP1050,EMP1051,5375,5375,30,"11","2",0,0,0,0,NORMAL
52900,52900,30,EMP1050,EMP1002,264500,264500,20,"11","3",0,0,2,0,NORMAL
102465,102465,30,EMP1050,EMP1002,512313,512313,20,"11","3",0,0,2,0,NORMAL
104390,104390,30,EMP1050,EMP1002,521938,521938,20,"11","3",0,0,2,0,NORMAL
69390,69390,30,EMP1050,EMP1002,346938,346938,20,"11","3",0,0,2,0,NORMAL
94065,94065,30,EMP1050,EMP1002,470313,470313,20,"11","3",0,0,2,0,NORMAL
13469,13469,30,EMP1050,EMP1002,67333,67333,20,"11","3",0,0,2,0,NORMAL
13722,13722,30,EMP1050,EMP1002,68598,68598,20,"11","3",0,0,2,0,NORMAL
9122,9122,30,EMP1050,EMP1002,45598,45598,20,"11","3",0,0,2,0,NORMAL
12365,12365,30,EMP1050,EMP1002,61813,61813,20,"11","3",0,0,2,0,NORMAL
12650,12650,30,EMP1050,EMP1002,63234,63234,20,"11","3",0,0,2,0,NORMAL
12886,12886,30,EMP1050,EMP1002,64422,64422,20,"11","3",0,0,2,0,NORMAL
8566,8566,30,EMP1050,EMP1002,42822,42822,20,"11","3",0,0,2,0,NORMAL
11610,11610,30,EMP1050,EMP1002,58050,58050,20,"11","3",0,0,2,0,NORMAL
1171,1171,30,EMP1050,EMP1002,5855,5855,30,"11","3",0,0,0,0,NORMAL
1193,1193,30,EMP1050,EMP1002,5965,5965,30,"11","3",0,0,0,0,NORMAL
793,793,30,EMP1050,EMP1002,3965,3965,30,"11","3",0,0,0,0,NORMAL
1075,1075,30,EMP1050,EMP1002,5375,5375,30,"11","3",0,0,0,0,NORMAL
50387,50387,30,EMP1005,EMP1053,251938,251938,20,"11","4",0,0,2,0,NORMAL
88812,88812,30,EMP1005,EMP1053,444063,444063,20,"11","4",0,0,2,0,NORMAL
91437,91437,30,EMP1005,EMP1053,457188,457188,20,"11","4",0,0,2,0,NORMAL
64312,64312,30,EMP1005,EMP1053,321563,321563,20,"11","4",0,0,2,0,NORMAL
108150,108150,30,EMP1005,EMP1053,540750,540750,20,"11","4",0,0,2,0,NORMAL
11672,11672,30,EMP1005,EMP1053,58363,58363,20,"11","4",0,0,2,0,NORMAL
12017,12017,30,EMP1005,EMP1053,60088,60088,20,"11","4",0,0,2,0,NORMAL
8452,8452,30,EMP1005,EMP1053,42263,42263,20,"11","4",0,0,2,0,NORMAL
14214,14214,30,EMP1005,EMP1053,71070,71070,20,"11","4",0,0,2,0,NORMAL
10962,10962,30,EMP1005,EMP1053,54810,54810,20,"11","4",0,0,2,0,NORMAL
11286,11286,30,EMP1005,EMP1053,56430,56430,20,"11","4",0,0,2,0,NORMAL
7938,7938,30,EMP1005,EMP1053,39690,39690,20,"11","4",0,0,2,0,NORMAL
13348,13348,30,EMP1005,EMP1053,66744,66744,20,"11","4",0,0,2,0,NORMAL
1015,1015,30,EMP1005,EMP1053,5075,5075,30,"11","4",0,0,0,0,NORMAL
1045,1045,30,EMP1005,EMP1053,5225,5225,30,"11","4",0,0,0,0,NORMAL
735,735,30,EMP1005,EMP1053,3675,3675,30,"11","4",0,0,0,0,NORMAL
1236,1236,30,EMP1005,EMP1053,6180,6180,30,"11","4",0,0,0,0,NORMAL
50387,50387,30,EMP1006,EMP1042,251938,251938,20,"11","5",0,0,2,0,NORMAL
88812,88812,30,EMP1006,EMP1042,444063,444063,20,"11","5",0,0,2,0,NORMAL
91437,91437,30,EMP1006,EMP1042,457188,457188,20,"11","5",0,0,2,0,NORMAL
64312,64312,30,EMP1006,EMP1042,321563,321563,20,"11","5",0,0,2,0,NORMAL
108150,108150,30,EMP1006,EMP1042,540750,540750,20,"11","5",0,0,2,0,NORMAL
11672,11672,30,EMP1006,EMP1042,58363,58363,20,"11","5",0,0,2,0,NORMAL
12017,12017,30,EMP1006,EMP1042,60088,60088,20,"11","5",0,0,2,0,NORMAL
8452,8452,30,EMP1006,EMP1042,42263,42263,20,"11","5",0,0,2,0,NORMAL
14214,14214,30,EMP1006,EMP1042,71070,71070,20,"11","5",0,0,2,0,NORMAL
10962,10962,30,EMP1006,EMP1042,54810,54810,20,"11","5",0,0,2,0,NORMAL
11286,11286,30,EMP1006,EMP1042,56430,56430,20,"11","5",0,0,2,0,NORMAL
7938,7938,30,EMP1006,EMP1042,39690,39690,20,"11","5",0,0,2,0,NORMAL
13348,13348,30,EMP1006,EMP1042,66744,66744,20,"11","5",0,0,2,0,NORMAL
1015,1015,30,EMP1006,EMP1042,5075,5075,30,"11","5",0,0,0,0,NORMAL
1045,1045,30,EMP1006,EMP1042,5225,5225,30,"11","5",0,0,0,0,NORMAL
735,735,30,EMP1006,EMP1042,3675,3675,30,"11","5",0,0,0,0,NORMAL
1236,1236,30,EMP1006,EMP1042,6180,6180,30,"11","5",0,0,0,0,NORMAL
50387,50387,30,EMP1051,EMP1053,251938,251938,20,"11","6",0,0,2,0,NORMAL
88812,88812,30,EMP1051,EMP1053,444063,444063,20,"11","6",0,0,2,0,NORMAL
91437,91437,30,EMP1051,EMP1053,457188,457188,20,"11","6",0,0,2,0,NORMAL
64312,64312,30,EMP1051,EMP1053,321563,321563,20,"11","6",0,0,2,0,NORMAL
108150,108150,30,EMP1051,EMP1053,540750,540750,20,"11","6",0,0,2,0,NORMAL
11672,11672,30,EMP1051,EMP1053,58363,58363,20,"11","6",0,0,2,0,NORMAL
12017,12017,30,EMP1051,EMP1053,60088,60088,20,"11","6",0,0,2,0,NORMAL
8452,8452,30,EMP1051,EMP1053,42263,42263,20,"11","6",0,0,2,0,NORMAL
14214,14214,30,EMP1051,EMP1053,71070,71070,20,"11","6",0,0,2,0,NORMAL
10962,10962,30,EMP1051,EMP1053,54810,54810,20,"11","6",0,0,2,0,NORMAL
11286,11286,30,EMP1051,EMP1053,56430,56430,20,"11","6",0,0,2,0,NORMAL
7938,7938,30,EMP1051,EMP1053,39690,39690,20,"11","6",0,0,2,0,NORMAL
13348,13348,30,EMP1051,EMP1053,66744,66744,20,"11","6",0,0,2,0,NORMAL
1015,1015,30,EMP1051,EMP1053,5075,5075,30,"11","6",0,0,0,0,NORMAL
1045,1045,30,EMP1051,EMP1053,5225,5225,30,"11","6",0,0,0,0,NORMAL
735,735,30,EMP1051,EMP1053,3675,3675,30,"11","6",0,0,0,0,NORMAL
1236,1236,30,EMP1051,EMP1053,6180,6180,30,"11","6",0,0,0,0,NORMAL
50387,50387,30,EMP1007,EMP1051,251938,251938,20,"11","2",0,0,2,0,NORMAL
88812,88812,30,EMP1007,EMP1051,444063,444063,20,"11","2",0,0,2,0,DELAY
91437,91437,30,EMP1007,EMP1051,457188,457188,20,"11","2",0,0,2,0,NORMAL
64312,64312,30,EMP1007,EMP1051,321563,321563,20,"11","2",0,0,2,0,NORMAL
108150,108150,30,EMP1007,EMP1051,540750,540750,20,"11","2",0,0,2,0,DELAY
11672,11672,30,EMP1007,EMP1051,58363,58363,20,"11","2",0,0,2,0,DELAY
12017,12017,30,EMP1007,EMP1051,60088,60088,20,"11","2",0,0,2,0,NORMAL
8452,8452,30,EMP1007,EMP1051,42263,42263,20,"11","2",0,0,2,0,DELAY
14214,14214,30,EMP1007,EMP1051,71070,71070,20,"11","2",0,0,2,0,NORMAL
10962,10962,30,EMP1007,EMP1051,54810,54810,20,"11","2",0,0,2,0,NORMAL
11286,11286,30,EMP1007,EMP1051,56430,56430,20,"11","2",0,0,2,0,NORMAL
7938,7938,30,EMP1007,EMP1051,39690,39690,20,"11","2",0,0,2,0,NORMAL
13348,13348,30,EMP1007,EMP1051,66744,66744,20,"11","2",0,0,2,0,NORMAL
1015,1015,30,EMP1007,EMP1051,5075,5075,30,"11","2",0,0,0,0,NORMAL
1045,1045,30,EMP1007,EMP1051,5225,5225,30,"11","2",0,0,0,0,NORMAL
735,735,30,EMP1007,EMP1051,3675,3675,30,"11","2",0,0,0,0,NORMAL
1236,1236,30,EMP1007,EMP1051,6180,6180,30,"11","2",0,0,0,0,NORMAL
50390,50390,30,EMP1054,EMP1048,251938,251938,20,"11","3",0,0,2,0,NORMAL
88815,88815,30,EMP1054,EMP1048,444063,444063,20,"11","3",0,0,2,0,NORMAL
91440,91440,30,EMP1054,EMP1048,457188,457188,20,"11","3",0,0,2,0,NORMAL
64315,64315,30,EMP1054,EMP1048,321563,321563,20,"11","3",0,0,2,0,NORMAL
108150,108150,30,EMP1054,EMP1048,540750,540750,20,"11","3",0,0,2,0,NORMAL
11675,11675,30,EMP1054,EMP1048,58363,58363,20,"11","3",0,0,2,0,NORMAL
12020,12020,30,EMP1054,EMP1048,60088,60088,20,"11","3",0,0,2,0,NORMAL
8455,8455,30,EMP1054,EMP1048,42263,42263,20,"11","3",0,0,2,0,NORMAL
14214,14214,30,EMP1054,EMP1048,71070,71070,20,"11","3",0,0,2,0,NORMAL
10962,10962,30,EMP1054,EMP1048,54810,54810,20,"11","3",0,0,2,0,NORMAL
11286,11286,30,EMP1054,EMP1048,56430,56430,20,"11","3",0,0,2,0,NORMAL
7938,7938,30,EMP1054,EMP1048,39690,39690,20,"11","3",0,0,2,0,NORMAL
13352,13352,30,EMP1054,EMP1048,66744,66744,20,"11","3",0,0,2,0,NORMAL
1015,1015,30,EMP1054,EMP1048,5075,5075,30,"11","3",0,0,0,0,NORMAL
1045,1045,30,EMP1054,EMP1048,5225,5225,30,"11","3",0,0,0,0,NORMAL
735,735,30,EMP1054,EMP1048,3675,3675,30,"11","3",0,0,0,0,NORMAL
1236,1236,30,EMP1054,EMP1048,6180,6180,30,"11","3",0,0,0,0,NORMAL
55462,55462,30,EMP1047,EMP1042,277313,277313,20,"11","4",0,0,2,0,NORMAL
107712,107712,30,EMP1047,EMP1042,538563,538563,20,"11","4",0,0,2,0,NORMAL
109987,109987,30,EMP1047,EMP1042,549938,549938,20,"11","4",0,0,2,0,NORMAL
107275,107275,30,EMP1047,EMP1042,536375,536375,20,"11","4",0,0,2,0,NORMAL
63262,63262,30,EMP1047,EMP1042,316313,316313,20,"11","4",0,0,2,0,NORMAL
14156,14156,30,EMP1047,EMP1042,70783,70783,20,"11","4",0,0,2,0,NORMAL
14455,14455,30,EMP1047,EMP1042,72278,72278,20,"11","4",0,0,2,0,NORMAL
14099,14099,30,EMP1047,EMP1042,70495,70495,20,"11","4",0,0,2,0,NORMAL
8314,8314,30,EMP1047,EMP1042,41573,41573,20,"11","4",0,0,2,0,NORMAL
13294,13294,30,EMP1047,EMP1042,66474,66474,20,"11","4",0,0,2,0,NORMAL
13575,13575,30,EMP1047,EMP1042,67878,67878,20,"11","4",0,0,2,0,NORMAL
13240,13240,30,EMP1047,EMP1042,66204,66204,20,"11","4",0,0,2,0,NORMAL
7808,7808,30,EMP1047,EMP1042,39042,39042,20,"11","4",0,0,2,0,NORMAL
1231,1231,30,EMP1047,EMP1042,6155,6155,30,"11","4",0,0,0,0,NORMAL
1257,1257,30,EMP1047,EMP1042,6285,6285,30,"11","4",0,0,0,0,NORMAL
1226,1226,30,EMP1047,EMP1042,6130,6130,30,"11","4",0,0,0,0,NORMAL
723,723,30,EMP1047,EMP1042,3615,3615,30,"11","4",0,0,0,0,NORMAL
55462,55462,30,EMP1005,EMP1055,277313,277313,20,"11","5",0,0,2,0,NORMAL
107712,107712,30,EMP1005,EMP1055,538563,538563,20,"11","5",0,0,2,0,NORMAL
109987,109987,30,EMP1005,EMP1055,549938,549938,20,"11","5",0,0,2,0,NORMAL
107275,107275,30,EMP1005,EMP1055,536375,536375,20,"11","5",0,0,2,0,NORMAL
63262,63262,30,EMP1005,EMP1055,316313,316313,20,"11","5",0,0,2,0,NORMAL
14156,14156,30,EMP1005,EMP1055,70783,70783,20,"11","5",0,0,2,0,NORMAL
14455,14455,30,EMP1005,EMP1055,72278,72278,20,"11","5",0,0,2,0,NORMAL
14099,14099,30,EMP1005,EMP1055,70495,70495,20,"11","5",0,0,2,0,NORMAL
8314,8314,30,EMP1005,EMP1055,41573,41573,20,"11","5",0,0,2,0,NORMAL
13294,13294,30,EMP1005,EMP1055,66474,66474,20,"11","5",0,0,2,0,NORMAL
13575,13575,30,EMP1005,EMP1055,67878,67878,20,"11","5",0,0,2,0,NORMAL
13240,13240,30,EMP1005,EMP1055,66204,66204,20,"11","5",0,0,2,0,NORMAL
7808,7808,30,EMP1005,EMP1055,39042,39042,20,"11","5",0,0,2,0,NORMAL
1231,1231,30,EMP1005,EMP1055,6155,6155,30,"11","5",0,0,0,0,NORMAL
1257,1257,30,EMP1005,EMP1055,6285,6285,30,"11","5",0,0,0,0,NORMAL
1226,1226,30,EMP1005,EMP1055,6130,6130,30,"11","5",0,0,0,0,NORMAL
723,723,30,EMP1005,EMP1055,3615,3615,30,"11","5",0,0,0,0,NORMAL
55462,55462,30,EMP1045,EMP1042,277313,277313,20,"11","6",0,0,2,0,NORMAL
107712,107712,30,EMP1045,EMP1042,538563,538563,20,"11","6",0,0,2,0,NORMAL
109987,109987,30,EMP1045,EMP1042,549938,549938,20,"11","6",0,0,2,0,NORMAL
107275,107275,30,EMP1045,EMP1042,536375,536375,20,"11","6",0,0,2,0,DELAY
63262,63262,30,EMP1045,EMP1042,316313,316313,20,"11","6",0,0,2,0,NORMAL
14156,14156,30,EMP1045,EMP1042,70783,70783,20,"11","6",0,0,2,0,NORMAL
14455,14455,30,EMP1045,EMP1042,72278,72278,20,"11","6",0,0,2,0,NORMAL
14099,14099,30,EMP1045,EMP1042,70495,70495,20,"11","6",0,0,2,0,NORMAL
8314,8314,30,EMP1045,EMP1042,41573,41573,20,"11","6",0,0,2,0,NORMAL
13294,13294,30,EMP1045,EMP1042,66474,66474,20,"11","6",0,0,2,0,NORMAL
13575,13575,30,EMP1045,EMP1042,67878,67878,20,"11","6",0,0,2,0,NORMAL
13240,13240,30,EMP1045,EMP1042,66204,66204,20,"11","6",0,0,2,0,NORMAL
7808,7808,30,EMP1045,EMP1042,39042,39042,20,"11","6",0,0,2,0,NORMAL
1231,1231,30,EMP1045,EMP1042,6155,6155,30,"11","6",0,0,0,0,NORMAL
1257,1257,30,EMP1045,EMP1042,6285,6285,30,"11","6",0,0,0,0,NORMAL
1226,1226,30,EMP1045,EMP1042,6130,6130,30,"11","6",0,0,0,0,NORMAL
723,723,30,EMP1045,EMP1042,3615,3615,30,"11","6",0,0,0,0,NORMAL
55462,55462,30,EMP1043,EMP1051,277313,277313,20,"11","2",0,0,2,0,NORMAL
107712,107712,30,EMP1043,EMP1051,538563,538563,20,"11","2",0,0,2,0,NORMAL
109987,109987,30,EMP1043,EMP1051,549938,549938,20,"11","2",0,0,2,0,NORMAL
107275,107275,30,EMP1043,EMP1051,536375,536375,20,"11","2",0,0,2,0,NORMAL
63262,63262,30,EMP1043,EMP1051,316313,316313,20,"11","2",0,0,2,0,NORMAL
14156,14156,30,EMP1043,EMP1051,70783,70783,20,"11","2",0,0,2,0,NORMAL
14455,14455,30,EMP1043,EMP1051,72278,72278,20,"11","2",0,0,2,0,DELAY
14099,14099,30,EMP1043,EMP1051,70495,70495,20,"11","2",0,0,2,0,NORMAL
8314,8314,30,EMP1043,EMP1051,41573,41573,20,"11","2",0,0,2,0,DELAY
13294,13294,30,EMP1043,EMP1051,66474,66474,20,"11","2",0,0,2,0,NORMAL
13575,13575,30,EMP1043,EMP1051,67878,67878,20,"11","2",0,0,2,0,NORMAL
13240,13240,30,EMP1043,EMP1051,66204,66204,20,"11","2",0,0,2,0,NORMAL
7808,7808,30,EMP1043,EMP1051,39042,39042,20,"11","2",0,0,2,0,NORMAL
1231,1231,30,EMP1043,EMP1051,6155,6155,30,"11","2",0,0,0,0,NORMAL
1257,1257,30,EMP1043,EMP1051,6285,6285,30,"11","2",0,0,0,0,NORMAL
1226,1226,30,EMP1043,EMP1051,6130,6130,30,"11","2",0,0,0,0,NORMAL
723,723,30,EMP1043,EMP1051,3615,3615,30,"11","2",0,0,0,0,NORMAL
55465,55465,30,EMP1049,EMP1044,277313,277313,20,"11","3",0,0,2,0,NORMAL
107715,107715,30,EMP1049,EMP1044,538563,538563,20,"11","3",0,0,2,0,NORMAL
109990,109990,30,EMP1049,EMP1044,549938,549938,20,"11","3",0,0,2,0,NORMAL
107275,107275,30,EMP1049,EMP1044,536375,536375,20,"11","3",0,0,2,0,NORMAL
63265,63265,30,EMP1049,EMP1044,316313,316313,20,"11","3",0,0,2,0,NORMAL
14159,14159,30,EMP1049,EMP1044,70783,70783,20,"11","3",0,0,2,0,NORMAL
14458,14458,30,EMP1049,EMP1044,72278,72278,20,"11","3",0,0,2,0,NORMAL
14099,14099,30,EMP1049,EMP1044,70495,70495,20,"11","3",0,0,2,0,NORMAL
8317,8317,30,EMP1049,EMP1044,41573,41573,20,"11","3",0,0,2,0,NORMAL
13298,13298,30,EMP1049,EMP1044,66474,66474,20,"11","3",0,0,2,0,NORMAL
13578,13578,30,EMP1049,EMP1044,67878,67878,20,"11","3",0,0,2,0,NORMAL
13244,13244,30,EMP1049,EMP1044,66204,66204,20,"11","3",0,0,2,0,NORMAL
7810,7810,30,EMP1049,EMP1044,39042,39042,20,"11","3",0,0,2,0,NORMAL
1231,1231,30,EMP1049,EMP1044,6155,6155,30,"11","3",0,0,0,0,NORMAL
1257,1257,30,EMP1049,EMP1044,6285,6285,30,"11","3",0,0,0,0,NORMAL
1226,1226,30,EMP1049,EMP1044,6130,6130,30,"11","3",0,0,0,0,NORMAL
723,723,30,EMP1049,EMP1044,3615,3615,30,"11","3",0,0,0,0,NORMAL
49850,49850,30,EMP1001,EMP1051,249250,249250,20,"11","4",0,0,2,0,NORMAL
90387,90387,30,EMP1001,EMP1051,451938,451938,20,"11","4",0,0,2,0,NORMAL
83387,83387,30,EMP1001,EMP1051,416938,416938,20,"11","4",0,0,2,0,DELAY
107450,107450,30,EMP1001,EMP1051,537250,537250,20,"11","4",0,0,2,0,NORMAL
67725,67725,30,EMP1001,EMP1051,338625,338625,20,"11","4",0,0,2,0,NORMAL
11879,11879,30,EMP1001,EMP1051,59398,59398,20,"11","4",0,0,2,0,NORMAL
10959,10959,30,EMP1001,EMP1051,54798,54798,20,"11","4",0,0,2,0,NORMAL
14122,14122,30,EMP1001,EMP1051,70610,70610,20,"11","4",0,0,2,0,NORMAL
8901,8901,30,EMP1001,EMP1051,44505,44505,20,"11","4",0,0,2,0,NORMAL
11156,11156,30,EMP1001,EMP1051,55782,55782,20,"11","4",0,0,2,0,NORMAL
10292,10292,30,EMP1001,EMP1051,51462,51462,20,"11","4",0,0,2,0,NORMAL
13262,13262,30,EMP1001,EMP1051,66312,66312,20,"11","4",0,0,2,0,NORMAL
8359,8359,30,EMP1001,EMP1051,41796,41796,20,"11","4",0,0,2,0,NORMAL
1033,1033,30,EMP1001,EMP1051,5165,5165,30,"11","4",0,0,0,0,NORMAL
953,953,30,EMP1001,EMP1051,4765,4765,30,"11","4",0,0,0,0,NORMAL
1228,1228,30,EMP1001,EMP1051,6140,6140,30,"11","4",0,0,0,0,NORMAL
774,774,30,EMP1001,EMP1051,3870,3870,30,"11","4",0,0,0,0,NORMAL
49850,49850,30,EMP1002,EMP1054,249250,249250,20,"11","5",0,0,2,0,NORMAL
90387,90387,30,EMP1002,EMP1054,451938,451938,20,"11","5",0,0,2,0,NORMAL
83387,83387,30,EMP1002,EMP1054,416938,416938,20,"11","5",0,0,2,0,NORMAL
107450,107450,30,EMP1002,EMP1054,537250,537250,20,"11","5",0,0,2,0,NORMAL
67725,67725,30,EMP1002,EMP1054,338625,338625,20,"11","5",0,0,2,0,NORMAL
11879,11879,30,EMP1002,EMP1054,59398,59398,20,"11","5",0,0,2,0,NORMAL
10959,10959,30,EMP1002,EMP1054,54798,54798,20,"11","5",0,0,2,0,NORMAL
14122,14122,30,EMP1002,EMP1054,70610,70610,20,"11","5",0,0,2,0,NORMAL
8901,8901,30,EMP1002,EMP1054,44505,44505,20,"11","5",0,0,2,0,NORMAL
11156,11156,30,EMP1002,EMP1054,55782,55782,20,"11","5",0,0,2,0,NORMAL
10292,10292,30,EMP1002,EMP1054,51462,51462,20,"11","5",0,0,2,0,NORMAL
13262,13262,30,EMP1002,EMP1054,66312,66312,20,"11","5",0,0,2,0,NORMAL
8359,8359,30,EMP1002,EMP1054,41796,41796,20,"11","5",0,0,2,0,NORMAL
1033,1033,30,EMP1002,EMP1054,5165,5165,30,"11","5",0,0,0,0,NORMAL
953,953,30,EMP1002,EMP1054,4765,4765,30,"11","5",0,0,0,0,NORMAL
1228,1228,30,EMP1002,EMP1054,6140,6140,30,"11","5",0,0,0,0,NORMAL
774,774,30,EMP1002,EMP1054,3870,3870,30,"11","5",0,0,0,0,NORMAL
49850,49850,30,EMP1043,EMP1054,249250,249250,20,"11","6",0,0,2,0,NORMAL
83387,83387,30,EMP1043,EMP1054,416938,416938,20,"11","6",0,0,2,0,NORMAL
107450,107450,30,EMP1043,EMP1054,537250,537250,20,"11","6",0,0,2,0,NORMAL
67725,67725,30,EMP1043,EMP1054,338625,338625,20,"11","6",0,0,2,0,NORMAL
11879,11879,30,EMP1043,EMP1054,59398,59398,20,"11","6",0,0,2,0,NORMAL
10959,10959,30,EMP1043,EMP1054,54798,54798,20,"11","6",0,0,2,0,NORMAL
14122,14122,30,EMP1043,EMP1054,70610,70610,20,"11","6",0,0,2,0,NORMAL
8901,8901,30,EMP1043,EMP1054,44505,44505,20,"11","6",0,0,2,0,NORMAL
11156,11156,30,EMP1043,EMP1054,55782,55782,20,"11","6",0,0,2,0,NORMAL
10292,10292,30,EMP1043,EMP1054,51462,51462,20,"11","6",0,0,2,0,NORMAL
13262,13262,30,EMP1043,EMP1054,66312,66312,20,"11","6",0,0,2,0,NORMAL
8359,8359,30,EMP1043,EMP1054,41796,41796,20,"11","6",0,0,2,0,NORMAL
1033,1033,30,EMP1043,EMP1054,5165,5165,30,"11","6",0,0,0,0,NORMAL
953,953,30,EMP1043,EMP1054,4765,4765,30,"11","6",0,0,0,0,NORMAL
1228,1228,30,EMP1043,EMP1054,6140,6140,30,"11","6",0,0,0,0,NORMAL
774,774,30,EMP1043,EMP1054,3870,3870,30,"11","6",0,0,0,0,NORMAL
49850,49850,30,EMP1044,EMP1005,249250,249250,20,"11","2",0,0,2,0,NORMAL
90387,90387,30,EMP1044,EMP1005,451938,451938,20,"11","2",0,0,2,0,NORMAL
83387,83387,30,EMP1044,EMP1005,416938,416938,20,"11","2",0,0,2,0,NORMAL
107450,107450,30,EMP1044,EMP1005,537250,537250,20,"11","2",0,0,2,0,NORMAL
67725,67725,30,EMP1044,EMP1005,338625,338625,20,"11","2",0,0,2,0,NORMAL
11879,11879,30,EMP1044,EMP1005,59398,59398,20,"11","2",0,0,2,0,NORMAL
10959,10959,30,EMP1044,EMP1005,54798,54798,20,"11","2",0,0,2,0,NORMAL
14122,14122,30,EMP1044,EMP1005,70610,70610,20,"11","2",0,0,2,0,NORMAL
8901,8901,30,EMP1044,EMP1005,44505,44505,20,"11","2",0,0,2,0,NORMAL
11156,11156,30,EMP1044,EMP1005,55782,55782,20,"11","2",0,0,2,0,NORMAL
10292,10292,30,EMP1044,EMP1005,51462,51462,20,"11","2",0,0,2,0,NORMAL
13262,13262,30,EMP1044,EMP1005,66312,66312,20,"11","2",0,0,2,0,NORMAL
8359,8359,30,EMP1044,EMP1005,41796,41796,20,"11","2",0,0,2,0,NORMAL
1033,1033,30,EMP1044,EMP1005,5165,5165,30,"11","2",0,0,0,0,NORMAL
953,953,30,EMP1044,EMP1005,4765,4765,30,"11","2",0,0,0,0,NORMAL
1228,1228,30,EMP1044,EMP1005,6140,6140,30,"11","2",0,0,0,0,NORMAL
774,774,30,EMP1044,EMP1005,3870,3870,30,"11","2",0,0,0,0,NORMAL
49850,49850,30,EMP1002,EMP1046,249250,249250,20,"11","3",0,0,2,0,DELAY
90390,90390,30,EMP1002,EMP1046,451938,451938,20,"11","3",0,0,2,0,NORMAL
83390,83390,30,EMP1002,EMP1046,416938,416938,20,"11","3",0,0,2,0,NORMAL
107450,107450,30,EMP1002,EMP1046,537250,537250,20,"11","3",0,0,2,0,NORMAL
67725,67725,30,EMP1002,EMP1046,338625,338625,20,"11","3",0,0,2,0,DELAY
11882,11882,30,EMP1002,EMP1046,59398,59398,20,"11","3",0,0,2,0,NORMAL
10962,10962,30,EMP1002,EMP1046,54798,54798,20,"11","3",0,0,2,0,NORMAL
14122,14122,30,EMP1002,EMP1046,70610,70610,20,"11","3",0,0,2,0,NORMAL
8901,8901,30,EMP1002,EMP1046,44505,44505,20,"11","3",0,0,2,0,NORMAL
11158,11158,30,EMP1002,EMP1046,55782,55782,20,"11","3",0,0,2,0,NORMAL
10294,10294,30,EMP1002,EMP1046,51462,51462,20,"11","3",0,0,2,0,NORMAL
90387,90387,30,EMP1043,EMP1054,451938,451938,20,"11","6",0,0,2,0,NORMAL
13264,13264,30,EMP1002,EMP1046,66312,66312,20,"11","3",0,0,2,0,NORMAL
8360,8360,30,EMP1002,EMP1046,41796,41796,20,"11","3",0,0,2,0,NORMAL
1033,1033,30,EMP1002,EMP1046,5165,5165,30,"11","3",0,0,0,0,NORMAL
953,953,30,EMP1002,EMP1046,4765,4765,30,"11","3",0,0,0,0,NORMAL
1228,1228,30,EMP1002,EMP1046,6140,6140,30,"11","3",0,0,0,0,NORMAL
774,774,30,EMP1002,EMP1046,3870,3870,30,"11","3",0,0,0,0,NORMAL
49075,49075,30,EMP1001,EMP1047,294450,294450,20,"11","4",0,0,2,0,DELAY
64925,64925,30,EMP1001,EMP1047,389550,389550,20,"11","4",0,0,2,0,NORMAL
91612,91612,30,EMP1001,EMP1047,549675,549675,20,"11","4",0,0,2,0,NORMAL
97475,97475,30,EMP1001,EMP1047,584850,584850,20,"11","4",0,0,2,0,NORMAL
89512,89512,30,EMP1001,EMP1047,537075,537075,20,"11","4",0,0,2,0,NORMAL
8533,8533,30,EMP1001,EMP1047,51198,51198,20,"11","4",0,0,2,0,NORMAL
12040,12040,30,EMP1001,EMP1047,72243,72243,20,"11","4",0,0,2,0,NORMAL
12811,12811,30,EMP1001,EMP1047,76866,76866,20,"11","4",0,0,2,0,NORMAL
11764,11764,30,EMP1001,EMP1047,70587,70587,20,"11","4",0,0,2,0,NORMAL
8013,8013,30,EMP1001,EMP1047,48082,48082,20,"11","4",0,0,2,0,NORMAL
11307,11307,30,EMP1001,EMP1047,67846,67846,20,"11","4",0,0,2,0,NORMAL
12031,12031,30,EMP1001,EMP1047,72188,72188,20,"11","4",0,0,2,0,NORMAL
11048,11048,30,EMP1001,EMP1047,66291,66291,20,"11","4",0,0,2,0,NORMAL
742,742,30,EMP1001,EMP1047,4452,4452,30,"11","4",0,0,0,0,NORMAL
1047,1047,30,EMP1001,EMP1047,6282,6282,30,"11","4",0,0,0,0,NORMAL
1114,1114,30,EMP1001,EMP1047,6684,6684,30,"11","4",0,0,0,0,NORMAL
1023,1023,30,EMP1001,EMP1047,6138,6138,30,"11","4",0,0,0,0,NORMAL
49075,49075,30,EMP1043,EMP1043,294450,294450,20,"11","5",0,0,2,0,NORMAL
64925,64925,30,EMP1043,EMP1043,389550,389550,20,"11","5",0,0,2,0,NORMAL
91612,91612,30,EMP1043,EMP1043,549675,549675,20,"11","5",0,0,2,0,NORMAL
97475,97475,30,EMP1043,EMP1043,584850,584850,20,"11","5",0,0,2,0,NORMAL
89512,89512,30,EMP1043,EMP1043,537075,537075,20,"11","5",0,0,2,0,NORMAL
8533,8533,30,EMP1043,EMP1043,51198,51198,20,"11","5",0,0,2,0,NORMAL
12040,12040,30,EMP1043,EMP1043,72243,72243,20,"11","5",0,0,2,0,NORMAL
12811,12811,30,EMP1043,EMP1043,76866,76866,20,"11","5",0,0,2,0,NORMAL
11764,11764,30,EMP1043,EMP1043,70587,70587,20,"11","5",0,0,2,0,NORMAL
8013,8013,30,EMP1043,EMP1043,48082,48082,20,"11","5",0,0,2,0,NORMAL
11307,11307,30,EMP1043,EMP1043,67846,67846,20,"11","5",0,0,2,0,NORMAL
12031,12031,30,EMP1043,EMP1043,72188,72188,20,"11","5",0,0,2,0,DELAY
11048,11048,30,EMP1043,EMP1043,66291,66291,20,"11","5",0,0,2,0,NORMAL
742,742,30,EMP1043,EMP1043,4452,4452,30,"11","5",0,0,0,0,NORMAL
1047,1047,30,EMP1043,EMP1043,6282,6282,30,"11","5",0,0,0,0,NORMAL
1114,1114,30,EMP1043,EMP1043,6684,6684,30,"11","5",0,0,0,0,NORMAL
1023,1023,30,EMP1043,EMP1043,6138,6138,30,"11","5",0,0,0,0,NORMAL
49075,49075,30,EMP1041,EMP1043,294450,294450,20,"11","6",0,0,2,0,NORMAL
64925,64925,30,EMP1041,EMP1043,389550,389550,20,"11","6",0,0,2,0,NORMAL
91612,91612,30,EMP1041,EMP1043,549675,549675,20,"11","6",0,0,2,0,NORMAL
97475,97475,30,EMP1041,EMP1043,584850,584850,20,"11","6",0,0,2,0,NORMAL
89512,89512,30,EMP1041,EMP1043,537075,537075,20,"11","6",0,0,2,0,NORMAL
8533,8533,30,EMP1041,EMP1043,51198,51198,20,"11","6",0,0,2,0,NORMAL
12040,12040,30,EMP1041,EMP1043,72243,72243,20,"11","6",0,0,2,0,NORMAL
12811,12811,30,EMP1041,EMP1043,76866,76866,20,"11","6",0,0,2,0,NORMAL
11764,11764,30,EMP1041,EMP1043,70587,70587,20,"11","6",0,0,2,0,NORMAL
8013,8013,30,EMP1041,EMP1043,48082,48082,20,"11","6",0,0,2,0,NORMAL
11307,11307,30,EMP1041,EMP1043,67846,67846,20,"11","6",0,0,2,0,NORMAL
12031,12031,30,EMP1041,EMP1043,72188,72188,20,"11","6",0,0,2,0,NORMAL
11048,11048,30,EMP1041,EMP1043,66291,66291,20,"11","6",0,0,2,0,NORMAL
742,742,30,EMP1041,EMP1043,4452,4452,30,"11","6",0,0,0,0,NORMAL
1047,1047,30,EMP1041,EMP1043,6282,6282,30,"11","6",0,0,0,0,NORMAL
1114,1114,30,EMP1041,EMP1043,6684,6684,30,"11","6",0,0,0,0,NORMAL
1023,1023,30,EMP1041,EMP1043,6138,6138,30,"11","6",0,0,0,0,NORMAL
49075,49075,30,EMP1051,EMP1002,294450,294450,20,"11","7",0,0,2,0,NORMAL
64925,64925,30,EMP1051,EMP1002,389550,389550,20,"11","7",0,0,2,0,NORMAL
91612,91612,30,EMP1051,EMP1002,549675,549675,20,"11","7",0,0,2,0,NORMAL
97475,97475,30,EMP1051,EMP1002,584850,584850,20,"11","7",0,0,2,0,NORMAL
89512,89512,30,EMP1051,EMP1002,537075,537075,20,"11","7",0,0,2,0,NORMAL
8533,8533,30,EMP1051,EMP1002,51198,51198,20,"11","7",0,0,2,0,NORMAL
12040,12040,30,EMP1051,EMP1002,72243,72243,20,"11","7",0,0,2,0,NORMAL
12811,12811,30,EMP1051,EMP1002,76866,76866,20,"11","7",0,0,2,0,NORMAL
11764,11764,30,EMP1051,EMP1002,70587,70587,20,"11","7",0,0,2,0,NORMAL
8013,8013,30,EMP1051,EMP1002,48082,48082,20,"11","7",0,0,2,0,NORMAL
11307,11307,30,EMP1051,EMP1002,67846,67846,20,"11","7",0,0,2,0,NORMAL
12031,12031,30,EMP1051,EMP1002,72188,72188,20,"11","7",0,0,2,0,NORMAL
11048,11048,30,EMP1051,EMP1002,66291,66291,20,"11","7",0,0,2,0,NORMAL
742,742,30,EMP1051,EMP1002,4452,4452,30,"11","7",0,0,0,0,NORMAL
1047,1047,30,EMP1051,EMP1002,6282,6282,30,"11","7",0,0,0,0,NORMAL
1114,1114,30,EMP1051,EMP1002,6684,6684,30,"11","7",0,0,0,0,NORMAL
1023,1023,30,EMP1051,EMP1002,6138,6138,30,"11","7",0,0,0,0,NORMAL
49075,49075,30,EMP1048,EMP1006,294450,294450,20,"12","2",0,1,2,2,DELAY
64925,64925,30,EMP1048,EMP1006,389550,389550,20,"12","2",0,1,2,2,RISK
91612,91612,30,EMP1048,EMP1006,549675,549675,20,"12","2",0,1,2,2,RISK
97475,97475,30,EMP1048,EMP1006,584850,584850,20,"12","2",0,1,2,2,DELAY
89512,89512,30,EMP1048,EMP1006,537075,537075,20,"12","2",0,1,2,2,RISK
8533,8533,30,EMP1048,EMP1006,51198,51198,20,"12","2",0,1,2,2,DELAY
12040,12040,30,EMP1048,EMP1006,72243,72243,20,"12","2",0,1,2,2,DELAY
12811,12811,30,EMP1048,EMP1006,76866,76866,20,"12","2",0,1,2,2,DELAY
11764,11764,30,EMP1048,EMP1006,70587,70587,20,"12","2",0,1,2,2,RISK
8013,8013,30,EMP1048,EMP1006,48082,48082,20,"12","2",0,1,2,2,DELAY
11307,11307,30,EMP1048,EMP1006,67846,67846,20,"12","2",0,1,2,2,DELAY
12031,12031,30,EMP1048,EMP1006,72188,72188,20,"12","2",0,1,2,2,RISK
11048,11048,30,EMP1048,EMP1006,66291,66291,20,"12","2",0,1,2,2,DELAY
742,742,30,EMP1048,EMP1006,4452,4452,30,"12","2",0,1,0,2,NORMAL
1047,1047,30,EMP1048,EMP1006,6282,6282,30,"12","2",0,1,0,2,NORMAL
1114,1114,30,EMP1048,EMP1006,6684,6684,30,"12","2",0,1,0,2,NORMAL
1023,1023,30,EMP1048,EMP1006,6138,6138,30,"12","2",0,1,0,2,NORMAL
49075,49075,30,EMP1047,EMP1056,294450,294450,20,"12","3",0,1,2,2,RISK
64925,64925,30,EMP1047,EMP1056,389550,389550,20,"12","3",0,1,2,2,DELAY
91615,91615,30,EMP1047,EMP1056,549675,549675,20,"12","3",0,1,2,2,DELAY
97475,97475,30,EMP1047,EMP1056,584850,584850,20,"12","3",0,1,2,2,DELAY
89515,89515,30,EMP1047,EMP1056,537075,537075,20,"12","3",0,1,2,2,DELAY
8533,8533,30,EMP1047,EMP1056,51198,51198,20,"12","3",0,1,2,2,DELAY
12043,12043,30,EMP1047,EMP1056,72243,72243,20,"12","3",0,1,2,2,RISK
12811,12811,30,EMP1047,EMP1056,76866,76866,20,"12","3",0,1,2,2,DELAY
11767,11767,30,EMP1047,EMP1056,70587,70587,20,"12","3",0,1,2,2,RISK
8017,8017,30,EMP1047,EMP1056,48082,48082,20,"12","3",0,1,2,2,RISK
11311,11311,30,EMP1047,EMP1056,67846,67846,20,"12","3",0,1,2,2,DELAY
12033,12033,30,EMP1047,EMP1056,72188,72188,20,"12","3",0,1,2,2,DELAY
11051,11051,30,EMP1047,EMP1056,66291,66291,20,"12","3",0,1,2,2,DELAY
742,742,30,EMP1047,EMP1056,4452,4452,30,"12","3",0,1,0,2,NORMAL
1047,1047,30,EMP1047,EMP1056,6282,6282,30,"12","3",0,1,0,2,NORMAL
1114,1114,30,EMP1047,EMP1056,6684,6684,30,"12","3",0,1,0,2,DELAY
1023,1023,30,EMP1047,EMP1056,6138,6138,30,"12","3",0,1,0,2,NORMAL
54012,54012,30,EMP1056,EMP1059,270063,270063,20,"12","4",0,1,2,2,DELAY
109375,109375,30,EMP1056,EMP1059,546875,546875,20,"12","4",0,1,2,2,DELAY
97475,97475,30,EMP1056,EMP1059,487375,487375,20,"12","4",0,1,2,2,DELAY
97475,97475,30,EMP1056,EMP1059,487375,487375,20,"12","4",0,1,2,2,DELAY
73762,73762,30,EMP1056,EMP1059,368813,368813,20,"12","4",0,1,2,2,DELAY
14375,14375,30,EMP1056,EMP1059,71875,71875,20,"12","4",0,1,2,2,DELAY
12811,12811,30,EMP1056,EMP1059,64055,64055,20,"12","4",0,1,2,2,DELAY
12811,12811,30,EMP1056,EMP1059,64055,64055,20,"12","4",0,1,2,2,DELAY
9694,9694,30,EMP1056,EMP1059,48473,48473,20,"12","4",0,1,2,2,DELAY
13500,13500,30,EMP1056,EMP1059,67500,67500,20,"12","4",0,1,2,2,DELAY
12031,12031,30,EMP1056,EMP1059,60156,60156,20,"12","4",0,1,2,2,DELAY
12031,12031,30,EMP1056,EMP1059,60156,60156,20,"12","4",0,1,2,2,RISK
9104,9104,30,EMP1056,EMP1059,45522,45522,20,"12","4",0,1,2,2,RISK
1250,1250,30,EMP1056,EMP1059,6250,6250,30,"12","4",0,1,0,2,RISK
1114,1114,30,EMP1056,EMP1059,5570,5570,30,"12","4",0,1,0,2,DELAY
1114,1114,30,EMP1056,EMP1059,5570,5570,30,"12","4",0,1,0,2,NORMAL
843,843,30,EMP1056,EMP1059,4215,4215,30,"12","4",0,1,0,2,NORMAL
54012,54012,30,EMP1052,EMP1045,270063,270063,20,"12","5",0,1,2,2,RISK
109375,109375,30,EMP1052,EMP1045,546875,546875,20,"12","5",0,1,2,2,DELAY
97475,97475,30,EMP1052,EMP1045,487375,487375,20,"12","5",0,1,2,2,DELAY
97475,97475,30,EMP1052,EMP1045,487375,487375,20,"12","5",0,1,2,2,DELAY
73762,73762,30,EMP1052,EMP1045,368813,368813,20,"12","5",0,1,2,2,DELAY
14375,14375,30,EMP1052,EMP1045,71875,71875,20,"12","5",0,1,2,2,RISK
12811,12811,30,EMP1052,EMP1045,64055,64055,20,"12","5",0,1,2,2,DELAY
12811,12811,30,EMP1052,EMP1045,64055,64055,20,"12","5",0,1,2,2,DELAY
9694,9694,30,EMP1052,EMP1045,48473,48473,20,"12","5",0,1,2,2,DELAY
13500,13500,30,EMP1052,EMP1045,67500,67500,20,"12","5",0,1,2,2,RISK
12031,12031,30,EMP1052,EMP1045,60156,60156,20,"12","5",0,1,2,2,DELAY
12031,12031,30,EMP1052,EMP1045,60156,60156,20,"12","5",0,1,2,2,DELAY
9104,9104,30,EMP1052,EMP1045,45522,45522,20,"12","5",0,1,2,2,DELAY
1250,1250,30,EMP1052,EMP1045,6250,6250,30,"12","5",0,1,0,2,NORMAL
1114,1114,30,EMP1052,EMP1045,5570,5570,30,"12","5",0,1,0,2,NORMAL
1114,1114,30,EMP1052,EMP1045,5570,5570,30,"12","5",0,1,0,2,RISK
843,843,30,EMP1052,EMP1045,4215,4215,30,"12","5",0,1,0,2,DELAY
54012,54012,30,EMP1053,EMP1004,270063,270063,20,"12","6",0,1,2,2,DELAY
109375,109375,30,EMP1053,EMP1004,546875,546875,20,"12","6",0,1,2,2,RISK
97475,97475,30,EMP1053,EMP1004,487375,487375,20,"12","6",0,1,2,2,DELAY
97475,97475,30,EMP1053,EMP1004,487375,487375,20,"12","6",0,1,2,2,RISK
73762,73762,30,EMP1053,EMP1004,368813,368813,20,"12","6",0,1,2,2,DELAY
14375,14375,30,EMP1053,EMP1004,71875,71875,20,"12","6",0,1,2,2,DELAY
12811,12811,30,EMP1053,EMP1004,64055,64055,20,"12","6",0,1,2,2,DELAY
12811,12811,30,EMP1053,EMP1004,64055,64055,20,"12","6",0,1,2,2,RISK
9694,9694,30,EMP1053,EMP1004,48473,48473,20,"12","6",0,1,2,2,DELAY
13500,13500,30,EMP1053,EMP1004,67500,67500,20,"12","6",0,1,2,2,DELAY
12031,12031,30,EMP1053,EMP1004,60156,60156,20,"12","6",0,1,2,2,DELAY
12031,12031,30,EMP1053,EMP1004,60156,60156,20,"12","6",0,1,2,2,DELAY
9104,9104,30,EMP1053,EMP1004,45522,45522,20,"12","6",0,1,2,2,RISK
1250,1250,30,EMP1053,EMP1004,6250,6250,30,"12","6",0,1,0,2,DELAY
1114,1114,30,EMP1053,EMP1004,5570,5570,30,"12","6",0,1,0,2,NORMAL
1114,1114,30,EMP1053,EMP1004,5570,5570,30,"12","6",0,1,0,2,NORMAL
843,843,30,EMP1053,EMP1004,4215,4215,30,"12","6",0,1,0,2,NORMAL
54012,54012,30,EMP1051,EMP1043,270063,270063,20,"12","2",0,1,2,2,DELAY
109375,109375,30,EMP1051,EMP1043,546875,546875,20,"12","2",0,1,2,2,DELAY
97475,97475,30,EMP1051,EMP1043,487375,487375,20,"12","2",0,1,2,2,RISK
97475,97475,30,EMP1051,EMP1043,487375,487375,20,"12","2",0,1,2,2,DELAY
73762,73762,30,EMP1051,EMP1043,368813,368813,20,"12","2",0,1,2,2,DELAY
14375,14375,30,EMP1051,EMP1043,71875,71875,20,"12","2",0,1,2,2,RISK
12811,12811,30,EMP1051,EMP1043,64055,64055,20,"12","2",0,1,2,2,DELAY
12811,12811,30,EMP1051,EMP1043,64055,64055,20,"12","2",0,1,2,2,DELAY
9694,9694,30,EMP1051,EMP1043,48473,48473,20,"12","2",0,1,2,2,DELAY
13500,13500,30,EMP1051,EMP1043,67500,67500,20,"12","2",0,1,2,2,DELAY
12031,12031,30,EMP1051,EMP1043,60156,60156,20,"12","2",0,1,2,2,RISK
12031,12031,30,EMP1051,EMP1043,60156,60156,20,"12","2",0,1,2,2,DELAY
9104,9104,30,EMP1051,EMP1043,45522,45522,20,"12","2",0,1,2,2,RISK
1250,1250,30,EMP1051,EMP1043,6250,6250,30,"12","2",0,1,0,2,DELAY
1114,1114,30,EMP1051,EMP1043,5570,5570,30,"12","2",0,1,0,2,NORMAL
1114,1114,30,EMP1051,EMP1043,5570,5570,30,"12","2",0,1,0,2,NORMAL
843,843,30,EMP1051,EMP1043,4215,4215,30,"12","2",0,1,0,2,NORMAL
54015,54015,30,EMP1007,EMP1053,270063,270063,20,"12","3",0,1,2,2,DELAY
109375,109375,30,EMP1007,EMP1053,546875,546875,20,"12","3",0,1,2,2,RISK
97475,97475,30,EMP1007,EMP1053,487375,487375,20,"12","3",0,1,2,2,RISK
97475,97475,30,EMP1007,EMP1053,487375,487375,20,"12","3",0,1,2,2,DELAY
73765,73765,30,EMP1007,EMP1053,368813,368813,20,"12","3",0,1,2,2,DELAY
14375,14375,30,EMP1007,EMP1053,71875,71875,20,"12","3",0,1,2,2,RISK
12811,12811,30,EMP1007,EMP1053,64055,64055,20,"12","3",0,1,2,2,DELAY
12811,12811,30,EMP1007,EMP1053,64055,64055,20,"12","3",0,1,2,2,RISK
9697,9697,30,EMP1007,EMP1053,48473,48473,20,"12","3",0,1,2,2,RISK
13500,13500,30,EMP1007,EMP1053,67500,67500,20,"12","3",0,1,2,2,RISK
12032,12032,30,EMP1007,EMP1053,60156,60156,20,"12","3",0,1,2,2,DELAY
12032,12032,30,EMP1007,EMP1053,60156,60156,20,"12","3",0,1,2,2,DELAY
9106,9106,30,EMP1007,EMP1053,45522,45522,20,"12","3",0,1,2,2,RISK
1250,1250,30,EMP1007,EMP1053,6250,6250,30,"12","3",0,1,0,2,NORMAL
1114,1114,30,EMP1007,EMP1053,5570,5570,30,"12","3",0,1,0,2,NORMAL
1114,1114,30,EMP1007,EMP1053,5570,5570,30,"12","3",0,1,0,2,NORMAL
843,843,30,EMP1007,EMP1053,4215,4215,30,"12","3",0,1,0,2,RISK
54325,54325,30,EMP1001,EMP1048,325950,325950,20,"12","4",0,1,2,2,RISK
96250,96250,30,EMP1001,EMP1048,577500,577500,20,"12","4",0,1,2,2,DELAY
110512,110512,30,EMP1001,EMP1048,663075,663075,20,"12","4",0,1,2,2,DELAY
110425,110425,30,EMP1001,EMP1048,662550,662550,20,"12","4",0,1,2,2,DELAY
63087,63087,30,EMP1001,EMP1048,378525,378525,20,"12","4",0,1,2,2,DELAY
12650,12650,30,EMP1001,EMP1048,75900,75900,20,"12","4",0,1,2,2,DELAY
14524,14524,30,EMP1001,EMP1048,87147,87147,20,"12","4",0,1,2,2,DELAY
14513,14513,30,EMP1001,EMP1048,87078,87078,20,"12","4",0,1,2,2,DELAY
8291,8291,30,EMP1001,EMP1048,49749,49749,20,"12","4",0,1,2,2,DELAY
11880,11880,30,EMP1001,EMP1048,71280,71280,20,"12","4",0,1,2,2,RISK
13640,13640,30,EMP1001,EMP1048,81843,81843,20,"12","4",0,1,2,2,RISK
13629,13629,30,EMP1001,EMP1048,81778,81778,20,"12","4",0,1,2,2,DELAY
7786,7786,30,EMP1001,EMP1048,46721,46721,20,"12","4",0,1,2,2,DELAY
1100,1100,30,EMP1001,EMP1048,6600,6600,30,"12","4",0,1,0,2,DELAY
1263,1263,30,EMP1001,EMP1048,7578,7578,30,"12","4",0,1,0,2,NORMAL
1262,1262,30,EMP1001,EMP1048,7572,7572,30,"12","4",0,1,0,2,NORMAL
721,721,30,EMP1001,EMP1048,4326,4326,30,"12","4",0,1,0,2,DELAY
54325,54325,30,EMP1042,EMP1050,325950,325950,20,"12","5",0,1,2,2,RISK
96250,96250,30,EMP1042,EMP1050,577500,577500,20,"12","5",0,1,2,2,DELAY
110512,110512,30,EMP1042,EMP1050,663075,663075,20,"12","5",0,1,2,2,DELAY
110425,110425,30,EMP1042,EMP1050,662550,662550,20,"12","5",0,1,2,2,DELAY
63087,63087,30,EMP1042,EMP1050,378525,378525,20,"12","5",0,1,2,2,RISK
12650,12650,30,EMP1042,EMP1050,75900,75900,20,"12","5",0,1,2,2,DELAY
14524,14524,30,EMP1042,EMP1050,87147,87147,20,"12","5",0,1,2,2,DELAY
14513,14513,30,EMP1042,EMP1050,87078,87078,20,"12","5",0,1,2,2,RISK
8291,8291,30,EMP1042,EMP1050,49749,49749,20,"12","5",0,1,2,2,RISK
11880,11880,30,EMP1042,EMP1050,71280,71280,20,"12","5",0,1,2,2,DELAY
13640,13640,30,EMP1042,EMP1050,81843,81843,20,"12","5",0,1,2,2,DELAY
13629,13629,30,EMP1042,EMP1050,81778,81778,20,"12","5",0,1,2,2,RISK
7786,7786,30,EMP1042,EMP1050,46721,46721,20,"12","5",0,1,2,2,RISK
1100,1100,30,EMP1042,EMP1050,6600,6600,30,"12","5",0,1,0,2,NORMAL
1263,1263,30,EMP1042,EMP1050,7578,7578,30,"12","5",0,1,0,2,DELAY
1262,1262,30,EMP1042,EMP1050,7572,7572,30,"12","5",0,1,0,2,RISK
721,721,30,EMP1042,EMP1050,4326,4326,30,"12","5",0,1,0,2,NORMAL
54325,54325,30,EMP1021,EMP1021,325950,325950,20,"12","6",0,1,2,2,DELAY
96250,96250,30,EMP1021,EMP1021,577500,577500,20,"12","6",0,1,2,2,DELAY
110512,110512,30,EMP1021,EMP1021,663075,663075,20,"12","6",0,1,2,2,DELAY
110425,110425,30,EMP1021,EMP1021,662550,662550,20,"12","6",0,1,2,2,DELAY
63087,63087,30,EMP1021,EMP1021,378525,378525,20,"12","6",0,1,2,2,RISK
12650,12650,30,EMP1021,EMP1021,75900,75900,20,"12","6",0,1,2,2,DELAY
14524,14524,30,EMP1021,EMP1021,87147,87147,20,"12","6",0,1,2,2,DELAY
14513,14513,30,EMP1021,EMP1021,87078,87078,20,"12","6",0,1,2,2,DELAY
8291,8291,30,EMP1021,EMP1021,49749,49749,20,"12","6",0,1,2,2,RISK
11880,11880,30,EMP1021,EMP1021,71280,71280,20,"12","6",0,1,2,2,DELAY
13640,13640,30,EMP1021,EMP1021,81843,81843,20,"12","6",0,1,2,2,RISK
13629,13629,30,EMP1021,EMP1021,81778,81778,20,"12","6",0,1,2,2,DELAY
7786,7786,30,EMP1021,EMP1021,46721,46721,20,"12","6",0,1,2,2,DELAY
1100,1100,30,EMP1021,EMP1021,6600,6600,30,"12","6",0,1,0,2,NORMAL
1263,1263,30,EMP1021,EMP1021,7578,7578,30,"12","6",0,1,0,2,NORMAL
1262,1262,30,EMP1021,EMP1021,7572,7572,30,"12","6",0,1,0,2,DELAY
721,721,30,EMP1021,EMP1021,4326,4326,30,"12","6",0,1,0,2,NORMAL
54325,54325,30,EMP1044,EMP1003,325950,325950,20,"12","7",0,1,2,2,DELAY
96250,96250,30,EMP1044,EMP1003,577500,577500,20,"12","7",0,1,2,2,RISK
110512,110512,30,EMP1044,EMP1003,663075,663075,20,"12","7",0,1,2,2,DELAY
110425,110425,30,EMP1044,EMP1003,662550,662550,20,"12","7",0,1,2,2,DELAY
63087,63087,30,EMP1044,EMP1003,378525,378525,20,"12","7",0,1,2,2,DELAY
12650,12650,30,EMP1044,EMP1003,75900,75900,20,"12","7",0,1,2,2,DELAY
14524,14524,30,EMP1044,EMP1003,87147,87147,20,"12","7",0,1,2,2,RISK
14513,14513,30,EMP1044,EMP1003,87078,87078,20,"12","7",0,1,2,2,DELAY
8291,8291,30,EMP1044,EMP1003,49749,49749,20,"12","7",0,1,2,2,RISK
11880,11880,30,EMP1044,EMP1003,71280,71280,20,"12","7",0,1,2,2,DELAY
13640,13640,30,EMP1044,EMP1003,81843,81843,20,"12","7",0,1,2,2,RISK
13629,13629,30,EMP1044,EMP1003,81778,81778,20,"12","7",0,1,2,2,DELAY
7786,7786,30,EMP1044,EMP1003,46721,46721,20,"12","7",0,1,2,2,DELAY
1100,1100,30,EMP1044,EMP1003,6600,6600,30,"12","7",0,1,0,2,NORMAL
1263,1263,30,EMP1044,EMP1003,7578,7578,30,"12","7",0,1,0,2,NORMAL
1262,1262,30,EMP1044,EMP1003,7572,7572,30,"12","7",0,1,0,2,NORMAL
721,721,30,EMP1044,EMP1003,4326,4326,30,"12","7",0,1,0,2,NORMAL
54325,54325,30,EMP1054,EMP1051,325950,325950,20,"12","2",0,1,2,2,DELAY
96250,96250,30,EMP1054,EMP1051,577500,577500,20,"12","2",0,1,2,2,DELAY
110512,110512,30,EMP1054,EMP1051,663075,663075,20,"12","2",0,1,2,2,DELAY
110425,110425,30,EMP1054,EMP1051,662550,662550,20,"12","2",0,1,2,2,DELAY
63087,63087,30,EMP1054,EMP1051,378525,378525,20,"12","2",0,1,2,2,RISK
12650,12650,30,EMP1054,EMP1051,75900,75900,20,"12","2",0,1,2,2,RISK
14524,14524,30,EMP1054,EMP1051,87147,87147,20,"12","2",0,1,2,2,DELAY
14513,14513,30,EMP1054,EMP1051,87078,87078,20,"12","2",0,1,2,2,DELAY
8291,8291,30,EMP1054,EMP1051,49749,49749,20,"12","2",0,1,2,2,RISK
11880,11880,30,EMP1054,EMP1051,71280,71280,20,"12","2",0,1,2,2,DELAY
13640,13640,30,EMP1054,EMP1051,81843,81843,20,"12","2",0,1,2,2,RISK
13629,13629,30,EMP1054,EMP1051,81778,81778,20,"12","2",0,1,2,2,DELAY
7786,7786,30,EMP1054,EMP1051,46721,46721,20,"12","2",0,1,2,2,DELAY
1100,1100,30,EMP1054,EMP1051,6600,6600,30,"12","2",0,1,0,2,DELAY
1263,1263,30,EMP1054,EMP1051,7578,7578,30,"12","2",0,1,0,2,NORMAL
1262,1262,30,EMP1054,EMP1051,7572,7572,30,"12","2",0,1,0,2,NORMAL
721,721,30,EMP1054,EMP1051,4326,4326,30,"12","2",0,1,0,2,NORMAL
54325,54325,30,EMP1002,EMP1057,325950,325950,20,"12","3",0,1,2,2,DELAY
96250,96250,30,EMP1002,EMP1057,577500,577500,20,"12","3",0,1,2,2,DELAY
110515,110515,30,EMP1002,EMP1057,663075,663075,20,"12","3",0,1,2,2,DELAY
110425,110425,30,EMP1002,EMP1057,662550,662550,20,"12","3",0,1,2,2,DELAY
63090,63090,30,EMP1002,EMP1057,378525,378525,20,"12","3",0,1,2,2,DELAY
12650,12650,30,EMP1002,EMP1057,75900,75900,20,"12","3",0,1,2,2,RISK
14527,14527,30,EMP1002,EMP1057,87147,87147,20,"12","3",0,1,2,2,RISK
14513,14513,30,EMP1002,EMP1057,87078,87078,20,"12","3",0,1,2,2,RISK
8294,8294,30,EMP1002,EMP1057,49749,49749,20,"12","3",0,1,2,2,DELAY
11880,11880,30,EMP1002,EMP1057,71280,71280,20,"12","3",0,1,2,2,DELAY
13643,13643,30,EMP1002,EMP1057,81843,81843,20,"12","3",0,1,2,2,RISK
13633,13633,30,EMP1002,EMP1057,81778,81778,20,"12","3",0,1,2,2,RISK
7791,7791,30,EMP1002,EMP1057,46721,46721,20,"12","3",0,1,2,2,DELAY
1100,1100,30,EMP1002,EMP1057,6600,6600,30,"12","3",0,1,0,2,DELAY
1263,1263,30,EMP1002,EMP1057,7578,7578,30,"12","3",0,1,0,2,NORMAL
1262,1262,30,EMP1002,EMP1057,7572,7572,30,"12","3",0,1,0,2,NORMAL
721,721,30,EMP1002,EMP1057,4326,4326,30,"12","3",0,1,0,2,NORMAL
52887,52887,30,EMP1004,EMP1042,264438,264438,20,"12","4",0,1,2,2,RISK
71312,71312,30,EMP1004,EMP1042,356563,356563,20,"12","4",0,1,2,2,DELAY
99400,99400,30,EMP1004,EMP1042,497000,497000,20,"12","4",0,1,2,2,DELAY
89775,89775,30,EMP1004,EMP1042,448875,448875,20,"12","4",0,1,2,2,RISK
109725,109725,30,EMP1004,EMP1042,548625,548625,20,"12","4",0,1,2,2,DELAY
9372,9372,30,EMP1004,EMP1042,46863,46863,20,"12","4",0,1,2,2,DELAY
13064,13064,30,EMP1004,EMP1042,65320,65320,20,"12","4",0,1,2,2,DELAY
11799,11799,30,EMP1004,EMP1042,58995,58995,20,"12","4",0,1,2,2,RISK
14421,14421,30,EMP1004,EMP1042,72105,72105,20,"12","4",0,1,2,2,DELAY
8802,8802,30,EMP1004,EMP1042,44010,44010,20,"12","4",0,1,2,2,RISK
12268,12268,30,EMP1004,EMP1042,61344,61344,20,"12","4",0,1,2,2,DELAY
11080,11080,30,EMP1004,EMP1042,55404,55404,20,"12","4",0,1,2,2,RISK
13543,13543,30,EMP1004,EMP1042,67716,67716,20,"12","4",0,1,2,2,DELAY
815,815,30,EMP1004,EMP1042,4075,4075,30,"12","4",0,1,0,2,DELAY
1136,1136,30,EMP1004,EMP1042,5680,5680,30,"12","4",0,1,0,2,DELAY
1026,1026,30,EMP1004,EMP1042,5130,5130,30,"12","4",0,1,0,2,DELAY
1254,1254,30,EMP1004,EMP1042,6270,6270,30,"12","4",0,1,0,2,DELAY
52887,52887,30,EMP1056,EMP1048,264438,264438,20,"12","5",0,1,2,2,RISK
71312,71312,30,EMP1056,EMP1048,356563,356563,20,"12","5",0,1,2,2,RISK
99400,99400,30,EMP1056,EMP1048,497000,497000,20,"12","5",0,1,2,2,DELAY
89775,89775,30,EMP1056,EMP1048,448875,448875,20,"12","5",0,1,2,2,DELAY
109725,109725,30,EMP1056,EMP1048,548625,548625,20,"12","5",0,1,2,2,DELAY
9372,9372,30,EMP1056,EMP1048,46863,46863,20,"12","5",0,1,2,2,RISK
13064,13064,30,EMP1056,EMP1048,65320,65320,20,"12","5",0,1,2,2,RISK
11799,11799,30,EMP1056,EMP1048,58995,58995,20,"12","5",0,1,2,2,DELAY
14421,14421,30,EMP1056,EMP1048,72105,72105,20,"12","5",0,1,2,2,DELAY
8802,8802,30,EMP1056,EMP1048,44010,44010,20,"12","5",0,1,2,2,RISK
12268,12268,30,EMP1056,EMP1048,61344,61344,20,"12","5",0,1,2,2,DELAY
11080,11080,30,EMP1056,EMP1048,55404,55404,20,"12","5",0,1,2,2,RISK
13543,13543,30,EMP1056,EMP1048,67716,67716,20,"12","5",0,1,2,2,DELAY
815,815,30,EMP1056,EMP1048,4075,4075,30,"12","5",0,1,0,2,DELAY
1136,1136,30,EMP1056,EMP1048,5680,5680,30,"12","5",0,1,0,2,NORMAL
1026,1026,30,EMP1056,EMP1048,5130,5130,30,"12","5",0,1,0,2,NORMAL
1254,1254,30,EMP1056,EMP1048,6270,6270,30,"12","5",0,1,0,2,NORMAL
52887,52887,30,EMP1051,EMP1041,264438,264438,20,"12","6",0,1,2,2,DELAY
71312,71312,30,EMP1051,EMP1041,356563,356563,20,"12","6",0,1,2,2,DELAY
99400,99400,30,EMP1051,EMP1041,497000,497000,20,"12","6",0,1,2,2,DELAY
89775,89775,30,EMP1051,EMP1041,448875,448875,20,"12","6",0,1,2,2,RISK
109725,109725,30,EMP1051,EMP1041,548625,548625,20,"12","6",0,1,2,2,RISK
9372,9372,30,EMP1051,EMP1041,46863,46863,20,"12","6",0,1,2,2,DELAY
13064,13064,30,EMP1051,EMP1041,65320,65320,20,"12","6",0,1,2,2,DELAY
11799,11799,30,EMP1051,EMP1041,58995,58995,20,"12","6",0,1,2,2,DELAY
14421,14421,30,EMP1051,EMP1041,72105,72105,20,"12","6",0,1,2,2,DELAY
8802,8802,30,EMP1051,EMP1041,44010,44010,20,"12","6",0,1,2,2,DELAY
12268,12268,30,EMP1051,EMP1041,61344,61344,20,"12","6",0,1,2,2,DELAY
11080,11080,30,EMP1051,EMP1041,55404,55404,20,"12","6",0,1,2,2,DELAY
13543,13543,30,EMP1051,EMP1041,67716,67716,20,"12","6",0,1,2,2,DELAY
815,815,30,EMP1051,EMP1041,4075,4075,30,"12","6",0,1,0,2,NORMAL
1136,1136,30,EMP1051,EMP1041,5680,5680,30,"12","6",0,1,0,2,NORMAL
1026,1026,30,EMP1051,EMP1041,5130,5130,30,"12","6",0,1,0,2,NORMAL
1254,1254,30,EMP1051,EMP1041,6270,6270,30,"12","6",0,1,0,2,NORMAL
52887,52887,30,EMP1054,EMP1045,264438,264438,20,"12","2",0,1,2,2,DELAY
71312,71312,30,EMP1054,EMP1045,356563,356563,20,"12","2",0,1,2,2,RISK
99400,99400,30,EMP1054,EMP1045,497000,497000,20,"12","2",0,1,2,2,RISK
89775,89775,30,EMP1054,EMP1045,448875,448875,20,"12","2",0,1,2,2,DELAY
109725,109725,30,EMP1054,EMP1045,548625,548625,20,"12","2",0,1,2,2,DELAY
9372,9372,30,EMP1054,EMP1045,46863,46863,20,"12","2",0,1,2,2,DELAY
13064,13064,30,EMP1054,EMP1045,65320,65320,20,"12","2",0,1,2,2,DELAY
11799,11799,30,EMP1054,EMP1045,58995,58995,20,"12","2",0,1,2,2,DELAY
14421,14421,30,EMP1054,EMP1045,72105,72105,20,"12","2",0,1,2,2,DELAY
8802,8802,30,EMP1054,EMP1045,44010,44010,20,"12","2",0,1,2,2,DELAY
12268,12268,30,EMP1054,EMP1045,61344,61344,20,"12","2",0,1,2,2,DELAY
11080,11080,30,EMP1054,EMP1045,55404,55404,20,"12","2",0,1,2,2,DELAY
13543,13543,30,EMP1054,EMP1045,67716,67716,20,"12","2",0,1,2,2,DELAY
815,815,30,EMP1054,EMP1045,4075,4075,30,"12","2",0,1,0,2,NORMAL
1136,1136,30,EMP1054,EMP1045,5680,5680,30,"12","2",0,1,0,2,NORMAL
1026,1026,30,EMP1054,EMP1045,5130,5130,30,"12","2",0,1,0,2,RISK
1254,1254,30,EMP1054,EMP1045,6270,6270,30,"12","2",0,1,0,2,NORMAL
52890,52890,30,EMP1054,EMP1005,264438,264438,20,"12","3",0,1,2,2,RISK
71315,71315,30,EMP1054,EMP1005,356563,356563,20,"12","3",0,1,2,2,DELAY
99400,99400,30,EMP1054,EMP1005,497000,497000,20,"12","3",0,1,2,2,RISK
89775,89775,30,EMP1054,EMP1005,448875,448875,20,"12","3",0,1,2,2,DELAY
109725,109725,30,EMP1054,EMP1005,548625,548625,20,"12","3",0,1,2,2,DELAY
9375,9375,30,EMP1054,EMP1005,46863,46863,20,"12","3",0,1,2,2,DELAY
13064,13064,30,EMP1054,EMP1005,65320,65320,20,"12","3",0,1,2,2,DELAY
11799,11799,30,EMP1054,EMP1005,58995,58995,20,"12","3",0,1,2,2,RISK
14421,14421,30,EMP1054,EMP1005,72105,72105,20,"12","3",0,1,2,2,RISK
8802,8802,30,EMP1054,EMP1005,44010,44010,20,"12","3",0,1,2,2,DELAY
12272,12272,30,EMP1054,EMP1005,61344,61344,20,"12","3",0,1,2,2,RISK
11084,11084,30,EMP1054,EMP1005,55404,55404,20,"12","3",0,1,2,2,RISK
13544,13544,30,EMP1054,EMP1005,67716,67716,20,"12","3",0,1,2,2,DELAY
815,815,30,EMP1054,EMP1005,4075,4075,30,"12","3",0,1,0,2,DELAY
1136,1136,30,EMP1054,EMP1005,5680,5680,30,"12","3",0,1,0,2,NORMAL
1026,1026,30,EMP1054,EMP1005,5130,5130,30,"12","3",0,1,0,2,NORMAL
1254,1254,30,EMP1054,EMP1005,6270,6270,30,"12","3",0,1,0,2,NORMAL
45237,45237,30,EMP1053,EMP1005,226188,226188,20,"12","4",0,1,2,2,RISK
65362,65362,30,EMP1053,EMP1005,326813,326813,20,"12","4",0,1,2,2,DELAY
72275,72275,30,EMP1053,EMP1005,361375,361375,20,"12","4",0,1,2,2,DELAY
81025,81025,30,EMP1053,EMP1005,405125,405125,20,"12","4",0,1,2,2,DELAY
98000,98000,30,EMP1053,EMP1005,490000,490000,20,"12","4",0,1,2,2,RISK
8590,8590,30,EMP1053,EMP1005,42953,42953,20,"12","4",0,1,2,2,DELAY
9499,9499,30,EMP1053,EMP1005,47495,47495,20,"12","4",0,1,2,2,DELAY
10649,10649,30,EMP1053,EMP1005,53245,53245,20,"12","4",0,1,2,2,DELAY
12880,12880,30,EMP1053,EMP1005,64400,64400,20,"12","4",0,1,2,2,DELAY
8067,8067,30,EMP1053,EMP1005,40338,40338,20,"12","4",0,1,2,2,DELAY
8920,8920,30,EMP1053,EMP1005,44604,44604,20,"12","4",0,1,2,2,DELAY
10000,10000,30,EMP1053,EMP1005,50004,50004,20,"12","4",0,1,2,2,RISK
12096,12096,30,EMP1053,EMP1005,60480,60480,20,"12","4",0,1,2,2,RISK
747,747,30,EMP1053,EMP1005,3735,3735,30,"12","4",0,1,0,2,DELAY
826,826,30,EMP1053,EMP1005,4130,4130,30,"12","4",0,1,0,2,DELAY
926,926,30,EMP1053,EMP1005,4630,4630,30,"12","4",0,1,0,2,DELAY
1120,1120,30,EMP1053,EMP1005,5600,5600,30,"12","4",0,1,0,2,RISK
45237,45237,30,EMP1044,EMP1056,226188,226188,20,"12","5",0,1,2,2,DELAY
65362,65362,30,EMP1044,EMP1056,326813,326813,20,"12","5",0,1,2,2,DELAY
72275,72275,30,EMP1044,EMP1056,361375,361375,20,"12","5",0,1,2,2,DELAY
81025,81025,30,EMP1044,EMP1056,405125,405125,20,"12","5",0,1,2,2,DELAY
98000,98000,30,EMP1044,EMP1056,490000,490000,20,"12","5",0,1,2,2,DELAY
8590,8590,30,EMP1044,EMP1056,42953,42953,20,"12","5",0,1,2,2,DELAY
9499,9499,30,EMP1044,EMP1056,47495,47495,20,"12","5",0,1,2,2,RISK
10649,10649,30,EMP1044,EMP1056,53245,53245,20,"12","5",0,1,2,2,RISK
12880,12880,30,EMP1044,EMP1056,64400,64400,20,"12","5",0,1,2,2,DELAY
8067,8067,30,EMP1044,EMP1056,40338,40338,20,"12","5",0,1,2,2,DELAY
8920,8920,30,EMP1044,EMP1056,44604,44604,20,"12","5",0,1,2,2,RISK
10000,10000,30,EMP1044,EMP1056,50004,50004,20,"12","5",0,1,2,2,RISK
12096,12096,30,EMP1044,EMP1056,60480,60480,20,"12","5",0,1,2,2,DELAY
747,747,30,EMP1044,EMP1056,3735,3735,30,"12","5",0,1,0,2,NORMAL
826,826,30,EMP1044,EMP1056,4130,4130,30,"12","5",0,1,0,2,NORMAL
926,926,30,EMP1044,EMP1056,4630,4630,30,"12","5",0,1,0,2,NORMAL
1120,1120,30,EMP1044,EMP1056,5600,5600,30,"12","5",0,1,0,2,NORMAL
45237,45237,30,EMP1042,EMP1049,226188,226188,20,"12","6",0,1,2,2,DELAY
65362,65362,30,EMP1042,EMP1049,326813,326813,20,"12","6",0,1,2,2,RISK
72275,72275,30,EMP1042,EMP1049,361375,361375,20,"12","6",0,1,2,2,RISK
81025,81025,30,EMP1042,EMP1049,405125,405125,20,"12","6",0,1,2,2,DELAY
98000,98000,30,EMP1042,EMP1049,490000,490000,20,"12","6",0,1,2,2,DELAY
8590,8590,30,EMP1042,EMP1049,42953,42953,20,"12","6",0,1,2,2,DELAY
9499,9499,30,EMP1042,EMP1049,47495,47495,20,"12","6",0,1,2,2,RISK
10649,10649,30,EMP1042,EMP1049,53245,53245,20,"12","6",0,1,2,2,DELAY
12880,12880,30,EMP1042,EMP1049,64400,64400,20,"12","6",0,1,2,2,DELAY
8067,8067,30,EMP1042,EMP1049,40338,40338,20,"12","6",0,1,2,2,DELAY
8920,8920,30,EMP1042,EMP1049,44604,44604,20,"12","6",0,1,2,2,DELAY
10000,10000,30,EMP1042,EMP1049,50004,50004,20,"12","6",0,1,2,2,RISK
12096,12096,30,EMP1042,EMP1049,60480,60480,20,"12","6",0,1,2,2,RISK
747,747,30,EMP1042,EMP1049,3735,3735,30,"12","6",0,1,0,2,NORMAL
826,826,30,EMP1042,EMP1049,4130,4130,30,"12","6",0,1,0,2,DELAY
926,926,30,EMP1042,EMP1049,4630,4630,30,"12","6",0,1,0,2,NORMAL
1120,1120,30,EMP1042,EMP1049,5600,5600,30,"12","6",0,1,0,2,NORMAL
45237,45237,30,EMP1042,EMP1057,226188,226188,20,"12","2",0,1,2,2,DELAY
65362,65362,30,EMP1042,EMP1057,326813,326813,20,"12","2",0,1,2,2,DELAY
72275,72275,30,EMP1042,EMP1057,361375,361375,20,"12","2",0,1,2,2,DELAY
81025,81025,30,EMP1042,EMP1057,405125,405125,20,"12","2",0,1,2,2,DELAY
98000,98000,30,EMP1042,EMP1057,490000,490000,20,"12","2",0,1,2,2,RISK
8590,8590,30,EMP1042,EMP1057,42953,42953,20,"12","2",0,1,2,2,DELAY
9499,9499,30,EMP1042,EMP1057,47495,47495,20,"12","2",0,1,2,2,DELAY
10649,10649,30,EMP1042,EMP1057,53245,53245,20,"12","2",0,1,2,2,DELAY
12880,12880,30,EMP1042,EMP1057,64400,64400,20,"12","2",0,1,2,2,RISK
8067,8067,30,EMP1042,EMP1057,40338,40338,20,"12","2",0,1,2,2,DELAY
8920,8920,30,EMP1042,EMP1057,44604,44604,20,"12","2",0,1,2,2,DELAY
10000,10000,30,EMP1042,EMP1057,50004,50004,20,"12","2",0,1,2,2,DELAY
12096,12096,30,EMP1042,EMP1057,60480,60480,20,"12","2",0,1,2,2,DELAY
747,747,30,EMP1042,EMP1057,3735,3735,30,"12","2",0,1,0,2,NORMAL
826,826,30,EMP1042,EMP1057,4130,4130,30,"12","2",0,1,0,2,NORMAL
926,926,30,EMP1042,EMP1057,4630,4630,30,"12","2",0,1,0,2,DELAY
1120,1120,30,EMP1042,EMP1057,5600,5600,30,"12","2",0,1,0,2,NORMAL
45240,45240,30,EMP1006,EMP1057,226188,226188,20,"12","3",0,1,2,2,DELAY
65365,65365,30,EMP1006,EMP1057,326813,326813,20,"12","3",0,1,2,2,DELAY
72275,72275,30,EMP1006,EMP1057,361375,361375,20,"12","3",0,1,2,2,DELAY
81025,81025,30,EMP1006,EMP1057,405125,405125,20,"12","3",0,1,2,2,DELAY
98000,98000,30,EMP1006,EMP1057,490000,490000,20,"12","3",0,1,2,2,DELAY
8593,8593,30,EMP1006,EMP1057,42953,42953,20,"12","3",0,1,2,2,DELAY
9499,9499,30,EMP1006,EMP1057,47495,47495,20,"12","3",0,1,2,2,DELAY
10649,10649,30,EMP1006,EMP1057,53245,53245,20,"12","3",0,1,2,2,DELAY
12880,12880,30,EMP1006,EMP1057,64400,64400,20,"12","3",0,1,2,2,DELAY
8070,8070,30,EMP1006,EMP1057,40338,40338,20,"12","3",0,1,2,2,RISK
8924,8924,30,EMP1006,EMP1057,44604,44604,20,"12","3",0,1,2,2,DELAY
10004,10004,30,EMP1006,EMP1057,50004,50004,20,"12","3",0,1,2,2,DELAY
12096,12096,30,EMP1006,EMP1057,60480,60480,20,"12","3",0,1,2,2,DELAY
747,747,30,EMP1006,EMP1057,3735,3735,30,"12","3",0,1,0,2,NORMAL
826,826,30,EMP1006,EMP1057,4130,4130,30,"12","3",0,1,0,2,NORMAL
926,926,30,EMP1006,EMP1057,4630,4630,30,"12","3",0,1,0,2,NORMAL
1120,1120,30,EMP1006,EMP1057,5600,5600,30,"12","3",0,1,0,2,NORMAL
52750,52750,30,EMP1051,EMP1004,316500,316500,20,"01","4",0,1,2,3,DELAY
99662,99662,30,EMP1051,EMP1004,597975,597975,20,"01","4",0,1,2,3,DELAY
74637,74637,30,EMP1051,EMP1004,447825,447825,20,"01","4",0,1,2,3,RISK
92225,92225,30,EMP1051,EMP1004,553350,553350,20,"01","4",0,1,2,3,DELAY
102725,102725,30,EMP1051,EMP1004,616350,616350,20,"01","4",0,1,2,3,DELAY
13098,13098,30,EMP1051,EMP1004,78591,78591,20,"01","4",0,1,2,3,DELAY
9809,9809,30,EMP1051,EMP1004,58857,58857,20,"01","4",0,1,2,3,RISK
12121,12121,30,EMP1051,EMP1004,72726,72726,20,"01","4",0,1,2,3,DELAY
13501,13501,30,EMP1051,EMP1004,81006,81006,20,"01","4",0,1,2,3,DELAY
12301,12301,30,EMP1051,EMP1004,73808,73808,20,"01","4",0,1,2,3,RISK
9212,9212,30,EMP1051,EMP1004,55275,55275,20,"01","4",0,1,2,3,DELAY
11383,11383,30,EMP1051,EMP1004,68300,68300,20,"01","4",0,1,2,3,RISK
12679,12679,30,EMP1051,EMP1004,76076,76076,20,"01","4",0,1,2,3,DELAY
1139,1139,30,EMP1051,EMP1004,6834,6834,30,"01","4",0,1,0,3,DELAY
853,853,30,EMP1051,EMP1004,5118,5118,30,"01","4",0,1,0,3,DELAY
1054,1054,30,EMP1051,EMP1004,6324,6324,30,"01","4",0,1,0,3,DELAY
1174,1174,30,EMP1051,EMP1004,7044,7044,30,"01","4",0,1,0,3,DELAY
52750,52750,30,EMP1042,EMP1055,316500,316500,20,"01","5",0,1,2,3,DELAY
99662,99662,30,EMP1042,EMP1055,597975,597975,20,"01","5",0,1,2,3,DELAY
74637,74637,30,EMP1042,EMP1055,447825,447825,20,"01","5",0,1,2,3,RISK
92225,92225,30,EMP1042,EMP1055,553350,553350,20,"01","5",0,1,2,3,DELAY
102725,102725,30,EMP1042,EMP1055,616350,616350,20,"01","5",0,1,2,3,DELAY
13098,13098,30,EMP1042,EMP1055,78591,78591,20,"01","5",0,1,2,3,DELAY
9809,9809,30,EMP1042,EMP1055,58857,58857,20,"01","5",0,1,2,3,DELAY
12121,12121,30,EMP1042,EMP1055,72726,72726,20,"01","5",0,1,2,3,DELAY
13501,13501,30,EMP1042,EMP1055,81006,81006,20,"01","5",0,1,2,3,DELAY
12301,12301,30,EMP1042,EMP1055,73808,73808,20,"01","5",0,1,2,3,DELAY
9212,9212,30,EMP1042,EMP1055,55275,55275,20,"01","5",0,1,2,3,DELAY
11383,11383,30,EMP1042,EMP1055,68300,68300,20,"01","5",0,1,2,3,DELAY
12679,12679,30,EMP1042,EMP1055,76076,76076,20,"01","5",0,1,2,3,RISK
1139,1139,30,EMP1042,EMP1055,6834,6834,30,"01","5",0,1,0,3,DELAY
853,853,30,EMP1042,EMP1055,5118,5118,30,"01","5",0,1,0,3,DELAY
1054,1054,30,EMP1042,EMP1055,6324,6324,30,"01","5",0,1,0,3,DELAY
1174,1174,30,EMP1042,EMP1055,7044,7044,30,"01","5",0,1,0,3,DELAY
52750,52750,30,EMP1046,EMP1051,316500,316500,20,"01","6",0,1,2,3,RISK
99662,99662,30,EMP1046,EMP1051,597975,597975,20,"01","6",0,1,2,3,RISK
74637,74637,30,EMP1046,EMP1051,447825,447825,20,"01","6",0,1,2,3,DELAY
92225,92225,30,EMP1046,EMP1051,553350,553350,20,"01","6",0,1,2,3,RISK
102725,102725,30,EMP1046,EMP1051,616350,616350,20,"01","6",0,1,2,3,RISK
13098,13098,30,EMP1046,EMP1051,78591,78591,20,"01","6",0,1,2,3,DELAY
9809,9809,30,EMP1046,EMP1051,58857,58857,20,"01","6",0,1,2,3,DELAY
12121,12121,30,EMP1046,EMP1051,72726,72726,20,"01","6",0,1,2,3,DELAY
13501,13501,30,EMP1046,EMP1051,81006,81006,20,"01","6",0,1,2,3,DELAY
12301,12301,30,EMP1046,EMP1051,73808,73808,20,"01","6",0,1,2,3,RISK
9212,9212,30,EMP1046,EMP1051,55275,55275,20,"01","6",0,1,2,3,DELAY
11383,11383,30,EMP1046,EMP1051,68300,68300,20,"01","6",0,1,2,3,DELAY
12679,12679,30,EMP1046,EMP1051,76076,76076,20,"01","6",0,1,2,3,DELAY
1139,1139,30,EMP1046,EMP1051,6834,6834,30,"01","6",0,1,0,3,DELAY
853,853,30,EMP1046,EMP1051,5118,5118,30,"01","6",0,1,0,3,DELAY
1054,1054,30,EMP1046,EMP1051,6324,6324,30,"01","6",0,1,0,3,DELAY
1174,1174,30,EMP1046,EMP1051,7044,7044,30,"01","6",0,1,0,3,RISK
52750,52750,30,EMP1006,EMP1044,316500,316500,20,"01","7",0,1,2,3,RISK
99662,99662,30,EMP1006,EMP1044,597975,597975,20,"01","7",0,1,2,3,DELAY
74637,74637,30,EMP1006,EMP1044,447825,447825,20,"01","7",0,1,2,3,RISK
92225,92225,30,EMP1006,EMP1044,553350,553350,20,"01","7",0,1,2,3,RISK
102725,102725,30,EMP1006,EMP1044,616350,616350,20,"01","7",0,1,2,3,RISK
13098,13098,30,EMP1006,EMP1044,78591,78591,20,"01","7",0,1,2,3,RISK
9809,9809,30,EMP1006,EMP1044,58857,58857,20,"01","7",0,1,2,3,DELAY
12121,12121,30,EMP1006,EMP1044,72726,72726,20,"01","7",0,1,2,3,RISK
13501,13501,30,EMP1006,EMP1044,81006,81006,20,"01","7",0,1,2,3,DELAY
12301,12301,30,EMP1006,EMP1044,73808,73808,20,"01","7",0,1,2,3,DELAY
9212,9212,30,EMP1006,EMP1044,55275,55275,20,"01","7",0,1,2,3,RISK
11383,11383,30,EMP1006,EMP1044,68300,68300,20,"01","7",0,1,2,3,DELAY
12679,12679,30,EMP1006,EMP1044,76076,76076,20,"01","7",0,1,2,3,RISK
1139,1139,30,EMP1006,EMP1044,6834,6834,30,"01","7",0,1,0,3,RISK
853,853,30,EMP1006,EMP1044,5118,5118,30,"01","7",0,1,0,3,DELAY
1054,1054,30,EMP1006,EMP1044,6324,6324,30,"01","7",0,1,0,3,RISK
1174,1174,30,EMP1006,EMP1044,7044,7044,30,"01","7",0,1,0,3,DELAY
52750,52750,30,EMP1041,EMP1057,316500,316500,20,"01","2",0,1,2,3,DELAY
99662,99662,30,EMP1041,EMP1057,597975,597975,20,"01","2",0,1,2,3,DELAY
74637,74637,30,EMP1041,EMP1057,447825,447825,20,"01","2",0,1,2,3,DELAY
92225,92225,30,EMP1041,EMP1057,553350,553350,20,"01","2",0,1,2,3,RISK
102725,102725,30,EMP1041,EMP1057,616350,616350,20,"01","2",0,1,2,3,DELAY
13098,13098,30,EMP1041,EMP1057,78591,78591,20,"01","2",0,1,2,3,DELAY
9809,9809,30,EMP1041,EMP1057,58857,58857,20,"01","2",0,1,2,3,DELAY
12121,12121,30,EMP1041,EMP1057,72726,72726,20,"01","2",0,1,2,3,DELAY
13501,13501,30,EMP1041,EMP1057,81006,81006,20,"01","2",0,1,2,3,DELAY
12301,12301,30,EMP1041,EMP1057,73808,73808,20,"01","2",0,1,2,3,DELAY
9212,9212,30,EMP1041,EMP1057,55275,55275,20,"01","2",0,1,2,3,DELAY
11383,11383,30,EMP1041,EMP1057,68300,68300,20,"01","2",0,1,2,3,DELAY
12679,12679,30,EMP1041,EMP1057,76076,76076,20,"01","2",0,1,2,3,DELAY
1139,1139,30,EMP1041,EMP1057,6834,6834,30,"01","2",0,1,0,3,RISK
853,853,30,EMP1041,EMP1057,5118,5118,30,"01","2",0,1,0,3,DELAY
1054,1054,30,EMP1041,EMP1057,6324,6324,30,"01","2",0,1,0,3,RISK
1174,1174,30,EMP1041,EMP1057,7044,7044,30,"01","2",0,1,0,3,DELAY
52750,52750,30,EMP1004,EMP1050,316500,316500,20,"01","3",0,1,2,3,RISK
99665,99665,30,EMP1004,EMP1050,597975,597975,20,"01","3",0,1,2,3,RISK
74640,74640,30,EMP1004,EMP1050,447825,447825,20,"01","3",0,1,2,3,DELAY
92225,92225,30,EMP1004,EMP1050,553350,553350,20,"01","3",0,1,2,3,RISK
102725,102725,30,EMP1004,EMP1050,616350,616350,20,"01","3",0,1,2,3,DELAY
13101,13101,30,EMP1004,EMP1050,78591,78591,20,"01","3",0,1,2,3,DELAY
9812,9812,30,EMP1004,EMP1050,58857,58857,20,"01","3",0,1,2,3,DELAY
12121,12121,30,EMP1004,EMP1050,72726,72726,20,"01","3",0,1,2,3,RISK
13501,13501,30,EMP1004,EMP1050,81006,81006,20,"01","3",0,1,2,3,DELAY
12303,12303,30,EMP1004,EMP1050,73808,73808,20,"01","3",0,1,2,3,RISK
9215,9215,30,EMP1004,EMP1050,55275,55275,20,"01","3",0,1,2,3,RISK
11385,11385,30,EMP1004,EMP1050,68300,68300,20,"01","3",0,1,2,3,DELAY
12681,12681,30,EMP1004,EMP1050,76076,76076,20,"01","3",0,1,2,3,DELAY
1139,1139,30,EMP1004,EMP1050,6834,6834,30,"01","3",0,1,0,3,DELAY
853,853,30,EMP1004,EMP1050,5118,5118,30,"01","3",0,1,0,3,DELAY
1054,1054,30,EMP1004,EMP1050,6324,6324,30,"01","3",0,1,0,3,DELAY
1174,1174,30,EMP1004,EMP1050,7044,7044,30,"01","3",0,1,0,3,DELAY
42537,42537,30,EMP1049,EMP1041,212688,212688,20,"01","4",0,1,2,3,DELAY
70087,70087,30,EMP1049,EMP1041,350438,350438,20,"01","4",0,1,2,3,RISK
78575,78575,30,EMP1049,EMP1041,392875,392875,20,"01","4",0,1,2,3,DELAY
69825,69825,30,EMP1049,EMP1041,349125,349125,20,"01","4",0,1,2,3,DELAY
79275,79275,30,EMP1049,EMP1041,396375,396375,20,"01","4",0,1,2,3,DELAY
9211,9211,30,EMP1049,EMP1041,46058,46058,20,"01","4",0,1,2,3,RISK
10327,10327,30,EMP1049,EMP1041,51635,51635,20,"01","4",0,1,2,3,RISK
9177,9177,30,EMP1049,EMP1041,45885,45885,20,"01","4",0,1,2,3,RISK
10419,10419,30,EMP1049,EMP1041,52095,52095,20,"01","4",0,1,2,3,DELAY
8650,8650,30,EMP1049,EMP1041,43254,43254,20,"01","4",0,1,2,3,DELAY
9698,9698,30,EMP1049,EMP1041,48492,48492,20,"01","4",0,1,2,3,RISK
8618,8618,30,EMP1049,EMP1041,43092,43092,20,"01","4",0,1,2,3,DELAY
9784,9784,30,EMP1049,EMP1041,48924,48924,20,"01","4",0,1,2,3,RISK
801,801,30,EMP1049,EMP1041,4005,4005,30,"01","4",0,1,0,3,DELAY
898,898,30,EMP1049,EMP1041,4490,4490,30,"01","4",0,1,0,3,DELAY
798,798,30,EMP1049,EMP1041,3990,3990,30,"01","4",0,1,0,3,DELAY
906,906,30,EMP1049,EMP1041,4530,4530,30,"01","4",0,1,0,3,DELAY
42537,42537,30,EMP1057,EMP1051,212688,212688,20,"01","5",0,1,2,3,RISK
70087,70087,30,EMP1057,EMP1051,350438,350438,20,"01","5",0,1,2,3,RISK
78575,78575,30,EMP1057,EMP1051,392875,392875,20,"01","5",0,1,2,3,RISK
69825,69825,30,EMP1057,EMP1051,349125,349125,20,"01","5",0,1,2,3,DELAY
79275,79275,30,EMP1057,EMP1051,396375,396375,20,"01","5",0,1,2,3,RISK
9211,9211,30,EMP1057,EMP1051,46058,46058,20,"01","5",0,1,2,3,DELAY
10327,10327,30,EMP1057,EMP1051,51635,51635,20,"01","5",0,1,2,3,RISK
9177,9177,30,EMP1057,EMP1051,45885,45885,20,"01","5",0,1,2,3,DELAY
10419,10419,30,EMP1057,EMP1051,52095,52095,20,"01","5",0,1,2,3,DELAY
8650,8650,30,EMP1057,EMP1051,43254,43254,20,"01","5",0,1,2,3,RISK
9698,9698,30,EMP1057,EMP1051,48492,48492,20,"01","5",0,1,2,3,DELAY
8618,8618,30,EMP1057,EMP1051,43092,43092,20,"01","5",0,1,2,3,RISK
9784,9784,30,EMP1057,EMP1051,48924,48924,20,"01","5",0,1,2,3,DELAY
801,801,30,EMP1057,EMP1051,4005,4005,30,"01","5",0,1,0,3,DELAY
898,898,30,EMP1057,EMP1051,4490,4490,30,"01","5",0,1,0,3,DELAY
798,798,30,EMP1057,EMP1051,3990,3990,30,"01","5",0,1,0,3,DELAY
906,906,30,EMP1057,EMP1051,4530,4530,30,"01","5",0,1,0,3,DELAY
42537,42537,30,EMP1048,EMP1056,212688,212688,20,"01","6",0,1,2,3,RISK
70087,70087,30,EMP1048,EMP1056,350438,350438,20,"01","6",0,1,2,3,DELAY
78575,78575,30,EMP1048,EMP1056,392875,392875,20,"01","6",0,1,2,3,RISK
69825,69825,30,EMP1048,EMP1056,349125,349125,20,"01","6",0,1,2,3,RISK
79275,79275,30,EMP1048,EMP1056,396375,396375,20,"01","6",0,1,2,3,DELAY
9211,9211,30,EMP1048,EMP1056,46058,46058,20,"01","6",0,1,2,3,DELAY
10327,10327,30,EMP1048,EMP1056,51635,51635,20,"01","6",0,1,2,3,DELAY
9177,9177,30,EMP1048,EMP1056,45885,45885,20,"01","6",0,1,2,3,RISK
10419,10419,30,EMP1048,EMP1056,52095,52095,20,"01","6",0,1,2,3,RISK
8650,8650,30,EMP1048,EMP1056,43254,43254,20,"01","6",0,1,2,3,DELAY
9698,9698,30,EMP1048,EMP1056,48492,48492,20,"01","6",0,1,2,3,DELAY
8618,8618,30,EMP1048,EMP1056,43092,43092,20,"01","6",0,1,2,3,DELAY
9784,9784,30,EMP1048,EMP1056,48924,48924,20,"01","6",0,1,2,3,DELAY
801,801,30,EMP1048,EMP1056,4005,4005,30,"01","6",0,1,0,3,DELAY
898,898,30,EMP1048,EMP1056,4490,4490,30,"01","6",0,1,0,3,DELAY
798,798,30,EMP1048,EMP1056,3990,3990,30,"01","6",0,1,0,3,DELAY
906,906,30,EMP1048,EMP1056,4530,4530,30,"01","6",0,1,0,3,DELAY
42537,42537,30,EMP1046,EMP1055,212688,212688,20,"01","2",0,1,2,3,DELAY
70087,70087,30,EMP1046,EMP1055,350438,350438,20,"01","2",0,1,2,3,DELAY
78575,78575,30,EMP1046,EMP1055,392875,392875,20,"01","2",0,1,2,3,DELAY
69825,69825,30,EMP1046,EMP1055,349125,349125,20,"01","2",0,1,2,3,DELAY
79275,79275,30,EMP1046,EMP1055,396375,396375,20,"01","2",0,1,2,3,RISK
9211,9211,30,EMP1046,EMP1055,46058,46058,20,"01","2",0,1,2,3,DELAY
10327,10327,30,EMP1046,EMP1055,51635,51635,20,"01","2",0,1,2,3,DELAY
9177,9177,30,EMP1046,EMP1055,45885,45885,20,"01","2",0,1,2,3,DELAY
10419,10419,30,EMP1046,EMP1055,52095,52095,20,"01","2",0,1,2,3,DELAY
8650,8650,30,EMP1046,EMP1055,43254,43254,20,"01","2",0,1,2,3,DELAY
9698,9698,30,EMP1046,EMP1055,48492,48492,20,"01","2",0,1,2,3,DELAY
8618,8618,30,EMP1046,EMP1055,43092,43092,20,"01","2",0,1,2,3,DELAY
9784,9784,30,EMP1046,EMP1055,48924,48924,20,"01","2",0,1,2,3,RISK
801,801,30,EMP1046,EMP1055,4005,4005,30,"01","2",0,1,0,3,DELAY
898,898,30,EMP1046,EMP1055,4490,4490,30,"01","2",0,1,0,3,DELAY
798,798,30,EMP1046,EMP1055,3990,3990,30,"01","2",0,1,0,3,DELAY
906,906,30,EMP1046,EMP1055,4530,4530,30,"01","2",0,1,0,3,DELAY
42540,42540,30,EMP1057,EMP1057,212688,212688,20,"01","3",0,1,2,3,DELAY
70090,70090,30,EMP1057,EMP1057,350438,350438,20,"01","3",0,1,2,3,DELAY
78575,78575,30,EMP1057,EMP1057,392875,392875,20,"01","3",0,1,2,3,DELAY
69825,69825,30,EMP1057,EMP1057,349125,349125,20,"01","3",0,1,2,3,DELAY
79275,79275,30,EMP1057,EMP1057,396375,396375,20,"01","3",0,1,2,3,DELAY
9214,9214,30,EMP1057,EMP1057,46058,46058,20,"01","3",0,1,2,3,DELAY
10327,10327,30,EMP1057,EMP1057,51635,51635,20,"01","3",0,1,2,3,DELAY
9177,9177,30,EMP1057,EMP1057,45885,45885,20,"01","3",0,1,2,3,DELAY
10419,10419,30,EMP1057,EMP1057,52095,52095,20,"01","3",0,1,2,3,RISK
8654,8654,30,EMP1057,EMP1057,43254,43254,20,"01","3",0,1,2,3,RISK
9700,9700,30,EMP1057,EMP1057,48492,48492,20,"01","3",0,1,2,3,DELAY
8620,8620,30,EMP1057,EMP1057,43092,43092,20,"01","3",0,1,2,3,DELAY
9788,9788,30,EMP1057,EMP1057,48924,48924,20,"01","3",0,1,2,3,RISK
801,801,30,EMP1057,EMP1057,4005,4005,30,"01","3",0,1,0,3,DELAY
898,898,30,EMP1057,EMP1057,4490,4490,30,"01","3",0,1,0,3,RISK
798,798,30,EMP1057,EMP1057,3990,3990,30,"01","3",0,1,0,3,DELAY
906,906,30,EMP1057,EMP1057,4530,4530,30,"01","3",0,1,0,3,DELAY
48912,48912,30,EMP1001,EMP1003,244563,244563,20,"01","4",0,1,2,3,DELAY
106137,106137,30,EMP1001,EMP1003,530688,530688,20,"01","4",0,1,2,3,DELAY
102812,102812,30,EMP1001,EMP1003,514063,514063,20,"01","4",0,1,2,3,DELAY
62650,62650,30,EMP1001,EMP1003,313250,313250,20,"01","4",0,1,2,3,DELAY
70787,70787,30,EMP1001,EMP1003,353938,353938,20,"01","4",0,1,2,3,RISK
13949,13949,30,EMP1001,EMP1003,69748,69748,20,"01","4",0,1,2,3,DELAY
13512,13512,30,EMP1001,EMP1003,67563,67563,20,"01","4",0,1,2,3,DELAY
8234,8234,30,EMP1001,EMP1003,41170,41170,20,"01","4",0,1,2,3,DELAY
9303,9303,30,EMP1001,EMP1003,46518,46518,20,"01","4",0,1,2,3,DELAY
13100,13100,30,EMP1001,EMP1003,65502,65502,20,"01","4",0,1,2,3,RISK
12690,12690,30,EMP1001,EMP1003,63450,63450,20,"01","4",0,1,2,3,DELAY
7732,7732,30,EMP1001,EMP1003,38664,38664,20,"01","4",0,1,2,3,RISK
8737,8737,30,EMP1001,EMP1003,43686,43686,20,"01","4",0,1,2,3,DELAY
1213,1213,30,EMP1001,EMP1003,6065,6065,30,"01","4",0,1,0,3,DELAY
1175,1175,30,EMP1001,EMP1003,5875,5875,30,"01","4",0,1,0,3,RISK
716,716,30,EMP1001,EMP1003,3580,3580,30,"01","4",0,1,0,3,DELAY
809,809,30,EMP1001,EMP1003,4045,4045,30,"01","4",0,1,0,3,DELAY
48912,48912,30,EMP1047,EMP1002,244563,244563,20,"01","5",0,1,2,3,RISK
106137,106137,30,EMP1047,EMP1002,530688,530688,20,"01","5",0,1,2,3,DELAY
102812,102812,30,EMP1047,EMP1002,514063,514063,20,"01","5",0,1,2,3,DELAY
62650,62650,30,EMP1047,EMP1002,313250,313250,20,"01","5",0,1,2,3,DELAY
70787,70787,30,EMP1047,EMP1002,353938,353938,20,"01","5",0,1,2,3,DELAY
13949,13949,30,EMP1047,EMP1002,69748,69748,20,"01","5",0,1,2,3,DELAY
13512,13512,30,EMP1047,EMP1002,67563,67563,20,"01","5",0,1,2,3,RISK
8234,8234,30,EMP1047,EMP1002,41170,41170,20,"01","5",0,1,2,3,DELAY
9303,9303,30,EMP1047,EMP1002,46518,46518,20,"01","5",0,1,2,3,DELAY
13100,13100,30,EMP1047,EMP1002,65502,65502,20,"01","5",0,1,2,3,DELAY
12690,12690,30,EMP1047,EMP1002,63450,63450,20,"01","5",0,1,2,3,DELAY
7732,7732,30,EMP1047,EMP1002,38664,38664,20,"01","5",0,1,2,3,DELAY
8737,8737,30,EMP1047,EMP1002,43686,43686,20,"01","5",0,1,2,3,DELAY
1213,1213,30,EMP1047,EMP1002,6065,6065,30,"01","5",0,1,0,3,DELAY
1175,1175,30,EMP1047,EMP1002,5875,5875,30,"01","5",0,1,0,3,DELAY
716,716,30,EMP1047,EMP1002,3580,3580,30,"01","5",0,1,0,3,DELAY
809,809,30,EMP1047,EMP1002,4045,4045,30,"01","5",0,1,0,3,DELAY
48912,48912,30,EMP1046,EMP1048,244563,244563,20,"01","6",0,1,2,3,DELAY
106137,106137,30,EMP1046,EMP1048,530688,530688,20,"01","6",0,1,2,3,DELAY
102812,102812,30,EMP1046,EMP1048,514063,514063,20,"01","6",0,1,2,3,RISK
62650,62650,30,EMP1046,EMP1048,313250,313250,20,"01","6",0,1,2,3,DELAY
70787,70787,30,EMP1046,EMP1048,353938,353938,20,"01","6",0,1,2,3,DELAY
13949,13949,30,EMP1046,EMP1048,69748,69748,20,"01","6",0,1,2,3,DELAY
13512,13512,30,EMP1046,EMP1048,67563,67563,20,"01","6",0,1,2,3,DELAY
8234,8234,30,EMP1046,EMP1048,41170,41170,20,"01","6",0,1,2,3,DELAY
9303,9303,30,EMP1046,EMP1048,46518,46518,20,"01","6",0,1,2,3,DELAY
13100,13100,30,EMP1046,EMP1048,65502,65502,20,"01","6",0,1,2,3,DELAY
12690,12690,30,EMP1046,EMP1048,63450,63450,20,"01","6",0,1,2,3,DELAY
7732,7732,30,EMP1046,EMP1048,38664,38664,20,"01","6",0,1,2,3,RISK
8737,8737,30,EMP1046,EMP1048,43686,43686,20,"01","6",0,1,2,3,RISK
1213,1213,30,EMP1046,EMP1048,6065,6065,30,"01","6",0,1,0,3,RISK
1175,1175,30,EMP1046,EMP1048,5875,5875,30,"01","6",0,1,0,3,DELAY
716,716,30,EMP1046,EMP1048,3580,3580,30,"01","6",0,1,0,3,DELAY
809,809,30,EMP1046,EMP1048,4045,4045,30,"01","6",0,1,0,3,DELAY
48912,48912,30,EMP1007,EMP1021,244563,244563,20,"01","2",0,1,2,3,RISK
106137,106137,30,EMP1007,EMP1021,530688,530688,20,"01","2",0,1,2,3,DELAY
102812,102812,30,EMP1007,EMP1021,514063,514063,20,"01","2",0,1,2,3,DELAY
62650,62650,30,EMP1007,EMP1021,313250,313250,20,"01","2",0,1,2,3,DELAY
70787,70787,30,EMP1007,EMP1021,353938,353938,20,"01","2",0,1,2,3,DELAY
13949,13949,30,EMP1007,EMP1021,69748,69748,20,"01","2",0,1,2,3,RISK
13512,13512,30,EMP1007,EMP1021,67563,67563,20,"01","2",0,1,2,3,DELAY
8234,8234,30,EMP1007,EMP1021,41170,41170,20,"01","2",0,1,2,3,RISK
9303,9303,30,EMP1007,EMP1021,46518,46518,20,"01","2",0,1,2,3,DELAY
13100,13100,30,EMP1007,EMP1021,65502,65502,20,"01","2",0,1,2,3,DELAY
12690,12690,30,EMP1007,EMP1021,63450,63450,20,"01","2",0,1,2,3,RISK
7732,7732,30,EMP1007,EMP1021,38664,38664,20,"01","2",0,1,2,3,RISK
8737,8737,30,EMP1007,EMP1021,43686,43686,20,"01","2",0,1,2,3,DELAY
1213,1213,30,EMP1007,EMP1021,6065,6065,30,"01","2",0,1,0,3,DELAY
1175,1175,30,EMP1007,EMP1021,5875,5875,30,"01","2",0,1,0,3,DELAY
716,716,30,EMP1007,EMP1021,3580,3580,30,"01","2",0,1,0,3,DELAY
809,809,30,EMP1007,EMP1021,4045,4045,30,"01","2",0,1,0,3,DELAY
48915,48915,30,EMP1051,EMP1006,244563,244563,20,"01","3",0,1,2,3,DELAY
106140,106140,30,EMP1051,EMP1006,530688,530688,20,"01","3",0,1,2,3,RISK
102815,102815,30,EMP1051,EMP1006,514063,514063,20,"01","3",0,1,2,3,RISK
62650,62650,30,EMP1051,EMP1006,313250,313250,20,"01","3",0,1,2,3,RISK
70790,70790,30,EMP1051,EMP1006,353938,353938,20,"01","3",0,1,2,3,DELAY
13952,13952,30,EMP1051,EMP1006,69748,69748,20,"01","3",0,1,2,3,DELAY
13515,13515,30,EMP1051,EMP1006,67563,67563,20,"01","3",0,1,2,3,RISK
8234,8234,30,EMP1051,EMP1006,41170,41170,20,"01","3",0,1,2,3,DELAY
9306,9306,30,EMP1051,EMP1006,46518,46518,20,"01","3",0,1,2,3,DELAY
13102,13102,30,EMP1051,EMP1006,65502,65502,20,"01","3",0,1,2,3,DELAY
12690,12690,30,EMP1051,EMP1006,63450,63450,20,"01","3",0,1,2,3,DELAY
7736,7736,30,EMP1051,EMP1006,38664,38664,20,"01","3",0,1,2,3,DELAY
8738,8738,30,EMP1051,EMP1006,43686,43686,20,"01","3",0,1,2,3,DELAY
1213,1213,30,EMP1051,EMP1006,6065,6065,30,"01","3",0,1,0,3,DELAY
1175,1175,30,EMP1051,EMP1006,5875,5875,30,"01","3",0,1,0,3,DELAY
716,716,30,EMP1051,EMP1006,3580,3580,30,"01","3",0,1,0,3,DELAY
809,809,30,EMP1051,EMP1006,4045,4045,30,"01","3",0,1,0,3,DELAY
45812,45812,30,EMP1043,EMP1005,229063,229063,20,"01","4",0,1,2,3,DELAY
87675,87675,30,EMP1043,EMP1005,438375,438375,20,"01","4",0,1,2,3,DELAY
65362,65362,30,EMP1043,EMP1005,326813,326813,20,"01","4",0,1,2,3,RISK
78050,78050,30,EMP1043,EMP1005,390250,390250,20,"01","4",0,1,2,3,DELAY
89600,89600,30,EMP1043,EMP1005,448000,448000,20,"01","4",0,1,2,3,DELAY
11523,11523,30,EMP1043,EMP1005,57615,57615,20,"01","4",0,1,2,3,DELAY
8590,8590,30,EMP1043,EMP1005,42953,42953,20,"01","4",0,1,2,3,DELAY
10258,10258,30,EMP1043,EMP1005,51290,51290,20,"01","4",0,1,2,3,DELAY
11776,11776,30,EMP1043,EMP1005,58880,58880,20,"01","4",0,1,2,3,RISK
10821,10821,30,EMP1043,EMP1005,54108,54108,20,"01","4",0,1,2,3,DELAY
8067,8067,30,EMP1043,EMP1005,40338,40338,20,"01","4",0,1,2,3,RISK
9633,9633,30,EMP1043,EMP1005,48168,48168,20,"01","4",0,1,2,3,RISK
11059,11059,30,EMP1043,EMP1005,55296,55296,20,"01","4",0,1,2,3,DELAY
1002,1002,30,EMP1043,EMP1005,5010,5010,30,"01","4",0,1,0,3,DELAY
747,747,30,EMP1043,EMP1005,3735,3735,30,"01","4",0,1,0,3,DELAY
892,892,30,EMP1043,EMP1005,4460,4460,30,"01","4",0,1,0,3,DELAY
1024,1024,30,EMP1043,EMP1005,5120,5120,30,"01","4",0,1,0,3,DELAY
45812,45812,30,EMP1021,EMP1048,229063,229063,20,"01","5",0,1,2,3,DELAY
87675,87675,30,EMP1021,EMP1048,438375,438375,20,"01","5",0,1,2,3,DELAY
65362,65362,30,EMP1021,EMP1048,326813,326813,20,"01","5",0,1,2,3,RISK
78050,78050,30,EMP1021,EMP1048,390250,390250,20,"01","5",0,1,2,3,DELAY
89600,89600,30,EMP1021,EMP1048,448000,448000,20,"01","5",0,1,2,3,DELAY
11523,11523,30,EMP1021,EMP1048,57615,57615,20,"01","5",0,1,2,3,DELAY
8590,8590,30,EMP1021,EMP1048,42953,42953,20,"01","5",0,1,2,3,RISK
10258,10258,30,EMP1021,EMP1048,51290,51290,20,"01","5",0,1,2,3,DELAY
11776,11776,30,EMP1021,EMP1048,58880,58880,20,"01","5",0,1,2,3,DELAY
10821,10821,30,EMP1021,EMP1048,54108,54108,20,"01","5",0,1,2,3,DELAY
8067,8067,30,EMP1021,EMP1048,40338,40338,20,"01","5",0,1,2,3,DELAY
9633,9633,30,EMP1021,EMP1048,48168,48168,20,"01","5",0,1,2,3,DELAY
11059,11059,30,EMP1021,EMP1048,55296,55296,20,"01","5",0,1,2,3,RISK
1002,1002,30,EMP1021,EMP1048,5010,5010,30,"01","5",0,1,0,3,DELAY
747,747,30,EMP1021,EMP1048,3735,3735,30,"01","5",0,1,0,3,DELAY
892,892,30,EMP1021,EMP1048,4460,4460,30,"01","5",0,1,0,3,DELAY
1024,1024,30,EMP1021,EMP1048,5120,5120,30,"01","5",0,1,0,3,DELAY
45812,45812,30,EMP1001,EMP1041,229063,229063,20,"01","6",0,1,2,3,RISK
87675,87675,30,EMP1001,EMP1041,438375,438375,20,"01","6",0,1,2,3,DELAY
65362,65362,30,EMP1001,EMP1041,326813,326813,20,"01","6",0,1,2,3,RISK
78050,78050,30,EMP1001,EMP1041,390250,390250,20,"01","6",0,1,2,3,RISK
89600,89600,30,EMP1001,EMP1041,448000,448000,20,"01","6",0,1,2,3,RISK
11523,11523,30,EMP1001,EMP1041,57615,57615,20,"01","6",0,1,2,3,RISK
8590,8590,30,EMP1001,EMP1041,42953,42953,20,"01","6",0,1,2,3,DELAY
10258,10258,30,EMP1001,EMP1041,51290,51290,20,"01","6",0,1,2,3,DELAY
11776,11776,30,EMP1001,EMP1041,58880,58880,20,"01","6",0,1,2,3,DELAY
10821,10821,30,EMP1001,EMP1041,54108,54108,20,"01","6",0,1,2,3,DELAY
8067,8067,30,EMP1001,EMP1041,40338,40338,20,"01","6",0,1,2,3,RISK
9633,9633,30,EMP1001,EMP1041,48168,48168,20,"01","6",0,1,2,3,DELAY
11059,11059,30,EMP1001,EMP1041,55296,55296,20,"01","6",0,1,2,3,RISK
1002,1002,30,EMP1001,EMP1041,5010,5010,30,"01","6",0,1,0,3,DELAY
747,747,30,EMP1001,EMP1041,3735,3735,30,"01","6",0,1,0,3,RISK
892,892,30,EMP1001,EMP1041,4460,4460,30,"01","6",0,1,0,3,DELAY
1024,1024,30,EMP1001,EMP1041,5120,5120,30,"01","6",0,1,0,3,DELAY
45812,45812,30,EMP1003,EMP1045,229063,229063,20,"01","2",0,1,2,3,DELAY
87675,87675,30,EMP1003,EMP1045,438375,438375,20,"01","2",0,1,2,3,RISK
65362,65362,30,EMP1003,EMP1045,326813,326813,20,"01","2",0,1,2,3,RISK
78050,78050,30,EMP1003,EMP1045,390250,390250,20,"01","2",0,1,2,3,RISK
89600,89600,30,EMP1003,EMP1045,448000,448000,20,"01","2",0,1,2,3,RISK
11523,11523,30,EMP1003,EMP1045,57615,57615,20,"01","2",0,1,2,3,DELAY
8590,8590,30,EMP1003,EMP1045,42953,42953,20,"01","2",0,1,2,3,DELAY
10258,10258,30,EMP1003,EMP1045,51290,51290,20,"01","2",0,1,2,3,RISK
11776,11776,30,EMP1003,EMP1045,58880,58880,20,"01","2",0,1,2,3,RISK
10821,10821,30,EMP1003,EMP1045,54108,54108,20,"01","2",0,1,2,3,DELAY
8067,8067,30,EMP1003,EMP1045,40338,40338,20,"01","2",0,1,2,3,DELAY
9633,9633,30,EMP1003,EMP1045,48168,48168,20,"01","2",0,1,2,3,RISK
11059,11059,30,EMP1003,EMP1045,55296,55296,20,"01","2",0,1,2,3,DELAY
1002,1002,30,EMP1003,EMP1045,5010,5010,30,"01","2",0,1,0,3,DELAY
747,747,30,EMP1003,EMP1045,3735,3735,30,"01","2",0,1,0,3,DELAY
892,892,30,EMP1003,EMP1045,4460,4460,30,"01","2",0,1,0,3,DELAY
1024,1024,30,EMP1003,EMP1045,5120,5120,30,"01","2",0,1,0,3,DELAY
45815,45815,30,EMP1003,EMP1004,229063,229063,20,"01","3",0,1,2,3,DELAY
87675,87675,30,EMP1003,EMP1004,438375,438375,20,"01","3",0,1,2,3,RISK
65365,65365,30,EMP1003,EMP1004,326813,326813,20,"01","3",0,1,2,3,DELAY
78050,78050,30,EMP1003,EMP1004,390250,390250,20,"01","3",0,1,2,3,DELAY
89600,89600,30,EMP1003,EMP1004,448000,448000,20,"01","3",0,1,2,3,RISK
11523,11523,30,EMP1003,EMP1004,57615,57615,20,"01","3",0,1,2,3,DELAY
8593,8593,30,EMP1003,EMP1004,42953,42953,20,"01","3",0,1,2,3,DELAY
10258,10258,30,EMP1003,EMP1004,51290,51290,20,"01","3",0,1,2,3,DELAY
11776,11776,30,EMP1003,EMP1004,58880,58880,20,"01","3",0,1,2,3,DELAY
10824,10824,30,EMP1003,EMP1004,54108,54108,20,"01","3",0,1,2,3,DELAY
8070,8070,30,EMP1003,EMP1004,40338,40338,20,"01","3",0,1,2,3,RISK
9636,9636,30,EMP1003,EMP1004,48168,48168,20,"01","3",0,1,2,3,DELAY
11060,11060,30,EMP1003,EMP1004,55296,55296,20,"01","3",0,1,2,3,RISK
1002,1002,30,EMP1003,EMP1004,5010,5010,30,"01","3",0,1,0,3,DELAY
747,747,30,EMP1003,EMP1004,3735,3735,30,"01","3",0,1,0,3,DELAY
892,892,30,EMP1003,EMP1004,4460,4460,30,"01","3",0,1,0,3,DELAY
1024,1024,30,EMP1003,EMP1004,5120,5120,30,"01","3",0,1,0,3,DELAY
55887,55887,30,EMP1049,EMP1054,279438,279438,20,"01","4",0,1,2,3,DELAY
98175,98175,30,EMP1049,EMP1054,490875,490875,20,"01","4",0,1,2,3,RISK
98525,98525,30,EMP1049,EMP1054,492625,492625,20,"01","4",0,1,2,3,DELAY
84875,84875,30,EMP1049,EMP1054,424375,424375,20,"01","4",0,1,2,3,DELAY
109637,109637,30,EMP1049,EMP1054,548188,548188,20,"01","4",0,1,2,3,RISK
12903,12903,30,EMP1049,EMP1054,64515,64515,20,"01","4",0,1,2,3,DELAY
12949,12949,30,EMP1049,EMP1054,64745,64745,20,"01","4",0,1,2,3,RISK
11155,11155,30,EMP1049,EMP1054,55775,55775,20,"01","4",0,1,2,3,DELAY
14409,14409,30,EMP1049,EMP1054,72048,72048,20,"01","4",0,1,2,3,RISK
12117,12117,30,EMP1049,EMP1054,60588,60588,20,"01","4",0,1,2,3,DELAY
12160,12160,30,EMP1049,EMP1054,60804,60804,20,"01","4",0,1,2,3,DELAY
10476,10476,30,EMP1049,EMP1054,52380,52380,20,"01","4",0,1,2,3,DELAY
13532,13532,30,EMP1049,EMP1054,67662,67662,20,"01","4",0,1,2,3,DELAY
1122,1122,30,EMP1049,EMP1054,5610,5610,30,"01","4",0,1,0,3,RISK
1126,1126,30,EMP1049,EMP1054,5630,5630,30,"01","4",0,1,0,3,DELAY
970,970,30,EMP1049,EMP1054,4850,4850,30,"01","4",0,1,0,3,DELAY
1253,1253,30,EMP1049,EMP1054,6265,6265,30,"01","4",0,1,0,3,DELAY
55887,55887,30,EMP1001,EMP1051,279438,279438,20,"01","5",0,1,2,3,DELAY
98175,98175,30,EMP1001,EMP1051,490875,490875,20,"01","5",0,1,2,3,RISK
98525,98525,30,EMP1001,EMP1051,492625,492625,20,"01","5",0,1,2,3,DELAY
84875,84875,30,EMP1001,EMP1051,424375,424375,20,"01","5",0,1,2,3,RISK
109637,109637,30,EMP1001,EMP1051,548188,548188,20,"01","5",0,1,2,3,RISK
12903,12903,30,EMP1001,EMP1051,64515,64515,20,"01","5",0,1,2,3,DELAY
12949,12949,30,EMP1001,EMP1051,64745,64745,20,"01","5",0,1,2,3,DELAY
11155,11155,30,EMP1001,EMP1051,55775,55775,20,"01","5",0,1,2,3,DELAY
14409,14409,30,EMP1001,EMP1051,72048,72048,20,"01","5",0,1,2,3,RISK
12117,12117,30,EMP1001,EMP1051,60588,60588,20,"01","5",0,1,2,3,RISK
12160,12160,30,EMP1001,EMP1051,60804,60804,20,"01","5",0,1,2,3,DELAY
10476,10476,30,EMP1001,EMP1051,52380,52380,20,"01","5",0,1,2,3,DELAY
13532,13532,30,EMP1001,EMP1051,67662,67662,20,"01","5",0,1,2,3,RISK
1122,1122,30,EMP1001,EMP1051,5610,5610,30,"01","5",0,1,0,3,DELAY
1126,1126,30,EMP1001,EMP1051,5630,5630,30,"01","5",0,1,0,3,RISK
970,970,30,EMP1001,EMP1051,4850,4850,30,"01","5",0,1,0,3,RISK
1253,1253,30,EMP1001,EMP1051,6265,6265,30,"01","5",0,1,0,3,RISK
55887,55887,30,EMP1054,EMP1048,279438,279438,20,"01","6",0,1,2,3,RISK
98175,98175,30,EMP1054,EMP1048,490875,490875,20,"01","6",0,1,2,3,RISK
98525,98525,30,EMP1054,EMP1048,492625,492625,20,"01","6",0,1,2,3,DELAY
84875,84875,30,EMP1054,EMP1048,424375,424375,20,"01","6",0,1,2,3,DELAY
109637,109637,30,EMP1054,EMP1048,548188,548188,20,"01","6",0,1,2,3,RISK
12903,12903,30,EMP1054,EMP1048,64515,64515,20,"01","6",0,1,2,3,DELAY
12949,12949,30,EMP1054,EMP1048,64745,64745,20,"01","6",0,1,2,3,DELAY
11155,11155,30,EMP1054,EMP1048,55775,55775,20,"01","6",0,1,2,3,RISK
14409,14409,30,EMP1054,EMP1048,72048,72048,20,"01","6",0,1,2,3,RISK
12117,12117,30,EMP1054,EMP1048,60588,60588,20,"01","6",0,1,2,3,RISK
12160,12160,30,EMP1054,EMP1048,60804,60804,20,"01","6",0,1,2,3,DELAY
10476,10476,30,EMP1054,EMP1048,52380,52380,20,"01","6",0,1,2,3,RISK
13532,13532,30,EMP1054,EMP1048,67662,67662,20,"01","6",0,1,2,3,DELAY
1122,1122,30,EMP1054,EMP1048,5610,5610,30,"01","6",0,1,0,3,DELAY
1126,1126,30,EMP1054,EMP1048,5630,5630,30,"01","6",0,1,0,3,DELAY
970,970,30,EMP1054,EMP1048,4850,4850,30,"01","6",0,1,0,3,DELAY
1253,1253,30,EMP1054,EMP1048,6265,6265,30,"01","6",0,1,0,3,DELAY
55887,55887,30,EMP1045,EMP1048,279438,279438,20,"02","2",0,1,2,2,DELAY
98175,98175,30,EMP1045,EMP1048,490875,490875,20,"02","2",0,1,2,2,DELAY
98525,98525,30,EMP1045,EMP1048,492625,492625,20,"02","2",0,1,2,2,DELAY
84875,84875,30,EMP1045,EMP1048,424375,424375,20,"02","2",0,1,2,2,RISK
109637,109637,30,EMP1045,EMP1048,548188,548188,20,"02","2",0,1,2,2,DELAY
12903,12903,30,EMP1045,EMP1048,64515,64515,20,"02","2",0,1,2,2,DELAY
12949,12949,30,EMP1045,EMP1048,64745,64745,20,"02","2",0,1,2,2,DELAY
11155,11155,30,EMP1045,EMP1048,55775,55775,20,"02","2",0,1,2,2,DELAY
14409,14409,30,EMP1045,EMP1048,72048,72048,20,"02","2",0,1,2,2,RISK
12117,12117,30,EMP1045,EMP1048,60588,60588,20,"02","2",0,1,2,2,DELAY
12160,12160,30,EMP1045,EMP1048,60804,60804,20,"02","2",0,1,2,2,DELAY
10476,10476,30,EMP1045,EMP1048,52380,52380,20,"02","2",0,1,2,2,DELAY
13532,13532,30,EMP1045,EMP1048,67662,67662,20,"02","2",0,1,2,2,DELAY
1122,1122,30,EMP1045,EMP1048,5610,5610,30,"02","2",0,1,0,2,NORMAL
1126,1126,30,EMP1045,EMP1048,5630,5630,30,"02","2",0,1,0,2,NORMAL
970,970,30,EMP1045,EMP1048,4850,4850,30,"02","2",0,1,0,2,NORMAL
1253,1253,30,EMP1045,EMP1048,6265,6265,30,"02","2",0,1,0,2,NORMAL
55890,55890,30,EMP1059,EMP1052,279438,279438,20,"02","3",0,1,2,2,RISK
98175,98175,30,EMP1059,EMP1052,490875,490875,20,"02","3",0,1,2,2,DELAY
98525,98525,30,EMP1059,EMP1052,492625,492625,20,"02","3",0,1,2,2,DELAY
84875,84875,30,EMP1059,EMP1052,424375,424375,20,"02","3",0,1,2,2,RISK
109640,109640,30,EMP1059,EMP1052,548188,548188,20,"02","3",0,1,2,2,DELAY
12903,12903,30,EMP1059,EMP1052,64515,64515,20,"02","3",0,1,2,2,DELAY
12949,12949,30,EMP1059,EMP1052,64745,64745,20,"02","3",0,1,2,2,RISK
11155,11155,30,EMP1059,EMP1052,55775,55775,20,"02","3",0,1,2,2,RISK
14412,14412,30,EMP1059,EMP1052,72048,72048,20,"02","3",0,1,2,2,DELAY
12120,12120,30,EMP1059,EMP1052,60588,60588,20,"02","3",0,1,2,2,RISK
12164,12164,30,EMP1059,EMP1052,60804,60804,20,"02","3",0,1,2,2,DELAY
10476,10476,30,EMP1059,EMP1052,52380,52380,20,"02","3",0,1,2,2,RISK
13534,13534,30,EMP1059,EMP1052,67662,67662,20,"02","3",0,1,2,2,RISK
1122,1122,30,EMP1059,EMP1052,5610,5610,30,"02","3",0,1,0,2,NORMAL
1126,1126,30,EMP1059,EMP1052,5630,5630,30,"02","3",0,1,0,2,NORMAL
970,970,30,EMP1059,EMP1052,4850,4850,30,"02","3",0,1,0,2,NORMAL
1253,1253,30,EMP1059,EMP1052,6265,6265,30,"02","3",0,1,0,2,DELAY
51825,51825,30,EMP1045,EMP1047,259125,259125,20,"02","4",0,1,2,2,DELAY
79012,79012,30,EMP1045,EMP1047,395063,395063,20,"02","4",0,1,2,2,DELAY
106487,106487,30,EMP1045,EMP1047,532438,532438,20,"02","4",0,1,2,2,DELAY
105262,105262,30,EMP1045,EMP1047,526313,526313,20,"02","4",0,1,2,2,DELAY
72012,72012,30,EMP1045,EMP1047,360063,360063,20,"02","4",0,1,2,2,DELAY
10384,10384,30,EMP1045,EMP1047,51923,51923,20,"02","4",0,1,2,2,RISK
13995,13995,30,EMP1045,EMP1047,69978,69978,20,"02","4",0,1,2,2,DELAY
13834,13834,30,EMP1045,EMP1047,69173,69173,20,"02","4",0,1,2,2,DELAY
9464,9464,30,EMP1045,EMP1047,47323,47323,20,"02","4",0,1,2,2,RISK
9752,9752,30,EMP1045,EMP1047,48762,48762,20,"02","4",0,1,2,2,DELAY
13143,13143,30,EMP1045,EMP1047,65718,65718,20,"02","4",0,1,2,2,DELAY
12992,12992,30,EMP1045,EMP1047,64962,64962,20,"02","4",0,1,2,2,DELAY
8888,8888,30,EMP1045,EMP1047,44442,44442,20,"02","4",0,1,2,2,RISK
903,903,30,EMP1045,EMP1047,4515,4515,30,"02","4",0,1,0,2,DELAY
1217,1217,30,EMP1045,EMP1047,6085,6085,30,"02","4",0,1,0,2,NORMAL
1203,1203,30,EMP1045,EMP1047,6015,6015,30,"02","4",0,1,0,2,RISK
823,823,30,EMP1045,EMP1047,4115,4115,30,"02","4",0,1,0,2,NORMAL
51825,51825,30,EMP1005,EMP1052,259125,259125,20,"02","5",0,1,2,2,RISK
79012,79012,30,EMP1005,EMP1052,395063,395063,20,"02","5",0,1,2,2,DELAY
106487,106487,30,EMP1005,EMP1052,532438,532438,20,"02","5",0,1,2,2,RISK
105262,105262,30,EMP1005,EMP1052,526313,526313,20,"02","5",0,1,2,2,RISK
72012,72012,30,EMP1005,EMP1052,360063,360063,20,"02","5",0,1,2,2,DELAY
10384,10384,30,EMP1005,EMP1052,51923,51923,20,"02","5",0,1,2,2,DELAY
13995,13995,30,EMP1005,EMP1052,69978,69978,20,"02","5",0,1,2,2,DELAY
13834,13834,30,EMP1005,EMP1052,69173,69173,20,"02","5",0,1,2,2,DELAY
9464,9464,30,EMP1005,EMP1052,47323,47323,20,"02","5",0,1,2,2,DELAY
9752,9752,30,EMP1005,EMP1052,48762,48762,20,"02","5",0,1,2,2,DELAY
13143,13143,30,EMP1005,EMP1052,65718,65718,20,"02","5",0,1,2,2,DELAY
12992,12992,30,EMP1005,EMP1052,64962,64962,20,"02","5",0,1,2,2,RISK
8888,8888,30,EMP1005,EMP1052,44442,44442,20,"02","5",0,1,2,2,DELAY
903,903,30,EMP1005,EMP1052,4515,4515,30,"02","5",0,1,0,2,NORMAL
1217,1217,30,EMP1005,EMP1052,6085,6085,30,"02","5",0,1,0,2,DELAY
1203,1203,30,EMP1005,EMP1052,6015,6015,30,"02","5",0,1,0,2,NORMAL
823,823,30,EMP1005,EMP1052,4115,4115,30,"02","5",0,1,0,2,NORMAL
51825,51825,30,EMP1059,EMP1048,259125,259125,20,"02","6",0,1,2,2,RISK
79012,79012,30,EMP1059,EMP1048,395063,395063,20,"02","6",0,1,2,2,DELAY
106487,106487,30,EMP1059,EMP1048,532438,532438,20,"02","6",0,1,2,2,RISK
105262,105262,30,EMP1059,EMP1048,526313,526313,20,"02","6",0,1,2,2,DELAY
72012,72012,30,EMP1059,EMP1048,360063,360063,20,"02","6",0,1,2,2,DELAY
10384,10384,30,EMP1059,EMP1048,51923,51923,20,"02","6",0,1,2,2,DELAY
13995,13995,30,EMP1059,EMP1048,69978,69978,20,"02","6",0,1,2,2,DELAY
13834,13834,30,EMP1059,EMP1048,69173,69173,20,"02","6",0,1,2,2,DELAY
9464,9464,30,EMP1059,EMP1048,47323,47323,20,"02","6",0,1,2,2,RISK
9752,9752,30,EMP1059,EMP1048,48762,48762,20,"02","6",0,1,2,2,DELAY
13143,13143,30,EMP1059,EMP1048,65718,65718,20,"02","6",0,1,2,2,DELAY
12992,12992,30,EMP1059,EMP1048,64962,64962,20,"02","6",0,1,2,2,RISK
8888,8888,30,EMP1059,EMP1048,44442,44442,20,"02","6",0,1,2,2,RISK
903,903,30,EMP1059,EMP1048,4515,4515,30,"02","6",0,1,0,2,RISK
1217,1217,30,EMP1059,EMP1048,6085,6085,30,"02","6",0,1,0,2,NORMAL
1203,1203,30,EMP1059,EMP1048,6015,6015,30,"02","6",0,1,0,2,RISK
823,823,30,EMP1059,EMP1048,4115,4115,30,"02","6",0,1,0,2,NORMAL
51825,51825,30,EMP1049,EMP1048,259125,259125,20,"02","2",0,1,2,2,RISK
79012,79012,30,EMP1049,EMP1048,395063,395063,20,"02","2",0,1,2,2,RISK
106487,106487,30,EMP1049,EMP1048,532438,532438,20,"02","2",0,1,2,2,DELAY
105262,105262,30,EMP1049,EMP1048,526313,526313,20,"02","2",0,1,2,2,RISK
72012,72012,30,EMP1049,EMP1048,360063,360063,20,"02","2",0,1,2,2,DELAY
10384,10384,30,EMP1049,EMP1048,51923,51923,20,"02","2",0,1,2,2,DELAY
13995,13995,30,EMP1049,EMP1048,69978,69978,20,"02","2",0,1,2,2,DELAY
13834,13834,30,EMP1049,EMP1048,69173,69173,20,"02","2",0,1,2,2,RISK
9464,9464,30,EMP1049,EMP1048,47323,47323,20,"02","2",0,1,2,2,DELAY
9752,9752,30,EMP1049,EMP1048,48762,48762,20,"02","2",0,1,2,2,DELAY
13143,13143,30,EMP1049,EMP1048,65718,65718,20,"02","2",0,1,2,2,DELAY
12992,12992,30,EMP1049,EMP1048,64962,64962,20,"02","2",0,1,2,2,DELAY
8888,8888,30,EMP1049,EMP1048,44442,44442,20,"02","2",0,1,2,2,DELAY
903,903,30,EMP1049,EMP1048,4515,4515,30,"02","2",0,1,0,2,NORMAL
1217,1217,30,EMP1049,EMP1048,6085,6085,30,"02","2",0,1,0,2,DELAY
1203,1203,30,EMP1049,EMP1048,6015,6015,30,"02","2",0,1,0,2,NORMAL
823,823,30,EMP1049,EMP1048,4115,4115,30,"02","2",0,1,0,2,NORMAL
51825,51825,30,EMP1006,EMP1002,259125,259125,20,"02","3",0,1,2,2,DELAY
79015,79015,30,EMP1006,EMP1002,395063,395063,20,"02","3",0,1,2,2,DELAY
106490,106490,30,EMP1006,EMP1002,532438,532438,20,"02","3",0,1,2,2,RISK
105265,105265,30,EMP1006,EMP1002,526313,526313,20,"02","3",0,1,2,2,DELAY
72015,72015,30,EMP1006,EMP1002,360063,360063,20,"02","3",0,1,2,2,DELAY
10387,10387,30,EMP1006,EMP1002,51923,51923,20,"02","3",0,1,2,2,DELAY
13998,13998,30,EMP1006,EMP1002,69978,69978,20,"02","3",0,1,2,2,DELAY
13837,13837,30,EMP1006,EMP1002,69173,69173,20,"02","3",0,1,2,2,DELAY
9467,9467,30,EMP1006,EMP1002,47323,47323,20,"02","3",0,1,2,2,DELAY
9754,9754,30,EMP1006,EMP1002,48762,48762,20,"02","3",0,1,2,2,RISK
13146,13146,30,EMP1006,EMP1002,65718,65718,20,"02","3",0,1,2,2,DELAY
12994,12994,30,EMP1006,EMP1002,64962,64962,20,"02","3",0,1,2,2,DELAY
8890,8890,30,EMP1006,EMP1002,44442,44442,20,"02","3",0,1,2,2,DELAY
903,903,30,EMP1006,EMP1002,4515,4515,30,"02","3",0,1,0,2,NORMAL
1217,1217,30,EMP1006,EMP1002,6085,6085,30,"02","3",0,1,0,2,RISK
1203,1203,30,EMP1006,EMP1002,6015,6015,30,"02","3",0,1,0,2,NORMAL
823,823,30,EMP1006,EMP1002,4115,4115,30,"02","3",0,1,0,2,NORMAL
56112,56112,30,EMP1051,EMP1041,336675,336675,20,"02","4",0,1,2,2,RISK
107362,107362,30,EMP1051,EMP1041,644175,644175,20,"02","4",0,1,2,2,DELAY
108850,108850,30,EMP1051,EMP1041,653100,653100,20,"02","4",0,1,2,2,RISK
100625,100625,30,EMP1051,EMP1041,603750,603750,20,"02","4",0,1,2,2,DELAY
75950,75950,30,EMP1051,EMP1041,455700,455700,20,"02","4",0,1,2,2,RISK
14110,14110,30,EMP1051,EMP1041,84663,84663,20,"02","4",0,1,2,2,RISK
14306,14306,30,EMP1051,EMP1041,85836,85836,20,"02","4",0,1,2,2,DELAY
13225,13225,30,EMP1051,EMP1041,79350,79350,20,"02","4",0,1,2,2,DELAY
9982,9982,30,EMP1051,EMP1041,59892,59892,20,"02","4",0,1,2,2,DELAY
13251,13251,30,EMP1051,EMP1041,79510,79510,20,"02","4",0,1,2,2,DELAY
13435,13435,30,EMP1051,EMP1041,80612,80612,20,"02","4",0,1,2,2,DELAY
12420,12420,30,EMP1051,EMP1041,74520,74520,20,"02","4",0,1,2,2,DELAY
9374,9374,30,EMP1051,EMP1041,56247,56247,20,"02","4",0,1,2,2,RISK
1227,1227,30,EMP1051,EMP1041,7362,7362,30,"02","4",0,1,0,2,NORMAL
1244,1244,30,EMP1051,EMP1041,7464,7464,30,"02","4",0,1,0,2,DELAY
1150,1150,30,EMP1051,EMP1041,6900,6900,30,"02","4",0,1,0,2,NORMAL
868,868,30,EMP1051,EMP1041,5208,5208,30,"02","4",0,1,0,2,NORMAL
56112,56112,30,EMP1044,EMP1001,336675,336675,20,"02","5",0,1,2,2,DELAY
107362,107362,30,EMP1044,EMP1001,644175,644175,20,"02","5",0,1,2,2,RISK
108850,108850,30,EMP1044,EMP1001,653100,653100,20,"02","5",0,1,2,2,RISK
100625,100625,30,EMP1044,EMP1001,603750,603750,20,"02","5",0,1,2,2,DELAY
75950,75950,30,EMP1044,EMP1001,455700,455700,20,"02","5",0,1,2,2,DELAY
14110,14110,30,EMP1044,EMP1001,84663,84663,20,"02","5",0,1,2,2,DELAY
14306,14306,30,EMP1044,EMP1001,85836,85836,20,"02","5",0,1,2,2,RISK
13225,13225,30,EMP1044,EMP1001,79350,79350,20,"02","5",0,1,2,2,DELAY
9982,9982,30,EMP1044,EMP1001,59892,59892,20,"02","5",0,1,2,2,DELAY
13251,13251,30,EMP1044,EMP1001,79510,79510,20,"02","5",0,1,2,2,DELAY
13435,13435,30,EMP1044,EMP1001,80612,80612,20,"02","5",0,1,2,2,DELAY
12420,12420,30,EMP1044,EMP1001,74520,74520,20,"02","5",0,1,2,2,DELAY
9374,9374,30,EMP1044,EMP1001,56247,56247,20,"02","5",0,1,2,2,DELAY
1227,1227,30,EMP1044,EMP1001,7362,7362,30,"02","5",0,1,0,2,NORMAL
1244,1244,30,EMP1044,EMP1001,7464,7464,30,"02","5",0,1,0,2,NORMAL
1150,1150,30,EMP1044,EMP1001,6900,6900,30,"02","5",0,1,0,2,NORMAL
868,868,30,EMP1044,EMP1001,5208,5208,30,"02","5",0,1,0,2,NORMAL
56112,56112,30,EMP1050,EMP1050,336675,336675,20,"02","6",0,1,2,2,DELAY
107362,107362,30,EMP1050,EMP1050,644175,644175,20,"02","6",0,1,2,2,DELAY
108850,108850,30,EMP1050,EMP1050,653100,653100,20,"02","6",0,1,2,2,DELAY
100625,100625,30,EMP1050,EMP1050,603750,603750,20,"02","6",0,1,2,2,DELAY
75950,75950,30,EMP1050,EMP1050,455700,455700,20,"02","6",0,1,2,2,DELAY
14110,14110,30,EMP1050,EMP1050,84663,84663,20,"02","6",0,1,2,2,DELAY
14306,14306,30,EMP1050,EMP1050,85836,85836,20,"02","6",0,1,2,2,DELAY
13225,13225,30,EMP1050,EMP1050,79350,79350,20,"02","6",0,1,2,2,DELAY
9982,9982,30,EMP1050,EMP1050,59892,59892,20,"02","6",0,1,2,2,DELAY
13251,13251,30,EMP1050,EMP1050,79510,79510,20,"02","6",0,1,2,2,RISK
13435,13435,30,EMP1050,EMP1050,80612,80612,20,"02","6",0,1,2,2,DELAY
12420,12420,30,EMP1050,EMP1050,74520,74520,20,"02","6",0,1,2,2,RISK
9374,9374,30,EMP1050,EMP1050,56247,56247,20,"02","6",0,1,2,2,RISK
1227,1227,30,EMP1050,EMP1050,7362,7362,30,"02","6",0,1,0,2,NORMAL
1244,1244,30,EMP1050,EMP1050,7464,7464,30,"02","6",0,1,0,2,NORMAL
1150,1150,30,EMP1050,EMP1050,6900,6900,30,"02","6",0,1,0,2,DELAY
868,868,30,EMP1050,EMP1050,5208,5208,30,"02","6",0,1,0,2,DELAY
56112,56112,30,EMP1057,EMP1053,336675,336675,20,"02","7",0,1,2,2,DELAY
107362,107362,30,EMP1057,EMP1053,644175,644175,20,"02","7",0,1,2,2,DELAY
108850,108850,30,EMP1057,EMP1053,653100,653100,20,"02","7",0,1,2,2,DELAY
100625,100625,30,EMP1057,EMP1053,603750,603750,20,"02","7",0,1,2,2,DELAY
75950,75950,30,EMP1057,EMP1053,455700,455700,20,"02","7",0,1,2,2,DELAY
14110,14110,30,EMP1057,EMP1053,84663,84663,20,"02","7",0,1,2,2,DELAY
14306,14306,30,EMP1057,EMP1053,85836,85836,20,"02","7",0,1,2,2,DELAY
13225,13225,30,EMP1057,EMP1053,79350,79350,20,"02","7",0,1,2,2,RISK
9982,9982,30,EMP1057,EMP1053,59892,59892,20,"02","7",0,1,2,2,RISK
13251,13251,30,EMP1057,EMP1053,79510,79510,20,"02","7",0,1,2,2,DELAY
13435,13435,30,EMP1057,EMP1053,80612,80612,20,"02","7",0,1,2,2,RISK
12420,12420,30,EMP1057,EMP1053,74520,74520,20,"02","7",0,1,2,2,RISK
9374,9374,30,EMP1057,EMP1053,56247,56247,20,"02","7",0,1,2,2,RISK
1227,1227,30,EMP1057,EMP1053,7362,7362,30,"02","7",0,1,0,2,DELAY
1244,1244,30,EMP1057,EMP1053,7464,7464,30,"02","7",0,1,0,2,NORMAL
1150,1150,30,EMP1057,EMP1053,6900,6900,30,"02","7",0,1,0,2,DELAY
868,868,30,EMP1057,EMP1053,5208,5208,30,"02","7",0,1,0,2,NORMAL
56112,56112,30,EMP1005,EMP1003,336675,336675,20,"02","2",0,1,2,2,DELAY
107362,107362,30,EMP1005,EMP1003,644175,644175,20,"02","2",0,1,2,2,DELAY
108850,108850,30,EMP1005,EMP1003,653100,653100,20,"02","2",0,1,2,2,DELAY
100625,100625,30,EMP1005,EMP1003,603750,603750,20,"02","2",0,1,2,2,RISK
75950,75950,30,EMP1005,EMP1003,455700,455700,20,"02","2",0,1,2,2,DELAY
14110,14110,30,EMP1005,EMP1003,84663,84663,20,"02","2",0,1,2,2,DELAY
14306,14306,30,EMP1005,EMP1003,85836,85836,20,"02","2",0,1,2,2,RISK
13225,13225,30,EMP1005,EMP1003,79350,79350,20,"02","2",0,1,2,2,DELAY
9982,9982,30,EMP1005,EMP1003,59892,59892,20,"02","2",0,1,2,2,DELAY
13251,13251,30,EMP1005,EMP1003,79510,79510,20,"02","2",0,1,2,2,DELAY
13435,13435,30,EMP1005,EMP1003,80612,80612,20,"02","2",0,1,2,2,DELAY
12420,12420,30,EMP1005,EMP1003,74520,74520,20,"02","2",0,1,2,2,DELAY
9374,9374,30,EMP1005,EMP1003,56247,56247,20,"02","2",0,1,2,2,RISK
1227,1227,30,EMP1005,EMP1003,7362,7362,30,"02","2",0,1,0,2,NORMAL
1244,1244,30,EMP1005,EMP1003,7464,7464,30,"02","2",0,1,0,2,NORMAL
1150,1150,30,EMP1005,EMP1003,6900,6900,30,"02","2",0,1,0,2,NORMAL
868,868,30,EMP1005,EMP1003,5208,5208,30,"02","2",0,1,0,2,NORMAL
56115,56115,30,EMP1007,EMP1007,336675,336675,20,"02","3",0,1,2,2,DELAY
107365,107365,30,EMP1007,EMP1007,644175,644175,20,"02","3",0,1,2,2,DELAY
108850,108850,30,EMP1007,EMP1007,653100,653100,20,"02","3",0,1,2,2,DELAY
100625,100625,30,EMP1007,EMP1007,603750,603750,20,"02","3",0,1,2,2,RISK
75950,75950,30,EMP1007,EMP1007,455700,455700,20,"02","3",0,1,2,2,DELAY
14113,14113,30,EMP1007,EMP1007,84663,84663,20,"02","3",0,1,2,2,RISK
14306,14306,30,EMP1007,EMP1007,85836,85836,20,"02","3",0,1,2,2,RISK
13225,13225,30,EMP1007,EMP1007,79350,79350,20,"02","3",0,1,2,2,DELAY
9982,9982,30,EMP1007,EMP1007,59892,59892,20,"02","3",0,1,2,2,DELAY
13255,13255,30,EMP1007,EMP1007,79510,79510,20,"02","3",0,1,2,2,DELAY
13437,13437,30,EMP1007,EMP1007,80612,80612,20,"02","3",0,1,2,2,DELAY
12420,12420,30,EMP1007,EMP1007,74520,74520,20,"02","3",0,1,2,2,RISK
9377,9377,30,EMP1007,EMP1007,56247,56247,20,"02","3",0,1,2,2,DELAY
1227,1227,30,EMP1007,EMP1007,7362,7362,30,"02","3",0,1,0,2,DELAY
1244,1244,30,EMP1007,EMP1007,7464,7464,30,"02","3",0,1,0,2,NORMAL
1150,1150,30,EMP1007,EMP1007,6900,6900,30,"02","3",0,1,0,2,NORMAL
868,868,30,EMP1007,EMP1007,5208,5208,30,"02","3",0,1,0,2,NORMAL
52100,52100,30,EMP1004,EMP1004,260500,260500,20,"02","4",0,1,2,2,RISK
91525,91525,30,EMP1004,EMP1004,457625,457625,20,"02","4",0,1,2,2,DELAY
76387,76387,30,EMP1004,EMP1004,381938,381938,20,"02","4",0,1,2,2,RISK
91000,91000,30,EMP1004,EMP1004,455000,455000,20,"02","4",0,1,2,2,RISK
105787,105787,30,EMP1004,EMP1004,528938,528938,20,"02","4",0,1,2,2,RISK
12029,12029,30,EMP1004,EMP1004,60145,60145,20,"02","4",0,1,2,2,DELAY
10039,10039,30,EMP1004,EMP1004,50198,50198,20,"02","4",0,1,2,2,DELAY
11960,11960,30,EMP1004,EMP1004,59800,59800,20,"02","4",0,1,2,2,DELAY
13903,13903,30,EMP1004,EMP1004,69518,69518,20,"02","4",0,1,2,2,DELAY
11296,11296,30,EMP1004,EMP1004,56484,56484,20,"02","4",0,1,2,2,RISK
9428,9428,30,EMP1004,EMP1004,47142,47142,20,"02","4",0,1,2,2,DELAY
11232,11232,30,EMP1004,EMP1004,56160,56160,20,"02","4",0,1,2,2,DELAY
13057,13057,30,EMP1004,EMP1004,65286,65286,20,"02","4",0,1,2,2,DELAY
1046,1046,30,EMP1004,EMP1004,5230,5230,30,"02","4",0,1,0,2,RISK
873,873,30,EMP1004,EMP1004,4365,4365,30,"02","4",0,1,0,2,DELAY
1040,1040,30,EMP1004,EMP1004,5200,5200,30,"02","4",0,1,0,2,DELAY
1209,1209,30,EMP1004,EMP1004,6045,6045,30,"02","4",0,1,0,2,NORMAL
52100,52100,30,EMP1055,EMP1047,260500,260500,20,"02","5",0,1,2,2,DELAY
91525,91525,30,EMP1055,EMP1047,457625,457625,20,"02","5",0,1,2,2,DELAY
76387,76387,30,EMP1055,EMP1047,381938,381938,20,"02","5",0,1,2,2,DELAY
91000,91000,30,EMP1055,EMP1047,455000,455000,20,"02","5",0,1,2,2,RISK
105787,105787,30,EMP1055,EMP1047,528938,528938,20,"02","5",0,1,2,2,DELAY
12029,12029,30,EMP1055,EMP1047,60145,60145,20,"02","5",0,1,2,2,DELAY
10039,10039,30,EMP1055,EMP1047,50198,50198,20,"02","5",0,1,2,2,DELAY
11960,11960,30,EMP1055,EMP1047,59800,59800,20,"02","5",0,1,2,2,RISK
13903,13903,30,EMP1055,EMP1047,69518,69518,20,"02","5",0,1,2,2,DELAY
11296,11296,30,EMP1055,EMP1047,56484,56484,20,"02","5",0,1,2,2,RISK
9428,9428,30,EMP1055,EMP1047,47142,47142,20,"02","5",0,1,2,2,RISK
11232,11232,30,EMP1055,EMP1047,56160,56160,20,"02","5",0,1,2,2,DELAY
13057,13057,30,EMP1055,EMP1047,65286,65286,20,"02","5",0,1,2,2,DELAY
1046,1046,30,EMP1055,EMP1047,5230,5230,30,"02","5",0,1,0,2,NORMAL
873,873,30,EMP1055,EMP1047,4365,4365,30,"02","5",0,1,0,2,NORMAL
1040,1040,30,EMP1055,EMP1047,5200,5200,30,"02","5",0,1,0,2,NORMAL
1209,1209,30,EMP1055,EMP1047,6045,6045,30,"02","5",0,1,0,2,NORMAL
52100,52100,30,EMP1006,EMP1047,260500,260500,20,"02","6",0,1,2,2,DELAY
91525,91525,30,EMP1006,EMP1047,457625,457625,20,"02","6",0,1,2,2,DELAY
76387,76387,30,EMP1006,EMP1047,381938,381938,20,"02","6",0,1,2,2,RISK
91000,91000,30,EMP1006,EMP1047,455000,455000,20,"02","6",0,1,2,2,RISK
105787,105787,30,EMP1006,EMP1047,528938,528938,20,"02","6",0,1,2,2,DELAY
12029,12029,30,EMP1006,EMP1047,60145,60145,20,"02","6",0,1,2,2,RISK
10039,10039,30,EMP1006,EMP1047,50198,50198,20,"02","6",0,1,2,2,DELAY
11960,11960,30,EMP1006,EMP1047,59800,59800,20,"02","6",0,1,2,2,DELAY
13903,13903,30,EMP1006,EMP1047,69518,69518,20,"02","6",0,1,2,2,DELAY
11296,11296,30,EMP1006,EMP1047,56484,56484,20,"02","6",0,1,2,2,RISK
9428,9428,30,EMP1006,EMP1047,47142,47142,20,"02","6",0,1,2,2,DELAY
11232,11232,30,EMP1006,EMP1047,56160,56160,20,"02","6",0,1,2,2,RISK
13057,13057,30,EMP1006,EMP1047,65286,65286,20,"02","6",0,1,2,2,RISK
1046,1046,30,EMP1006,EMP1047,5230,5230,30,"02","6",0,1,0,2,NORMAL
873,873,30,EMP1006,EMP1047,4365,4365,30,"02","6",0,1,0,2,NORMAL
1040,1040,30,EMP1006,EMP1047,5200,5200,30,"02","6",0,1,0,2,NORMAL
1209,1209,30,EMP1006,EMP1047,6045,6045,30,"02","6",0,1,0,2,NORMAL
52100,52100,30,EMP1002,EMP1041,260500,260500,20,"02","2",0,1,2,2,DELAY
91525,91525,30,EMP1002,EMP1041,457625,457625,20,"02","2",0,1,2,2,RISK
76387,76387,30,EMP1002,EMP1041,381938,381938,20,"02","2",0,1,2,2,RISK
91000,91000,30,EMP1002,EMP1041,455000,455000,20,"02","2",0,1,2,2,RISK
105787,105787,30,EMP1002,EMP1041,528938,528938,20,"02","2",0,1,2,2,RISK
12029,12029,30,EMP1002,EMP1041,60145,60145,20,"02","2",0,1,2,2,DELAY
10039,10039,30,EMP1002,EMP1041,50198,50198,20,"02","2",0,1,2,2,DELAY
11960,11960,30,EMP1002,EMP1041,59800,59800,20,"02","2",0,1,2,2,RISK
13903,13903,30,EMP1002,EMP1041,69518,69518,20,"02","2",0,1,2,2,DELAY
11296,11296,30,EMP1002,EMP1041,56484,56484,20,"02","2",0,1,2,2,DELAY
9428,9428,30,EMP1002,EMP1041,47142,47142,20,"02","2",0,1,2,2,DELAY
11232,11232,30,EMP1002,EMP1041,56160,56160,20,"02","2",0,1,2,2,DELAY
13057,13057,30,EMP1002,EMP1041,65286,65286,20,"02","2",0,1,2,2,DELAY
1046,1046,30,EMP1002,EMP1041,5230,5230,30,"02","2",0,1,0,2,NORMAL
873,873,30,EMP1002,EMP1041,4365,4365,30,"02","2",0,1,0,2,NORMAL
1040,1040,30,EMP1002,EMP1041,5200,5200,30,"02","2",0,1,0,2,NORMAL
1209,1209,30,EMP1002,EMP1041,6045,6045,30,"02","2",0,1,0,2,DELAY
52100,52100,30,EMP1056,EMP1043,260500,260500,20,"02","3",0,1,2,2,DELAY
91525,91525,30,EMP1056,EMP1043,457625,457625,20,"02","3",0,1,2,2,DELAY
76390,76390,30,EMP1056,EMP1043,381938,381938,20,"02","3",0,1,2,2,RISK
91000,91000,30,EMP1056,EMP1043,455000,455000,20,"02","3",0,1,2,2,DELAY
105790,105790,30,EMP1056,EMP1043,528938,528938,20,"02","3",0,1,2,2,DELAY
12029,12029,30,EMP1056,EMP1043,60145,60145,20,"02","3",0,1,2,2,DELAY
10042,10042,30,EMP1056,EMP1043,50198,50198,20,"02","3",0,1,2,2,DELAY
11960,11960,30,EMP1056,EMP1043,59800,59800,20,"02","3",0,1,2,2,DELAY
13906,13906,30,EMP1056,EMP1043,69518,69518,20,"02","3",0,1,2,2,RISK
11300,11300,30,EMP1056,EMP1043,56484,56484,20,"02","3",0,1,2,2,DELAY
9430,9430,30,EMP1056,EMP1043,47142,47142,20,"02","3",0,1,2,2,DELAY
11232,11232,30,EMP1056,EMP1043,56160,56160,20,"02","3",0,1,2,2,DELAY
13058,13058,30,EMP1056,EMP1043,65286,65286,20,"02","3",0,1,2,2,DELAY
1046,1046,30,EMP1056,EMP1043,5230,5230,30,"02","3",0,1,0,2,RISK
873,873,30,EMP1056,EMP1043,4365,4365,30,"02","3",0,1,0,2,NORMAL
1040,1040,30,EMP1056,EMP1043,5200,5200,30,"02","3",0,1,0,2,NORMAL
1209,1209,30,EMP1056,EMP1043,6045,6045,30,"02","3",0,1,0,2,DELAY
55162,55162,30,EMP1005,EMP1003,330975,330975,20,"02","4",0,1,2,2,DELAY
95637,95637,30,EMP1005,EMP1003,573825,573825,20,"02","4",0,1,2,2,DELAY
87850,87850,30,EMP1005,EMP1003,527100,527100,20,"02","4",0,1,2,2,DELAY
94150,94150,30,EMP1005,EMP1003,564900,564900,20,"02","4",0,1,2,2,DELAY
108500,108500,30,EMP1005,EMP1003,651000,651000,20,"02","4",0,1,2,2,DELAY
12569,12569,30,EMP1005,EMP1003,75417,75417,20,"02","4",0,1,2,2,DELAY
11546,11546,30,EMP1005,EMP1003,69276,69276,20,"02","4",0,1,2,2,DELAY
12374,12374,30,EMP1005,EMP1003,74244,74244,20,"02","4",0,1,2,2,DELAY
14260,14260,30,EMP1005,EMP1003,85560,85560,20,"02","4",0,1,2,2,DELAY
11804,11804,30,EMP1005,EMP1003,70827,70827,20,"02","4",0,1,2,2,RISK
10843,10843,30,EMP1005,EMP1003,65060,65060,20,"02","4",0,1,2,2,DELAY
11620,11620,30,EMP1005,EMP1003,69725,69725,20,"02","4",0,1,2,2,DELAY
13392,13392,30,EMP1005,EMP1003,80352,80352,20,"02","4",0,1,2,2,DELAY
1093,1093,30,EMP1005,EMP1003,6558,6558,30,"02","4",0,1,0,2,NORMAL
1004,1004,30,EMP1005,EMP1003,6024,6024,30,"02","4",0,1,0,2,RISK
1076,1076,30,EMP1005,EMP1003,6456,6456,30,"02","4",0,1,0,2,NORMAL
1240,1240,30,EMP1005,EMP1003,7440,7440,30,"02","4",0,1,0,2,DELAY
55162,55162,30,EMP1041,EMP1056,330975,330975,20,"02","5",0,1,2,2,RISK
95637,95637,30,EMP1041,EMP1056,573825,573825,20,"02","5",0,1,2,2,DELAY
87850,87850,30,EMP1041,EMP1056,527100,527100,20,"02","5",0,1,2,2,DELAY
94150,94150,30,EMP1041,EMP1056,564900,564900,20,"02","5",0,1,2,2,RISK
108500,108500,30,EMP1041,EMP1056,651000,651000,20,"02","5",0,1,2,2,DELAY
12569,12569,30,EMP1041,EMP1056,75417,75417,20,"02","5",0,1,2,2,DELAY
11546,11546,30,EMP1041,EMP1056,69276,69276,20,"02","5",0,1,2,2,RISK
12374,12374,30,EMP1041,EMP1056,74244,74244,20,"02","5",0,1,2,2,DELAY
14260,14260,30,EMP1041,EMP1056,85560,85560,20,"02","5",0,1,2,2,DELAY
11804,11804,30,EMP1041,EMP1056,70827,70827,20,"02","5",0,1,2,2,DELAY
10843,10843,30,EMP1041,EMP1056,65060,65060,20,"02","5",0,1,2,2,DELAY
11620,11620,30,EMP1041,EMP1056,69725,69725,20,"02","5",0,1,2,2,DELAY
13392,13392,30,EMP1041,EMP1056,80352,80352,20,"02","5",0,1,2,2,DELAY
1093,1093,30,EMP1041,EMP1056,6558,6558,30,"02","5",0,1,0,2,DELAY
1004,1004,30,EMP1041,EMP1056,6024,6024,30,"02","5",0,1,0,2,NORMAL
1076,1076,30,EMP1041,EMP1056,6456,6456,30,"02","5",0,1,0,2,DELAY
1240,1240,30,EMP1041,EMP1056,7440,7440,30,"02","5",0,1,0,2,NORMAL
55162,55162,30,EMP1005,EMP1052,330975,330975,20,"02","6",0,1,2,2,DELAY
95637,95637,30,EMP1005,EMP1052,573825,573825,20,"02","6",0,1,2,2,DELAY
87850,87850,30,EMP1005,EMP1052,527100,527100,20,"02","6",0,1,2,2,RISK
94150,94150,30,EMP1005,EMP1052,564900,564900,20,"02","6",0,1,2,2,DELAY
108500,108500,30,EMP1005,EMP1052,651000,651000,20,"02","6",0,1,2,2,DELAY
12569,12569,30,EMP1005,EMP1052,75417,75417,20,"02","6",0,1,2,2,DELAY
11546,11546,30,EMP1005,EMP1052,69276,69276,20,"02","6",0,1,2,2,DELAY
12374,12374,30,EMP1005,EMP1052,74244,74244,20,"02","6",0,1,2,2,RISK
14260,14260,30,EMP1005,EMP1052,85560,85560,20,"02","6",0,1,2,2,RISK
11804,11804,30,EMP1005,EMP1052,70827,70827,20,"02","6",0,1,2,2,DELAY
10843,10843,30,EMP1005,EMP1052,65060,65060,20,"02","6",0,1,2,2,RISK
11620,11620,30,EMP1005,EMP1052,69725,69725,20,"02","6",0,1,2,2,DELAY
13392,13392,30,EMP1005,EMP1052,80352,80352,20,"02","6",0,1,2,2,RISK
1093,1093,30,EMP1005,EMP1052,6558,6558,30,"02","6",0,1,0,2,DELAY
1004,1004,30,EMP1005,EMP1052,6024,6024,30,"02","6",0,1,0,2,DELAY
1076,1076,30,EMP1005,EMP1052,6456,6456,30,"02","6",0,1,0,2,NORMAL
1240,1240,30,EMP1005,EMP1052,7440,7440,30,"02","6",0,1,0,2,NORMAL
55162,55162,30,EMP1059,EMP1050,330975,330975,20,"03","7",0,0,2,0,NORMAL
95637,95637,30,EMP1059,EMP1050,573825,573825,20,"03","7",0,0,2,0,NORMAL
87850,87850,30,EMP1059,EMP1050,527100,527100,20,"03","7",0,0,2,0,NORMAL
94150,94150,30,EMP1059,EMP1050,564900,564900,20,"03","7",0,0,2,0,NORMAL
108500,108500,30,EMP1059,EMP1050,651000,651000,20,"03","7",0,0,2,0,NORMAL
12569,12569,30,EMP1059,EMP1050,75417,75417,20,"03","7",0,0,2,0,NORMAL
11546,11546,30,EMP1059,EMP1050,69276,69276,20,"03","7",0,0,2,0,NORMAL
12374,12374,30,EMP1059,EMP1050,74244,74244,20,"03","7",0,0,2,0,NORMAL
14260,14260,30,EMP1059,EMP1050,85560,85560,20,"03","7",0,0,2,0,NORMAL
11804,11804,30,EMP1059,EMP1050,70827,70827,20,"03","7",0,0,2,0,NORMAL
10843,10843,30,EMP1059,EMP1050,65060,65060,20,"03","7",0,0,2,0,NORMAL
11620,11620,30,EMP1059,EMP1050,69725,69725,20,"03","7",0,0,2,0,DELAY
13392,13392,30,EMP1059,EMP1050,80352,80352,20,"03","7",0,0,2,0,NORMAL
1093,1093,30,EMP1059,EMP1050,6558,6558,30,"03","7",0,0,0,0,NORMAL
1004,1004,30,EMP1059,EMP1050,6024,6024,30,"03","7",0,0,0,0,NORMAL
1076,1076,30,EMP1059,EMP1050,6456,6456,30,"03","7",0,0,0,0,NORMAL
1240,1240,30,EMP1059,EMP1050,7440,7440,30,"03","7",0,0,0,0,NORMAL
55162,55162,30,EMP1050,EMP1046,330975,330975,20,"03","2",0,0,2,0,NORMAL
95637,95637,30,EMP1050,EMP1046,573825,573825,20,"03","2",0,0,2,0,NORMAL
87850,87850,30,EMP1050,EMP1046,527100,527100,20,"03","2",0,0,2,0,NORMAL
94150,94150,30,EMP1050,EMP1046,564900,564900,20,"03","2",0,0,2,0,NORMAL
108500,108500,30,EMP1050,EMP1046,651000,651000,20,"03","2",0,0,2,0,NORMAL
12569,12569,30,EMP1050,EMP1046,75417,75417,20,"03","2",0,0,2,0,NORMAL
11546,11546,30,EMP1050,EMP1046,69276,69276,20,"03","2",0,0,2,0,NORMAL
12374,12374,30,EMP1050,EMP1046,74244,74244,20,"03","2",0,0,2,0,NORMAL
14260,14260,30,EMP1050,EMP1046,85560,85560,20,"03","2",0,0,2,0,NORMAL
11804,11804,30,EMP1050,EMP1046,70827,70827,20,"03","2",0,0,2,0,NORMAL
10843,10843,30,EMP1050,EMP1046,65060,65060,20,"03","2",0,0,2,0,NORMAL
11620,11620,30,EMP1050,EMP1046,69725,69725,20,"03","2",0,0,2,0,NORMAL
13392,13392,30,EMP1050,EMP1046,80352,80352,20,"03","2",0,0,2,0,NORMAL
1093,1093,30,EMP1050,EMP1046,6558,6558,30,"03","2",0,0,0,0,NORMAL
1004,1004,30,EMP1050,EMP1046,6024,6024,30,"03","2",0,0,0,0,NORMAL
1076,1076,30,EMP1050,EMP1046,6456,6456,30,"03","2",0,0,0,0,NORMAL
1240,1240,30,EMP1050,EMP1046,7440,7440,30,"03","2",0,0,0,0,NORMAL
55165,55165,30,EMP1052,EMP1050,330975,330975,20,"03","3",0,0,2,0,NORMAL
95640,95640,30,EMP1052,EMP1050,573825,573825,20,"03","3",0,0,2,0,NORMAL
87850,87850,30,EMP1052,EMP1050,527100,527100,20,"03","3",0,0,2,0,NORMAL
94150,94150,30,EMP1052,EMP1050,564900,564900,20,"03","3",0,0,2,0,NORMAL
108500,108500,30,EMP1052,EMP1050,651000,651000,20,"03","3",0,0,2,0,NORMAL
12572,12572,30,EMP1052,EMP1050,75417,75417,20,"03","3",0,0,2,0,NORMAL
11546,11546,30,EMP1052,EMP1050,69276,69276,20,"03","3",0,0,2,0,NORMAL
12374,12374,30,EMP1052,EMP1050,74244,74244,20,"03","3",0,0,2,0,NORMAL
14260,14260,30,EMP1052,EMP1050,85560,85560,20,"03","3",0,0,2,0,NORMAL
11807,11807,30,EMP1052,EMP1050,70827,70827,20,"03","3",0,0,2,0,NORMAL
10845,10845,30,EMP1052,EMP1050,65060,65060,20,"03","3",0,0,2,0,NORMAL
11625,11625,30,EMP1052,EMP1050,69725,69725,20,"03","3",0,0,2,0,NORMAL
13392,13392,30,EMP1052,EMP1050,80352,80352,20,"03","3",0,0,2,0,NORMAL
1093,1093,30,EMP1052,EMP1050,6558,6558,30,"03","3",0,0,0,0,NORMAL
1004,1004,30,EMP1052,EMP1050,6024,6024,30,"03","3",0,0,0,0,NORMAL
1076,1076,30,EMP1052,EMP1050,6456,6456,30,"03","3",0,0,0,0,NORMAL
1240,1240,30,EMP1052,EMP1050,7440,7440,30,"03","3",0,0,0,0,NORMAL
51550,51550,30,EMP1044,EMP1044,257750,257750,20,"03","4",0,0,2,0,NORMAL
67550,67550,30,EMP1044,EMP1044,337750,337750,20,"03","4",0,0,2,0,NORMAL
109900,109900,30,EMP1044,EMP1044,549500,549500,20,"03","4",0,0,2,0,NORMAL
76912,76912,30,EMP1044,EMP1044,384563,384563,20,"03","4",0,0,2,0,NORMAL
106487,106487,30,EMP1044,EMP1044,532438,532438,20,"03","4",0,0,2,0,NORMAL
8878,8878,30,EMP1044,EMP1044,44390,44390,20,"03","4",0,0,2,0,NORMAL
14444,14444,30,EMP1044,EMP1044,72220,72220,20,"03","4",0,0,2,0,NORMAL
10108,10108,30,EMP1044,EMP1044,50543,50543,20,"03","4",0,0,2,0,NORMAL
13995,13995,30,EMP1044,EMP1044,69978,69978,20,"03","4",0,0,2,0,NORMAL
8337,8337,30,EMP1044,EMP1044,41688,41688,20,"03","4",0,0,2,0,NORMAL
13564,13564,30,EMP1044,EMP1044,67824,67824,20,"03","4",0,0,2,0,NORMAL
9493,9493,30,EMP1044,EMP1044,47466,47466,20,"03","4",0,0,2,0,NORMAL
13143,13143,30,EMP1044,EMP1044,65718,65718,20,"03","4",0,0,2,0,NORMAL
772,772,30,EMP1044,EMP1044,3860,3860,30,"03","4",0,0,0,0,NORMAL
1256,1256,30,EMP1044,EMP1044,6280,6280,30,"03","4",0,0,0,0,NORMAL
879,879,30,EMP1044,EMP1044,4395,4395,30,"03","4",0,0,0,0,NORMAL
1217,1217,30,EMP1044,EMP1044,6085,6085,30,"03","4",0,0,0,0,NORMAL
51550,51550,30,EMP1049,EMP1057,257750,257750,20,"03","5",0,0,2,0,NORMAL
67550,67550,30,EMP1049,EMP1057,337750,337750,20,"03","5",0,0,2,0,NORMAL
109900,109900,30,EMP1049,EMP1057,549500,549500,20,"03","5",0,0,2,0,NORMAL
76912,76912,30,EMP1049,EMP1057,384563,384563,20,"03","5",0,0,2,0,NORMAL
106487,106487,30,EMP1049,EMP1057,532438,532438,20,"03","5",0,0,2,0,NORMAL
8878,8878,30,EMP1049,EMP1057,44390,44390,20,"03","5",0,0,2,0,NORMAL
14444,14444,30,EMP1049,EMP1057,72220,72220,20,"03","5",0,0,2,0,NORMAL
10108,10108,30,EMP1049,EMP1057,50543,50543,20,"03","5",0,0,2,0,NORMAL
13995,13995,30,EMP1049,EMP1057,69978,69978,20,"03","5",0,0,2,0,NORMAL
8337,8337,30,EMP1049,EMP1057,41688,41688,20,"03","5",0,0,2,0,NORMAL
13564,13564,30,EMP1049,EMP1057,67824,67824,20,"03","5",0,0,2,0,NORMAL
9493,9493,30,EMP1049,EMP1057,47466,47466,20,"03","5",0,0,2,0,NORMAL
13143,13143,30,EMP1049,EMP1057,65718,65718,20,"03","5",0,0,2,0,NORMAL
772,772,30,EMP1049,EMP1057,3860,3860,30,"03","5",0,0,0,0,NORMAL
1256,1256,30,EMP1049,EMP1057,6280,6280,30,"03","5",0,0,0,0,NORMAL
879,879,30,EMP1049,EMP1057,4395,4395,30,"03","5",0,0,0,0,NORMAL
1217,1217,30,EMP1049,EMP1057,6085,6085,30,"03","5",0,0,0,0,NORMAL
51550,51550,30,EMP1007,EMP1021,257750,257750,20,"03","6",0,0,2,0,NORMAL
67550,67550,30,EMP1007,EMP1021,337750,337750,20,"03","6",0,0,2,0,NORMAL
109900,109900,30,EMP1007,EMP1021,549500,549500,20,"03","6",0,0,2,0,NORMAL
76912,76912,30,EMP1007,EMP1021,384563,384563,20,"03","6",0,0,2,0,NORMAL
106487,106487,30,EMP1007,EMP1021,532438,532438,20,"03","6",0,0,2,0,NORMAL
8878,8878,30,EMP1007,EMP1021,44390,44390,20,"03","6",0,0,2,0,NORMAL
14444,14444,30,EMP1007,EMP1021,72220,72220,20,"03","6",0,0,2,0,NORMAL
10108,10108,30,EMP1007,EMP1021,50543,50543,20,"03","6",0,0,2,0,NORMAL
13995,13995,30,EMP1007,EMP1021,69978,69978,20,"03","6",0,0,2,0,NORMAL
8337,8337,30,EMP1007,EMP1021,41688,41688,20,"03","6",0,0,2,0,NORMAL
13564,13564,30,EMP1007,EMP1021,67824,67824,20,"03","6",0,0,2,0,NORMAL
9493,9493,30,EMP1007,EMP1021,47466,47466,20,"03","6",0,0,2,0,NORMAL
13143,13143,30,EMP1007,EMP1021,65718,65718,20,"03","6",0,0,2,0,NORMAL
772,772,30,EMP1007,EMP1021,3860,3860,30,"03","6",0,0,0,0,NORMAL
1256,1256,30,EMP1007,EMP1021,6280,6280,30,"03","6",0,0,0,0,NORMAL
879,879,30,EMP1007,EMP1021,4395,4395,30,"03","6",0,0,0,0,NORMAL
1217,1217,30,EMP1007,EMP1021,6085,6085,30,"03","6",0,0,0,0,NORMAL
51550,51550,30,EMP1047,EMP1057,257750,257750,20,"03","2",0,0,2,0,NORMAL
67550,67550,30,EMP1047,EMP1057,337750,337750,20,"03","2",0,0,2,0,NORMAL
109900,109900,30,EMP1047,EMP1057,549500,549500,20,"03","2",0,0,2,0,NORMAL
76912,76912,30,EMP1047,EMP1057,384563,384563,20,"03","2",0,0,2,0,NORMAL
106487,106487,30,EMP1047,EMP1057,532438,532438,20,"03","2",0,0,2,0,NORMAL
8878,8878,30,EMP1047,EMP1057,44390,44390,20,"03","2",0,0,2,0,NORMAL
14444,14444,30,EMP1047,EMP1057,72220,72220,20,"03","2",0,0,2,0,NORMAL
10108,10108,30,EMP1047,EMP1057,50543,50543,20,"03","2",0,0,2,0,NORMAL
13995,13995,30,EMP1047,EMP1057,69978,69978,20,"03","2",0,0,2,0,NORMAL
8337,8337,30,EMP1047,EMP1057,41688,41688,20,"03","2",0,0,2,0,NORMAL
13564,13564,30,EMP1047,EMP1057,67824,67824,20,"03","2",0,0,2,0,NORMAL
9493,9493,30,EMP1047,EMP1057,47466,47466,20,"03","2",0,0,2,0,NORMAL
13143,13143,30,EMP1047,EMP1057,65718,65718,20,"03","2",0,0,2,0,DELAY
772,772,30,EMP1047,EMP1057,3860,3860,30,"03","2",0,0,0,0,NORMAL
1256,1256,30,EMP1047,EMP1057,6280,6280,30,"03","2",0,0,0,0,NORMAL
879,879,30,EMP1047,EMP1057,4395,4395,30,"03","2",0,0,0,0,NORMAL
1217,1217,30,EMP1047,EMP1057,6085,6085,30,"03","2",0,0,0,0,NORMAL
51550,51550,30,EMP1002,EMP1046,257750,257750,20,"03","3",0,0,2,0,NORMAL
67550,67550,30,EMP1002,EMP1046,337750,337750,20,"03","3",0,0,2,0,NORMAL
109900,109900,30,EMP1002,EMP1046,549500,549500,20,"03","3",0,0,2,0,NORMAL
76915,76915,30,EMP1002,EMP1046,384563,384563,20,"03","3",0,0,2,0,NORMAL
106490,106490,30,EMP1002,EMP1046,532438,532438,20,"03","3",0,0,2,0,NORMAL
8878,8878,30,EMP1002,EMP1046,44390,44390,20,"03","3",0,0,2,0,NORMAL
14444,14444,30,EMP1002,EMP1046,72220,72220,20,"03","3",0,0,2,0,DELAY
10111,10111,30,EMP1002,EMP1046,50543,50543,20,"03","3",0,0,2,0,NORMAL
13998,13998,30,EMP1002,EMP1046,69978,69978,20,"03","3",0,0,2,0,NORMAL
8340,8340,30,EMP1002,EMP1046,41688,41688,20,"03","3",0,0,2,0,NORMAL
13568,13568,30,EMP1002,EMP1046,67824,67824,20,"03","3",0,0,2,0,NORMAL
9494,9494,30,EMP1002,EMP1046,47466,47466,20,"03","3",0,0,2,0,NORMAL
13146,13146,30,EMP1002,EMP1046,65718,65718,20,"03","3",0,0,2,0,NORMAL
772,772,30,EMP1002,EMP1046,3860,3860,30,"03","3",0,0,0,0,NORMAL
1256,1256,30,EMP1002,EMP1046,6280,6280,30,"03","3",0,0,0,0,NORMAL
879,879,30,EMP1002,EMP1046,4395,4395,30,"03","3",0,0,0,0,NORMAL
1217,1217,30,EMP1002,EMP1046,6085,6085,30,"03","3",0,0,0,0,NORMAL
47487,47487,30,EMP1043,EMP1005,284925,284925,20,"03","4",0,0,2,0,NORMAL
100625,100625,30,EMP1043,EMP1005,603750,603750,20,"03","4",0,0,2,0,NORMAL
66587,66587,30,EMP1043,EMP1005,399525,399525,20,"03","4",0,0,2,0,NORMAL
64225,64225,30,EMP1043,EMP1005,385350,385350,20,"03","4",0,0,2,0,NORMAL
100975,100975,30,EMP1043,EMP1005,605850,605850,20,"03","4",0,0,2,0,NORMAL
13225,13225,30,EMP1043,EMP1005,79350,79350,20,"03","4",0,0,2,0,NORMAL
8751,8751,30,EMP1043,EMP1005,52509,52509,20,"03","4",0,0,2,0,NORMAL
8441,8441,30,EMP1043,EMP1005,50646,50646,20,"03","4",0,0,2,0,NORMAL
13271,13271,30,EMP1043,EMP1005,79626,79626,20,"03","4",0,0,2,0,NORMAL
12420,12420,30,EMP1043,EMP1005,74520,74520,20,"03","4",0,0,2,0,NORMAL
8218,8218,30,EMP1043,EMP1005,49313,49313,20,"03","4",0,0,2,0,NORMAL
7927,7927,30,EMP1043,EMP1005,47564,47564,20,"03","4",0,0,2,0,NORMAL
12463,12463,30,EMP1043,EMP1005,74780,74780,20,"03","4",0,0,2,0,NORMAL
1150,1150,30,EMP1043,EMP1005,6900,6900,30,"03","4",0,0,0,0,NORMAL
761,761,30,EMP1043,EMP1005,4566,4566,30,"03","4",0,0,0,0,NORMAL
734,734,30,EMP1043,EMP1005,4404,4404,30,"03","4",0,0,0,0,NORMAL
1154,1154,30,EMP1043,EMP1005,6924,6924,30,"03","4",0,0,0,0,NORMAL
47487,47487,30,EMP1044,EMP1054,284925,284925,20,"03","5",0,0,2,0,NORMAL
100625,100625,30,EMP1044,EMP1054,603750,603750,20,"03","5",0,0,2,0,NORMAL
66587,66587,30,EMP1044,EMP1054,399525,399525,20,"03","5",0,0,2,0,NORMAL
64225,64225,30,EMP1044,EMP1054,385350,385350,20,"03","5",0,0,2,0,NORMAL
100975,100975,30,EMP1044,EMP1054,605850,605850,20,"03","5",0,0,2,0,NORMAL
13225,13225,30,EMP1044,EMP1054,79350,79350,20,"03","5",0,0,2,0,NORMAL
8751,8751,30,EMP1044,EMP1054,52509,52509,20,"03","5",0,0,2,0,NORMAL
8441,8441,30,EMP1044,EMP1054,50646,50646,20,"03","5",0,0,2,0,NORMAL
13271,13271,30,EMP1044,EMP1054,79626,79626,20,"03","5",0,0,2,0,NORMAL
12420,12420,30,EMP1044,EMP1054,74520,74520,20,"03","5",0,0,2,0,NORMAL
7927,7927,30,EMP1044,EMP1054,47564,47564,20,"03","5",0,0,2,0,DELAY
12463,12463,30,EMP1044,EMP1054,74780,74780,20,"03","5",0,0,2,0,NORMAL
1150,1150,30,EMP1044,EMP1054,6900,6900,30,"03","5",0,0,0,0,NORMAL
761,761,30,EMP1044,EMP1054,4566,4566,30,"03","5",0,0,0,0,NORMAL
734,734,30,EMP1044,EMP1054,4404,4404,30,"03","5",0,0,0,0,NORMAL
1154,1154,30,EMP1044,EMP1054,6924,6924,30,"03","5",0,0,0,0,NORMAL
47487,47487,30,EMP1003,EMP1003,284925,284925,20,"03","6",0,0,2,0,NORMAL
100625,100625,30,EMP1003,EMP1003,603750,603750,20,"03","6",0,0,2,0,NORMAL
66587,66587,30,EMP1003,EMP1003,399525,399525,20,"03","6",0,0,2,0,DELAY
64225,64225,30,EMP1003,EMP1003,385350,385350,20,"03","6",0,0,2,0,NORMAL
100975,100975,30,EMP1003,EMP1003,605850,605850,20,"03","6",0,0,2,0,NORMAL
13225,13225,30,EMP1003,EMP1003,79350,79350,20,"03","6",0,0,2,0,NORMAL
8751,8751,30,EMP1003,EMP1003,52509,52509,20,"03","6",0,0,2,0,NORMAL
8441,8441,30,EMP1003,EMP1003,50646,50646,20,"03","6",0,0,2,0,NORMAL
13271,13271,30,EMP1003,EMP1003,79626,79626,20,"03","6",0,0,2,0,NORMAL
12420,12420,30,EMP1003,EMP1003,74520,74520,20,"03","6",0,0,2,0,NORMAL
8218,8218,30,EMP1003,EMP1003,49313,49313,20,"03","6",0,0,2,0,NORMAL
7927,7927,30,EMP1003,EMP1003,47564,47564,20,"03","6",0,0,2,0,NORMAL
12463,12463,30,EMP1003,EMP1003,74780,74780,20,"03","6",0,0,2,0,NORMAL
1150,1150,30,EMP1003,EMP1003,6900,6900,30,"03","6",0,0,0,0,NORMAL
761,761,30,EMP1003,EMP1003,4566,4566,30,"03","6",0,0,0,0,NORMAL
734,734,30,EMP1003,EMP1003,4404,4404,30,"03","6",0,0,0,0,NORMAL
1154,1154,30,EMP1003,EMP1003,6924,6924,30,"03","6",0,0,0,0,NORMAL
47487,47487,30,EMP1045,EMP1048,284925,284925,20,"03","7",0,0,2,0,NORMAL
100625,100625,30,EMP1045,EMP1048,603750,603750,20,"03","7",0,0,2,0,NORMAL
66587,66587,30,EMP1045,EMP1048,399525,399525,20,"03","7",0,0,2,0,NORMAL
64225,64225,30,EMP1045,EMP1048,385350,385350,20,"03","7",0,0,2,0,NORMAL
100975,100975,30,EMP1045,EMP1048,605850,605850,20,"03","7",0,0,2,0,NORMAL
13225,13225,30,EMP1045,EMP1048,79350,79350,20,"03","7",0,0,2,0,NORMAL
8218,8218,30,EMP1044,EMP1054,49313,49313,20,"03","5",0,0,2,0,NORMAL
8751,8751,30,EMP1045,EMP1048,52509,52509,20,"03","7",0,0,2,0,DELAY
8441,8441,30,EMP1045,EMP1048,50646,50646,20,"03","7",0,0,2,0,NORMAL
13271,13271,30,EMP1045,EMP1048,79626,79626,20,"03","7",0,0,2,0,NORMAL
12420,12420,30,EMP1045,EMP1048,74520,74520,20,"03","7",0,0,2,0,NORMAL
8218,8218,30,EMP1045,EMP1048,49313,49313,20,"03","7",0,0,2,0,NORMAL
7927,7927,30,EMP1045,EMP1048,47564,47564,20,"03","7",0,0,2,0,NORMAL
12463,12463,30,EMP1045,EMP1048,74780,74780,20,"03","7",0,0,2,0,NORMAL
1150,1150,30,EMP1045,EMP1048,6900,6900,30,"03","7",0,0,0,0,NORMAL
761,761,30,EMP1045,EMP1048,4566,4566,30,"03","7",0,0,0,0,NORMAL
734,734,30,EMP1045,EMP1048,4404,4404,30,"03","7",0,0,0,0,NORMAL
1154,1154,30,EMP1045,EMP1048,6924,6924,30,"03","7",0,0,0,0,NORMAL
47487,47487,30,EMP1006,EMP1043,284925,284925,20,"03","2",0,0,2,0,NORMAL
100625,100625,30,EMP1006,EMP1043,603750,603750,20,"03","2",0,0,2,0,NORMAL
66587,66587,30,EMP1006,EMP1043,399525,399525,20,"03","2",0,0,2,0,NORMAL
64225,64225,30,EMP1006,EMP1043,385350,385350,20,"03","2",0,0,2,0,NORMAL
100975,100975,30,EMP1006,EMP1043,605850,605850,20,"03","2",0,0,2,0,NORMAL
13225,13225,30,EMP1006,EMP1043,79350,79350,20,"03","2",0,0,2,0,NORMAL
8751,8751,30,EMP1006,EMP1043,52509,52509,20,"03","2",0,0,2,0,NORMAL
8441,8441,30,EMP1006,EMP1043,50646,50646,20,"03","2",0,0,2,0,NORMAL
13271,13271,30,EMP1006,EMP1043,79626,79626,20,"03","2",0,0,2,0,NORMAL
12420,12420,30,EMP1006,EMP1043,74520,74520,20,"03","2",0,0,2,0,NORMAL
8218,8218,30,EMP1006,EMP1043,49313,49313,20,"03","2",0,0,2,0,NORMAL
7927,7927,30,EMP1006,EMP1043,47564,47564,20,"03","2",0,0,2,0,NORMAL
12463,12463,30,EMP1006,EMP1043,74780,74780,20,"03","2",0,0,2,0,NORMAL
1150,1150,30,EMP1006,EMP1043,6900,6900,30,"03","2",0,0,0,0,NORMAL
761,761,30,EMP1006,EMP1043,4566,4566,30,"03","2",0,0,0,0,NORMAL
734,734,30,EMP1006,EMP1043,4404,4404,30,"03","2",0,0,0,0,NORMAL
1154,1154,30,EMP1006,EMP1043,6924,6924,30,"03","2",0,0,0,0,NORMAL
47490,47490,30,EMP1041,EMP1044,284925,284925,20,"03","3",0,0,2,0,NORMAL
100625,100625,30,EMP1041,EMP1044,603750,603750,20,"03","3",0,0,2,0,NORMAL
66590,66590,30,EMP1041,EMP1044,399525,399525,20,"03","3",0,0,2,0,NORMAL
64225,64225,30,EMP1041,EMP1044,385350,385350,20,"03","3",0,0,2,0,NORMAL
100975,100975,30,EMP1041,EMP1044,605850,605850,20,"03","3",0,0,2,0,NORMAL
13225,13225,30,EMP1041,EMP1044,79350,79350,20,"03","3",0,0,2,0,NORMAL
8754,8754,30,EMP1041,EMP1044,52509,52509,20,"03","3",0,0,2,0,NORMAL
8441,8441,30,EMP1041,EMP1044,50646,50646,20,"03","3",0,0,2,0,NORMAL
13271,13271,30,EMP1041,EMP1044,79626,79626,20,"03","3",0,0,2,0,NORMAL
12420,12420,30,EMP1041,EMP1044,74520,74520,20,"03","3",0,0,2,0,NORMAL
8223,8223,30,EMP1041,EMP1044,49313,49313,20,"03","3",0,0,2,0,NORMAL
7929,7929,30,EMP1041,EMP1044,47564,47564,20,"03","3",0,0,2,0,NORMAL
12465,12465,30,EMP1041,EMP1044,74780,74780,20,"03","3",0,0,2,0,NORMAL
1150,1150,30,EMP1041,EMP1044,6900,6900,30,"03","3",0,0,0,0,NORMAL
761,761,30,EMP1041,EMP1044,4566,4566,30,"03","3",0,0,0,0,NORMAL
734,734,30,EMP1041,EMP1044,4404,4404,30,"03","3",0,0,0,0,NORMAL
1154,1154,30,EMP1041,EMP1044,6924,6924,30,"03","3",0,0,0,0,NORMAL
46900,46900,30,EMP1042,EMP1043,234500,234500,20,"03","4",0,0,2,0,NORMAL
81812,81812,30,EMP1042,EMP1043,409063,409063,20,"03","4",0,0,2,0,NORMAL
93800,93800,30,EMP1042,EMP1043,469000,469000,20,"03","4",0,0,2,0,NORMAL
72537,72537,30,EMP1042,EMP1043,362688,362688,20,"03","4",0,0,2,0,NORMAL
80150,80150,30,EMP1042,EMP1043,400750,400750,20,"03","4",0,0,2,0,NORMAL
10752,10752,30,EMP1042,EMP1043,53763,53763,20,"03","4",0,0,2,0,NORMAL
12328,12328,30,EMP1042,EMP1043,61640,61640,20,"03","4",0,0,2,0,NORMAL
9533,9533,30,EMP1042,EMP1043,47668,47668,20,"03","4",0,0,2,0,NORMAL
10534,10534,30,EMP1042,EMP1043,52670,52670,20,"03","4",0,0,2,0,NORMAL
10098,10098,30,EMP1042,EMP1043,50490,50490,20,"03","4",0,0,2,0,NORMAL
11577,11577,30,EMP1042,EMP1043,57888,57888,20,"03","4",0,0,2,0,NORMAL
8953,8953,30,EMP1042,EMP1043,44766,44766,20,"03","4",0,0,2,0,NORMAL
9892,9892,30,EMP1042,EMP1043,49464,49464,20,"03","4",0,0,2,0,NORMAL
935,935,30,EMP1042,EMP1043,4675,4675,30,"03","4",0,0,0,0,NORMAL
1072,1072,30,EMP1042,EMP1043,5360,5360,30,"03","4",0,0,0,0,NORMAL
829,829,30,EMP1042,EMP1043,4145,4145,30,"03","4",0,0,0,0,NORMAL
916,916,30,EMP1042,EMP1043,4580,4580,30,"03","4",0,0,0,0,NORMAL
46900,46900,30,EMP1042,EMP1046,234500,234500,20,"03","5",0,0,2,0,NORMAL
81812,81812,30,EMP1042,EMP1046,409063,409063,20,"03","5",0,0,2,0,NORMAL
93800,93800,30,EMP1042,EMP1046,469000,469000,20,"03","5",0,0,2,0,NORMAL
72537,72537,30,EMP1042,EMP1046,362688,362688,20,"03","5",0,0,2,0,NORMAL
80150,80150,30,EMP1042,EMP1046,400750,400750,20,"03","5",0,0,2,0,NORMAL
10752,10752,30,EMP1042,EMP1046,53763,53763,20,"03","5",0,0,2,0,NORMAL
12328,12328,30,EMP1042,EMP1046,61640,61640,20,"03","5",0,0,2,0,NORMAL
9533,9533,30,EMP1042,EMP1046,47668,47668,20,"03","5",0,0,2,0,NORMAL
10534,10534,30,EMP1042,EMP1046,52670,52670,20,"03","5",0,0,2,0,NORMAL
10098,10098,30,EMP1042,EMP1046,50490,50490,20,"03","5",0,0,2,0,NORMAL
11577,11577,30,EMP1042,EMP1046,57888,57888,20,"03","5",0,0,2,0,NORMAL
8953,8953,30,EMP1042,EMP1046,44766,44766,20,"03","5",0,0,2,0,NORMAL
9892,9892,30,EMP1042,EMP1046,49464,49464,20,"03","5",0,0,2,0,NORMAL
935,935,30,EMP1042,EMP1046,4675,4675,30,"03","5",0,0,0,0,NORMAL
1072,1072,30,EMP1042,EMP1046,5360,5360,30,"03","5",0,0,0,0,NORMAL
829,829,30,EMP1042,EMP1046,4145,4145,30,"03","5",0,0,0,0,NORMAL
916,916,30,EMP1042,EMP1046,4580,4580,30,"03","5",0,0,0,0,NORMAL
46900,46900,30,EMP1004,EMP1045,234500,234500,20,"03","6",0,0,2,0,NORMAL
81812,81812,30,EMP1004,EMP1045,409063,409063,20,"03","6",0,0,2,0,NORMAL
93800,93800,30,EMP1004,EMP1045,469000,469000,20,"03","6",0,0,2,0,NORMAL
72537,72537,30,EMP1004,EMP1045,362688,362688,20,"03","6",0,0,2,0,NORMAL
80150,80150,30,EMP1004,EMP1045,400750,400750,20,"03","6",0,0,2,0,DELAY
10752,10752,30,EMP1004,EMP1045,53763,53763,20,"03","6",0,0,2,0,NORMAL
12328,12328,30,EMP1004,EMP1045,61640,61640,20,"03","6",0,0,2,0,NORMAL
9533,9533,30,EMP1004,EMP1045,47668,47668,20,"03","6",0,0,2,0,NORMAL
10534,10534,30,EMP1004,EMP1045,52670,52670,20,"03","6",0,0,2,0,NORMAL
10098,10098,30,EMP1004,EMP1045,50490,50490,20,"03","6",0,0,2,0,NORMAL
11577,11577,30,EMP1004,EMP1045,57888,57888,20,"03","6",0,0,2,0,NORMAL
8953,8953,30,EMP1004,EMP1045,44766,44766,20,"03","6",0,0,2,0,NORMAL
9892,9892,30,EMP1004,EMP1045,49464,49464,20,"03","6",0,0,2,0,NORMAL
935,935,30,EMP1004,EMP1045,4675,4675,30,"03","6",0,0,0,0,NORMAL
1072,1072,30,EMP1004,EMP1045,5360,5360,30,"03","6",0,0,0,0,NORMAL
829,829,30,EMP1004,EMP1045,4145,4145,30,"03","6",0,0,0,0,NORMAL
916,916,30,EMP1004,EMP1045,4580,4580,30,"03","6",0,0,0,0,NORMAL
46900,46900,30,EMP1048,EMP1041,234500,234500,20,"03","2",0,0,2,0,NORMAL
81812,81812,30,EMP1048,EMP1041,409063,409063,20,"03","2",0,0,2,0,NORMAL
93800,93800,30,EMP1048,EMP1041,469000,469000,20,"03","2",0,0,2,0,NORMAL
72537,72537,30,EMP1048,EMP1041,362688,362688,20,"03","2",0,0,2,0,NORMAL
80150,80150,30,EMP1048,EMP1041,400750,400750,20,"03","2",0,0,2,0,NORMAL
10752,10752,30,EMP1048,EMP1041,53763,53763,20,"03","2",0,0,2,0,NORMAL
12328,12328,30,EMP1048,EMP1041,61640,61640,20,"03","2",0,0,2,0,NORMAL
9533,9533,30,EMP1048,EMP1041,47668,47668,20,"03","2",0,0,2,0,NORMAL
10534,10534,30,EMP1048,EMP1041,52670,52670,20,"03","2",0,0,2,0,NORMAL
10098,10098,30,EMP1048,EMP1041,50490,50490,20,"03","2",0,0,2,0,NORMAL
11577,11577,30,EMP1048,EMP1041,57888,57888,20,"03","2",0,0,2,0,NORMAL
8953,8953,30,EMP1048,EMP1041,44766,44766,20,"03","2",0,0,2,0,NORMAL
9892,9892,30,EMP1048,EMP1041,49464,49464,20,"03","2",0,0,2,0,NORMAL
935,935,30,EMP1048,EMP1041,4675,4675,30,"03","2",0,0,0,0,NORMAL
1072,1072,30,EMP1048,EMP1041,5360,5360,30,"03","2",0,0,0,0,NORMAL
829,829,30,EMP1048,EMP1041,4145,4145,30,"03","2",0,0,0,0,NORMAL
916,916,30,EMP1048,EMP1041,4580,4580,30,"03","2",0,0,0,0,NORMAL
46900,46900,30,EMP1049,EMP1005,234500,234500,20,"03","3",0,0,2,0,NORMAL
81815,81815,30,EMP1049,EMP1005,409063,409063,20,"03","3",0,0,2,0,NORMAL
93800,93800,30,EMP1049,EMP1005,469000,469000,20,"03","3",0,0,2,0,NORMAL
72540,72540,30,EMP1049,EMP1005,362688,362688,20,"03","3",0,0,2,0,NORMAL
80150,80150,30,EMP1049,EMP1005,400750,400750,20,"03","3",0,0,2,0,NORMAL
10755,10755,30,EMP1049,EMP1005,53763,53763,20,"03","3",0,0,2,0,NORMAL
12328,12328,30,EMP1049,EMP1005,61640,61640,20,"03","3",0,0,2,0,NORMAL
9536,9536,30,EMP1049,EMP1005,47668,47668,20,"03","3",0,0,2,0,NORMAL
10534,10534,30,EMP1049,EMP1005,52670,52670,20,"03","3",0,0,2,0,NORMAL
10098,10098,30,EMP1049,EMP1005,50490,50490,20,"03","3",0,0,2,0,DELAY
11580,11580,30,EMP1049,EMP1005,57888,57888,20,"03","3",0,0,2,0,NORMAL
8954,8954,30,EMP1049,EMP1005,44766,44766,20,"03","3",0,0,2,0,NORMAL
9896,9896,30,EMP1049,EMP1005,49464,49464,20,"03","3",0,0,2,0,NORMAL
935,935,30,EMP1049,EMP1005,4675,4675,30,"03","3",0,0,0,0,NORMAL
1072,1072,30,EMP1049,EMP1005,5360,5360,30,"03","3",0,0,0,0,NORMAL
829,829,30,EMP1049,EMP1005,4145,4145,30,"03","3",0,0,0,0,NORMAL
916,916,30,EMP1049,EMP1005,4580,4580,30,"03","3",0,0,0,0,NORMAL
55187,55187,30,EMP1006,EMP1052,275938,275938,20,"03","4",0,0,2,0,NORMAL
85575,85575,30,EMP1006,EMP1052,427875,427875,20,"03","4",0,0,2,0,NORMAL
89862,89862,30,EMP1006,EMP1052,449313,449313,20,"03","4",0,0,2,0,NORMAL
107100,107100,30,EMP1006,EMP1052,535500,535500,20,"03","4",0,0,2,0,NORMAL
103775,103775,30,EMP1006,EMP1052,518875,518875,20,"03","4",0,0,2,0,NORMAL
11247,11247,30,EMP1006,EMP1052,56235,56235,20,"03","4",0,0,2,0,NORMAL
11810,11810,30,EMP1006,EMP1052,59053,59053,20,"03","4",0,0,2,0,NORMAL
14076,14076,30,EMP1006,EMP1052,70380,70380,20,"03","4",0,0,2,0,NORMAL
13639,13639,30,EMP1006,EMP1052,68195,68195,20,"03","4",0,0,2,0,NORMAL
10562,10562,30,EMP1006,EMP1052,52812,52812,20,"03","4",0,0,2,0,NORMAL
11091,11091,30,EMP1006,EMP1052,55458,55458,20,"03","4",0,0,2,0,NORMAL
13219,13219,30,EMP1006,EMP1052,66096,66096,20,"03","4",0,0,2,0,NORMAL
12808,12808,30,EMP1006,EMP1052,64044,64044,20,"03","4",0,0,2,0,NORMAL
978,978,30,EMP1006,EMP1052,4890,4890,30,"03","4",0,0,0,0,NORMAL
1027,1027,30,EMP1006,EMP1052,5135,5135,30,"03","4",0,0,0,0,NORMAL
1224,1224,30,EMP1006,EMP1052,6120,6120,30,"03","4",0,0,0,0,NORMAL
1186,1186,30,EMP1006,EMP1052,5930,5930,30,"03","4",0,0,0,0,NORMAL
55187,55187,30,EMP1051,EMP1006,275938,275938,20,"03","5",0,0,2,0,NORMAL
85575,85575,30,EMP1051,EMP1006,427875,427875,20,"03","5",0,0,2,0,NORMAL
89862,89862,30,EMP1051,EMP1006,449313,449313,20,"03","5",0,0,2,0,NORMAL
107100,107100,30,EMP1051,EMP1006,535500,535500,20,"03","5",0,0,2,0,NORMAL
103775,103775,30,EMP1051,EMP1006,518875,518875,20,"03","5",0,0,2,0,NORMAL
11247,11247,30,EMP1051,EMP1006,56235,56235,20,"03","5",0,0,2,0,NORMAL
11810,11810,30,EMP1051,EMP1006,59053,59053,20,"03","5",0,0,2,0,NORMAL
14076,14076,30,EMP1051,EMP1006,70380,70380,20,"03","5",0,0,2,0,DELAY
13639,13639,30,EMP1051,EMP1006,68195,68195,20,"03","5",0,0,2,0,NORMAL
10562,10562,30,EMP1051,EMP1006,52812,52812,20,"03","5",0,0,2,0,NORMAL
11091,11091,30,EMP1051,EMP1006,55458,55458,20,"03","5",0,0,2,0,NORMAL
13219,13219,30,EMP1051,EMP1006,66096,66096,20,"03","5",0,0,2,0,NORMAL
12808,12808,30,EMP1051,EMP1006,64044,64044,20,"03","5",0,0,2,0,NORMAL
978,978,30,EMP1051,EMP1006,4890,4890,30,"03","5",0,0,0,0,NORMAL
1027,1027,30,EMP1051,EMP1006,5135,5135,30,"03","5",0,0,0,0,NORMAL
1224,1224,30,EMP1051,EMP1006,6120,6120,30,"03","5",0,0,0,0,NORMAL
1186,1186,30,EMP1051,EMP1006,5930,5930,30,"03","5",0,0,0,0,NORMAL
55187,55187,30,EMP1059,EMP1003,275938,275938,20,"03","6",0,0,2,0,NORMAL
85575,85575,30,EMP1059,EMP1003,427875,427875,20,"03","6",0,0,2,0,NORMAL
89862,89862,30,EMP1059,EMP1003,449313,449313,20,"03","6",0,0,2,0,NORMAL
107100,107100,30,EMP1059,EMP1003,535500,535500,20,"03","6",0,0,2,0,NORMAL
103775,103775,30,EMP1059,EMP1003,518875,518875,20,"03","6",0,0,2,0,NORMAL
11247,11247,30,EMP1059,EMP1003,56235,56235,20,"03","6",0,0,2,0,NORMAL
11810,11810,30,EMP1059,EMP1003,59053,59053,20,"03","6",0,0,2,0,DELAY
14076,14076,30,EMP1059,EMP1003,70380,70380,20,"03","6",0,0,2,0,NORMAL
13639,13639,30,EMP1059,EMP1003,68195,68195,20,"03","6",0,0,2,0,NORMAL
10562,10562,30,EMP1059,EMP1003,52812,52812,20,"03","6",0,0,2,0,NORMAL
11091,11091,30,EMP1059,EMP1003,55458,55458,20,"03","6",0,0,2,0,NORMAL
13219,13219,30,EMP1059,EMP1003,66096,66096,20,"03","6",0,0,2,0,NORMAL
12808,12808,30,EMP1059,EMP1003,64044,64044,20,"03","6",0,0,2,0,NORMAL
978,978,30,EMP1059,EMP1003,4890,4890,30,"03","6",0,0,0,0,NORMAL
1027,1027,30,EMP1059,EMP1003,5135,5135,30,"03","6",0,0,0,0,NORMAL
1224,1224,30,EMP1059,EMP1003,6120,6120,30,"03","6",0,0,0,0,NORMAL
1186,1186,30,EMP1059,EMP1003,5930,5930,30,"03","6",0,0,0,0,NORMAL
55187,55187,30,EMP1041,EMP1044,275938,275938,20,"03","2",0,0,2,0,NORMAL
85575,85575,30,EMP1041,EMP1044,427875,427875,20,"03","2",0,0,2,0,NORMAL
89862,89862,30,EMP1041,EMP1044,449313,449313,20,"03","2",0,0,2,0,NORMAL
107100,107100,30,EMP1041,EMP1044,535500,535500,20,"03","2",0,0,2,0,NORMAL
103775,103775,30,EMP1041,EMP1044,518875,518875,20,"03","2",0,0,2,0,NORMAL
11247,11247,30,EMP1041,EMP1044,56235,56235,20,"03","2",0,0,2,0,NORMAL
11810,11810,30,EMP1041,EMP1044,59053,59053,20,"03","2",0,0,2,0,NORMAL
14076,14076,30,EMP1041,EMP1044,70380,70380,20,"03","2",0,0,2,0,NORMAL
13639,13639,30,EMP1041,EMP1044,68195,68195,20,"03","2",0,0,2,0,NORMAL
10562,10562,30,EMP1041,EMP1044,52812,52812,20,"03","2",0,0,2,0,NORMAL
11091,11091,30,EMP1041,EMP1044,55458,55458,20,"03","2",0,0,2,0,NORMAL
13219,13219,30,EMP1041,EMP1044,66096,66096,20,"03","2",0,0,2,0,NORMAL
12808,12808,30,EMP1041,EMP1044,64044,64044,20,"03","2",0,0,2,0,NORMAL
978,978,30,EMP1041,EMP1044,4890,4890,30,"03","2",0,0,0,0,NORMAL
1027,1027,30,EMP1041,EMP1044,5135,5135,30,"03","2",0,0,0,0,NORMAL
1224,1224,30,EMP1041,EMP1044,6120,6120,30,"03","2",0,0,0,0,NORMAL
1186,1186,30,EMP1041,EMP1044,5930,5930,30,"03","2",0,0,0,0,NORMAL
55190,55190,30,EMP1054,EMP1046,275938,275938,20,"04","3",0,0,2,0,NORMAL
85575,85575,30,EMP1054,EMP1046,427875,427875,20,"04","3",0,0,2,0,NORMAL
89865,89865,30,EMP1054,EMP1046,449313,449313,20,"04","3",0,0,2,0,NORMAL
107100,107100,30,EMP1054,EMP1046,535500,535500,20,"04","3",0,0,2,0,NORMAL
103775,103775,30,EMP1054,EMP1046,518875,518875,20,"04","3",0,0,2,0,NORMAL
11247,11247,30,EMP1054,EMP1046,56235,56235,20,"04","3",0,0,2,0,NORMAL
11813,11813,30,EMP1054,EMP1046,59053,59053,20,"04","3",0,0,2,0,NORMAL
14076,14076,30,EMP1054,EMP1046,70380,70380,20,"04","3",0,0,2,0,NORMAL
13639,13639,30,EMP1054,EMP1046,68195,68195,20,"04","3",0,0,2,0,NORMAL
10564,10564,30,EMP1054,EMP1046,52812,52812,20,"04","3",0,0,2,0,NORMAL
11094,11094,30,EMP1054,EMP1046,55458,55458,20,"04","3",0,0,2,0,NORMAL
13220,13220,30,EMP1054,EMP1046,66096,66096,20,"04","3",0,0,2,0,NORMAL
12812,12812,30,EMP1054,EMP1046,64044,64044,20,"04","3",0,0,2,0,NORMAL
978,978,30,EMP1054,EMP1046,4890,4890,30,"04","3",0,0,0,0,NORMAL
1027,1027,30,EMP1054,EMP1046,5135,5135,30,"04","3",0,0,0,0,NORMAL
1224,1224,30,EMP1054,EMP1046,6120,6120,30,"04","3",0,0,0,0,NORMAL
1186,1186,30,EMP1054,EMP1046,5930,5930,30,"04","3",0,0,0,0,NORMAL
50475,50475,30,EMP1007,EMP1051,252375,252375,20,"04","4",0,0,2,0,NORMAL
71487,71487,30,EMP1007,EMP1051,357438,357438,20,"04","4",0,0,2,0,NORMAL
105437,105437,30,EMP1007,EMP1051,527188,527188,20,"04","4",0,0,2,0,NORMAL
112175,112175,30,EMP1007,EMP1051,560875,560875,20,"04","4",0,0,2,0,NORMAL
64225,64225,30,EMP1007,EMP1051,321125,321125,20,"04","4",0,0,2,0,NORMAL
9395,9395,30,EMP1007,EMP1051,46978,46978,20,"04","4",0,0,2,0,NORMAL
13857,13857,30,EMP1007,EMP1051,69288,69288,20,"04","4",0,0,2,0,NORMAL
14743,14743,30,EMP1007,EMP1051,73715,73715,20,"04","4",0,0,2,0,DELAY
8441,8441,30,EMP1007,EMP1051,42205,42205,20,"04","4",0,0,2,0,NORMAL
8823,8823,30,EMP1007,EMP1051,44118,44118,20,"04","4",0,0,2,0,NORMAL
13014,13014,30,EMP1007,EMP1051,65070,65070,20,"04","4",0,0,2,0,NORMAL
13845,13845,30,EMP1007,EMP1051,69228,69228,20,"04","4",0,0,2,0,NORMAL
7927,7927,30,EMP1007,EMP1051,39636,39636,20,"04","4",0,0,2,0,NORMAL
817,817,30,EMP1007,EMP1051,4085,4085,30,"04","4",0,0,0,0,NORMAL
1205,1205,30,EMP1007,EMP1051,6025,6025,30,"04","4",0,0,0,0,NORMAL
1282,1282,30,EMP1007,EMP1051,6410,6410,30,"04","4",0,0,0,0,NORMAL
734,734,30,EMP1007,EMP1051,3670,3670,30,"04","4",0,0,0,0,NORMAL
50475,50475,30,EMP1050,EMP1002,252375,252375,20,"04","5",0,0,2,0,NORMAL
71487,71487,30,EMP1050,EMP1002,357438,357438,20,"04","5",0,0,2,0,NORMAL
105437,105437,30,EMP1050,EMP1002,527188,527188,20,"04","5",0,0,2,0,NORMAL
112175,112175,30,EMP1050,EMP1002,560875,560875,20,"04","5",0,0,2,0,NORMAL
64225,64225,30,EMP1050,EMP1002,321125,321125,20,"04","5",0,0,2,0,NORMAL
9395,9395,30,EMP1050,EMP1002,46978,46978,20,"04","5",0,0,2,0,NORMAL
13857,13857,30,EMP1050,EMP1002,69288,69288,20,"04","5",0,0,2,0,NORMAL
14743,14743,30,EMP1050,EMP1002,73715,73715,20,"04","5",0,0,2,0,NORMAL
8441,8441,30,EMP1050,EMP1002,42205,42205,20,"04","5",0,0,2,0,NORMAL
8823,8823,30,EMP1050,EMP1002,44118,44118,20,"04","5",0,0,2,0,NORMAL
13014,13014,30,EMP1050,EMP1002,65070,65070,20,"04","5",0,0,2,0,NORMAL
13845,13845,30,EMP1050,EMP1002,69228,69228,20,"04","5",0,0,2,0,NORMAL
7927,7927,30,EMP1050,EMP1002,39636,39636,20,"04","5",0,0,2,0,NORMAL
817,817,30,EMP1050,EMP1002,4085,4085,30,"04","5",0,0,0,0,NORMAL
1205,1205,30,EMP1050,EMP1002,6025,6025,30,"04","5",0,0,0,0,NORMAL
1282,1282,30,EMP1050,EMP1002,6410,6410,30,"04","5",0,0,0,0,NORMAL
734,734,30,EMP1050,EMP1002,3670,3670,30,"04","5",0,0,0,0,NORMAL
50475,50475,30,EMP1053,EMP1059,252375,252375,20,"04","6",0,0,2,0,NORMAL
71487,71487,30,EMP1053,EMP1059,357438,357438,20,"04","6",0,0,2,0,NORMAL
105437,105437,30,EMP1053,EMP1059,527188,527188,20,"04","6",0,0,2,0,NORMAL
112175,112175,30,EMP1053,EMP1059,560875,560875,20,"04","6",0,0,2,0,NORMAL
64225,64225,30,EMP1053,EMP1059,321125,321125,20,"04","6",0,0,2,0,NORMAL
9395,9395,30,EMP1053,EMP1059,46978,46978,20,"04","6",0,0,2,0,DELAY
13857,13857,30,EMP1053,EMP1059,69288,69288,20,"04","6",0,0,2,0,NORMAL
14743,14743,30,EMP1053,EMP1059,73715,73715,20,"04","6",0,0,2,0,NORMAL
8441,8441,30,EMP1053,EMP1059,42205,42205,20,"04","6",0,0,2,0,NORMAL
8823,8823,30,EMP1053,EMP1059,44118,44118,20,"04","6",0,0,2,0,NORMAL
13014,13014,30,EMP1053,EMP1059,65070,65070,20,"04","6",0,0,2,0,NORMAL
13845,13845,30,EMP1053,EMP1059,69228,69228,20,"04","6",0,0,2,0,NORMAL
7927,7927,30,EMP1053,EMP1059,39636,39636,20,"04","6",0,0,2,0,NORMAL
817,817,30,EMP1053,EMP1059,4085,4085,30,"04","6",0,0,0,0,NORMAL
1205,1205,30,EMP1053,EMP1059,6025,6025,30,"04","6",0,0,0,0,NORMAL
1282,1282,30,EMP1053,EMP1059,6410,6410,30,"04","6",0,0,0,0,NORMAL
734,734,30,EMP1053,EMP1059,3670,3670,30,"04","6",0,0,0,0,NORMAL
50475,50475,30,EMP1007,EMP1043,252375,252375,20,"04","2",0,0,2,0,NORMAL
71487,71487,30,EMP1007,EMP1043,357438,357438,20,"04","2",0,0,2,0,NORMAL
105437,105437,30,EMP1007,EMP1043,527188,527188,20,"04","2",0,0,2,0,NORMAL
112175,112175,30,EMP1007,EMP1043,560875,560875,20,"04","2",0,0,2,0,NORMAL
64225,64225,30,EMP1007,EMP1043,321125,321125,20,"04","2",0,0,2,0,NORMAL
9395,9395,30,EMP1007,EMP1043,46978,46978,20,"04","2",0,0,2,0,NORMAL
13857,13857,30,EMP1007,EMP1043,69288,69288,20,"04","2",0,0,2,0,NORMAL
14743,14743,30,EMP1007,EMP1043,73715,73715,20,"04","2",0,0,2,0,NORMAL
8441,8441,30,EMP1007,EMP1043,42205,42205,20,"04","2",0,0,2,0,NORMAL
8823,8823,30,EMP1007,EMP1043,44118,44118,20,"04","2",0,0,2,0,NORMAL
13014,13014,30,EMP1007,EMP1043,65070,65070,20,"04","2",0,0,2,0,NORMAL
13845,13845,30,EMP1007,EMP1043,69228,69228,20,"04","2",0,0,2,0,NORMAL
7927,7927,30,EMP1007,EMP1043,39636,39636,20,"04","2",0,0,2,0,NORMAL
817,817,30,EMP1007,EMP1043,4085,4085,30,"04","2",0,0,0,0,NORMAL
1205,1205,30,EMP1007,EMP1043,6025,6025,30,"04","2",0,0,0,0,NORMAL
1282,1282,30,EMP1007,EMP1043,6410,6410,30,"04","2",0,0,0,0,NORMAL
734,734,30,EMP1007,EMP1043,3670,3670,30,"04","2",0,0,0,0,NORMAL
50475,50475,30,EMP1021,EMP1043,252375,252375,20,"04","3",0,0,2,0,NORMAL
71490,71490,30,EMP1021,EMP1043,357438,357438,20,"04","3",0,0,2,0,NORMAL
105440,105440,30,EMP1021,EMP1043,527188,527188,20,"04","3",0,0,2,0,NORMAL
112175,112175,30,EMP1021,EMP1043,560875,560875,20,"04","3",0,0,2,0,NORMAL
64225,64225,30,EMP1021,EMP1043,321125,321125,20,"04","3",0,0,2,0,NORMAL
9398,9398,30,EMP1021,EMP1043,46978,46978,20,"04","3",0,0,2,0,NORMAL
13860,13860,30,EMP1021,EMP1043,69288,69288,20,"04","3",0,0,2,0,NORMAL
14743,14743,30,EMP1021,EMP1043,73715,73715,20,"04","3",0,0,2,0,NORMAL
8441,8441,30,EMP1021,EMP1043,42205,42205,20,"04","3",0,0,2,0,NORMAL
8826,8826,30,EMP1021,EMP1043,44118,44118,20,"04","3",0,0,2,0,NORMAL
13014,13014,30,EMP1021,EMP1043,65070,65070,20,"04","3",0,0,2,0,NORMAL
13848,13848,30,EMP1021,EMP1043,69228,69228,20,"04","3",0,0,2,0,NORMAL
7928,7928,30,EMP1021,EMP1043,39636,39636,20,"04","3",0,0,2,0,NORMAL
817,817,30,EMP1021,EMP1043,4085,4085,30,"04","3",0,0,0,0,NORMAL
1205,1205,30,EMP1021,EMP1043,6025,6025,30,"04","3",0,0,0,0,NORMAL
1282,1282,30,EMP1021,EMP1043,6410,6410,30,"04","3",0,0,0,0,NORMAL
734,734,30,EMP1021,EMP1043,3670,3670,30,"04","3",0,0,0,0,NORMAL
48825,48825,30,EMP1021,EMP1044,244125,244125,20,"04","4",0,0,2,0,NORMAL
90475,90475,30,EMP1021,EMP1044,452375,452375,20,"04","4",0,0,2,0,NORMAL
91962,91962,30,EMP1021,EMP1044,459813,459813,20,"04","4",0,0,2,0,NORMAL
97912,97912,30,EMP1021,EMP1044,489563,489563,20,"04","4",0,0,2,0,NORMAL
61425,61425,30,EMP1021,EMP1044,307125,307125,20,"04","4",0,0,2,0,NORMAL
11891,11891,30,EMP1021,EMP1044,59455,59455,20,"04","4",0,0,2,0,NORMAL
12086,12086,30,EMP1021,EMP1044,60433,60433,20,"04","4",0,0,2,0,NORMAL
12868,12868,30,EMP1021,EMP1044,64343,64343,20,"04","4",0,0,2,0,NORMAL
8073,8073,30,EMP1021,EMP1044,40365,40365,20,"04","4",0,0,2,0,NORMAL
11167,11167,30,EMP1021,EMP1044,55836,55836,20,"04","4",0,0,2,0,NORMAL
11350,11350,30,EMP1021,EMP1044,56754,56754,20,"04","4",0,0,2,0,NORMAL
12085,12085,30,EMP1021,EMP1044,60426,60426,20,"04","4",0,0,2,0,NORMAL
7581,7581,30,EMP1021,EMP1044,37908,37908,20,"04","4",0,0,2,0,DELAY
1034,1034,30,EMP1021,EMP1044,5170,5170,30,"04","4",0,0,0,0,NORMAL
1051,1051,30,EMP1021,EMP1044,5255,5255,30,"04","4",0,0,0,0,NORMAL
1119,1119,30,EMP1021,EMP1044,5595,5595,30,"04","4",0,0,0,0,NORMAL
702,702,30,EMP1021,EMP1044,3510,3510,30,"04","4",0,0,0,0,NORMAL
48825,48825,30,EMP1043,EMP1059,244125,244125,20,"04","5",0,0,2,0,NORMAL
90475,90475,30,EMP1043,EMP1059,452375,452375,20,"04","5",0,0,2,0,NORMAL
91962,91962,30,EMP1043,EMP1059,459813,459813,20,"04","5",0,0,2,0,NORMAL
97912,97912,30,EMP1043,EMP1059,489563,489563,20,"04","5",0,0,2,0,NORMAL
61425,61425,30,EMP1043,EMP1059,307125,307125,20,"04","5",0,0,2,0,NORMAL
11891,11891,30,EMP1043,EMP1059,59455,59455,20,"04","5",0,0,2,0,NORMAL
12086,12086,30,EMP1043,EMP1059,60433,60433,20,"04","5",0,0,2,0,NORMAL
12868,12868,30,EMP1043,EMP1059,64343,64343,20,"04","5",0,0,2,0,NORMAL
8073,8073,30,EMP1043,EMP1059,40365,40365,20,"04","5",0,0,2,0,NORMAL
11167,11167,30,EMP1043,EMP1059,55836,55836,20,"04","5",0,0,2,0,NORMAL
11350,11350,30,EMP1043,EMP1059,56754,56754,20,"04","5",0,0,2,0,NORMAL
12085,12085,30,EMP1043,EMP1059,60426,60426,20,"04","5",0,0,2,0,NORMAL
7581,7581,30,EMP1043,EMP1059,37908,37908,20,"04","5",0,0,2,0,NORMAL
1034,1034,30,EMP1043,EMP1059,5170,5170,30,"04","5",0,0,0,0,NORMAL
1051,1051,30,EMP1043,EMP1059,5255,5255,30,"04","5",0,0,0,0,NORMAL
1119,1119,30,EMP1043,EMP1059,5595,5595,30,"04","5",0,0,0,0,NORMAL
702,702,30,EMP1043,EMP1059,3510,3510,30,"04","5",0,0,0,0,NORMAL
48825,48825,30,EMP1048,EMP1001,244125,244125,20,"04","6",0,0,2,0,NORMAL
90475,90475,30,EMP1048,EMP1001,452375,452375,20,"04","6",0,0,2,0,DELAY
91962,91962,30,EMP1048,EMP1001,459813,459813,20,"04","6",0,0,2,0,NORMAL
97912,97912,30,EMP1048,EMP1001,489563,489563,20,"04","6",0,0,2,0,NORMAL
61425,61425,30,EMP1048,EMP1001,307125,307125,20,"04","6",0,0,2,0,NORMAL
11891,11891,30,EMP1048,EMP1001,59455,59455,20,"04","6",0,0,2,0,NORMAL
12086,12086,30,EMP1048,EMP1001,60433,60433,20,"04","6",0,0,2,0,NORMAL
12868,12868,30,EMP1048,EMP1001,64343,64343,20,"04","6",0,0,2,0,NORMAL
8073,8073,30,EMP1048,EMP1001,40365,40365,20,"04","6",0,0,2,0,NORMAL
11167,11167,30,EMP1048,EMP1001,55836,55836,20,"04","6",0,0,2,0,NORMAL
11350,11350,30,EMP1048,EMP1001,56754,56754,20,"04","6",0,0,2,0,NORMAL
12085,12085,30,EMP1048,EMP1001,60426,60426,20,"04","6",0,0,2,0,NORMAL
7581,7581,30,EMP1048,EMP1001,37908,37908,20,"04","6",0,0,2,0,NORMAL
1034,1034,30,EMP1048,EMP1001,5170,5170,30,"04","6",0,0,0,0,NORMAL
1051,1051,30,EMP1048,EMP1001,5255,5255,30,"04","6",0,0,0,0,NORMAL
1119,1119,30,EMP1048,EMP1001,5595,5595,30,"04","6",0,0,0,0,NORMAL
702,702,30,EMP1048,EMP1001,3510,3510,30,"04","6",0,0,0,0,NORMAL
48825,48825,30,EMP1007,EMP1059,244125,244125,20,"04","2",0,0,2,0,NORMAL
90475,90475,30,EMP1007,EMP1059,452375,452375,20,"04","2",0,0,2,0,NORMAL
91962,91962,30,EMP1007,EMP1059,459813,459813,20,"04","2",0,0,2,0,NORMAL
97912,97912,30,EMP1007,EMP1059,489563,489563,20,"04","2",0,0,2,0,NORMAL
61425,61425,30,EMP1007,EMP1059,307125,307125,20,"04","2",0,0,2,0,NORMAL
11891,11891,30,EMP1007,EMP1059,59455,59455,20,"04","2",0,0,2,0,NORMAL
12086,12086,30,EMP1007,EMP1059,60433,60433,20,"04","2",0,0,2,0,NORMAL
12868,12868,30,EMP1007,EMP1059,64343,64343,20,"04","2",0,0,2,0,NORMAL
8073,8073,30,EMP1007,EMP1059,40365,40365,20,"04","2",0,0,2,0,NORMAL
11167,11167,30,EMP1007,EMP1059,55836,55836,20,"04","2",0,0,2,0,NORMAL
11350,11350,30,EMP1007,EMP1059,56754,56754,20,"04","2",0,0,2,0,NORMAL
12085,12085,30,EMP1007,EMP1059,60426,60426,20,"04","2",0,0,2,0,NORMAL
7581,7581,30,EMP1007,EMP1059,37908,37908,20,"04","2",0,0,2,0,NORMAL
1034,1034,30,EMP1007,EMP1059,5170,5170,30,"04","2",0,0,0,0,NORMAL
1051,1051,30,EMP1007,EMP1059,5255,5255,30,"04","2",0,0,0,0,NORMAL
1119,1119,30,EMP1007,EMP1059,5595,5595,30,"04","2",0,0,0,0,NORMAL
702,702,30,EMP1007,EMP1059,3510,3510,30,"04","2",0,0,0,0,NORMAL
48825,48825,30,EMP1050,EMP1051,244125,244125,20,"04","3",0,0,2,0,NORMAL
90475,90475,30,EMP1050,EMP1051,452375,452375,20,"04","3",0,0,2,0,NORMAL
97915,97915,30,EMP1050,EMP1051,489563,489563,20,"04","3",0,0,2,0,NORMAL
61425,61425,30,EMP1050,EMP1051,307125,307125,20,"04","3",0,0,2,0,NORMAL
11891,11891,30,EMP1050,EMP1051,59455,59455,20,"04","3",0,0,2,0,NORMAL
12089,12089,30,EMP1050,EMP1051,60433,60433,20,"04","3",0,0,2,0,NORMAL
12871,12871,30,EMP1050,EMP1051,64343,64343,20,"04","3",0,0,2,0,NORMAL
8073,8073,30,EMP1050,EMP1051,40365,40365,20,"04","3",0,0,2,0,NORMAL
11168,11168,30,EMP1050,EMP1051,55836,55836,20,"04","3",0,0,2,0,NORMAL
11354,11354,30,EMP1050,EMP1051,56754,56754,20,"04","3",0,0,2,0,NORMAL
12086,12086,30,EMP1050,EMP1051,60426,60426,20,"04","3",0,0,2,0,NORMAL
7584,7584,30,EMP1050,EMP1051,37908,37908,20,"04","3",0,0,2,0,NORMAL
1034,1034,30,EMP1050,EMP1051,5170,5170,30,"04","3",0,0,0,0,NORMAL
1051,1051,30,EMP1050,EMP1051,5255,5255,30,"04","3",0,0,0,0,NORMAL
1119,1119,30,EMP1050,EMP1051,5595,5595,30,"04","3",0,0,0,0,NORMAL
702,702,30,EMP1050,EMP1051,3510,3510,30,"04","3",0,0,0,0,NORMAL
49150,49150,30,EMP1042,EMP1004,245750,245750,20,"04","4",0,0,2,0,NORMAL
107537,107537,30,EMP1042,EMP1004,537688,537688,20,"04","4",0,0,2,0,DELAY
88987,88987,30,EMP1042,EMP1004,444938,444938,20,"04","4",0,0,2,0,NORMAL
63175,63175,30,EMP1042,EMP1004,315875,315875,20,"04","4",0,0,2,0,NORMAL
84350,84350,30,EMP1042,EMP1004,421750,421750,20,"04","4",0,0,2,0,DELAY
14133,14133,30,EMP1042,EMP1004,70668,70668,20,"04","4",0,0,2,0,NORMAL
11695,11695,30,EMP1042,EMP1004,58478,58478,20,"04","4",0,0,2,0,NORMAL
8303,8303,30,EMP1042,EMP1004,41515,41515,20,"04","4",0,0,2,0,NORMAL
11086,11086,30,EMP1042,EMP1004,55430,55430,20,"04","4",0,0,2,0,NORMAL
13273,13273,30,EMP1042,EMP1004,66366,66366,20,"04","4",0,0,2,0,NORMAL
10983,10983,30,EMP1042,EMP1004,54918,54918,20,"04","4",0,0,2,0,NORMAL
7797,7797,30,EMP1042,EMP1004,38988,38988,20,"04","4",0,0,2,0,NORMAL
10411,10411,30,EMP1042,EMP1004,52056,52056,20,"04","4",0,0,2,0,NORMAL
1229,1229,30,EMP1042,EMP1004,6145,6145,30,"04","4",0,0,0,0,NORMAL
91965,91965,30,EMP1050,EMP1051,459813,459813,20,"04","3",0,0,2,0,NORMAL
1017,1017,30,EMP1042,EMP1004,5085,5085,30,"04","4",0,0,0,0,NORMAL
722,722,30,EMP1042,EMP1004,3610,3610,30,"04","4",0,0,0,0,NORMAL
964,964,30,EMP1042,EMP1004,4820,4820,30,"04","4",0,0,0,0,NORMAL
49150,49150,30,EMP1046,EMP1047,245750,245750,20,"04","5",0,0,2,0,NORMAL
107537,107537,30,EMP1046,EMP1047,537688,537688,20,"04","5",0,0,2,0,NORMAL
88987,88987,30,EMP1046,EMP1047,444938,444938,20,"04","5",0,0,2,0,NORMAL
63175,63175,30,EMP1046,EMP1047,315875,315875,20,"04","5",0,0,2,0,NORMAL
84350,84350,30,EMP1046,EMP1047,421750,421750,20,"04","5",0,0,2,0,NORMAL
14133,14133,30,EMP1046,EMP1047,70668,70668,20,"04","5",0,0,2,0,NORMAL
11695,11695,30,EMP1046,EMP1047,58478,58478,20,"04","5",0,0,2,0,NORMAL
8303,8303,30,EMP1046,EMP1047,41515,41515,20,"04","5",0,0,2,0,NORMAL
11086,11086,30,EMP1046,EMP1047,55430,55430,20,"04","5",0,0,2,0,NORMAL
13273,13273,30,EMP1046,EMP1047,66366,66366,20,"04","5",0,0,2,0,NORMAL
10983,10983,30,EMP1046,EMP1047,54918,54918,20,"04","5",0,0,2,0,NORMAL
7797,7797,30,EMP1046,EMP1047,38988,38988,20,"04","5",0,0,2,0,NORMAL
10411,10411,30,EMP1046,EMP1047,52056,52056,20,"04","5",0,0,2,0,DELAY
1229,1229,30,EMP1046,EMP1047,6145,6145,30,"04","5",0,0,0,0,NORMAL
1017,1017,30,EMP1046,EMP1047,5085,5085,30,"04","5",0,0,0,0,NORMAL
722,722,30,EMP1046,EMP1047,3610,3610,30,"04","5",0,0,0,0,NORMAL
964,964,30,EMP1046,EMP1047,4820,4820,30,"04","5",0,0,0,0,NORMAL
49150,49150,30,EMP1049,EMP1001,245750,245750,20,"04","6",0,0,2,0,NORMAL
107537,107537,30,EMP1049,EMP1001,537688,537688,20,"04","6",0,0,2,0,DELAY
88987,88987,30,EMP1049,EMP1001,444938,444938,20,"04","6",0,0,2,0,NORMAL
63175,63175,30,EMP1049,EMP1001,315875,315875,20,"04","6",0,0,2,0,NORMAL
84350,84350,30,EMP1049,EMP1001,421750,421750,20,"04","6",0,0,2,0,NORMAL
14133,14133,30,EMP1049,EMP1001,70668,70668,20,"04","6",0,0,2,0,NORMAL
11695,11695,30,EMP1049,EMP1001,58478,58478,20,"04","6",0,0,2,0,NORMAL
8303,8303,30,EMP1049,EMP1001,41515,41515,20,"04","6",0,0,2,0,NORMAL
11086,11086,30,EMP1049,EMP1001,55430,55430,20,"04","6",0,0,2,0,NORMAL
13273,13273,30,EMP1049,EMP1001,66366,66366,20,"04","6",0,0,2,0,NORMAL
10983,10983,30,EMP1049,EMP1001,54918,54918,20,"04","6",0,0,2,0,NORMAL
7797,7797,30,EMP1049,EMP1001,38988,38988,20,"04","6",0,0,2,0,NORMAL
10411,10411,30,EMP1049,EMP1001,52056,52056,20,"04","6",0,0,2,0,NORMAL
1229,1229,30,EMP1049,EMP1001,6145,6145,30,"04","6",0,0,0,0,NORMAL
1017,1017,30,EMP1049,EMP1001,5085,5085,30,"04","6",0,0,0,0,NORMAL
722,722,30,EMP1049,EMP1001,3610,3610,30,"04","6",0,0,0,0,NORMAL
964,964,30,EMP1049,EMP1001,4820,4820,30,"04","6",0,0,0,0,NORMAL
49150,49150,30,EMP1050,EMP1046,245750,245750,20,"04","2",0,0,2,0,NORMAL
107537,107537,30,EMP1050,EMP1046,537688,537688,20,"04","2",0,0,2,0,NORMAL
88987,88987,30,EMP1050,EMP1046,444938,444938,20,"04","2",0,0,2,0,NORMAL
63175,63175,30,EMP1050,EMP1046,315875,315875,20,"04","2",0,0,2,0,NORMAL
84350,84350,30,EMP1050,EMP1046,421750,421750,20,"04","2",0,0,2,0,NORMAL
14133,14133,30,EMP1050,EMP1046,70668,70668,20,"04","2",0,0,2,0,NORMAL
11695,11695,30,EMP1050,EMP1046,58478,58478,20,"04","2",0,0,2,0,NORMAL
8303,8303,30,EMP1050,EMP1046,41515,41515,20,"04","2",0,0,2,0,NORMAL
11086,11086,30,EMP1050,EMP1046,55430,55430,20,"04","2",0,0,2,0,NORMAL
13273,13273,30,EMP1050,EMP1046,66366,66366,20,"04","2",0,0,2,0,NORMAL
10983,10983,30,EMP1050,EMP1046,54918,54918,20,"04","2",0,0,2,0,NORMAL
7797,7797,30,EMP1050,EMP1046,38988,38988,20,"04","2",0,0,2,0,NORMAL
10411,10411,30,EMP1050,EMP1046,52056,52056,20,"04","2",0,0,2,0,NORMAL
1229,1229,30,EMP1050,EMP1046,6145,6145,30,"04","2",0,0,0,0,NORMAL
1017,1017,30,EMP1050,EMP1046,5085,5085,30,"04","2",0,0,0,0,NORMAL
722,722,30,EMP1050,EMP1046,3610,3610,30,"04","2",0,0,0,0,NORMAL
964,964,30,EMP1050,EMP1046,4820,4820,30,"04","2",0,0,0,0,NORMAL
49150,49150,30,EMP1041,EMP1007,245750,245750,20,"04","3",0,0,2,0,NORMAL
107540,107540,30,EMP1041,EMP1007,537688,537688,20,"04","3",0,0,2,0,NORMAL
88990,88990,30,EMP1041,EMP1007,444938,444938,20,"04","3",0,0,2,0,NORMAL
63175,63175,30,EMP1041,EMP1007,315875,315875,20,"04","3",0,0,2,0,NORMAL
84350,84350,30,EMP1041,EMP1007,421750,421750,20,"04","3",0,0,2,0,NORMAL
14136,14136,30,EMP1041,EMP1007,70668,70668,20,"04","3",0,0,2,0,DELAY
11698,11698,30,EMP1041,EMP1007,58478,58478,20,"04","3",0,0,2,0,NORMAL
8303,8303,30,EMP1041,EMP1007,41515,41515,20,"04","3",0,0,2,0,DELAY
11086,11086,30,EMP1041,EMP1007,55430,55430,20,"04","3",0,0,2,0,NORMAL
13274,13274,30,EMP1041,EMP1007,66366,66366,20,"04","3",0,0,2,0,NORMAL
10986,10986,30,EMP1041,EMP1007,54918,54918,20,"04","3",0,0,2,0,NORMAL
7800,7800,30,EMP1041,EMP1007,38988,38988,20,"04","3",0,0,2,0,NORMAL
10412,10412,30,EMP1041,EMP1007,52056,52056,20,"04","3",0,0,2,0,NORMAL
1229,1229,30,EMP1041,EMP1007,6145,6145,30,"04","3",0,0,0,0,NORMAL
1017,1017,30,EMP1041,EMP1007,5085,5085,30,"04","3",0,0,0,0,NORMAL
722,722,30,EMP1041,EMP1007,3610,3610,30,"04","3",0,0,0,0,NORMAL
964,964,30,EMP1041,EMP1007,4820,4820,30,"04","3",0,0,0,0,NORMAL
44187,44187,30,EMP1043,EMP1052,220938,220938,20,"04","4",0,0,2,0,DELAY
70787,70787,30,EMP1043,EMP1052,353938,353938,20,"04","4",0,0,2,0,NORMAL
71312,71312,30,EMP1043,EMP1052,356563,356563,20,"04","4",0,0,2,0,NORMAL
104562,104562,30,EMP1043,EMP1052,522813,522813,20,"04","4",0,0,2,0,NORMAL
62650,62650,30,EMP1043,EMP1052,313250,313250,20,"04","4",0,0,2,0,NORMAL
9303,9303,30,EMP1043,EMP1052,46518,46518,20,"04","4",0,0,2,0,NORMAL
9372,9372,30,EMP1043,EMP1052,46863,46863,20,"04","4",0,0,2,0,NORMAL
13742,13742,30,EMP1043,EMP1052,68713,68713,20,"04","4",0,0,2,0,NORMAL
8234,8234,30,EMP1043,EMP1052,41170,41170,20,"04","4",0,0,2,0,NORMAL
8737,8737,30,EMP1043,EMP1052,43686,43686,20,"04","4",0,0,2,0,NORMAL
8802,8802,30,EMP1043,EMP1052,44010,44010,20,"04","4",0,0,2,0,NORMAL
12906,12906,30,EMP1043,EMP1052,64530,64530,20,"04","4",0,0,2,0,NORMAL
7732,7732,30,EMP1043,EMP1052,38664,38664,20,"04","4",0,0,2,0,NORMAL
809,809,30,EMP1043,EMP1052,4045,4045,30,"04","4",0,0,0,0,NORMAL
815,815,30,EMP1043,EMP1052,4075,4075,30,"04","4",0,0,0,0,NORMAL
1195,1195,30,EMP1043,EMP1052,5975,5975,30,"04","4",0,0,0,0,NORMAL
716,716,30,EMP1043,EMP1052,3580,3580,30,"04","4",0,0,0,0,NORMAL
44187,44187,30,EMP1005,EMP1059,220938,220938,20,"04","5",0,0,2,0,NORMAL
70787,70787,30,EMP1005,EMP1059,353938,353938,20,"04","5",0,0,2,0,NORMAL
71312,71312,30,EMP1005,EMP1059,356563,356563,20,"04","5",0,0,2,0,NORMAL
104562,104562,30,EMP1005,EMP1059,522813,522813,20,"04","5",0,0,2,0,NORMAL
62650,62650,30,EMP1005,EMP1059,313250,313250,20,"04","5",0,0,2,0,NORMAL
9303,9303,30,EMP1005,EMP1059,46518,46518,20,"04","5",0,0,2,0,NORMAL
9372,9372,30,EMP1005,EMP1059,46863,46863,20,"04","5",0,0,2,0,NORMAL
13742,13742,30,EMP1005,EMP1059,68713,68713,20,"04","5",0,0,2,0,NORMAL
8234,8234,30,EMP1005,EMP1059,41170,41170,20,"04","5",0,0,2,0,NORMAL
8737,8737,30,EMP1005,EMP1059,43686,43686,20,"04","5",0,0,2,0,NORMAL
8802,8802,30,EMP1005,EMP1059,44010,44010,20,"04","5",0,0,2,0,NORMAL
12906,12906,30,EMP1005,EMP1059,64530,64530,20,"04","5",0,0,2,0,NORMAL
7732,7732,30,EMP1005,EMP1059,38664,38664,20,"04","5",0,0,2,0,NORMAL
809,809,30,EMP1005,EMP1059,4045,4045,30,"04","5",0,0,0,0,NORMAL
815,815,30,EMP1005,EMP1059,4075,4075,30,"04","5",0,0,0,0,NORMAL
1195,1195,30,EMP1005,EMP1059,5975,5975,30,"04","5",0,0,0,0,NORMAL
716,716,30,EMP1005,EMP1059,3580,3580,30,"04","5",0,0,0,0,NORMAL
44187,44187,30,EMP1006,EMP1049,220938,220938,20,"04","6",0,0,2,0,NORMAL
70787,70787,30,EMP1006,EMP1049,353938,353938,20,"04","6",0,0,2,0,NORMAL
71312,71312,30,EMP1006,EMP1049,356563,356563,20,"04","6",0,0,2,0,NORMAL
104562,104562,30,EMP1006,EMP1049,522813,522813,20,"04","6",0,0,2,0,NORMAL
62650,62650,30,EMP1006,EMP1049,313250,313250,20,"04","6",0,0,2,0,NORMAL
9303,9303,30,EMP1006,EMP1049,46518,46518,20,"04","6",0,0,2,0,NORMAL
9372,9372,30,EMP1006,EMP1049,46863,46863,20,"04","6",0,0,2,0,NORMAL
13742,13742,30,EMP1006,EMP1049,68713,68713,20,"04","6",0,0,2,0,NORMAL
8234,8234,30,EMP1006,EMP1049,41170,41170,20,"04","6",0,0,2,0,DELAY
8737,8737,30,EMP1006,EMP1049,43686,43686,20,"04","6",0,0,2,0,NORMAL
8802,8802,30,EMP1006,EMP1049,44010,44010,20,"04","6",0,0,2,0,NORMAL
12906,12906,30,EMP1006,EMP1049,64530,64530,20,"04","6",0,0,2,0,NORMAL
7732,7732,30,EMP1006,EMP1049,38664,38664,20,"04","6",0,0,2,0,NORMAL
809,809,30,EMP1006,EMP1049,4045,4045,30,"04","6",0,0,0,0,NORMAL
815,815,30,EMP1006,EMP1049,4075,4075,30,"04","6",0,0,0,0,NORMAL
1195,1195,30,EMP1006,EMP1049,5975,5975,30,"04","6",0,0,0,0,NORMAL
716,716,30,EMP1006,EMP1049,3580,3580,30,"04","6",0,0,0,0,NORMAL
44187,44187,30,EMP1052,EMP1003,220938,220938,20,"04","2",0,0,2,0,NORMAL
70787,70787,30,EMP1052,EMP1003,353938,353938,20,"04","2",0,0,2,0,NORMAL
71312,71312,30,EMP1052,EMP1003,356563,356563,20,"04","2",0,0,2,0,NORMAL
104562,104562,30,EMP1052,EMP1003,522813,522813,20,"04","2",0,0,2,0,NORMAL
62650,62650,30,EMP1052,EMP1003,313250,313250,20,"04","2",0,0,2,0,NORMAL
9303,9303,30,EMP1052,EMP1003,46518,46518,20,"04","2",0,0,2,0,NORMAL
9372,9372,30,EMP1052,EMP1003,46863,46863,20,"04","2",0,0,2,0,NORMAL
13742,13742,30,EMP1052,EMP1003,68713,68713,20,"04","2",0,0,2,0,NORMAL
8234,8234,30,EMP1052,EMP1003,41170,41170,20,"04","2",0,0,2,0,NORMAL
8737,8737,30,EMP1052,EMP1003,43686,43686,20,"04","2",0,0,2,0,NORMAL
8802,8802,30,EMP1052,EMP1003,44010,44010,20,"04","2",0,0,2,0,NORMAL
12906,12906,30,EMP1052,EMP1003,64530,64530,20,"04","2",0,0,2,0,NORMAL
7732,7732,30,EMP1052,EMP1003,38664,38664,20,"04","2",0,0,2,0,NORMAL
809,809,30,EMP1052,EMP1003,4045,4045,30,"04","2",0,0,0,0,NORMAL
815,815,30,EMP1052,EMP1003,4075,4075,30,"04","2",0,0,0,0,NORMAL
1195,1195,30,EMP1052,EMP1003,5975,5975,30,"04","2",0,0,0,0,NORMAL
716,716,30,EMP1052,EMP1003,3580,3580,30,"04","2",0,0,0,0,NORMAL
44190,44190,30,EMP1003,EMP1005,220938,220938,20,"04","3",0,0,2,0,NORMAL
70790,70790,30,EMP1003,EMP1005,353938,353938,20,"04","3",0,0,2,0,NORMAL
71315,71315,30,EMP1003,EMP1005,356563,356563,20,"04","3",0,0,2,0,NORMAL
104565,104565,30,EMP1003,EMP1005,522813,522813,20,"04","3",0,0,2,0,DELAY
62650,62650,30,EMP1003,EMP1005,313250,313250,20,"04","3",0,0,2,0,NORMAL
9306,9306,30,EMP1003,EMP1005,46518,46518,20,"04","3",0,0,2,0,NORMAL
9375,9375,30,EMP1003,EMP1005,46863,46863,20,"04","3",0,0,2,0,NORMAL
13745,13745,30,EMP1003,EMP1005,68713,68713,20,"04","3",0,0,2,0,NORMAL
8234,8234,30,EMP1003,EMP1005,41170,41170,20,"04","3",0,0,2,0,NORMAL
8738,8738,30,EMP1003,EMP1005,43686,43686,20,"04","3",0,0,2,0,NORMAL
8802,8802,30,EMP1003,EMP1005,44010,44010,20,"04","3",0,0,2,0,NORMAL
12906,12906,30,EMP1003,EMP1005,64530,64530,20,"04","3",0,0,2,0,NORMAL
7736,7736,30,EMP1003,EMP1005,38664,38664,20,"04","3",0,0,2,0,NORMAL
809,809,30,EMP1003,EMP1005,4045,4045,30,"04","3",0,0,0,0,NORMAL
815,815,30,EMP1003,EMP1005,4075,4075,30,"04","3",0,0,0,0,NORMAL
1195,1195,30,EMP1003,EMP1005,5975,5975,30,"04","3",0,0,0,0,NORMAL
716,716,30,EMP1003,EMP1005,3580,3580,30,"04","3",0,0,0,0,NORMAL
54112,54112,30,EMP1057,EMP1001,270563,270563,20,"04","4",0,0,2,0,NORMAL
112350,112350,30,EMP1057,EMP1001,561750,561750,20,"04","4",0,0,2,0,NORMAL
91262,91262,30,EMP1057,EMP1001,456313,456313,20,"04","4",0,0,2,0,NORMAL
76825,76825,30,EMP1057,EMP1001,384125,384125,20,"04","4",0,0,2,0,NORMAL
98350,98350,30,EMP1057,EMP1001,491750,491750,20,"04","4",0,0,2,0,NORMAL
14766,14766,30,EMP1057,EMP1001,73830,73830,20,"04","4",0,0,2,0,NORMAL
11994,11994,30,EMP1057,EMP1001,59973,59973,20,"04","4",0,0,2,0,NORMAL
10097,10097,30,EMP1057,EMP1001,50485,50485,20,"04","4",0,0,2,0,NORMAL
12926,12926,30,EMP1057,EMP1001,64630,64630,20,"04","4",0,0,2,0,NORMAL
13867,13867,30,EMP1057,EMP1001,69336,69336,20,"04","4",0,0,2,0,NORMAL
11264,11264,30,EMP1057,EMP1001,56322,56322,20,"04","4",0,0,2,0,NORMAL
9482,9482,30,EMP1057,EMP1001,47412,47412,20,"04","4",0,0,2,0,NORMAL
12139,12139,30,EMP1057,EMP1001,60696,60696,20,"04","4",0,0,2,0,NORMAL
1284,1284,30,EMP1057,EMP1001,6420,6420,30,"04","4",0,0,0,0,NORMAL
1043,1043,30,EMP1057,EMP1001,5215,5215,30,"04","4",0,0,0,0,NORMAL
878,878,30,EMP1057,EMP1001,4390,4390,30,"04","4",0,0,0,0,NORMAL
1124,1124,30,EMP1057,EMP1001,5620,5620,30,"04","4",0,0,0,0,NORMAL
54112,54112,30,EMP1050,EMP1043,270563,270563,20,"05","5",0,0,2,0,NORMAL
112350,112350,30,EMP1050,EMP1043,561750,561750,20,"05","5",0,0,2,0,NORMAL
91262,91262,30,EMP1050,EMP1043,456313,456313,20,"05","5",0,0,2,0,NORMAL
76825,76825,30,EMP1050,EMP1043,384125,384125,20,"05","5",0,0,2,0,NORMAL
98350,98350,30,EMP1050,EMP1043,491750,491750,20,"05","5",0,0,2,0,NORMAL
14766,14766,30,EMP1050,EMP1043,73830,73830,20,"05","5",0,0,2,0,NORMAL
11994,11994,30,EMP1050,EMP1043,59973,59973,20,"05","5",0,0,2,0,NORMAL
10097,10097,30,EMP1050,EMP1043,50485,50485,20,"05","5",0,0,2,0,NORMAL
12926,12926,30,EMP1050,EMP1043,64630,64630,20,"05","5",0,0,2,0,NORMAL
13867,13867,30,EMP1050,EMP1043,69336,69336,20,"05","5",0,0,2,0,NORMAL
11264,11264,30,EMP1050,EMP1043,56322,56322,20,"05","5",0,0,2,0,NORMAL
9482,9482,30,EMP1050,EMP1043,47412,47412,20,"05","5",0,0,2,0,NORMAL
12139,12139,30,EMP1050,EMP1043,60696,60696,20,"05","5",0,0,2,0,NORMAL
1284,1284,30,EMP1050,EMP1043,6420,6420,30,"05","5",0,0,0,0,NORMAL
1043,1043,30,EMP1050,EMP1043,5215,5215,30,"05","5",0,0,0,0,NORMAL
878,878,30,EMP1050,EMP1043,4390,4390,30,"05","5",0,0,0,0,NORMAL
1124,1124,30,EMP1050,EMP1043,5620,5620,30,"05","5",0,0,0,0,NORMAL
54112,54112,30,EMP1059,EMP1006,270563,270563,20,"05","6",0,0,2,0,NORMAL
112350,112350,30,EMP1059,EMP1006,561750,561750,20,"05","6",0,0,2,0,NORMAL
91262,91262,30,EMP1059,EMP1006,456313,456313,20,"05","6",0,0,2,0,NORMAL
76825,76825,30,EMP1059,EMP1006,384125,384125,20,"05","6",0,0,2,0,NORMAL
98350,98350,30,EMP1059,EMP1006,491750,491750,20,"05","6",0,0,2,0,NORMAL
14766,14766,30,EMP1059,EMP1006,73830,73830,20,"05","6",0,0,2,0,NORMAL
11994,11994,30,EMP1059,EMP1006,59973,59973,20,"05","6",0,0,2,0,NORMAL
10097,10097,30,EMP1059,EMP1006,50485,50485,20,"05","6",0,0,2,0,NORMAL
12926,12926,30,EMP1059,EMP1006,64630,64630,20,"05","6",0,0,2,0,NORMAL
13867,13867,30,EMP1059,EMP1006,69336,69336,20,"05","6",0,0,2,0,NORMAL
11264,11264,30,EMP1059,EMP1006,56322,56322,20,"05","6",0,0,2,0,NORMAL
9482,9482,30,EMP1059,EMP1006,47412,47412,20,"05","6",0,0,2,0,NORMAL
12139,12139,30,EMP1059,EMP1006,60696,60696,20,"05","6",0,0,2,0,NORMAL
1284,1284,30,EMP1059,EMP1006,6420,6420,30,"05","6",0,0,0,0,NORMAL
1043,1043,30,EMP1059,EMP1006,5215,5215,30,"05","6",0,0,0,0,NORMAL
878,878,30,EMP1059,EMP1006,4390,4390,30,"05","6",0,0,0,0,NORMAL
1124,1124,30,EMP1059,EMP1006,5620,5620,30,"05","6",0,0,0,0,NORMAL
54112,54112,30,EMP1006,EMP1054,270563,270563,20,"05","2",0,0,2,0,NORMAL
112350,112350,30,EMP1006,EMP1054,561750,561750,20,"05","2",0,0,2,0,NORMAL
91262,91262,30,EMP1006,EMP1054,456313,456313,20,"05","2",0,0,2,0,NORMAL
76825,76825,30,EMP1006,EMP1054,384125,384125,20,"05","2",0,0,2,0,NORMAL
98350,98350,30,EMP1006,EMP1054,491750,491750,20,"05","2",0,0,2,0,NORMAL
14766,14766,30,EMP1006,EMP1054,73830,73830,20,"05","2",0,0,2,0,NORMAL
11994,11994,30,EMP1006,EMP1054,59973,59973,20,"05","2",0,0,2,0,NORMAL
10097,10097,30,EMP1006,EMP1054,50485,50485,20,"05","2",0,0,2,0,NORMAL
12926,12926,30,EMP1006,EMP1054,64630,64630,20,"05","2",0,0,2,0,NORMAL
13867,13867,30,EMP1006,EMP1054,69336,69336,20,"05","2",0,0,2,0,DELAY
11264,11264,30,EMP1006,EMP1054,56322,56322,20,"05","2",0,0,2,0,NORMAL
9482,9482,30,EMP1006,EMP1054,47412,47412,20,"05","2",0,0,2,0,NORMAL
12139,12139,30,EMP1006,EMP1054,60696,60696,20,"05","2",0,0,2,0,NORMAL
1284,1284,30,EMP1006,EMP1054,6420,6420,30,"05","2",0,0,0,0,NORMAL
1043,1043,30,EMP1006,EMP1054,5215,5215,30,"05","2",0,0,0,0,NORMAL
878,878,30,EMP1006,EMP1054,4390,4390,30,"05","2",0,0,0,0,NORMAL
1124,1124,30,EMP1006,EMP1054,5620,5620,30,"05","2",0,0,0,0,NORMAL
54115,54115,30,EMP1047,EMP1052,270563,270563,20,"05","3",0,0,2,0,NORMAL
112350,112350,30,EMP1047,EMP1052,561750,561750,20,"05","3",0,0,2,0,NORMAL
91265,91265,30,EMP1047,EMP1052,456313,456313,20,"05","3",0,0,2,0,NORMAL
76825,76825,30,EMP1047,EMP1052,384125,384125,20,"05","3",0,0,2,0,NORMAL
98350,98350,30,EMP1047,EMP1052,491750,491750,20,"05","3",0,0,2,0,NORMAL
14766,14766,30,EMP1047,EMP1052,73830,73830,20,"05","3",0,0,2,0,NORMAL
11997,11997,30,EMP1047,EMP1052,59973,59973,20,"05","3",0,0,2,0,NORMAL
10097,10097,30,EMP1047,EMP1052,50485,50485,20,"05","3",0,0,2,0,NORMAL
12926,12926,30,EMP1047,EMP1052,64630,64630,20,"05","3",0,0,2,0,NORMAL
13868,13868,30,EMP1047,EMP1052,69336,69336,20,"05","3",0,0,2,0,NORMAL
11266,11266,30,EMP1047,EMP1052,56322,56322,20,"05","3",0,0,2,0,NORMAL
9484,9484,30,EMP1047,EMP1052,47412,47412,20,"05","3",0,0,2,0,NORMAL
12140,12140,30,EMP1047,EMP1052,60696,60696,20,"05","3",0,0,2,0,NORMAL
1284,1284,30,EMP1047,EMP1052,6420,6420,30,"05","3",0,0,0,0,NORMAL
1043,1043,30,EMP1047,EMP1052,5215,5215,30,"05","3",0,0,0,0,NORMAL
878,878,30,EMP1047,EMP1052,4390,4390,30,"05","3",0,0,0,0,NORMAL
1124,1124,30,EMP1047,EMP1052,5620,5620,30,"05","3",0,0,0,0,NORMAL
48325,48325,30,EMP1046,EMP1002,241625,241625,20,"05","4",0,0,2,0,NORMAL
96775,96775,30,EMP1046,EMP1002,483875,483875,20,"05","4",0,0,2,0,NORMAL
84350,84350,30,EMP1046,EMP1002,421750,421750,20,"05","4",0,0,2,0,NORMAL
66587,66587,30,EMP1046,EMP1002,332938,332938,20,"05","4",0,0,2,0,NORMAL
90562,90562,30,EMP1046,EMP1002,452813,452813,20,"05","4",0,0,2,0,NORMAL
12719,12719,30,EMP1046,EMP1002,63595,63595,20,"05","4",0,0,2,0,NORMAL
11086,11086,30,EMP1046,EMP1002,55430,55430,20,"05","4",0,0,2,0,NORMAL
8751,8751,30,EMP1046,EMP1002,43758,43758,20,"05","4",0,0,2,0,NORMAL
11902,11902,30,EMP1046,EMP1002,59513,59513,20,"05","4",0,0,2,0,NORMAL
11944,11944,30,EMP1046,EMP1002,59724,59724,20,"05","4",0,0,2,0,NORMAL
10411,10411,30,EMP1046,EMP1002,52056,52056,20,"05","4",0,0,2,0,NORMAL
8218,8218,30,EMP1046,EMP1002,41094,41094,20,"05","4",0,0,2,0,NORMAL
11178,11178,30,EMP1046,EMP1002,55890,55890,20,"05","4",0,0,2,0,DELAY
1106,1106,30,EMP1046,EMP1002,5530,5530,30,"05","4",0,0,0,0,NORMAL
964,964,30,EMP1046,EMP1002,4820,4820,30,"05","4",0,0,0,0,NORMAL
761,761,30,EMP1046,EMP1002,3805,3805,30,"05","4",0,0,0,0,NORMAL
1035,1035,30,EMP1046,EMP1002,5175,5175,30,"05","4",0,0,0,0,NORMAL
48325,48325,30,EMP1043,EMP1001,241625,241625,20,"05","5",0,0,2,0,NORMAL
96775,96775,30,EMP1043,EMP1001,483875,483875,20,"05","5",0,0,2,0,NORMAL
84350,84350,30,EMP1043,EMP1001,421750,421750,20,"05","5",0,0,2,0,NORMAL
66587,66587,30,EMP1043,EMP1001,332938,332938,20,"05","5",0,0,2,0,NORMAL
90562,90562,30,EMP1043,EMP1001,452813,452813,20,"05","5",0,0,2,0,NORMAL
12719,12719,30,EMP1043,EMP1001,63595,63595,20,"05","5",0,0,2,0,NORMAL
11086,11086,30,EMP1043,EMP1001,55430,55430,20,"05","5",0,0,2,0,NORMAL
8751,8751,30,EMP1043,EMP1001,43758,43758,20,"05","5",0,0,2,0,NORMAL
11902,11902,30,EMP1043,EMP1001,59513,59513,20,"05","5",0,0,2,0,NORMAL
11944,11944,30,EMP1043,EMP1001,59724,59724,20,"05","5",0,0,2,0,NORMAL
10411,10411,30,EMP1043,EMP1001,52056,52056,20,"05","5",0,0,2,0,NORMAL
8218,8218,30,EMP1043,EMP1001,41094,41094,20,"05","5",0,0,2,0,NORMAL
11178,11178,30,EMP1043,EMP1001,55890,55890,20,"05","5",0,0,2,0,NORMAL
1106,1106,30,EMP1043,EMP1001,5530,5530,30,"05","5",0,0,0,0,NORMAL
964,964,30,EMP1043,EMP1001,4820,4820,30,"05","5",0,0,0,0,NORMAL
761,761,30,EMP1043,EMP1001,3805,3805,30,"05","5",0,0,0,0,NORMAL
1035,1035,30,EMP1043,EMP1001,5175,5175,30,"05","5",0,0,0,0,NORMAL
48325,48325,30,EMP1048,EMP1007,241625,241625,20,"05","6",0,0,2,0,NORMAL
96775,96775,30,EMP1048,EMP1007,483875,483875,20,"05","6",0,0,2,0,NORMAL
84350,84350,30,EMP1048,EMP1007,421750,421750,20,"05","6",0,0,2,0,DELAY
66587,66587,30,EMP1048,EMP1007,332938,332938,20,"05","6",0,0,2,0,NORMAL
90562,90562,30,EMP1048,EMP1007,452813,452813,20,"05","6",0,0,2,0,NORMAL
12719,12719,30,EMP1048,EMP1007,63595,63595,20,"05","6",0,0,2,0,NORMAL
11086,11086,30,EMP1048,EMP1007,55430,55430,20,"05","6",0,0,2,0,NORMAL
8751,8751,30,EMP1048,EMP1007,43758,43758,20,"05","6",0,0,2,0,NORMAL
11902,11902,30,EMP1048,EMP1007,59513,59513,20,"05","6",0,0,2,0,NORMAL
11944,11944,30,EMP1048,EMP1007,59724,59724,20,"05","6",0,0,2,0,NORMAL
10411,10411,30,EMP1048,EMP1007,52056,52056,20,"05","6",0,0,2,0,NORMAL
8218,8218,30,EMP1048,EMP1007,41094,41094,20,"05","6",0,0,2,0,NORMAL
11178,11178,30,EMP1048,EMP1007,55890,55890,20,"05","6",0,0,2,0,NORMAL
1106,1106,30,EMP1048,EMP1007,5530,5530,30,"05","6",0,0,0,0,NORMAL
964,964,30,EMP1048,EMP1007,4820,4820,30,"05","6",0,0,0,0,NORMAL
761,761,30,EMP1048,EMP1007,3805,3805,30,"05","6",0,0,0,0,NORMAL
1035,1035,30,EMP1048,EMP1007,5175,5175,30,"05","6",0,0,0,0,NORMAL
48325,48325,30,EMP1048,EMP1005,241625,241625,20,"05","2",0,0,2,0,NORMAL
96775,96775,30,EMP1048,EMP1005,483875,483875,20,"05","2",0,0,2,0,NORMAL
84350,84350,30,EMP1048,EMP1005,421750,421750,20,"05","2",0,0,2,0,NORMAL
66587,66587,30,EMP1048,EMP1005,332938,332938,20,"05","2",0,0,2,0,NORMAL
90562,90562,30,EMP1048,EMP1005,452813,452813,20,"05","2",0,0,2,0,NORMAL
12719,12719,30,EMP1048,EMP1005,63595,63595,20,"05","2",0,0,2,0,NORMAL
11086,11086,30,EMP1048,EMP1005,55430,55430,20,"05","2",0,0,2,0,NORMAL
8751,8751,30,EMP1048,EMP1005,43758,43758,20,"05","2",0,0,2,0,NORMAL
11902,11902,30,EMP1048,EMP1005,59513,59513,20,"05","2",0,0,2,0,NORMAL
11944,11944,30,EMP1048,EMP1005,59724,59724,20,"05","2",0,0,2,0,NORMAL
10411,10411,30,EMP1048,EMP1005,52056,52056,20,"05","2",0,0,2,0,NORMAL
8218,8218,30,EMP1048,EMP1005,41094,41094,20,"05","2",0,0,2,0,NORMAL
11178,11178,30,EMP1048,EMP1005,55890,55890,20,"05","2",0,0,2,0,NORMAL
1106,1106,30,EMP1048,EMP1005,5530,5530,30,"05","2",0,0,0,0,NORMAL
964,964,30,EMP1048,EMP1005,4820,4820,30,"05","2",0,0,0,0,NORMAL
761,761,30,EMP1048,EMP1005,3805,3805,30,"05","2",0,0,0,0,NORMAL
1035,1035,30,EMP1048,EMP1005,5175,5175,30,"05","2",0,0,0,0,NORMAL
48325,48325,30,EMP1042,EMP1005,241625,241625,20,"05","3",0,0,2,0,NORMAL
96775,96775,30,EMP1042,EMP1005,483875,483875,20,"05","3",0,0,2,0,NORMAL
84350,84350,30,EMP1042,EMP1005,421750,421750,20,"05","3",0,0,2,0,NORMAL
66590,66590,30,EMP1042,EMP1005,332938,332938,20,"05","3",0,0,2,0,NORMAL
90565,90565,30,EMP1042,EMP1005,452813,452813,20,"05","3",0,0,2,0,NORMAL
12719,12719,30,EMP1042,EMP1005,63595,63595,20,"05","3",0,0,2,0,NORMAL
11086,11086,30,EMP1042,EMP1005,55430,55430,20,"05","3",0,0,2,0,NORMAL
8754,8754,30,EMP1042,EMP1005,43758,43758,20,"05","3",0,0,2,0,NORMAL
11905,11905,30,EMP1042,EMP1005,59513,59513,20,"05","3",0,0,2,0,NORMAL
11948,11948,30,EMP1042,EMP1005,59724,59724,20,"05","3",0,0,2,0,NORMAL
10412,10412,30,EMP1042,EMP1005,52056,52056,20,"05","3",0,0,2,0,NORMAL
8222,8222,30,EMP1042,EMP1005,41094,41094,20,"05","3",0,0,2,0,NORMAL
11178,11178,30,EMP1042,EMP1005,55890,55890,20,"05","3",0,0,2,0,NORMAL
1106,1106,30,EMP1042,EMP1005,5530,5530,30,"05","3",0,0,0,0,NORMAL
964,964,30,EMP1042,EMP1005,4820,4820,30,"05","3",0,0,0,0,NORMAL
761,761,30,EMP1042,EMP1005,3805,3805,30,"05","3",0,0,0,0,NORMAL
1035,1035,30,EMP1042,EMP1005,5175,5175,30,"05","3",0,0,0,0,NORMAL
50512,50512,30,EMP1005,EMP1006,252563,252563,20,"05","4",0,0,2,0,NORMAL
82950,82950,30,EMP1005,EMP1006,414750,414750,20,"05","4",0,0,2,0,NORMAL
98437,98437,30,EMP1005,EMP1006,492188,492188,20,"05","4",0,0,2,0,NORMAL
101762,101762,30,EMP1005,EMP1006,508813,508813,20,"05","4",0,0,2,0,NORMAL
70437,70437,30,EMP1005,EMP1006,352188,352188,20,"05","4",0,0,2,0,NORMAL
10902,10902,30,EMP1005,EMP1006,54510,54510,20,"05","4",0,0,2,0,NORMAL
12937,12937,30,EMP1005,EMP1006,64688,64688,20,"05","4",0,0,2,0,NORMAL
13374,13374,30,EMP1005,EMP1006,66873,66873,20,"05","4",0,0,2,0,NORMAL
9257,9257,30,EMP1005,EMP1006,46288,46288,20,"05","4",0,0,2,0,NORMAL
10238,10238,30,EMP1005,EMP1006,51192,51192,20,"05","4",0,0,2,0,NORMAL
12150,12150,30,EMP1005,EMP1006,60750,60750,20,"05","4",0,0,2,0,DELAY
12560,12560,30,EMP1005,EMP1006,62802,62802,20,"05","4",0,0,2,0,NORMAL
8694,8694,30,EMP1005,EMP1006,43470,43470,20,"05","4",0,0,2,0,NORMAL
948,948,30,EMP1005,EMP1006,4740,4740,30,"05","4",0,0,0,0,NORMAL
1125,1125,30,EMP1005,EMP1006,5625,5625,30,"05","4",0,0,0,0,NORMAL
1163,1163,30,EMP1005,EMP1006,5815,5815,30,"05","4",0,0,0,0,NORMAL
805,805,30,EMP1005,EMP1006,4025,4025,30,"05","4",0,0,0,0,NORMAL
50512,50512,30,EMP1048,EMP1045,252563,252563,20,"05","5",0,0,2,0,NORMAL
82950,82950,30,EMP1048,EMP1045,414750,414750,20,"05","5",0,0,2,0,NORMAL
98437,98437,30,EMP1048,EMP1045,492188,492188,20,"05","5",0,0,2,0,NORMAL
101762,101762,30,EMP1048,EMP1045,508813,508813,20,"05","5",0,0,2,0,NORMAL
70437,70437,30,EMP1048,EMP1045,352188,352188,20,"05","5",0,0,2,0,NORMAL
10902,10902,30,EMP1048,EMP1045,54510,54510,20,"05","5",0,0,2,0,DELAY
12937,12937,30,EMP1048,EMP1045,64688,64688,20,"05","5",0,0,2,0,NORMAL
13374,13374,30,EMP1048,EMP1045,66873,66873,20,"05","5",0,0,2,0,NORMAL
9257,9257,30,EMP1048,EMP1045,46288,46288,20,"05","5",0,0,2,0,NORMAL
10238,10238,30,EMP1048,EMP1045,51192,51192,20,"05","5",0,0,2,0,NORMAL
12150,12150,30,EMP1048,EMP1045,60750,60750,20,"05","5",0,0,2,0,NORMAL
12560,12560,30,EMP1048,EMP1045,62802,62802,20,"05","5",0,0,2,0,NORMAL
8694,8694,30,EMP1048,EMP1045,43470,43470,20,"05","5",0,0,2,0,NORMAL
948,948,30,EMP1048,EMP1045,4740,4740,30,"05","5",0,0,0,0,NORMAL
1125,1125,30,EMP1048,EMP1045,5625,5625,30,"05","5",0,0,0,0,NORMAL
1163,1163,30,EMP1048,EMP1045,5815,5815,30,"05","5",0,0,0,0,NORMAL
805,805,30,EMP1048,EMP1045,4025,4025,30,"05","5",0,0,0,0,NORMAL
50512,50512,30,EMP1056,EMP1047,252563,252563,20,"05","6",0,0,2,0,NORMAL
82950,82950,30,EMP1056,EMP1047,414750,414750,20,"05","6",0,0,2,0,NORMAL
98437,98437,30,EMP1056,EMP1047,492188,492188,20,"05","6",0,0,2,0,NORMAL
101762,101762,30,EMP1056,EMP1047,508813,508813,20,"05","6",0,0,2,0,NORMAL
70437,70437,30,EMP1056,EMP1047,352188,352188,20,"05","6",0,0,2,0,NORMAL
10902,10902,30,EMP1056,EMP1047,54510,54510,20,"05","6",0,0,2,0,NORMAL
12937,12937,30,EMP1056,EMP1047,64688,64688,20,"05","6",0,0,2,0,NORMAL
13374,13374,30,EMP1056,EMP1047,66873,66873,20,"05","6",0,0,2,0,NORMAL
9257,9257,30,EMP1056,EMP1047,46288,46288,20,"05","6",0,0,2,0,NORMAL
10238,10238,30,EMP1056,EMP1047,51192,51192,20,"05","6",0,0,2,0,NORMAL
12150,12150,30,EMP1056,EMP1047,60750,60750,20,"05","6",0,0,2,0,NORMAL
12560,12560,30,EMP1056,EMP1047,62802,62802,20,"05","6",0,0,2,0,NORMAL
8694,8694,30,EMP1056,EMP1047,43470,43470,20,"05","6",0,0,2,0,NORMAL
948,948,30,EMP1056,EMP1047,4740,4740,30,"05","6",0,0,0,0,NORMAL
1125,1125,30,EMP1056,EMP1047,5625,5625,30,"05","6",0,0,0,0,NORMAL
1163,1163,30,EMP1056,EMP1047,5815,5815,30,"05","6",0,0,0,0,NORMAL
805,805,30,EMP1056,EMP1047,4025,4025,30,"05","6",0,0,0,0,NORMAL
50512,50512,30,EMP1003,EMP1050,252563,252563,20,"05","2",0,0,2,0,NORMAL
82950,82950,30,EMP1003,EMP1050,414750,414750,20,"05","2",0,0,2,0,NORMAL
98437,98437,30,EMP1003,EMP1050,492188,492188,20,"05","2",0,0,2,0,NORMAL
101762,101762,30,EMP1003,EMP1050,508813,508813,20,"05","2",0,0,2,0,NORMAL
70437,70437,30,EMP1003,EMP1050,352188,352188,20,"05","2",0,0,2,0,NORMAL
10902,10902,30,EMP1003,EMP1050,54510,54510,20,"05","2",0,0,2,0,NORMAL
12937,12937,30,EMP1003,EMP1050,64688,64688,20,"05","2",0,0,2,0,NORMAL
13374,13374,30,EMP1003,EMP1050,66873,66873,20,"05","2",0,0,2,0,NORMAL
9257,9257,30,EMP1003,EMP1050,46288,46288,20,"05","2",0,0,2,0,NORMAL
10238,10238,30,EMP1003,EMP1050,51192,51192,20,"05","2",0,0,2,0,NORMAL
12150,12150,30,EMP1003,EMP1050,60750,60750,20,"05","2",0,0,2,0,NORMAL
12560,12560,30,EMP1003,EMP1050,62802,62802,20,"05","2",0,0,2,0,NORMAL
8694,8694,30,EMP1003,EMP1050,43470,43470,20,"05","2",0,0,2,0,NORMAL
948,948,30,EMP1003,EMP1050,4740,4740,30,"05","2",0,0,0,0,NORMAL
1125,1125,30,EMP1003,EMP1050,5625,5625,30,"05","2",0,0,0,0,NORMAL
1163,1163,30,EMP1003,EMP1050,5815,5815,30,"05","2",0,0,0,0,NORMAL
805,805,30,EMP1003,EMP1050,4025,4025,30,"05","2",0,0,0,0,NORMAL
50515,50515,30,EMP1001,EMP1059,252563,252563,20,"05","3",0,0,2,0,NORMAL
82950,82950,30,EMP1001,EMP1059,414750,414750,20,"05","3",0,0,2,0,NORMAL
98440,98440,30,EMP1001,EMP1059,492188,492188,20,"05","3",0,0,2,0,NORMAL
101765,101765,30,EMP1001,EMP1059,508813,508813,20,"05","3",0,0,2,0,NORMAL
70440,70440,30,EMP1001,EMP1059,352188,352188,20,"05","3",0,0,2,0,NORMAL
10902,10902,30,EMP1001,EMP1059,54510,54510,20,"05","3",0,0,2,0,NORMAL
12940,12940,30,EMP1001,EMP1059,64688,64688,20,"05","3",0,0,2,0,NORMAL
13377,13377,30,EMP1001,EMP1059,66873,66873,20,"05","3",0,0,2,0,NORMAL
9260,9260,30,EMP1001,EMP1059,46288,46288,20,"05","3",0,0,2,0,NORMAL
10240,10240,30,EMP1001,EMP1059,51192,51192,20,"05","3",0,0,2,0,NORMAL
12150,12150,30,EMP1001,EMP1059,60750,60750,20,"05","3",0,0,2,0,NORMAL
12562,12562,30,EMP1001,EMP1059,62802,62802,20,"05","3",0,0,2,0,NORMAL
8694,8694,30,EMP1001,EMP1059,43470,43470,20,"05","3",0,0,2,0,NORMAL
948,948,30,EMP1001,EMP1059,4740,4740,30,"05","3",0,0,0,0,NORMAL
1125,1125,30,EMP1001,EMP1059,5625,5625,30,"05","3",0,0,0,0,NORMAL
1163,1163,30,EMP1001,EMP1059,5815,5815,30,"05","3",0,0,0,0,NORMAL
805,805,30,EMP1001,EMP1059,4025,4025,30,"05","3",0,0,0,0,NORMAL
55287,55287,30,EMP1052,EMP1051,276438,276438,20,"05","4",0,0,2,0,NORMAL
93362,93362,30,EMP1052,EMP1051,466813,466813,20,"05","4",0,0,2,0,NORMAL
112000,112000,30,EMP1052,EMP1051,560000,560000,20,"05","4",0,0,2,0,NORMAL
105262,105262,30,EMP1052,EMP1051,526313,526313,20,"05","4",0,0,2,0,NORMAL
76387,76387,30,EMP1052,EMP1051,381938,381938,20,"05","4",0,0,2,0,NORMAL
12270,12270,30,EMP1052,EMP1051,61353,61353,20,"05","4",0,0,2,0,NORMAL
14720,14720,30,EMP1052,EMP1051,73600,73600,20,"05","4",0,0,2,0,NORMAL
13834,13834,30,EMP1052,EMP1051,69173,69173,20,"05","4",0,0,2,0,NORMAL
10039,10039,30,EMP1052,EMP1051,50198,50198,20,"05","4",0,0,2,0,NORMAL
11523,11523,30,EMP1052,EMP1051,57618,57618,20,"05","4",0,0,2,0,NORMAL
13824,13824,30,EMP1052,EMP1051,69120,69120,20,"05","4",0,0,2,0,DELAY
12992,12992,30,EMP1052,EMP1051,64962,64962,20,"05","4",0,0,2,0,NORMAL
9428,9428,30,EMP1052,EMP1051,47142,47142,20,"05","4",0,0,2,0,NORMAL
1067,1067,30,EMP1052,EMP1051,5335,5335,30,"05","4",0,0,0,0,NORMAL
1280,1280,30,EMP1052,EMP1051,6400,6400,30,"05","4",0,0,0,0,NORMAL
1203,1203,30,EMP1052,EMP1051,6015,6015,30,"05","4",0,0,0,0,NORMAL
873,873,30,EMP1052,EMP1051,4365,4365,30,"05","4",0,0,0,0,NORMAL
55287,55287,30,EMP1048,EMP1048,276438,276438,20,"05","5",0,0,2,0,DELAY
93362,93362,30,EMP1048,EMP1048,466813,466813,20,"05","5",0,0,2,0,NORMAL
112000,112000,30,EMP1048,EMP1048,560000,560000,20,"05","5",0,0,2,0,NORMAL
105262,105262,30,EMP1048,EMP1048,526313,526313,20,"05","5",0,0,2,0,NORMAL
76387,76387,30,EMP1048,EMP1048,381938,381938,20,"05","5",0,0,2,0,NORMAL
12270,12270,30,EMP1048,EMP1048,61353,61353,20,"05","5",0,0,2,0,NORMAL
14720,14720,30,EMP1048,EMP1048,73600,73600,20,"05","5",0,0,2,0,DELAY
13834,13834,30,EMP1048,EMP1048,69173,69173,20,"05","5",0,0,2,0,NORMAL
10039,10039,30,EMP1048,EMP1048,50198,50198,20,"05","5",0,0,2,0,NORMAL
11523,11523,30,EMP1048,EMP1048,57618,57618,20,"05","5",0,0,2,0,NORMAL
13824,13824,30,EMP1048,EMP1048,69120,69120,20,"05","5",0,0,2,0,NORMAL
12992,12992,30,EMP1048,EMP1048,64962,64962,20,"05","5",0,0,2,0,NORMAL
9428,9428,30,EMP1048,EMP1048,47142,47142,20,"05","5",0,0,2,0,NORMAL
1067,1067,30,EMP1048,EMP1048,5335,5335,30,"05","5",0,0,0,0,NORMAL
1280,1280,30,EMP1048,EMP1048,6400,6400,30,"05","5",0,0,0,0,NORMAL
1203,1203,30,EMP1048,EMP1048,6015,6015,30,"05","5",0,0,0,0,NORMAL
873,873,30,EMP1048,EMP1048,4365,4365,30,"05","5",0,0,0,0,NORMAL
55287,55287,30,EMP1050,EMP1050,276438,276438,20,"05","6",0,0,2,0,NORMAL
93362,93362,30,EMP1050,EMP1050,466813,466813,20,"05","6",0,0,2,0,NORMAL
112000,112000,30,EMP1050,EMP1050,560000,560000,20,"05","6",0,0,2,0,NORMAL
105262,105262,30,EMP1050,EMP1050,526313,526313,20,"05","6",0,0,2,0,NORMAL
76387,76387,30,EMP1050,EMP1050,381938,381938,20,"05","6",0,0,2,0,NORMAL
12270,12270,30,EMP1050,EMP1050,61353,61353,20,"05","6",0,0,2,0,NORMAL
14720,14720,30,EMP1050,EMP1050,73600,73600,20,"05","6",0,0,2,0,NORMAL
13834,13834,30,EMP1050,EMP1050,69173,69173,20,"05","6",0,0,2,0,NORMAL
10039,10039,30,EMP1050,EMP1050,50198,50198,20,"05","6",0,0,2,0,NORMAL
11523,11523,30,EMP1050,EMP1050,57618,57618,20,"05","6",0,0,2,0,NORMAL
13824,13824,30,EMP1050,EMP1050,69120,69120,20,"05","6",0,0,2,0,NORMAL
12992,12992,30,EMP1050,EMP1050,64962,64962,20,"05","6",0,0,2,0,NORMAL
9428,9428,30,EMP1050,EMP1050,47142,47142,20,"05","6",0,0,2,0,NORMAL
1067,1067,30,EMP1050,EMP1050,5335,5335,30,"05","6",0,0,0,0,NORMAL
1280,1280,30,EMP1050,EMP1050,6400,6400,30,"05","6",0,0,0,0,NORMAL
1203,1203,30,EMP1050,EMP1050,6015,6015,30,"05","6",0,0,0,0,NORMAL
873,873,30,EMP1050,EMP1050,4365,4365,30,"05","6",0,0,0,0,NORMAL
55287,55287,30,EMP1049,EMP1051,276438,276438,20,"05","2",0,0,2,0,NORMAL
93362,93362,30,EMP1049,EMP1051,466813,466813,20,"05","2",0,0,2,0,NORMAL
112000,112000,30,EMP1049,EMP1051,560000,560000,20,"05","2",0,0,2,0,NORMAL
105262,105262,30,EMP1049,EMP1051,526313,526313,20,"05","2",0,0,2,0,DELAY
76387,76387,30,EMP1049,EMP1051,381938,381938,20,"05","2",0,0,2,0,NORMAL
12270,12270,30,EMP1049,EMP1051,61353,61353,20,"05","2",0,0,2,0,NORMAL
14720,14720,30,EMP1049,EMP1051,73600,73600,20,"05","2",0,0,2,0,NORMAL
13834,13834,30,EMP1049,EMP1051,69173,69173,20,"05","2",0,0,2,0,NORMAL
10039,10039,30,EMP1049,EMP1051,50198,50198,20,"05","2",0,0,2,0,NORMAL
11523,11523,30,EMP1049,EMP1051,57618,57618,20,"05","2",0,0,2,0,NORMAL
13824,13824,30,EMP1049,EMP1051,69120,69120,20,"05","2",0,0,2,0,NORMAL
12992,12992,30,EMP1049,EMP1051,64962,64962,20,"05","2",0,0,2,0,NORMAL
9428,9428,30,EMP1049,EMP1051,47142,47142,20,"05","2",0,0,2,0,NORMAL
1067,1067,30,EMP1049,EMP1051,5335,5335,30,"05","2",0,0,0,0,NORMAL
1280,1280,30,EMP1049,EMP1051,6400,6400,30,"05","2",0,0,0,0,NORMAL
1203,1203,30,EMP1049,EMP1051,6015,6015,30,"05","2",0,0,0,0,NORMAL
873,873,30,EMP1049,EMP1051,4365,4365,30,"05","2",0,0,0,0,NORMAL
55290,55290,30,EMP1007,EMP1007,276438,276438,20,"05","3",0,0,2,0,NORMAL
93365,93365,30,EMP1007,EMP1007,466813,466813,20,"05","3",0,0,2,0,NORMAL
112000,112000,30,EMP1007,EMP1007,560000,560000,20,"05","3",0,0,2,0,NORMAL
105265,105265,30,EMP1007,EMP1007,526313,526313,20,"05","3",0,0,2,0,NORMAL
76390,76390,30,EMP1007,EMP1007,381938,381938,20,"05","3",0,0,2,0,NORMAL
12273,12273,30,EMP1007,EMP1007,61353,61353,20,"05","3",0,0,2,0,NORMAL
14720,14720,30,EMP1007,EMP1007,73600,73600,20,"05","3",0,0,2,0,NORMAL
13837,13837,30,EMP1007,EMP1007,69173,69173,20,"05","3",0,0,2,0,NORMAL
10042,10042,30,EMP1007,EMP1007,50198,50198,20,"05","3",0,0,2,0,NORMAL
11526,11526,30,EMP1007,EMP1007,57618,57618,20,"05","3",0,0,2,0,NORMAL
13824,13824,30,EMP1007,EMP1007,69120,69120,20,"05","3",0,0,2,0,NORMAL
12994,12994,30,EMP1007,EMP1007,64962,64962,20,"05","3",0,0,2,0,NORMAL
9430,9430,30,EMP1007,EMP1007,47142,47142,20,"05","3",0,0,2,0,NORMAL
1067,1067,30,EMP1007,EMP1007,5335,5335,30,"05","3",0,0,0,0,NORMAL
1280,1280,30,EMP1007,EMP1007,6400,6400,30,"05","3",0,0,0,0,NORMAL
1203,1203,30,EMP1007,EMP1007,6015,6015,30,"05","3",0,0,0,0,NORMAL
873,873,30,EMP1007,EMP1007,4365,4365,30,"05","3",0,0,0,0,NORMAL
51462,51462,30,EMP1007,EMP1051,257313,257313,20,"05","4",0,0,2,0,NORMAL
95725,95725,30,EMP1007,EMP1051,478625,478625,20,"05","4",0,0,2,0,NORMAL
65712,65712,30,EMP1007,EMP1051,328563,328563,20,"05","4",0,0,2,0,NORMAL
109200,109200,30,EMP1007,EMP1051,546000,546000,20,"05","4",0,0,2,0,NORMAL
89600,89600,30,EMP1007,EMP1051,448000,448000,20,"05","4",0,0,2,0,NORMAL
12581,12581,30,EMP1007,EMP1051,62905,62905,20,"05","4",0,0,2,0,NORMAL
8636,8636,30,EMP1007,EMP1051,43183,43183,20,"05","4",0,0,2,0,NORMAL
14352,14352,30,EMP1007,EMP1051,71760,71760,20,"05","4",0,0,2,0,NORMAL
11776,11776,30,EMP1007,EMP1051,58880,58880,20,"05","4",0,0,2,0,NORMAL
11815,11815,30,EMP1007,EMP1051,59076,59076,20,"05","4",0,0,2,0,NORMAL
8110,8110,30,EMP1007,EMP1051,40554,40554,20,"05","4",0,0,2,0,NORMAL
13478,13478,30,EMP1007,EMP1051,67392,67392,20,"05","4",0,0,2,0,NORMAL
11059,11059,30,EMP1007,EMP1051,55296,55296,20,"05","4",0,0,2,0,NORMAL
1094,1094,30,EMP1007,EMP1051,5470,5470,30,"05","4",0,0,0,0,NORMAL
751,751,30,EMP1007,EMP1051,3755,3755,30,"05","4",0,0,0,0,NORMAL
1248,1248,30,EMP1007,EMP1051,6240,6240,30,"05","4",0,0,0,0,NORMAL
1024,1024,30,EMP1007,EMP1051,5120,5120,30,"05","4",0,0,0,0,NORMAL
51462,51462,30,EMP1050,EMP1005,257313,257313,20,"05","5",0,0,2,0,NORMAL
95725,95725,30,EMP1050,EMP1005,478625,478625,20,"05","5",0,0,2,0,NORMAL
65712,65712,30,EMP1050,EMP1005,328563,328563,20,"05","5",0,0,2,0,NORMAL
109200,109200,30,EMP1050,EMP1005,546000,546000,20,"05","5",0,0,2,0,NORMAL
89600,89600,30,EMP1050,EMP1005,448000,448000,20,"05","5",0,0,2,0,NORMAL
12581,12581,30,EMP1050,EMP1005,62905,62905,20,"05","5",0,0,2,0,NORMAL
8636,8636,30,EMP1050,EMP1005,43183,43183,20,"05","5",0,0,2,0,NORMAL
14352,14352,30,EMP1050,EMP1005,71760,71760,20,"05","5",0,0,2,0,NORMAL
11776,11776,30,EMP1050,EMP1005,58880,58880,20,"05","5",0,0,2,0,NORMAL
11815,11815,30,EMP1050,EMP1005,59076,59076,20,"05","5",0,0,2,0,NORMAL
8110,8110,30,EMP1050,EMP1005,40554,40554,20,"05","5",0,0,2,0,NORMAL
13478,13478,30,EMP1050,EMP1005,67392,67392,20,"05","5",0,0,2,0,NORMAL
11059,11059,30,EMP1050,EMP1005,55296,55296,20,"05","5",0,0,2,0,NORMAL
1094,1094,30,EMP1050,EMP1005,5470,5470,30,"05","5",0,0,0,0,NORMAL
751,751,30,EMP1050,EMP1005,3755,3755,30,"05","5",0,0,0,0,NORMAL
1248,1248,30,EMP1050,EMP1005,6240,6240,30,"05","5",0,0,0,0,NORMAL
1024,1024,30,EMP1050,EMP1005,5120,5120,30,"05","5",0,0,0,0,NORMAL
51462,51462,30,EMP1057,EMP1004,257313,257313,20,"05","6",0,0,2,0,NORMAL
95725,95725,30,EMP1057,EMP1004,478625,478625,20,"05","6",0,0,2,0,NORMAL
65712,65712,30,EMP1057,EMP1004,328563,328563,20,"05","6",0,0,2,0,NORMAL
109200,109200,30,EMP1057,EMP1004,546000,546000,20,"05","6",0,0,2,0,NORMAL
89600,89600,30,EMP1057,EMP1004,448000,448000,20,"05","6",0,0,2,0,NORMAL
12581,12581,30,EMP1057,EMP1004,62905,62905,20,"05","6",0,0,2,0,NORMAL
8636,8636,30,EMP1057,EMP1004,43183,43183,20,"05","6",0,0,2,0,NORMAL
14352,14352,30,EMP1057,EMP1004,71760,71760,20,"05","6",0,0,2,0,NORMAL
11776,11776,30,EMP1057,EMP1004,58880,58880,20,"05","6",0,0,2,0,NORMAL
11815,11815,30,EMP1057,EMP1004,59076,59076,20,"05","6",0,0,2,0,NORMAL
8110,8110,30,EMP1057,EMP1004,40554,40554,20,"05","6",0,0,2,0,NORMAL
13478,13478,30,EMP1057,EMP1004,67392,67392,20,"05","6",0,0,2,0,NORMAL
11059,11059,30,EMP1057,EMP1004,55296,55296,20,"05","6",0,0,2,0,NORMAL
1094,1094,30,EMP1057,EMP1004,5470,5470,30,"05","6",0,0,0,0,NORMAL
751,751,30,EMP1057,EMP1004,3755,3755,30,"05","6",0,0,0,0,NORMAL
1248,1248,30,EMP1057,EMP1004,6240,6240,30,"05","6",0,0,0,0,NORMAL
1024,1024,30,EMP1057,EMP1004,5120,5120,30,"05","6",0,0,0,0,NORMAL
51462,51462,30,EMP1059,EMP1041,257313,257313,20,"06","2",1,0,2,1,DELAY
95725,95725,30,EMP1059,EMP1041,478625,478625,20,"06","2",1,0,2,1,DELAY
65712,65712,30,EMP1059,EMP1041,328563,328563,20,"06","2",1,0,2,1,DELAY
109200,109200,30,EMP1059,EMP1041,546000,546000,20,"06","2",1,0,2,1,DELAY
89600,89600,30,EMP1059,EMP1041,448000,448000,20,"06","2",1,0,2,1,DELAY
12581,12581,30,EMP1059,EMP1041,62905,62905,20,"06","2",1,0,2,1,RISK
8636,8636,30,EMP1059,EMP1041,43183,43183,20,"06","2",1,0,2,1,DELAY
14352,14352,30,EMP1059,EMP1041,71760,71760,20,"06","2",1,0,2,1,DELAY
11776,11776,30,EMP1059,EMP1041,58880,58880,20,"06","2",1,0,2,1,DELAY
11815,11815,30,EMP1059,EMP1041,59076,59076,20,"06","2",1,0,2,1,DELAY
8110,8110,30,EMP1059,EMP1041,40554,40554,20,"06","2",1,0,2,1,DELAY
13478,13478,30,EMP1059,EMP1041,67392,67392,20,"06","2",1,0,2,1,DELAY
11059,11059,30,EMP1059,EMP1041,55296,55296,20,"06","2",1,0,2,1,DELAY
1094,1094,30,EMP1059,EMP1041,5470,5470,30,"06","2",1,0,0,1,NORMAL
751,751,30,EMP1059,EMP1041,3755,3755,30,"06","2",1,0,0,1,NORMAL
1248,1248,30,EMP1059,EMP1041,6240,6240,30,"06","2",1,0,0,1,NORMAL
1024,1024,30,EMP1059,EMP1041,5120,5120,30,"06","2",1,0,0,1,NORMAL
51465,51465,30,EMP1003,EMP1056,257313,257313,20,"06","3",1,0,2,1,DELAY
95725,95725,30,EMP1003,EMP1056,478625,478625,20,"06","3",1,0,2,1,DELAY
65715,65715,30,EMP1003,EMP1056,328563,328563,20,"06","3",1,0,2,1,DELAY
109200,109200,30,EMP1003,EMP1056,546000,546000,20,"06","3",1,0,2,1,DELAY
89600,89600,30,EMP1003,EMP1056,448000,448000,20,"06","3",1,0,2,1,DELAY
12581,12581,30,EMP1003,EMP1056,62905,62905,20,"06","3",1,0,2,1,DELAY
8639,8639,30,EMP1003,EMP1056,43183,43183,20,"06","3",1,0,2,1,DELAY
14352,14352,30,EMP1003,EMP1056,71760,71760,20,"06","3",1,0,2,1,DELAY
11776,11776,30,EMP1003,EMP1056,58880,58880,20,"06","3",1,0,2,1,DELAY
11816,11816,30,EMP1003,EMP1056,59076,59076,20,"06","3",1,0,2,1,DELAY
8114,8114,30,EMP1003,EMP1056,40554,40554,20,"06","3",1,0,2,1,DELAY
13480,13480,30,EMP1003,EMP1056,67392,67392,20,"06","3",1,0,2,1,DELAY
11060,11060,30,EMP1003,EMP1056,55296,55296,20,"06","3",1,0,2,1,DELAY
1094,1094,30,EMP1003,EMP1056,5470,5470,30,"06","3",1,0,0,1,NORMAL
751,751,30,EMP1003,EMP1056,3755,3755,30,"06","3",1,0,0,1,NORMAL
1248,1248,30,EMP1003,EMP1056,6240,6240,30,"06","3",1,0,0,1,DELAY
1024,1024,30,EMP1003,EMP1056,5120,5120,30,"06","3",1,0,0,1,DELAY
51537,51537,30,EMP1051,EMP1048,309225,309225,20,"06","4",1,0,2,1,DELAY
89250,89250,30,EMP1051,EMP1048,535500,535500,20,"06","4",1,0,2,1,DELAY
88375,88375,30,EMP1051,EMP1048,530250,530250,20,"06","4",1,0,2,1,DELAY
84000,84000,30,EMP1051,EMP1048,504000,504000,20,"06","4",1,0,2,1,DELAY
99137,99137,30,EMP1051,EMP1048,594825,594825,20,"06","4",1,0,2,1,DELAY
11730,11730,30,EMP1051,EMP1048,70380,70380,20,"06","4",1,0,2,1,DELAY
11615,11615,30,EMP1051,EMP1048,69690,69690,20,"06","4",1,0,2,1,DELAY
11040,11040,30,EMP1051,EMP1048,66240,66240,20,"06","4",1,0,2,1,DELAY
13029,13029,30,EMP1051,EMP1048,78177,78177,20,"06","4",1,0,2,1,DELAY
11016,11016,30,EMP1051,EMP1048,66096,66096,20,"06","4",1,0,2,1,DELAY
10908,10908,30,EMP1051,EMP1048,65448,65448,20,"06","4",1,0,2,1,DELAY
10368,10368,30,EMP1051,EMP1048,62208,62208,20,"06","4",1,0,2,1,DELAY
12236,12236,30,EMP1051,EMP1048,73419,73419,20,"06","4",1,0,2,1,DELAY
1020,1020,30,EMP1051,EMP1048,6120,6120,30,"06","4",1,0,0,1,NORMAL
1010,1010,30,EMP1051,EMP1048,6060,6060,30,"06","4",1,0,0,1,NORMAL
960,960,30,EMP1051,EMP1048,5760,5760,30,"06","4",1,0,0,1,NORMAL
1133,1133,30,EMP1051,EMP1048,6798,6798,30,"06","4",1,0,0,1,NORMAL
51537,51537,30,EMP1053,EMP1049,309225,309225,20,"06","5",1,0,2,1,DELAY
89250,89250,30,EMP1053,EMP1049,535500,535500,20,"06","5",1,0,2,1,DELAY
88375,88375,30,EMP1053,EMP1049,530250,530250,20,"06","5",1,0,2,1,DELAY
84000,84000,30,EMP1053,EMP1049,504000,504000,20,"06","5",1,0,2,1,DELAY
99137,99137,30,EMP1053,EMP1049,594825,594825,20,"06","5",1,0,2,1,DELAY
11730,11730,30,EMP1053,EMP1049,70380,70380,20,"06","5",1,0,2,1,DELAY
11615,11615,30,EMP1053,EMP1049,69690,69690,20,"06","5",1,0,2,1,DELAY
11040,11040,30,EMP1053,EMP1049,66240,66240,20,"06","5",1,0,2,1,DELAY
13029,13029,30,EMP1053,EMP1049,78177,78177,20,"06","5",1,0,2,1,DELAY
11016,11016,30,EMP1053,EMP1049,66096,66096,20,"06","5",1,0,2,1,DELAY
10908,10908,30,EMP1053,EMP1049,65448,65448,20,"06","5",1,0,2,1,RISK
10368,10368,30,EMP1053,EMP1049,62208,62208,20,"06","5",1,0,2,1,DELAY
12236,12236,30,EMP1053,EMP1049,73419,73419,20,"06","5",1,0,2,1,DELAY
1020,1020,30,EMP1053,EMP1049,6120,6120,30,"06","5",1,0,0,1,NORMAL
1010,1010,30,EMP1053,EMP1049,6060,6060,30,"06","5",1,0,0,1,NORMAL
960,960,30,EMP1053,EMP1049,5760,5760,30,"06","5",1,0,0,1,NORMAL
1133,1133,30,EMP1053,EMP1049,6798,6798,30,"06","5",1,0,0,1,NORMAL
51537,51537,30,EMP1051,EMP1059,309225,309225,20,"06","6",1,0,2,1,DELAY
89250,89250,30,EMP1051,EMP1059,535500,535500,20,"06","6",1,0,2,1,RISK
88375,88375,30,EMP1051,EMP1059,530250,530250,20,"06","6",1,0,2,1,DELAY
84000,84000,30,EMP1051,EMP1059,504000,504000,20,"06","6",1,0,2,1,DELAY
99137,99137,30,EMP1051,EMP1059,594825,594825,20,"06","6",1,0,2,1,RISK
11730,11730,30,EMP1051,EMP1059,70380,70380,20,"06","6",1,0,2,1,DELAY
11615,11615,30,EMP1051,EMP1059,69690,69690,20,"06","6",1,0,2,1,RISK
11040,11040,30,EMP1051,EMP1059,66240,66240,20,"06","6",1,0,2,1,DELAY
13029,13029,30,EMP1051,EMP1059,78177,78177,20,"06","6",1,0,2,1,DELAY
11016,11016,30,EMP1051,EMP1059,66096,66096,20,"06","6",1,0,2,1,RISK
10908,10908,30,EMP1051,EMP1059,65448,65448,20,"06","6",1,0,2,1,DELAY
10368,10368,30,EMP1051,EMP1059,62208,62208,20,"06","6",1,0,2,1,DELAY
12236,12236,30,EMP1051,EMP1059,73419,73419,20,"06","6",1,0,2,1,DELAY
1020,1020,30,EMP1051,EMP1059,6120,6120,30,"06","6",1,0,0,1,NORMAL
1010,1010,30,EMP1051,EMP1059,6060,6060,30,"06","6",1,0,0,1,NORMAL
960,960,30,EMP1051,EMP1059,5760,5760,30,"06","6",1,0,0,1,NORMAL
1133,1133,30,EMP1051,EMP1059,6798,6798,30,"06","6",1,0,0,1,DELAY
51537,51537,30,EMP1005,EMP1056,309225,309225,20,"06","7",1,0,2,1,DELAY
89250,89250,30,EMP1005,EMP1056,535500,535500,20,"06","7",1,0,2,1,DELAY
88375,88375,30,EMP1005,EMP1056,530250,530250,20,"06","7",1,0,2,1,DELAY
84000,84000,30,EMP1005,EMP1056,504000,504000,20,"06","7",1,0,2,1,DELAY
99137,99137,30,EMP1005,EMP1056,594825,594825,20,"06","7",1,0,2,1,DELAY
11730,11730,30,EMP1005,EMP1056,70380,70380,20,"06","7",1,0,2,1,DELAY
11615,11615,30,EMP1005,EMP1056,69690,69690,20,"06","7",1,0,2,1,RISK
11040,11040,30,EMP1005,EMP1056,66240,66240,20,"06","7",1,0,2,1,DELAY
13029,13029,30,EMP1005,EMP1056,78177,78177,20,"06","7",1,0,2,1,DELAY
11016,11016,30,EMP1005,EMP1056,66096,66096,20,"06","7",1,0,2,1,DELAY
10908,10908,30,EMP1005,EMP1056,65448,65448,20,"06","7",1,0,2,1,DELAY
10368,10368,30,EMP1005,EMP1056,62208,62208,20,"06","7",1,0,2,1,DELAY
12236,12236,30,EMP1005,EMP1056,73419,73419,20,"06","7",1,0,2,1,DELAY
1020,1020,30,EMP1005,EMP1056,6120,6120,30,"06","7",1,0,0,1,NORMAL
1010,1010,30,EMP1005,EMP1056,6060,6060,30,"06","7",1,0,0,1,NORMAL
960,960,30,EMP1005,EMP1056,5760,5760,30,"06","7",1,0,0,1,NORMAL
1133,1133,30,EMP1005,EMP1056,6798,6798,30,"06","7",1,0,0,1,NORMAL
51537,51537,30,EMP1051,EMP1052,309225,309225,20,"06","2",1,0,2,1,RISK
89250,89250,30,EMP1051,EMP1052,535500,535500,20,"06","2",1,0,2,1,DELAY
88375,88375,30,EMP1051,EMP1052,530250,530250,20,"06","2",1,0,2,1,DELAY
84000,84000,30,EMP1051,EMP1052,504000,504000,20,"06","2",1,0,2,1,RISK
99137,99137,30,EMP1051,EMP1052,594825,594825,20,"06","2",1,0,2,1,DELAY
11730,11730,30,EMP1051,EMP1052,70380,70380,20,"06","2",1,0,2,1,DELAY
11615,11615,30,EMP1051,EMP1052,69690,69690,20,"06","2",1,0,2,1,DELAY
11040,11040,30,EMP1051,EMP1052,66240,66240,20,"06","2",1,0,2,1,DELAY
13029,13029,30,EMP1051,EMP1052,78177,78177,20,"06","2",1,0,2,1,DELAY
11016,11016,30,EMP1051,EMP1052,66096,66096,20,"06","2",1,0,2,1,DELAY
10908,10908,30,EMP1051,EMP1052,65448,65448,20,"06","2",1,0,2,1,DELAY
10368,10368,30,EMP1051,EMP1052,62208,62208,20,"06","2",1,0,2,1,DELAY
12236,12236,30,EMP1051,EMP1052,73419,73419,20,"06","2",1,0,2,1,DELAY
1020,1020,30,EMP1051,EMP1052,6120,6120,30,"06","2",1,0,0,1,NORMAL
1010,1010,30,EMP1051,EMP1052,6060,6060,30,"06","2",1,0,0,1,DELAY
960,960,30,EMP1051,EMP1052,5760,5760,30,"06","2",1,0,0,1,NORMAL
1133,1133,30,EMP1051,EMP1052,6798,6798,30,"06","2",1,0,0,1,DELAY
51540,51540,30,EMP1007,EMP1044,309225,309225,20,"06","3",1,0,2,1,DELAY
89250,89250,30,EMP1007,EMP1044,535500,535500,20,"06","3",1,0,2,1,DELAY
88375,88375,30,EMP1007,EMP1044,530250,530250,20,"06","3",1,0,2,1,DELAY
84000,84000,30,EMP1007,EMP1044,504000,504000,20,"06","3",1,0,2,1,DELAY
99140,99140,30,EMP1007,EMP1044,594825,594825,20,"06","3",1,0,2,1,DELAY
11730,11730,30,EMP1007,EMP1044,70380,70380,20,"06","3",1,0,2,1,DELAY
11615,11615,30,EMP1007,EMP1044,69690,69690,20,"06","3",1,0,2,1,DELAY
11040,11040,30,EMP1007,EMP1044,66240,66240,20,"06","3",1,0,2,1,DELAY
13032,13032,30,EMP1007,EMP1044,78177,78177,20,"06","3",1,0,2,1,DELAY
11016,11016,30,EMP1007,EMP1044,66096,66096,20,"06","3",1,0,2,1,DELAY
10908,10908,30,EMP1007,EMP1044,65448,65448,20,"06","3",1,0,2,1,DELAY
10368,10368,30,EMP1007,EMP1044,62208,62208,20,"06","3",1,0,2,1,DELAY
12239,12239,30,EMP1007,EMP1044,73419,73419,20,"06","3",1,0,2,1,DELAY
1020,1020,30,EMP1007,EMP1044,6120,6120,30,"06","3",1,0,0,1,NORMAL
1010,1010,30,EMP1007,EMP1044,6060,6060,30,"06","3",1,0,0,1,NORMAL
960,960,30,EMP1007,EMP1044,5760,5760,30,"06","3",1,0,0,1,DELAY
1133,1133,30,EMP1007,EMP1044,6798,6798,30,"06","3",1,0,0,1,NORMAL
49325,49325,30,EMP1041,EMP1050,295950,295950,20,"06","4",1,0,2,1,DELAY
96512,96512,30,EMP1041,EMP1050,579075,579075,20,"06","4",1,0,2,1,DELAY
80587,80587,30,EMP1041,EMP1050,483525,483525,20,"06","4",1,0,2,1,DELAY
75600,75600,30,EMP1041,EMP1050,453600,453600,20,"06","4",1,0,2,1,DELAY
92575,92575,30,EMP1041,EMP1050,555450,555450,20,"06","4",1,0,2,1,DELAY
12684,12684,30,EMP1041,EMP1050,76107,76107,20,"06","4",1,0,2,1,DELAY
10591,10591,30,EMP1041,EMP1050,63549,63549,20,"06","4",1,0,2,1,DELAY
9936,9936,30,EMP1041,EMP1050,59616,59616,20,"06","4",1,0,2,1,DELAY
12167,12167,30,EMP1041,EMP1050,73002,73002,20,"06","4",1,0,2,1,DELAY
11912,11912,30,EMP1041,EMP1050,71475,71475,20,"06","4",1,0,2,1,DELAY
9946,9946,30,EMP1041,EMP1050,59681,59681,20,"06","4",1,0,2,1,DELAY
9331,9331,30,EMP1041,EMP1050,55988,55988,20,"06","4",1,0,2,1,DELAY
11426,11426,30,EMP1041,EMP1050,68559,68559,20,"06","4",1,0,2,1,DELAY
1103,1103,30,EMP1041,EMP1050,6618,6618,30,"06","4",1,0,0,1,NORMAL
921,921,30,EMP1041,EMP1050,5526,5526,30,"06","4",1,0,0,1,NORMAL
864,864,30,EMP1041,EMP1050,5184,5184,30,"06","4",1,0,0,1,NORMAL
1058,1058,30,EMP1041,EMP1050,6348,6348,30,"06","4",1,0,0,1,DELAY
49325,49325,30,EMP1006,EMP1056,295950,295950,20,"06","5",1,0,2,1,DELAY
96512,96512,30,EMP1006,EMP1056,579075,579075,20,"06","5",1,0,2,1,DELAY
80587,80587,30,EMP1006,EMP1056,483525,483525,20,"06","5",1,0,2,1,DELAY
75600,75600,30,EMP1006,EMP1056,453600,453600,20,"06","5",1,0,2,1,DELAY
92575,92575,30,EMP1006,EMP1056,555450,555450,20,"06","5",1,0,2,1,DELAY
12684,12684,30,EMP1006,EMP1056,76107,76107,20,"06","5",1,0,2,1,DELAY
10591,10591,30,EMP1006,EMP1056,63549,63549,20,"06","5",1,0,2,1,DELAY
9936,9936,30,EMP1006,EMP1056,59616,59616,20,"06","5",1,0,2,1,DELAY
12167,12167,30,EMP1006,EMP1056,73002,73002,20,"06","5",1,0,2,1,DELAY
11912,11912,30,EMP1006,EMP1056,71475,71475,20,"06","5",1,0,2,1,DELAY
9946,9946,30,EMP1006,EMP1056,59681,59681,20,"06","5",1,0,2,1,DELAY
9331,9331,30,EMP1006,EMP1056,55988,55988,20,"06","5",1,0,2,1,DELAY
11426,11426,30,EMP1006,EMP1056,68559,68559,20,"06","5",1,0,2,1,DELAY
1103,1103,30,EMP1006,EMP1056,6618,6618,30,"06","5",1,0,0,1,NORMAL
921,921,30,EMP1006,EMP1056,5526,5526,30,"06","5",1,0,0,1,NORMAL
864,864,30,EMP1006,EMP1056,5184,5184,30,"06","5",1,0,0,1,NORMAL
1058,1058,30,EMP1006,EMP1056,6348,6348,30,"06","5",1,0,0,1,DELAY
49325,49325,30,EMP1048,EMP1002,295950,295950,20,"06","6",1,0,2,1,DELAY
96512,96512,30,EMP1048,EMP1002,579075,579075,20,"06","6",1,0,2,1,DELAY
80587,80587,30,EMP1048,EMP1002,483525,483525,20,"06","6",1,0,2,1,DELAY
75600,75600,30,EMP1048,EMP1002,453600,453600,20,"06","6",1,0,2,1,DELAY
92575,92575,30,EMP1048,EMP1002,555450,555450,20,"06","6",1,0,2,1,DELAY
12684,12684,30,EMP1048,EMP1002,76107,76107,20,"06","6",1,0,2,1,DELAY
10591,10591,30,EMP1048,EMP1002,63549,63549,20,"06","6",1,0,2,1,DELAY
9936,9936,30,EMP1048,EMP1002,59616,59616,20,"06","6",1,0,2,1,DELAY
12167,12167,30,EMP1048,EMP1002,73002,73002,20,"06","6",1,0,2,1,RISK
11912,11912,30,EMP1048,EMP1002,71475,71475,20,"06","6",1,0,2,1,DELAY
9946,9946,30,EMP1048,EMP1002,59681,59681,20,"06","6",1,0,2,1,DELAY
9331,9331,30,EMP1048,EMP1002,55988,55988,20,"06","6",1,0,2,1,DELAY
11426,11426,30,EMP1048,EMP1002,68559,68559,20,"06","6",1,0,2,1,DELAY
1103,1103,30,EMP1048,EMP1002,6618,6618,30,"06","6",1,0,0,1,NORMAL
921,921,30,EMP1048,EMP1002,5526,5526,30,"06","6",1,0,0,1,NORMAL
864,864,30,EMP1048,EMP1002,5184,5184,30,"06","6",1,0,0,1,NORMAL
1058,1058,30,EMP1048,EMP1002,6348,6348,30,"06","6",1,0,0,1,DELAY
49325,49325,30,EMP1001,EMP1042,295950,295950,20,"06","7",1,0,2,1,DELAY
96512,96512,30,EMP1001,EMP1042,579075,579075,20,"06","7",1,0,2,1,DELAY
80587,80587,30,EMP1001,EMP1042,483525,483525,20,"06","7",1,0,2,1,DELAY
75600,75600,30,EMP1001,EMP1042,453600,453600,20,"06","7",1,0,2,1,DELAY
92575,92575,30,EMP1001,EMP1042,555450,555450,20,"06","7",1,0,2,1,DELAY
12684,12684,30,EMP1001,EMP1042,76107,76107,20,"06","7",1,0,2,1,DELAY
10591,10591,30,EMP1001,EMP1042,63549,63549,20,"06","7",1,0,2,1,DELAY
9936,9936,30,EMP1001,EMP1042,59616,59616,20,"06","7",1,0,2,1,DELAY
12167,12167,30,EMP1001,EMP1042,73002,73002,20,"06","7",1,0,2,1,DELAY
11912,11912,30,EMP1001,EMP1042,71475,71475,20,"06","7",1,0,2,1,DELAY
9946,9946,30,EMP1001,EMP1042,59681,59681,20,"06","7",1,0,2,1,DELAY
9331,9331,30,EMP1001,EMP1042,55988,55988,20,"06","7",1,0,2,1,RISK
11426,11426,30,EMP1001,EMP1042,68559,68559,20,"06","7",1,0,2,1,DELAY
1103,1103,30,EMP1001,EMP1042,6618,6618,30,"06","7",1,0,0,1,DELAY
921,921,30,EMP1001,EMP1042,5526,5526,30,"06","7",1,0,0,1,NORMAL
864,864,30,EMP1001,EMP1042,5184,5184,30,"06","7",1,0,0,1,DELAY
1058,1058,30,EMP1001,EMP1042,6348,6348,30,"06","7",1,0,0,1,NORMAL
49325,49325,30,EMP1002,EMP1049,295950,295950,20,"06","2",1,0,2,1,DELAY
96512,96512,30,EMP1002,EMP1049,579075,579075,20,"06","2",1,0,2,1,DELAY
80587,80587,30,EMP1002,EMP1049,483525,483525,20,"06","2",1,0,2,1,DELAY
75600,75600,30,EMP1002,EMP1049,453600,453600,20,"06","2",1,0,2,1,RISK
92575,92575,30,EMP1002,EMP1049,555450,555450,20,"06","2",1,0,2,1,DELAY
12684,12684,30,EMP1002,EMP1049,76107,76107,20,"06","2",1,0,2,1,DELAY
10591,10591,30,EMP1002,EMP1049,63549,63549,20,"06","2",1,0,2,1,DELAY
9936,9936,30,EMP1002,EMP1049,59616,59616,20,"06","2",1,0,2,1,DELAY
12167,12167,30,EMP1002,EMP1049,73002,73002,20,"06","2",1,0,2,1,DELAY
11912,11912,30,EMP1002,EMP1049,71475,71475,20,"06","2",1,0,2,1,DELAY
9946,9946,30,EMP1002,EMP1049,59681,59681,20,"06","2",1,0,2,1,DELAY
9331,9331,30,EMP1002,EMP1049,55988,55988,20,"06","2",1,0,2,1,DELAY
11426,11426,30,EMP1002,EMP1049,68559,68559,20,"06","2",1,0,2,1,DELAY
1103,1103,30,EMP1002,EMP1049,6618,6618,30,"06","2",1,0,0,1,NORMAL
921,921,30,EMP1002,EMP1049,5526,5526,30,"06","2",1,0,0,1,NORMAL
864,864,30,EMP1002,EMP1049,5184,5184,30,"06","2",1,0,0,1,NORMAL
1058,1058,30,EMP1002,EMP1049,6348,6348,30,"06","2",1,0,0,1,NORMAL
49325,49325,30,EMP1002,EMP1041,295950,295950,20,"06","3",1,0,2,1,DELAY
96515,96515,30,EMP1002,EMP1041,579075,579075,20,"06","3",1,0,2,1,DELAY
80590,80590,30,EMP1002,EMP1041,483525,483525,20,"06","3",1,0,2,1,DELAY
75600,75600,30,EMP1002,EMP1041,453600,453600,20,"06","3",1,0,2,1,DELAY
92575,92575,30,EMP1002,EMP1041,555450,555450,20,"06","3",1,0,2,1,DELAY
12687,12687,30,EMP1002,EMP1041,76107,76107,20,"06","3",1,0,2,1,DELAY
10594,10594,30,EMP1002,EMP1041,63549,63549,20,"06","3",1,0,2,1,DELAY
9936,9936,30,EMP1002,EMP1041,59616,59616,20,"06","3",1,0,2,1,DELAY
12167,12167,30,EMP1002,EMP1041,73002,73002,20,"06","3",1,0,2,1,DELAY
11915,11915,30,EMP1002,EMP1041,71475,71475,20,"06","3",1,0,2,1,RISK
9951,9951,30,EMP1002,EMP1041,59681,59681,20,"06","3",1,0,2,1,DELAY
9333,9333,30,EMP1002,EMP1041,55988,55988,20,"06","3",1,0,2,1,DELAY
11429,11429,30,EMP1002,EMP1041,68559,68559,20,"06","3",1,0,2,1,DELAY
1103,1103,30,EMP1002,EMP1041,6618,6618,30,"06","3",1,0,0,1,DELAY
921,921,30,EMP1002,EMP1041,5526,5526,30,"06","3",1,0,0,1,DELAY
864,864,30,EMP1002,EMP1041,5184,5184,30,"06","3",1,0,0,1,DELAY
1058,1058,30,EMP1002,EMP1041,6348,6348,30,"06","3",1,0,0,1,NORMAL
45912,45912,30,EMP1056,EMP1001,229563,229563,20,"06","4",1,0,2,1,DELAY
98350,98350,30,EMP1056,EMP1001,491750,491750,20,"06","4",1,0,2,1,DELAY
68775,68775,30,EMP1056,EMP1001,343875,343875,20,"06","4",1,0,2,1,DELAY
80237,80237,30,EMP1056,EMP1001,401188,401188,20,"06","4",1,0,2,1,DELAY
74025,74025,30,EMP1056,EMP1001,370125,370125,20,"06","4",1,0,2,1,DELAY
12926,12926,30,EMP1056,EMP1001,64630,64630,20,"06","4",1,0,2,1,DELAY
9039,9039,30,EMP1056,EMP1001,45195,45195,20,"06","4",1,0,2,1,DELAY
10545,10545,30,EMP1056,EMP1001,52728,52728,20,"06","4",1,0,2,1,DELAY
9729,9729,30,EMP1056,EMP1001,48645,48645,20,"06","4",1,0,2,1,DELAY
12139,12139,30,EMP1056,EMP1001,60696,60696,20,"06","4",1,0,2,1,DELAY
8488,8488,30,EMP1056,EMP1001,42444,42444,20,"06","4",1,0,2,1,DELAY
9903,9903,30,EMP1056,EMP1001,49518,49518,20,"06","4",1,0,2,1,DELAY
9136,9136,30,EMP1056,EMP1001,45684,45684,20,"06","4",1,0,2,1,DELAY
1124,1124,30,EMP1056,EMP1001,5620,5620,30,"06","4",1,0,0,1,NORMAL
786,786,30,EMP1056,EMP1001,3930,3930,30,"06","4",1,0,0,1,DELAY
917,917,30,EMP1056,EMP1001,4585,4585,30,"06","4",1,0,0,1,NORMAL
846,846,30,EMP1056,EMP1001,4230,4230,30,"06","4",1,0,0,1,DELAY
45912,45912,30,EMP1051,EMP1051,229563,229563,20,"06","5",1,0,2,1,DELAY
98350,98350,30,EMP1051,EMP1051,491750,491750,20,"06","5",1,0,2,1,DELAY
68775,68775,30,EMP1051,EMP1051,343875,343875,20,"06","5",1,0,2,1,DELAY
80237,80237,30,EMP1051,EMP1051,401188,401188,20,"06","5",1,0,2,1,DELAY
74025,74025,30,EMP1051,EMP1051,370125,370125,20,"06","5",1,0,2,1,DELAY
12926,12926,30,EMP1051,EMP1051,64630,64630,20,"06","5",1,0,2,1,DELAY
9039,9039,30,EMP1051,EMP1051,45195,45195,20,"06","5",1,0,2,1,DELAY
10545,10545,30,EMP1051,EMP1051,52728,52728,20,"06","5",1,0,2,1,RISK
9729,9729,30,EMP1051,EMP1051,48645,48645,20,"06","5",1,0,2,1,DELAY
12139,12139,30,EMP1051,EMP1051,60696,60696,20,"06","5",1,0,2,1,DELAY
8488,8488,30,EMP1051,EMP1051,42444,42444,20,"06","5",1,0,2,1,DELAY
9903,9903,30,EMP1051,EMP1051,49518,49518,20,"06","5",1,0,2,1,DELAY
9136,9136,30,EMP1051,EMP1051,45684,45684,20,"06","5",1,0,2,1,DELAY
1124,1124,30,EMP1051,EMP1051,5620,5620,30,"06","5",1,0,0,1,DELAY
786,786,30,EMP1051,EMP1051,3930,3930,30,"06","5",1,0,0,1,NORMAL
917,917,30,EMP1051,EMP1051,4585,4585,30,"06","5",1,0,0,1,NORMAL
846,846,30,EMP1051,EMP1051,4230,4230,30,"06","5",1,0,0,1,NORMAL
45912,45912,30,EMP1007,EMP1042,229563,229563,20,"06","6",1,0,2,1,DELAY
98350,98350,30,EMP1007,EMP1042,491750,491750,20,"06","6",1,0,2,1,DELAY
68775,68775,30,EMP1007,EMP1042,343875,343875,20,"06","6",1,0,2,1,DELAY
80237,80237,30,EMP1007,EMP1042,401188,401188,20,"06","6",1,0,2,1,DELAY
74025,74025,30,EMP1007,EMP1042,370125,370125,20,"06","6",1,0,2,1,DELAY
12926,12926,30,EMP1007,EMP1042,64630,64630,20,"06","6",1,0,2,1,DELAY
9039,9039,30,EMP1007,EMP1042,45195,45195,20,"06","6",1,0,2,1,DELAY
10545,10545,30,EMP1007,EMP1042,52728,52728,20,"06","6",1,0,2,1,DELAY
9729,9729,30,EMP1007,EMP1042,48645,48645,20,"06","6",1,0,2,1,DELAY
12139,12139,30,EMP1007,EMP1042,60696,60696,20,"06","6",1,0,2,1,DELAY
8488,8488,30,EMP1007,EMP1042,42444,42444,20,"06","6",1,0,2,1,DELAY
9903,9903,30,EMP1007,EMP1042,49518,49518,20,"06","6",1,0,2,1,DELAY
9136,9136,30,EMP1007,EMP1042,45684,45684,20,"06","6",1,0,2,1,DELAY
1124,1124,30,EMP1007,EMP1042,5620,5620,30,"06","6",1,0,0,1,NORMAL
786,786,30,EMP1007,EMP1042,3930,3930,30,"06","6",1,0,0,1,NORMAL
917,917,30,EMP1007,EMP1042,4585,4585,30,"06","6",1,0,0,1,NORMAL
846,846,30,EMP1007,EMP1042,4230,4230,30,"06","6",1,0,0,1,DELAY
45912,45912,30,EMP1042,EMP1007,229563,229563,20,"06","2",1,0,2,1,DELAY
98350,98350,30,EMP1042,EMP1007,491750,491750,20,"06","2",1,0,2,1,DELAY
68775,68775,30,EMP1042,EMP1007,343875,343875,20,"06","2",1,0,2,1,DELAY
80237,80237,30,EMP1042,EMP1007,401188,401188,20,"06","2",1,0,2,1,DELAY
74025,74025,30,EMP1042,EMP1007,370125,370125,20,"06","2",1,0,2,1,DELAY
12926,12926,30,EMP1042,EMP1007,64630,64630,20,"06","2",1,0,2,1,DELAY
9039,9039,30,EMP1042,EMP1007,45195,45195,20,"06","2",1,0,2,1,DELAY
10545,10545,30,EMP1042,EMP1007,52728,52728,20,"06","2",1,0,2,1,DELAY
9729,9729,30,EMP1042,EMP1007,48645,48645,20,"06","2",1,0,2,1,DELAY
12139,12139,30,EMP1042,EMP1007,60696,60696,20,"06","2",1,0,2,1,DELAY
8488,8488,30,EMP1042,EMP1007,42444,42444,20,"06","2",1,0,2,1,DELAY
9903,9903,30,EMP1042,EMP1007,49518,49518,20,"06","2",1,0,2,1,DELAY
9136,9136,30,EMP1042,EMP1007,45684,45684,20,"06","2",1,0,2,1,DELAY
1124,1124,30,EMP1042,EMP1007,5620,5620,30,"06","2",1,0,0,1,DELAY
786,786,30,EMP1042,EMP1007,3930,3930,30,"06","2",1,0,0,1,NORMAL
917,917,30,EMP1042,EMP1007,4585,4585,30,"06","2",1,0,0,1,DELAY
846,846,30,EMP1042,EMP1007,4230,4230,30,"06","2",1,0,0,1,NORMAL
45915,45915,30,EMP1052,EMP1005,229563,229563,20,"06","3",1,0,2,1,DELAY
98350,98350,30,EMP1052,EMP1005,491750,491750,20,"06","3",1,0,2,1,DELAY
68775,68775,30,EMP1052,EMP1005,343875,343875,20,"06","3",1,0,2,1,DELAY
80240,80240,30,EMP1052,EMP1005,401188,401188,20,"06","3",1,0,2,1,DELAY
74025,74025,30,EMP1052,EMP1005,370125,370125,20,"06","3",1,0,2,1,DELAY
12926,12926,30,EMP1052,EMP1005,64630,64630,20,"06","3",1,0,2,1,DELAY
9039,9039,30,EMP1052,EMP1005,45195,45195,20,"06","3",1,0,2,1,DELAY
10548,10548,30,EMP1052,EMP1005,52728,52728,20,"06","3",1,0,2,1,DELAY
9729,9729,30,EMP1052,EMP1005,48645,48645,20,"06","3",1,0,2,1,RISK
12140,12140,30,EMP1052,EMP1005,60696,60696,20,"06","3",1,0,2,1,DELAY
8492,8492,30,EMP1052,EMP1005,42444,42444,20,"06","3",1,0,2,1,DELAY
9906,9906,30,EMP1052,EMP1005,49518,49518,20,"06","3",1,0,2,1,DELAY
9140,9140,30,EMP1052,EMP1005,45684,45684,20,"06","3",1,0,2,1,DELAY
1124,1124,30,EMP1052,EMP1005,5620,5620,30,"06","3",1,0,0,1,NORMAL
786,786,30,EMP1052,EMP1005,3930,3930,30,"06","3",1,0,0,1,NORMAL
917,917,30,EMP1052,EMP1005,4585,4585,30,"06","3",1,0,0,1,NORMAL
846,846,30,EMP1052,EMP1005,4230,4230,30,"06","3",1,0,0,1,NORMAL
47400,47400,30,EMP1056,EMP1056,237000,237000,20,"06","4",1,0,2,1,DELAY
87150,87150,30,EMP1056,EMP1056,435750,435750,20,"06","4",1,0,2,1,DELAY
66587,66587,30,EMP1056,EMP1056,332938,332938,20,"06","4",1,0,2,1,DELAY
82075,82075,30,EMP1056,EMP1056,410375,410375,20,"06","4",1,0,2,1,DELAY
95987,95987,30,EMP1056,EMP1056,479938,479938,20,"06","4",1,0,2,1,DELAY
11454,11454,30,EMP1056,EMP1056,57270,57270,20,"06","4",1,0,2,1,DELAY
8751,8751,30,EMP1056,EMP1056,43758,43758,20,"06","4",1,0,2,1,DELAY
10787,10787,30,EMP1056,EMP1056,53935,53935,20,"06","4",1,0,2,1,DELAY
12615,12615,30,EMP1056,EMP1056,63078,63078,20,"06","4",1,0,2,1,DELAY
10756,10756,30,EMP1056,EMP1056,53784,53784,20,"06","4",1,0,2,1,DELAY
8218,8218,30,EMP1056,EMP1056,41094,41094,20,"06","4",1,0,2,1,DELAY
10130,10130,30,EMP1056,EMP1056,50652,50652,20,"06","4",1,0,2,1,DELAY
11847,11847,30,EMP1056,EMP1056,59238,59238,20,"06","4",1,0,2,1,DELAY
996,996,30,EMP1056,EMP1056,4980,4980,30,"06","4",1,0,0,1,NORMAL
761,761,30,EMP1056,EMP1056,3805,3805,30,"06","4",1,0,0,1,NORMAL
938,938,30,EMP1056,EMP1056,4690,4690,30,"06","4",1,0,0,1,DELAY
1097,1097,30,EMP1056,EMP1056,5485,5485,30,"06","4",1,0,0,1,NORMAL
47400,47400,30,EMP1057,EMP1052,237000,237000,20,"06","5",1,0,2,1,DELAY
87150,87150,30,EMP1057,EMP1052,435750,435750,20,"06","5",1,0,2,1,RISK
66587,66587,30,EMP1057,EMP1052,332938,332938,20,"06","5",1,0,2,1,DELAY
82075,82075,30,EMP1057,EMP1052,410375,410375,20,"06","5",1,0,2,1,DELAY
95987,95987,30,EMP1057,EMP1052,479938,479938,20,"06","5",1,0,2,1,RISK
11454,11454,30,EMP1057,EMP1052,57270,57270,20,"06","5",1,0,2,1,DELAY
8751,8751,30,EMP1057,EMP1052,43758,43758,20,"06","5",1,0,2,1,RISK
10787,10787,30,EMP1057,EMP1052,53935,53935,20,"06","5",1,0,2,1,DELAY
12615,12615,30,EMP1057,EMP1052,63078,63078,20,"06","5",1,0,2,1,RISK
10756,10756,30,EMP1057,EMP1052,53784,53784,20,"06","5",1,0,2,1,RISK
8218,8218,30,EMP1057,EMP1052,41094,41094,20,"06","5",1,0,2,1,DELAY
10130,10130,30,EMP1057,EMP1052,50652,50652,20,"06","5",1,0,2,1,DELAY
11847,11847,30,EMP1057,EMP1052,59238,59238,20,"06","5",1,0,2,1,DELAY
996,996,30,EMP1057,EMP1052,4980,4980,30,"06","5",1,0,0,1,NORMAL
761,761,30,EMP1057,EMP1052,3805,3805,30,"06","5",1,0,0,1,NORMAL
938,938,30,EMP1057,EMP1052,4690,4690,30,"06","5",1,0,0,1,NORMAL
1097,1097,30,EMP1057,EMP1052,5485,5485,30,"06","5",1,0,0,1,NORMAL
47400,47400,30,EMP1005,EMP1057,237000,237000,20,"06","6",1,0,2,1,DELAY
87150,87150,30,EMP1005,EMP1057,435750,435750,20,"06","6",1,0,2,1,DELAY
66587,66587,30,EMP1005,EMP1057,332938,332938,20,"06","6",1,0,2,1,DELAY
82075,82075,30,EMP1005,EMP1057,410375,410375,20,"06","6",1,0,2,1,DELAY
95987,95987,30,EMP1005,EMP1057,479938,479938,20,"06","6",1,0,2,1,DELAY
11454,11454,30,EMP1005,EMP1057,57270,57270,20,"06","6",1,0,2,1,DELAY
8751,8751,30,EMP1005,EMP1057,43758,43758,20,"06","6",1,0,2,1,DELAY
10787,10787,30,EMP1005,EMP1057,53935,53935,20,"06","6",1,0,2,1,RISK
12615,12615,30,EMP1005,EMP1057,63078,63078,20,"06","6",1,0,2,1,DELAY
10756,10756,30,EMP1005,EMP1057,53784,53784,20,"06","6",1,0,2,1,DELAY
8218,8218,30,EMP1005,EMP1057,41094,41094,20,"06","6",1,0,2,1,DELAY
10130,10130,30,EMP1005,EMP1057,50652,50652,20,"06","6",1,0,2,1,DELAY
11847,11847,30,EMP1005,EMP1057,59238,59238,20,"06","6",1,0,2,1,RISK
996,996,30,EMP1005,EMP1057,4980,4980,30,"06","6",1,0,0,1,NORMAL
761,761,30,EMP1005,EMP1057,3805,3805,30,"06","6",1,0,0,1,DELAY
938,938,30,EMP1005,EMP1057,4690,4690,30,"06","6",1,0,0,1,NORMAL
1097,1097,30,EMP1005,EMP1057,5485,5485,30,"06","6",1,0,0,1,NORMAL
47400,47400,30,EMP1004,EMP1044,237000,237000,20,"06","2",1,0,2,1,DELAY
87150,87150,30,EMP1004,EMP1044,435750,435750,20,"06","2",1,0,2,1,DELAY
66587,66587,30,EMP1004,EMP1044,332938,332938,20,"06","2",1,0,2,1,DELAY
82075,82075,30,EMP1004,EMP1044,410375,410375,20,"06","2",1,0,2,1,DELAY
95987,95987,30,EMP1004,EMP1044,479938,479938,20,"06","2",1,0,2,1,DELAY
11454,11454,30,EMP1004,EMP1044,57270,57270,20,"06","2",1,0,2,1,DELAY
8751,8751,30,EMP1004,EMP1044,43758,43758,20,"06","2",1,0,2,1,DELAY
10787,10787,30,EMP1004,EMP1044,53935,53935,20,"06","2",1,0,2,1,DELAY
12615,12615,30,EMP1004,EMP1044,63078,63078,20,"06","2",1,0,2,1,RISK
10756,10756,30,EMP1004,EMP1044,53784,53784,20,"06","2",1,0,2,1,DELAY
8218,8218,30,EMP1004,EMP1044,41094,41094,20,"06","2",1,0,2,1,RISK
10130,10130,30,EMP1004,EMP1044,50652,50652,20,"06","2",1,0,2,1,DELAY
11847,11847,30,EMP1004,EMP1044,59238,59238,20,"06","2",1,0,2,1,DELAY
996,996,30,EMP1004,EMP1044,4980,4980,30,"06","2",1,0,0,1,NORMAL
761,761,30,EMP1004,EMP1044,3805,3805,30,"06","2",1,0,0,1,NORMAL
938,938,30,EMP1004,EMP1044,4690,4690,30,"06","2",1,0,0,1,DELAY
1097,1097,30,EMP1004,EMP1044,5485,5485,30,"06","2",1,0,0,1,NORMAL
47400,47400,30,EMP1051,EMP1046,237000,237000,20,"07","3",1,0,2,2,DELAY
87150,87150,30,EMP1051,EMP1046,435750,435750,20,"07","3",1,0,2,2,DELAY
66590,66590,30,EMP1051,EMP1046,332938,332938,20,"07","3",1,0,2,2,DELAY
82075,82075,30,EMP1051,EMP1046,410375,410375,20,"07","3",1,0,2,2,DELAY
95990,95990,30,EMP1051,EMP1046,479938,479938,20,"07","3",1,0,2,2,DELAY
11454,11454,30,EMP1051,EMP1046,57270,57270,20,"07","3",1,0,2,2,RISK
8754,8754,30,EMP1051,EMP1046,43758,43758,20,"07","3",1,0,2,2,DELAY
10787,10787,30,EMP1051,EMP1046,53935,53935,20,"07","3",1,0,2,2,DELAY
12618,12618,30,EMP1051,EMP1046,63078,63078,20,"07","3",1,0,2,2,DELAY
10760,10760,30,EMP1051,EMP1046,53784,53784,20,"07","3",1,0,2,2,DELAY
8222,8222,30,EMP1051,EMP1046,41094,41094,20,"07","3",1,0,2,2,DELAY
10132,10132,30,EMP1051,EMP1046,50652,50652,20,"07","3",1,0,2,2,DELAY
11850,11850,30,EMP1051,EMP1046,59238,59238,20,"07","3",1,0,2,2,RISK
996,996,30,EMP1051,EMP1046,4980,4980,30,"07","3",1,0,0,2,RISK
761,761,30,EMP1051,EMP1046,3805,3805,30,"07","3",1,0,0,2,NORMAL
938,938,30,EMP1051,EMP1046,4690,4690,30,"07","3",1,0,0,2,DELAY
1097,1097,30,EMP1051,EMP1046,5485,5485,30,"07","3",1,0,0,2,NORMAL
50425,50425,30,EMP1049,EMP1054,252125,252125,20,"07","4",1,0,2,2,DELAY
111825,111825,30,EMP1049,EMP1054,559125,559125,20,"07","4",1,0,2,2,RISK
75337,75337,30,EMP1049,EMP1054,376688,376688,20,"07","4",1,0,2,2,RISK
103512,103512,30,EMP1049,EMP1054,517563,517563,20,"07","4",1,0,2,2,DELAY
62300,62300,30,EMP1049,EMP1054,311500,311500,20,"07","4",1,0,2,2,DELAY
14697,14697,30,EMP1049,EMP1054,73485,73485,20,"07","4",1,0,2,2,DELAY
9901,9901,30,EMP1049,EMP1054,49508,49508,20,"07","4",1,0,2,2,DELAY
13604,13604,30,EMP1049,EMP1054,68023,68023,20,"07","4",1,0,2,2,RISK
8188,8188,30,EMP1049,EMP1054,40940,40940,20,"07","4",1,0,2,2,RISK
13802,13802,30,EMP1049,EMP1054,69012,69012,20,"07","4",1,0,2,2,DELAY
9298,9298,30,EMP1049,EMP1054,46494,46494,20,"07","4",1,0,2,2,DELAY
12776,12776,30,EMP1049,EMP1054,63882,63882,20,"07","4",1,0,2,2,RISK
7689,7689,30,EMP1049,EMP1054,38448,38448,20,"07","4",1,0,2,2,RISK
1278,1278,30,EMP1049,EMP1054,6390,6390,30,"07","4",1,0,0,2,NORMAL
861,861,30,EMP1049,EMP1054,4305,4305,30,"07","4",1,0,0,2,RISK
1183,1183,30,EMP1049,EMP1054,5915,5915,30,"07","4",1,0,0,2,NORMAL
712,712,30,EMP1049,EMP1054,3560,3560,30,"07","4",1,0,0,2,NORMAL
50425,50425,30,EMP1049,EMP1054,252125,252125,20,"07","5",1,0,2,2,DELAY
111825,111825,30,EMP1049,EMP1054,559125,559125,20,"07","5",1,0,2,2,DELAY
75337,75337,30,EMP1049,EMP1054,376688,376688,20,"07","5",1,0,2,2,DELAY
103512,103512,30,EMP1049,EMP1054,517563,517563,20,"07","5",1,0,2,2,RISK
62300,62300,30,EMP1049,EMP1054,311500,311500,20,"07","5",1,0,2,2,DELAY
14697,14697,30,EMP1049,EMP1054,73485,73485,20,"07","5",1,0,2,2,DELAY
9901,9901,30,EMP1049,EMP1054,49508,49508,20,"07","5",1,0,2,2,RISK
13604,13604,30,EMP1049,EMP1054,68023,68023,20,"07","5",1,0,2,2,RISK
8188,8188,30,EMP1049,EMP1054,40940,40940,20,"07","5",1,0,2,2,DELAY
13802,13802,30,EMP1049,EMP1054,69012,69012,20,"07","5",1,0,2,2,RISK
9298,9298,30,EMP1049,EMP1054,46494,46494,20,"07","5",1,0,2,2,DELAY
12776,12776,30,EMP1049,EMP1054,63882,63882,20,"07","5",1,0,2,2,DELAY
7689,7689,30,EMP1049,EMP1054,38448,38448,20,"07","5",1,0,2,2,RISK
1278,1278,30,EMP1049,EMP1054,6390,6390,30,"07","5",1,0,0,2,NORMAL
861,861,30,EMP1049,EMP1054,4305,4305,30,"07","5",1,0,0,2,NORMAL
1183,1183,30,EMP1049,EMP1054,5915,5915,30,"07","5",1,0,0,2,NORMAL
712,712,30,EMP1049,EMP1054,3560,3560,30,"07","5",1,0,0,2,NORMAL
50425,50425,30,EMP1045,EMP1001,252125,252125,20,"07","6",1,0,2,2,RISK
111825,111825,30,EMP1045,EMP1001,559125,559125,20,"07","6",1,0,2,2,DELAY
75337,75337,30,EMP1045,EMP1001,376688,376688,20,"07","6",1,0,2,2,DELAY
103512,103512,30,EMP1045,EMP1001,517563,517563,20,"07","6",1,0,2,2,DELAY
62300,62300,30,EMP1045,EMP1001,311500,311500,20,"07","6",1,0,2,2,DELAY
14697,14697,30,EMP1045,EMP1001,73485,73485,20,"07","6",1,0,2,2,RISK
9901,9901,30,EMP1045,EMP1001,49508,49508,20,"07","6",1,0,2,2,DELAY
13604,13604,30,EMP1045,EMP1001,68023,68023,20,"07","6",1,0,2,2,DELAY
8188,8188,30,EMP1045,EMP1001,40940,40940,20,"07","6",1,0,2,2,DELAY
13802,13802,30,EMP1045,EMP1001,69012,69012,20,"07","6",1,0,2,2,DELAY
9298,9298,30,EMP1045,EMP1001,46494,46494,20,"07","6",1,0,2,2,DELAY
12776,12776,30,EMP1045,EMP1001,63882,63882,20,"07","6",1,0,2,2,DELAY
7689,7689,30,EMP1045,EMP1001,38448,38448,20,"07","6",1,0,2,2,RISK
1278,1278,30,EMP1045,EMP1001,6390,6390,30,"07","6",1,0,0,2,RISK
861,861,30,EMP1045,EMP1001,4305,4305,30,"07","6",1,0,0,2,NORMAL
1183,1183,30,EMP1045,EMP1001,5915,5915,30,"07","6",1,0,0,2,RISK
712,712,30,EMP1045,EMP1001,3560,3560,30,"07","6",1,0,0,2,DELAY
50425,50425,30,EMP1055,EMP1042,252125,252125,20,"07","2",1,0,2,2,DELAY
111825,111825,30,EMP1055,EMP1042,559125,559125,20,"07","2",1,0,2,2,RISK
75337,75337,30,EMP1055,EMP1042,376688,376688,20,"07","2",1,0,2,2,RISK
103512,103512,30,EMP1055,EMP1042,517563,517563,20,"07","2",1,0,2,2,RISK
62300,62300,30,EMP1055,EMP1042,311500,311500,20,"07","2",1,0,2,2,DELAY
14697,14697,30,EMP1055,EMP1042,73485,73485,20,"07","2",1,0,2,2,DELAY
9901,9901,30,EMP1055,EMP1042,49508,49508,20,"07","2",1,0,2,2,DELAY
13604,13604,30,EMP1055,EMP1042,68023,68023,20,"07","2",1,0,2,2,DELAY
8188,8188,30,EMP1055,EMP1042,40940,40940,20,"07","2",1,0,2,2,RISK
13802,13802,30,EMP1055,EMP1042,69012,69012,20,"07","2",1,0,2,2,RISK
9298,9298,30,EMP1055,EMP1042,46494,46494,20,"07","2",1,0,2,2,DELAY
12776,12776,30,EMP1055,EMP1042,63882,63882,20,"07","2",1,0,2,2,DELAY
7689,7689,30,EMP1055,EMP1042,38448,38448,20,"07","2",1,0,2,2,DELAY
1278,1278,30,EMP1055,EMP1042,6390,6390,30,"07","2",1,0,0,2,NORMAL
861,861,30,EMP1055,EMP1042,4305,4305,30,"07","2",1,0,0,2,DELAY
1183,1183,30,EMP1055,EMP1042,5915,5915,30,"07","2",1,0,0,2,DELAY
712,712,30,EMP1055,EMP1042,3560,3560,30,"07","2",1,0,0,2,NORMAL
50425,50425,30,EMP1007,EMP1048,252125,252125,20,"07","3",1,0,2,2,DELAY
111825,111825,30,EMP1007,EMP1048,559125,559125,20,"07","3",1,0,2,2,DELAY
75340,75340,30,EMP1007,EMP1048,376688,376688,20,"07","3",1,0,2,2,RISK
103515,103515,30,EMP1007,EMP1048,517563,517563,20,"07","3",1,0,2,2,DELAY
62300,62300,30,EMP1007,EMP1048,311500,311500,20,"07","3",1,0,2,2,RISK
14697,14697,30,EMP1007,EMP1048,73485,73485,20,"07","3",1,0,2,2,RISK
9904,9904,30,EMP1007,EMP1048,49508,49508,20,"07","3",1,0,2,2,DELAY
13607,13607,30,EMP1007,EMP1048,68023,68023,20,"07","3",1,0,2,2,DELAY
8188,8188,30,EMP1007,EMP1048,40940,40940,20,"07","3",1,0,2,2,DELAY
13804,13804,30,EMP1007,EMP1048,69012,69012,20,"07","3",1,0,2,2,RISK
9302,9302,30,EMP1007,EMP1048,46494,46494,20,"07","3",1,0,2,2,RISK
12778,12778,30,EMP1007,EMP1048,63882,63882,20,"07","3",1,0,2,2,RISK
7692,7692,30,EMP1007,EMP1048,38448,38448,20,"07","3",1,0,2,2,DELAY
1278,1278,30,EMP1007,EMP1048,6390,6390,30,"07","3",1,0,0,2,NORMAL
861,861,30,EMP1007,EMP1048,4305,4305,30,"07","3",1,0,0,2,NORMAL
1183,1183,30,EMP1007,EMP1048,5915,5915,30,"07","3",1,0,0,2,RISK
712,712,30,EMP1007,EMP1048,3560,3560,30,"07","3",1,0,0,2,DELAY
45437,45437,30,EMP1006,EMP1001,272625,272625,20,"07","4",1,0,2,2,DELAY
101237,101237,30,EMP1006,EMP1001,607425,607425,20,"07","4",1,0,2,2,RISK
63175,63175,30,EMP1006,EMP1001,379050,379050,20,"07","4",1,0,2,2,DELAY
76212,76212,30,EMP1006,EMP1001,457275,457275,20,"07","4",1,0,2,2,RISK
77437,77437,30,EMP1006,EMP1001,464625,464625,20,"07","4",1,0,2,2,DELAY
13305,13305,30,EMP1006,EMP1001,79833,79833,20,"07","4",1,0,2,2,RISK
8303,8303,30,EMP1006,EMP1001,49818,49818,20,"07","4",1,0,2,2,DELAY
10016,10016,30,EMP1006,EMP1001,60099,60099,20,"07","4",1,0,2,2,RISK
10177,10177,30,EMP1006,EMP1001,61065,61065,20,"07","4",1,0,2,2,RISK
12495,12495,30,EMP1006,EMP1001,74974,74974,20,"07","4",1,0,2,2,DELAY
7797,7797,30,EMP1006,EMP1001,46786,46786,20,"07","4",1,0,2,2,DELAY
9406,9406,30,EMP1006,EMP1001,56441,56441,20,"07","4",1,0,2,2,DELAY
9558,9558,30,EMP1006,EMP1001,57348,57348,20,"07","4",1,0,2,2,DELAY
1157,1157,30,EMP1006,EMP1001,6942,6942,30,"07","4",1,0,0,2,NORMAL
722,722,30,EMP1006,EMP1001,4332,4332,30,"07","4",1,0,0,2,RISK
871,871,30,EMP1006,EMP1001,5226,5226,30,"07","4",1,0,0,2,NORMAL
885,885,30,EMP1006,EMP1001,5310,5310,30,"07","4",1,0,0,2,RISK
45437,45437,30,EMP1056,EMP1021,272625,272625,20,"07","5",1,0,2,2,DELAY
101237,101237,30,EMP1056,EMP1021,607425,607425,20,"07","5",1,0,2,2,DELAY
63175,63175,30,EMP1056,EMP1021,379050,379050,20,"07","5",1,0,2,2,DELAY
76212,76212,30,EMP1056,EMP1021,457275,457275,20,"07","5",1,0,2,2,DELAY
77437,77437,30,EMP1056,EMP1021,464625,464625,20,"07","5",1,0,2,2,RISK
13305,13305,30,EMP1056,EMP1021,79833,79833,20,"07","5",1,0,2,2,RISK
8303,8303,30,EMP1056,EMP1021,49818,49818,20,"07","5",1,0,2,2,RISK
10016,10016,30,EMP1056,EMP1021,60099,60099,20,"07","5",1,0,2,2,DELAY
10177,10177,30,EMP1056,EMP1021,61065,61065,20,"07","5",1,0,2,2,DELAY
12495,12495,30,EMP1056,EMP1021,74974,74974,20,"07","5",1,0,2,2,DELAY
7797,7797,30,EMP1056,EMP1021,46786,46786,20,"07","5",1,0,2,2,DELAY
9406,9406,30,EMP1056,EMP1021,56441,56441,20,"07","5",1,0,2,2,RISK
9558,9558,30,EMP1056,EMP1021,57348,57348,20,"07","5",1,0,2,2,DELAY
1157,1157,30,EMP1056,EMP1021,6942,6942,30,"07","5",1,0,0,2,NORMAL
722,722,30,EMP1056,EMP1021,4332,4332,30,"07","5",1,0,0,2,DELAY
871,871,30,EMP1056,EMP1021,5226,5226,30,"07","5",1,0,0,2,NORMAL
885,885,30,EMP1056,EMP1021,5310,5310,30,"07","5",1,0,0,2,NORMAL
45437,45437,30,EMP1046,EMP1059,272625,272625,20,"07","6",1,0,2,2,RISK
101237,101237,30,EMP1046,EMP1059,607425,607425,20,"07","6",1,0,2,2,RISK
63175,63175,30,EMP1046,EMP1059,379050,379050,20,"07","6",1,0,2,2,DELAY
76212,76212,30,EMP1046,EMP1059,457275,457275,20,"07","6",1,0,2,2,DELAY
77437,77437,30,EMP1046,EMP1059,464625,464625,20,"07","6",1,0,2,2,DELAY
13305,13305,30,EMP1046,EMP1059,79833,79833,20,"07","6",1,0,2,2,RISK
8303,8303,30,EMP1046,EMP1059,49818,49818,20,"07","6",1,0,2,2,RISK
10016,10016,30,EMP1046,EMP1059,60099,60099,20,"07","6",1,0,2,2,DELAY
10177,10177,30,EMP1046,EMP1059,61065,61065,20,"07","6",1,0,2,2,DELAY
12495,12495,30,EMP1046,EMP1059,74974,74974,20,"07","6",1,0,2,2,DELAY
7797,7797,30,EMP1046,EMP1059,46786,46786,20,"07","6",1,0,2,2,RISK
9406,9406,30,EMP1046,EMP1059,56441,56441,20,"07","6",1,0,2,2,DELAY
9558,9558,30,EMP1046,EMP1059,57348,57348,20,"07","6",1,0,2,2,RISK
1157,1157,30,EMP1046,EMP1059,6942,6942,30,"07","6",1,0,0,2,NORMAL
722,722,30,EMP1046,EMP1059,4332,4332,30,"07","6",1,0,0,2,NORMAL
871,871,30,EMP1046,EMP1059,5226,5226,30,"07","6",1,0,0,2,DELAY
885,885,30,EMP1046,EMP1059,5310,5310,30,"07","6",1,0,0,2,DELAY
45437,45437,30,EMP1047,EMP1059,272625,272625,20,"07","7",1,0,2,2,DELAY
101237,101237,30,EMP1047,EMP1059,607425,607425,20,"07","7",1,0,2,2,RISK
63175,63175,30,EMP1047,EMP1059,379050,379050,20,"07","7",1,0,2,2,DELAY
76212,76212,30,EMP1047,EMP1059,457275,457275,20,"07","7",1,0,2,2,RISK
77437,77437,30,EMP1047,EMP1059,464625,464625,20,"07","7",1,0,2,2,DELAY
13305,13305,30,EMP1047,EMP1059,79833,79833,20,"07","7",1,0,2,2,RISK
8303,8303,30,EMP1047,EMP1059,49818,49818,20,"07","7",1,0,2,2,DELAY
10016,10016,30,EMP1047,EMP1059,60099,60099,20,"07","7",1,0,2,2,DELAY
10177,10177,30,EMP1047,EMP1059,61065,61065,20,"07","7",1,0,2,2,DELAY
12495,12495,30,EMP1047,EMP1059,74974,74974,20,"07","7",1,0,2,2,DELAY
7797,7797,30,EMP1047,EMP1059,46786,46786,20,"07","7",1,0,2,2,RISK
9406,9406,30,EMP1047,EMP1059,56441,56441,20,"07","7",1,0,2,2,DELAY
9558,9558,30,EMP1047,EMP1059,57348,57348,20,"07","7",1,0,2,2,DELAY
1157,1157,30,EMP1047,EMP1059,6942,6942,30,"07","7",1,0,0,2,NORMAL
722,722,30,EMP1047,EMP1059,4332,4332,30,"07","7",1,0,0,2,NORMAL
871,871,30,EMP1047,EMP1059,5226,5226,30,"07","7",1,0,0,2,NORMAL
885,885,30,EMP1047,EMP1059,5310,5310,30,"07","7",1,0,0,2,NORMAL
45437,45437,30,EMP1056,EMP1004,272625,272625,20,"07","2",1,0,2,2,DELAY
101237,101237,30,EMP1056,EMP1004,607425,607425,20,"07","2",1,0,2,2,DELAY
63175,63175,30,EMP1056,EMP1004,379050,379050,20,"07","2",1,0,2,2,RISK
76212,76212,30,EMP1056,EMP1004,457275,457275,20,"07","2",1,0,2,2,DELAY
77437,77437,30,EMP1056,EMP1004,464625,464625,20,"07","2",1,0,2,2,RISK
13305,13305,30,EMP1056,EMP1004,79833,79833,20,"07","2",1,0,2,2,DELAY
8303,8303,30,EMP1056,EMP1004,49818,49818,20,"07","2",1,0,2,2,RISK
10016,10016,30,EMP1056,EMP1004,60099,60099,20,"07","2",1,0,2,2,DELAY
10177,10177,30,EMP1056,EMP1004,61065,61065,20,"07","2",1,0,2,2,DELAY
12495,12495,30,EMP1056,EMP1004,74974,74974,20,"07","2",1,0,2,2,DELAY
7797,7797,30,EMP1056,EMP1004,46786,46786,20,"07","2",1,0,2,2,RISK
9406,9406,30,EMP1056,EMP1004,56441,56441,20,"07","2",1,0,2,2,DELAY
9558,9558,30,EMP1056,EMP1004,57348,57348,20,"07","2",1,0,2,2,RISK
1157,1157,30,EMP1056,EMP1004,6942,6942,30,"07","2",1,0,0,2,RISK
722,722,30,EMP1056,EMP1004,4332,4332,30,"07","2",1,0,0,2,NORMAL
871,871,30,EMP1056,EMP1004,5226,5226,30,"07","2",1,0,0,2,RISK
885,885,30,EMP1056,EMP1004,5310,5310,30,"07","2",1,0,0,2,DELAY
45440,45440,30,EMP1044,EMP1005,272625,272625,20,"07","3",1,0,2,2,RISK
101240,101240,30,EMP1044,EMP1005,607425,607425,20,"07","3",1,0,2,2,DELAY
63175,63175,30,EMP1044,EMP1005,379050,379050,20,"07","3",1,0,2,2,RISK
76215,76215,30,EMP1044,EMP1005,457275,457275,20,"07","3",1,0,2,2,DELAY
77440,77440,30,EMP1044,EMP1005,464625,464625,20,"07","3",1,0,2,2,DELAY
13308,13308,30,EMP1044,EMP1005,79833,79833,20,"07","3",1,0,2,2,RISK
8303,8303,30,EMP1044,EMP1005,49818,49818,20,"07","3",1,0,2,2,DELAY
10019,10019,30,EMP1044,EMP1005,60099,60099,20,"07","3",1,0,2,2,RISK
10180,10180,30,EMP1044,EMP1005,61065,61065,20,"07","3",1,0,2,2,DELAY
12499,12499,30,EMP1044,EMP1005,74974,74974,20,"07","3",1,0,2,2,RISK
7801,7801,30,EMP1044,EMP1005,46786,46786,20,"07","3",1,0,2,2,DELAY
9411,9411,30,EMP1044,EMP1005,56441,56441,20,"07","3",1,0,2,2,RISK
9558,9558,30,EMP1044,EMP1005,57348,57348,20,"07","3",1,0,2,2,DELAY
1157,1157,30,EMP1044,EMP1005,6942,6942,30,"07","3",1,0,0,2,NORMAL
722,722,30,EMP1044,EMP1005,4332,4332,30,"07","3",1,0,0,2,NORMAL
871,871,30,EMP1044,EMP1005,5226,5226,30,"07","3",1,0,0,2,DELAY
885,885,30,EMP1044,EMP1005,5310,5310,30,"07","3",1,0,0,2,NORMAL
49687,49687,30,EMP1006,EMP1051,298125,298125,20,"07","4",1,0,2,2,DELAY
91875,91875,30,EMP1006,EMP1051,551250,551250,20,"07","4",1,0,2,2,RISK
85312,85312,30,EMP1006,EMP1051,511875,511875,20,"07","4",1,0,2,2,RISK
76475,76475,30,EMP1006,EMP1051,458850,458850,20,"07","4",1,0,2,2,RISK
94150,94150,30,EMP1006,EMP1051,564900,564900,20,"07","4",1,0,2,2,RISK
12075,12075,30,EMP1006,EMP1051,72450,72450,20,"07","4",1,0,2,2,DELAY
11212,11212,30,EMP1006,EMP1051,67275,67275,20,"07","4",1,0,2,2,RISK
10051,10051,30,EMP1006,EMP1051,60306,60306,20,"07","4",1,0,2,2,RISK
12374,12374,30,EMP1006,EMP1051,74244,74244,20,"07","4",1,0,2,2,RISK
11340,11340,30,EMP1006,EMP1051,68040,68040,20,"07","4",1,0,2,2,DELAY
10530,10530,30,EMP1006,EMP1051,63180,63180,20,"07","4",1,0,2,2,RISK
9439,9439,30,EMP1006,EMP1051,56636,56636,20,"07","4",1,0,2,2,RISK
11620,11620,30,EMP1006,EMP1051,69725,69725,20,"07","4",1,0,2,2,DELAY
1050,1050,30,EMP1006,EMP1051,6300,6300,30,"07","4",1,0,0,2,RISK
975,975,30,EMP1006,EMP1051,5850,5850,30,"07","4",1,0,0,2,NORMAL
874,874,30,EMP1006,EMP1051,5244,5244,30,"07","4",1,0,0,2,RISK
1076,1076,30,EMP1006,EMP1051,6456,6456,30,"07","4",1,0,0,2,NORMAL
49687,49687,30,EMP1021,EMP1005,298125,298125,20,"07","5",1,0,2,2,DELAY
91875,91875,30,EMP1021,EMP1005,551250,551250,20,"07","5",1,0,2,2,DELAY
85312,85312,30,EMP1021,EMP1005,511875,511875,20,"07","5",1,0,2,2,RISK
76475,76475,30,EMP1021,EMP1005,458850,458850,20,"07","5",1,0,2,2,RISK
94150,94150,30,EMP1021,EMP1005,564900,564900,20,"07","5",1,0,2,2,DELAY
12075,12075,30,EMP1021,EMP1005,72450,72450,20,"07","5",1,0,2,2,DELAY
11212,11212,30,EMP1021,EMP1005,67275,67275,20,"07","5",1,0,2,2,DELAY
10051,10051,30,EMP1021,EMP1005,60306,60306,20,"07","5",1,0,2,2,DELAY
12374,12374,30,EMP1021,EMP1005,74244,74244,20,"07","5",1,0,2,2,DELAY
11340,11340,30,EMP1021,EMP1005,68040,68040,20,"07","5",1,0,2,2,DELAY
10530,10530,30,EMP1021,EMP1005,63180,63180,20,"07","5",1,0,2,2,DELAY
9439,9439,30,EMP1021,EMP1005,56636,56636,20,"07","5",1,0,2,2,DELAY
11620,11620,30,EMP1021,EMP1005,69725,69725,20,"07","5",1,0,2,2,DELAY
1050,1050,30,EMP1021,EMP1005,6300,6300,30,"07","5",1,0,0,2,NORMAL
975,975,30,EMP1021,EMP1005,5850,5850,30,"07","5",1,0,0,2,NORMAL
874,874,30,EMP1021,EMP1005,5244,5244,30,"07","5",1,0,0,2,NORMAL
1076,1076,30,EMP1021,EMP1005,6456,6456,30,"07","5",1,0,0,2,RISK
49687,49687,30,EMP1051,EMP1049,298125,298125,20,"07","6",1,0,2,2,DELAY
91875,91875,30,EMP1051,EMP1049,551250,551250,20,"07","6",1,0,2,2,DELAY
85312,85312,30,EMP1051,EMP1049,511875,511875,20,"07","6",1,0,2,2,DELAY
76475,76475,30,EMP1051,EMP1049,458850,458850,20,"07","6",1,0,2,2,DELAY
94150,94150,30,EMP1051,EMP1049,564900,564900,20,"07","6",1,0,2,2,DELAY
12075,12075,30,EMP1051,EMP1049,72450,72450,20,"07","6",1,0,2,2,RISK
11212,11212,30,EMP1051,EMP1049,67275,67275,20,"07","6",1,0,2,2,DELAY
10051,10051,30,EMP1051,EMP1049,60306,60306,20,"07","6",1,0,2,2,DELAY
12374,12374,30,EMP1051,EMP1049,74244,74244,20,"07","6",1,0,2,2,RISK
11340,11340,30,EMP1051,EMP1049,68040,68040,20,"07","6",1,0,2,2,RISK
10530,10530,30,EMP1051,EMP1049,63180,63180,20,"07","6",1,0,2,2,DELAY
9439,9439,30,EMP1051,EMP1049,56636,56636,20,"07","6",1,0,2,2,DELAY
11620,11620,30,EMP1051,EMP1049,69725,69725,20,"07","6",1,0,2,2,RISK
1050,1050,30,EMP1051,EMP1049,6300,6300,30,"07","6",1,0,0,2,NORMAL
975,975,30,EMP1051,EMP1049,5850,5850,30,"07","6",1,0,0,2,NORMAL
874,874,30,EMP1051,EMP1049,5244,5244,30,"07","6",1,0,0,2,NORMAL
1076,1076,30,EMP1051,EMP1049,6456,6456,30,"07","6",1,0,0,2,DELAY
49687,49687,30,EMP1054,EMP1054,298125,298125,20,"07","7",1,0,2,2,RISK
91875,91875,30,EMP1054,EMP1054,551250,551250,20,"07","7",1,0,2,2,DELAY
85312,85312,30,EMP1054,EMP1054,511875,511875,20,"07","7",1,0,2,2,DELAY
76475,76475,30,EMP1054,EMP1054,458850,458850,20,"07","7",1,0,2,2,DELAY
94150,94150,30,EMP1054,EMP1054,564900,564900,20,"07","7",1,0,2,2,RISK
12075,12075,30,EMP1054,EMP1054,72450,72450,20,"07","7",1,0,2,2,RISK
11212,11212,30,EMP1054,EMP1054,67275,67275,20,"07","7",1,0,2,2,DELAY
10051,10051,30,EMP1054,EMP1054,60306,60306,20,"07","7",1,0,2,2,DELAY
12374,12374,30,EMP1054,EMP1054,74244,74244,20,"07","7",1,0,2,2,DELAY
11340,11340,30,EMP1054,EMP1054,68040,68040,20,"07","7",1,0,2,2,DELAY
10530,10530,30,EMP1054,EMP1054,63180,63180,20,"07","7",1,0,2,2,DELAY
9439,9439,30,EMP1054,EMP1054,56636,56636,20,"07","7",1,0,2,2,DELAY
11620,11620,30,EMP1054,EMP1054,69725,69725,20,"07","7",1,0,2,2,DELAY
1050,1050,30,EMP1054,EMP1054,6300,6300,30,"07","7",1,0,0,2,NORMAL
975,975,30,EMP1054,EMP1054,5850,5850,30,"07","7",1,0,0,2,NORMAL
874,874,30,EMP1054,EMP1054,5244,5244,30,"07","7",1,0,0,2,RISK
1076,1076,30,EMP1054,EMP1054,6456,6456,30,"07","7",1,0,0,2,NORMAL
49687,49687,30,EMP1050,EMP1052,298125,298125,20,"07","2",1,0,2,2,RISK
91875,91875,30,EMP1050,EMP1052,551250,551250,20,"07","2",1,0,2,2,DELAY
85312,85312,30,EMP1050,EMP1052,511875,511875,20,"07","2",1,0,2,2,DELAY
76475,76475,30,EMP1050,EMP1052,458850,458850,20,"07","2",1,0,2,2,DELAY
94150,94150,30,EMP1050,EMP1052,564900,564900,20,"07","2",1,0,2,2,RISK
12075,12075,30,EMP1050,EMP1052,72450,72450,20,"07","2",1,0,2,2,DELAY
11212,11212,30,EMP1050,EMP1052,67275,67275,20,"07","2",1,0,2,2,DELAY
10051,10051,30,EMP1050,EMP1052,60306,60306,20,"07","2",1,0,2,2,RISK
12374,12374,30,EMP1050,EMP1052,74244,74244,20,"07","2",1,0,2,2,RISK
11340,11340,30,EMP1050,EMP1052,68040,68040,20,"07","2",1,0,2,2,DELAY
10530,10530,30,EMP1050,EMP1052,63180,63180,20,"07","2",1,0,2,2,DELAY
9439,9439,30,EMP1050,EMP1052,56636,56636,20,"07","2",1,0,2,2,DELAY
11620,11620,30,EMP1050,EMP1052,69725,69725,20,"07","2",1,0,2,2,DELAY
1050,1050,30,EMP1050,EMP1052,6300,6300,30,"07","2",1,0,0,2,NORMAL
975,975,30,EMP1050,EMP1052,5850,5850,30,"07","2",1,0,0,2,DELAY
874,874,30,EMP1050,EMP1052,5244,5244,30,"07","2",1,0,0,2,NORMAL
1076,1076,30,EMP1050,EMP1052,6456,6456,30,"07","2",1,0,0,2,DELAY
49690,49690,30,EMP1049,EMP1005,298125,298125,20,"07","3",1,0,2,2,DELAY
91875,91875,30,EMP1049,EMP1005,551250,551250,20,"07","3",1,0,2,2,RISK
85315,85315,30,EMP1049,EMP1005,511875,511875,20,"07","3",1,0,2,2,DELAY
76475,76475,30,EMP1049,EMP1005,458850,458850,20,"07","3",1,0,2,2,RISK
94150,94150,30,EMP1049,EMP1005,564900,564900,20,"07","3",1,0,2,2,RISK
12075,12075,30,EMP1049,EMP1005,72450,72450,20,"07","3",1,0,2,2,DELAY
11215,11215,30,EMP1049,EMP1005,67275,67275,20,"07","3",1,0,2,2,DELAY
10051,10051,30,EMP1049,EMP1005,60306,60306,20,"07","3",1,0,2,2,DELAY
12374,12374,30,EMP1049,EMP1005,74244,74244,20,"07","3",1,0,2,2,RISK
11340,11340,30,EMP1049,EMP1005,68040,68040,20,"07","3",1,0,2,2,DELAY
10530,10530,30,EMP1049,EMP1005,63180,63180,20,"07","3",1,0,2,2,DELAY
9441,9441,30,EMP1049,EMP1005,56636,56636,20,"07","3",1,0,2,2,DELAY
11625,11625,30,EMP1049,EMP1005,69725,69725,20,"07","3",1,0,2,2,RISK
1050,1050,30,EMP1049,EMP1005,6300,6300,30,"07","3",1,0,0,2,NORMAL
975,975,30,EMP1049,EMP1005,5850,5850,30,"07","3",1,0,0,2,NORMAL
874,874,30,EMP1049,EMP1005,5244,5244,30,"07","3",1,0,0,2,NORMAL
1076,1076,30,EMP1049,EMP1005,6456,6456,30,"07","3",1,0,0,2,NORMAL
50562,50562,30,EMP1046,EMP1002,303375,303375,20,"07","4",1,0,2,2,RISK
110600,110600,30,EMP1046,EMP1002,663600,663600,20,"07","4",1,0,2,2,DELAY
111125,111125,30,EMP1046,EMP1002,666750,666750,20,"07","4",1,0,2,2,DELAY
64575,64575,30,EMP1046,EMP1002,387450,387450,20,"07","4",1,0,2,2,DELAY
67637,67637,30,EMP1046,EMP1002,405825,405825,20,"07","4",1,0,2,2,DELAY
14536,14536,30,EMP1046,EMP1002,87216,87216,20,"07","4",1,0,2,2,DELAY
14605,14605,30,EMP1046,EMP1002,87630,87630,20,"07","4",1,0,2,2,DELAY
8487,8487,30,EMP1046,EMP1002,50922,50922,20,"07","4",1,0,2,2,RISK
8889,8889,30,EMP1046,EMP1002,53337,53337,20,"07","4",1,0,2,2,DELAY
13651,13651,30,EMP1046,EMP1002,81908,81908,20,"07","4",1,0,2,2,RISK
13716,13716,30,EMP1046,EMP1002,82296,82296,20,"07","4",1,0,2,2,DELAY
7970,7970,30,EMP1046,EMP1002,47823,47823,20,"07","4",1,0,2,2,DELAY
8348,8348,30,EMP1046,EMP1002,50091,50091,20,"07","4",1,0,2,2,DELAY
1264,1264,30,EMP1046,EMP1002,7584,7584,30,"07","4",1,0,0,2,NORMAL
1270,1270,30,EMP1046,EMP1002,7620,7620,30,"07","4",1,0,0,2,DELAY
738,738,30,EMP1046,EMP1002,4428,4428,30,"07","4",1,0,0,2,NORMAL
773,773,30,EMP1046,EMP1002,4638,4638,30,"07","4",1,0,0,2,NORMAL
50562,50562,30,EMP1050,EMP1004,303375,303375,20,"07","5",1,0,2,2,RISK
110600,110600,30,EMP1050,EMP1004,663600,663600,20,"07","5",1,0,2,2,RISK
111125,111125,30,EMP1050,EMP1004,666750,666750,20,"07","5",1,0,2,2,DELAY
64575,64575,30,EMP1050,EMP1004,387450,387450,20,"07","5",1,0,2,2,DELAY
67637,67637,30,EMP1050,EMP1004,405825,405825,20,"07","5",1,0,2,2,DELAY
14536,14536,30,EMP1050,EMP1004,87216,87216,20,"07","5",1,0,2,2,DELAY
14605,14605,30,EMP1050,EMP1004,87630,87630,20,"07","5",1,0,2,2,RISK
8487,8487,30,EMP1050,EMP1004,50922,50922,20,"07","5",1,0,2,2,DELAY
8889,8889,30,EMP1050,EMP1004,53337,53337,20,"07","5",1,0,2,2,DELAY
13651,13651,30,EMP1050,EMP1004,81908,81908,20,"07","5",1,0,2,2,RISK
13716,13716,30,EMP1050,EMP1004,82296,82296,20,"07","5",1,0,2,2,DELAY
7970,7970,30,EMP1050,EMP1004,47823,47823,20,"07","5",1,0,2,2,DELAY
8348,8348,30,EMP1050,EMP1004,50091,50091,20,"07","5",1,0,2,2,DELAY
1264,1264,30,EMP1050,EMP1004,7584,7584,30,"07","5",1,0,0,2,NORMAL
1270,1270,30,EMP1050,EMP1004,7620,7620,30,"07","5",1,0,0,2,DELAY
738,738,30,EMP1050,EMP1004,4428,4428,30,"07","5",1,0,0,2,NORMAL
773,773,30,EMP1050,EMP1004,4638,4638,30,"07","5",1,0,0,2,RISK
50562,50562,30,EMP1051,EMP1001,303375,303375,20,"07","6",1,0,2,2,DELAY
110600,110600,30,EMP1051,EMP1001,663600,663600,20,"07","6",1,0,2,2,RISK
111125,111125,30,EMP1051,EMP1001,666750,666750,20,"07","6",1,0,2,2,DELAY
64575,64575,30,EMP1051,EMP1001,387450,387450,20,"07","6",1,0,2,2,DELAY
67637,67637,30,EMP1051,EMP1001,405825,405825,20,"07","6",1,0,2,2,DELAY
14536,14536,30,EMP1051,EMP1001,87216,87216,20,"07","6",1,0,2,2,DELAY
14605,14605,30,EMP1051,EMP1001,87630,87630,20,"07","6",1,0,2,2,RISK
8487,8487,30,EMP1051,EMP1001,50922,50922,20,"07","6",1,0,2,2,DELAY
8889,8889,30,EMP1051,EMP1001,53337,53337,20,"07","6",1,0,2,2,RISK
13651,13651,30,EMP1051,EMP1001,81908,81908,20,"07","6",1,0,2,2,RISK
13716,13716,30,EMP1051,EMP1001,82296,82296,20,"07","6",1,0,2,2,DELAY
7970,7970,30,EMP1051,EMP1001,47823,47823,20,"07","6",1,0,2,2,RISK
8348,8348,30,EMP1051,EMP1001,50091,50091,20,"07","6",1,0,2,2,DELAY
1264,1264,30,EMP1051,EMP1001,7584,7584,30,"07","6",1,0,0,2,DELAY
1270,1270,30,EMP1051,EMP1001,7620,7620,30,"07","6",1,0,0,2,RISK
738,738,30,EMP1051,EMP1001,4428,4428,30,"07","6",1,0,0,2,NORMAL
773,773,30,EMP1051,EMP1001,4638,4638,30,"07","6",1,0,0,2,NORMAL
50562,50562,30,EMP1047,EMP1005,303375,303375,20,"07","7",1,0,2,2,RISK
110600,110600,30,EMP1047,EMP1005,663600,663600,20,"07","7",1,0,2,2,DELAY
111125,111125,30,EMP1047,EMP1005,666750,666750,20,"07","7",1,0,2,2,DELAY
64575,64575,30,EMP1047,EMP1005,387450,387450,20,"07","7",1,0,2,2,DELAY
67637,67637,30,EMP1047,EMP1005,405825,405825,20,"07","7",1,0,2,2,DELAY
14536,14536,30,EMP1047,EMP1005,87216,87216,20,"07","7",1,0,2,2,DELAY
14605,14605,30,EMP1047,EMP1005,87630,87630,20,"07","7",1,0,2,2,RISK
8487,8487,30,EMP1047,EMP1005,50922,50922,20,"07","7",1,0,2,2,DELAY
8889,8889,30,EMP1047,EMP1005,53337,53337,20,"07","7",1,0,2,2,DELAY
13651,13651,30,EMP1047,EMP1005,81908,81908,20,"07","7",1,0,2,2,DELAY
13716,13716,30,EMP1047,EMP1005,82296,82296,20,"07","7",1,0,2,2,DELAY
7970,7970,30,EMP1047,EMP1005,47823,47823,20,"07","7",1,0,2,2,RISK
8348,8348,30,EMP1047,EMP1005,50091,50091,20,"07","7",1,0,2,2,DELAY
1264,1264,30,EMP1047,EMP1005,7584,7584,30,"07","7",1,0,0,2,RISK
1270,1270,30,EMP1047,EMP1005,7620,7620,30,"07","7",1,0,0,2,NORMAL
738,738,30,EMP1047,EMP1005,4428,4428,30,"07","7",1,0,0,2,NORMAL
773,773,30,EMP1047,EMP1005,4638,4638,30,"07","7",1,0,0,2,DELAY
50562,50562,30,EMP1050,EMP1044,303375,303375,20,"07","2",1,0,2,2,RISK
110600,110600,30,EMP1050,EMP1044,663600,663600,20,"07","2",1,0,2,2,RISK
111125,111125,30,EMP1050,EMP1044,666750,666750,20,"07","2",1,0,2,2,RISK
64575,64575,30,EMP1050,EMP1044,387450,387450,20,"07","2",1,0,2,2,DELAY
67637,67637,30,EMP1050,EMP1044,405825,405825,20,"07","2",1,0,2,2,DELAY
14536,14536,30,EMP1050,EMP1044,87216,87216,20,"07","2",1,0,2,2,RISK
14605,14605,30,EMP1050,EMP1044,87630,87630,20,"07","2",1,0,2,2,DELAY
8487,8487,30,EMP1050,EMP1044,50922,50922,20,"07","2",1,0,2,2,RISK
8889,8889,30,EMP1050,EMP1044,53337,53337,20,"07","2",1,0,2,2,DELAY
13651,13651,30,EMP1050,EMP1044,81908,81908,20,"07","2",1,0,2,2,RISK
13716,13716,30,EMP1050,EMP1044,82296,82296,20,"07","2",1,0,2,2,RISK
7970,7970,30,EMP1050,EMP1044,47823,47823,20,"07","2",1,0,2,2,DELAY
8348,8348,30,EMP1050,EMP1044,50091,50091,20,"07","2",1,0,2,2,DELAY
1264,1264,30,EMP1050,EMP1044,7584,7584,30,"07","2",1,0,0,2,NORMAL
1270,1270,30,EMP1050,EMP1044,7620,7620,30,"07","2",1,0,0,2,NORMAL
738,738,30,EMP1050,EMP1044,4428,4428,30,"07","2",1,0,0,2,DELAY
773,773,30,EMP1050,EMP1044,4638,4638,30,"07","2",1,0,0,2,NORMAL
50565,50565,30,EMP1046,EMP1045,303375,303375,20,"07","3",1,0,2,2,DELAY
110600,110600,30,EMP1046,EMP1045,663600,663600,20,"07","3",1,0,2,2,DELAY
111125,111125,30,EMP1046,EMP1045,666750,666750,20,"07","3",1,0,2,2,DELAY
64575,64575,30,EMP1046,EMP1045,387450,387450,20,"07","3",1,0,2,2,DELAY
67640,67640,30,EMP1046,EMP1045,405825,405825,20,"07","3",1,0,2,2,DELAY
14536,14536,30,EMP1046,EMP1045,87216,87216,20,"07","3",1,0,2,2,DELAY
14605,14605,30,EMP1046,EMP1045,87630,87630,20,"07","3",1,0,2,2,RISK
8487,8487,30,EMP1046,EMP1045,50922,50922,20,"07","3",1,0,2,2,RISK
8892,8892,30,EMP1046,EMP1045,53337,53337,20,"07","3",1,0,2,2,RISK
13653,13653,30,EMP1046,EMP1045,81908,81908,20,"07","3",1,0,2,2,RISK
13716,13716,30,EMP1046,EMP1045,82296,82296,20,"07","3",1,0,2,2,DELAY
7973,7973,30,EMP1046,EMP1045,47823,47823,20,"07","3",1,0,2,2,DELAY
8351,8351,30,EMP1046,EMP1045,50091,50091,20,"07","3",1,0,2,2,RISK
1264,1264,30,EMP1046,EMP1045,7584,7584,30,"07","3",1,0,0,2,NORMAL
1270,1270,30,EMP1046,EMP1045,7620,7620,30,"07","3",1,0,0,2,NORMAL
738,738,30,EMP1046,EMP1045,4428,4428,30,"07","3",1,0,0,2,NORMAL
773,773,30,EMP1046,EMP1045,4638,4638,30,"07","3",1,0,0,2,NORMAL
53775,53775,30,EMP1041,EMP1050,268875,268875,20,"07","4",1,0,2,2,RISK
79975,79975,30,EMP1041,EMP1050,399875,399875,20,"07","4",1,0,2,2,DELAY
80762,80762,30,EMP1041,EMP1050,403813,403813,20,"07","4",1,0,2,2,DELAY
108850,108850,30,EMP1041,EMP1050,544250,544250,20,"07","4",1,0,2,2,DELAY
106837,106837,30,EMP1041,EMP1050,534188,534188,20,"07","4",1,0,2,2,DELAY
10511,10511,30,EMP1041,EMP1050,52555,52555,20,"07","4",1,0,2,2,DELAY
10614,10614,30,EMP1041,EMP1050,53073,53073,20,"07","4",1,0,2,2,DELAY
14306,14306,30,EMP1041,EMP1050,71530,71530,20,"07","4",1,0,2,2,DELAY
14041,14041,30,EMP1041,EMP1050,70208,70208,20,"07","4",1,0,2,2,RISK
9871,9871,30,EMP1041,EMP1050,49356,49356,20,"07","4",1,0,2,2,DELAY
9968,9968,30,EMP1041,EMP1050,49842,49842,20,"07","4",1,0,2,2,RISK
13435,13435,30,EMP1041,EMP1050,67176,67176,20,"07","4",1,0,2,2,RISK
13186,13186,30,EMP1041,EMP1050,65934,65934,20,"07","4",1,0,2,2,DELAY
914,914,30,EMP1041,EMP1050,4570,4570,30,"07","4",1,0,0,2,NORMAL
923,923,30,EMP1041,EMP1050,4615,4615,30,"07","4",1,0,0,2,DELAY
1244,1244,30,EMP1041,EMP1050,6220,6220,30,"07","4",1,0,0,2,NORMAL
1221,1221,30,EMP1041,EMP1050,6105,6105,30,"07","4",1,0,0,2,NORMAL
53775,53775,30,EMP1059,EMP1021,268875,268875,20,"07","5",1,0,2,2,DELAY
79975,79975,30,EMP1059,EMP1021,399875,399875,20,"07","5",1,0,2,2,DELAY
80762,80762,30,EMP1059,EMP1021,403813,403813,20,"07","5",1,0,2,2,DELAY
108850,108850,30,EMP1059,EMP1021,544250,544250,20,"07","5",1,0,2,2,RISK
106837,106837,30,EMP1059,EMP1021,534188,534188,20,"07","5",1,0,2,2,RISK
10511,10511,30,EMP1059,EMP1021,52555,52555,20,"07","5",1,0,2,2,DELAY
10614,10614,30,EMP1059,EMP1021,53073,53073,20,"07","5",1,0,2,2,DELAY
14306,14306,30,EMP1059,EMP1021,71530,71530,20,"07","5",1,0,2,2,DELAY
14041,14041,30,EMP1059,EMP1021,70208,70208,20,"07","5",1,0,2,2,RISK
9871,9871,30,EMP1059,EMP1021,49356,49356,20,"07","5",1,0,2,2,RISK
9968,9968,30,EMP1059,EMP1021,49842,49842,20,"07","5",1,0,2,2,RISK
13435,13435,30,EMP1059,EMP1021,67176,67176,20,"07","5",1,0,2,2,RISK
13186,13186,30,EMP1059,EMP1021,65934,65934,20,"07","5",1,0,2,2,RISK
914,914,30,EMP1059,EMP1021,4570,4570,30,"07","5",1,0,0,2,DELAY
923,923,30,EMP1059,EMP1021,4615,4615,30,"07","5",1,0,0,2,DELAY
1244,1244,30,EMP1059,EMP1021,6220,6220,30,"07","5",1,0,0,2,NORMAL
1221,1221,30,EMP1059,EMP1021,6105,6105,30,"07","5",1,0,0,2,NORMAL
53775,53775,30,EMP1045,EMP1021,268875,268875,20,"08","6",1,0,2,1,DELAY
79975,79975,30,EMP1045,EMP1021,399875,399875,20,"08","6",1,0,2,1,DELAY
80762,80762,30,EMP1045,EMP1021,403813,403813,20,"08","6",1,0,2,1,DELAY
108850,108850,30,EMP1045,EMP1021,544250,544250,20,"08","6",1,0,2,1,DELAY
106837,106837,30,EMP1045,EMP1021,534188,534188,20,"08","6",1,0,2,1,DELAY
10511,10511,30,EMP1045,EMP1021,52555,52555,20,"08","6",1,0,2,1,DELAY
10614,10614,30,EMP1045,EMP1021,53073,53073,20,"08","6",1,0,2,1,DELAY
14306,14306,30,EMP1045,EMP1021,71530,71530,20,"08","6",1,0,2,1,DELAY
14041,14041,30,EMP1045,EMP1021,70208,70208,20,"08","6",1,0,2,1,DELAY
9871,9871,30,EMP1045,EMP1021,49356,49356,20,"08","6",1,0,2,1,DELAY
9968,9968,30,EMP1045,EMP1021,49842,49842,20,"08","6",1,0,2,1,DELAY
13435,13435,30,EMP1045,EMP1021,67176,67176,20,"08","6",1,0,2,1,DELAY
13186,13186,30,EMP1045,EMP1021,65934,65934,20,"08","6",1,0,2,1,DELAY
914,914,30,EMP1045,EMP1021,4570,4570,30,"08","6",1,0,0,1,NORMAL
923,923,30,EMP1045,EMP1021,4615,4615,30,"08","6",1,0,0,1,NORMAL
1244,1244,30,EMP1045,EMP1021,6220,6220,30,"08","6",1,0,0,1,DELAY
1221,1221,30,EMP1045,EMP1021,6105,6105,30,"08","6",1,0,0,1,DELAY
53775,53775,30,EMP1041,EMP1057,268875,268875,20,"08","2",1,0,2,1,DELAY
79975,79975,30,EMP1041,EMP1057,399875,399875,20,"08","2",1,0,2,1,RISK
80762,80762,30,EMP1041,EMP1057,403813,403813,20,"08","2",1,0,2,1,DELAY
108850,108850,30,EMP1041,EMP1057,544250,544250,20,"08","2",1,0,2,1,DELAY
106837,106837,30,EMP1041,EMP1057,534188,534188,20,"08","2",1,0,2,1,RISK
10511,10511,30,EMP1041,EMP1057,52555,52555,20,"08","2",1,0,2,1,DELAY
10614,10614,30,EMP1041,EMP1057,53073,53073,20,"08","2",1,0,2,1,DELAY
14306,14306,30,EMP1041,EMP1057,71530,71530,20,"08","2",1,0,2,1,RISK
14041,14041,30,EMP1041,EMP1057,70208,70208,20,"08","2",1,0,2,1,DELAY
9871,9871,30,EMP1041,EMP1057,49356,49356,20,"08","2",1,0,2,1,DELAY
9968,9968,30,EMP1041,EMP1057,49842,49842,20,"08","2",1,0,2,1,DELAY
13435,13435,30,EMP1041,EMP1057,67176,67176,20,"08","2",1,0,2,1,DELAY
13186,13186,30,EMP1041,EMP1057,65934,65934,20,"08","2",1,0,2,1,DELAY
914,914,30,EMP1041,EMP1057,4570,4570,30,"08","2",1,0,0,1,NORMAL
923,923,30,EMP1041,EMP1057,4615,4615,30,"08","2",1,0,0,1,NORMAL
1244,1244,30,EMP1041,EMP1057,6220,6220,30,"08","2",1,0,0,1,NORMAL
1221,1221,30,EMP1041,EMP1057,6105,6105,30,"08","2",1,0,0,1,NORMAL
53775,53775,30,EMP1007,EMP1021,268875,268875,20,"08","3",1,0,2,1,DELAY
79975,79975,30,EMP1007,EMP1021,399875,399875,20,"08","3",1,0,2,1,DELAY
80765,80765,30,EMP1007,EMP1021,403813,403813,20,"08","3",1,0,2,1,DELAY
108850,108850,30,EMP1007,EMP1021,544250,544250,20,"08","3",1,0,2,1,DELAY
106840,106840,30,EMP1007,EMP1021,534188,534188,20,"08","3",1,0,2,1,DELAY
10511,10511,30,EMP1007,EMP1021,52555,52555,20,"08","3",1,0,2,1,DELAY
10617,10617,30,EMP1007,EMP1021,53073,53073,20,"08","3",1,0,2,1,RISK
14306,14306,30,EMP1007,EMP1021,71530,71530,20,"08","3",1,0,2,1,DELAY
14044,14044,30,EMP1007,EMP1021,70208,70208,20,"08","3",1,0,2,1,DELAY
9872,9872,30,EMP1007,EMP1021,49356,49356,20,"08","3",1,0,2,1,DELAY
9970,9970,30,EMP1007,EMP1021,49842,49842,20,"08","3",1,0,2,1,RISK
13436,13436,30,EMP1007,EMP1021,67176,67176,20,"08","3",1,0,2,1,DELAY
13190,13190,30,EMP1007,EMP1021,65934,65934,20,"08","3",1,0,2,1,DELAY
914,914,30,EMP1007,EMP1021,4570,4570,30,"08","3",1,0,0,1,NORMAL
923,923,30,EMP1007,EMP1021,4615,4615,30,"08","3",1,0,0,1,NORMAL
1244,1244,30,EMP1007,EMP1021,6220,6220,30,"08","3",1,0,0,1,DELAY
1221,1221,30,EMP1007,EMP1021,6105,6105,30,"08","3",1,0,0,1,NORMAL
48625,48625,30,EMP1002,EMP1002,243125,243125,20,"08","4",1,0,2,1,DELAY
65450,65450,30,EMP1002,EMP1002,327250,327250,20,"08","4",1,0,2,1,DELAY
103687,103687,30,EMP1002,EMP1002,518438,518438,20,"08","4",1,0,2,1,DELAY
75075,75075,30,EMP1002,EMP1002,375375,375375,20,"08","4",1,0,2,1,DELAY
96162,96162,30,EMP1002,EMP1002,480813,480813,20,"08","4",1,0,2,1,DELAY
8602,8602,30,EMP1002,EMP1002,43010,43010,20,"08","4",1,0,2,1,DELAY
13627,13627,30,EMP1002,EMP1002,68138,68138,20,"08","4",1,0,2,1,DELAY
9867,9867,30,EMP1002,EMP1002,49335,49335,20,"08","4",1,0,2,1,DELAY
12638,12638,30,EMP1002,EMP1002,63193,63193,20,"08","4",1,0,2,1,DELAY
8078,8078,30,EMP1002,EMP1002,40392,40392,20,"08","4",1,0,2,1,DELAY
12798,12798,30,EMP1002,EMP1002,63990,63990,20,"08","4",1,0,2,1,DELAY
9266,9266,30,EMP1002,EMP1002,46332,46332,20,"08","4",1,0,2,1,DELAY
11869,11869,30,EMP1002,EMP1002,59346,59346,20,"08","4",1,0,2,1,DELAY
748,748,30,EMP1002,EMP1002,3740,3740,30,"08","4",1,0,0,1,NORMAL
1185,1185,30,EMP1002,EMP1002,5925,5925,30,"08","4",1,0,0,1,DELAY
858,858,30,EMP1002,EMP1002,4290,4290,30,"08","4",1,0,0,1,NORMAL
1099,1099,30,EMP1002,EMP1002,5495,5495,30,"08","4",1,0,0,1,NORMAL
48625,48625,30,EMP1059,EMP1057,243125,243125,20,"08","5",1,0,2,1,DELAY
65450,65450,30,EMP1059,EMP1057,327250,327250,20,"08","5",1,0,2,1,DELAY
103687,103687,30,EMP1059,EMP1057,518438,518438,20,"08","5",1,0,2,1,DELAY
75075,75075,30,EMP1059,EMP1057,375375,375375,20,"08","5",1,0,2,1,DELAY
96162,96162,30,EMP1059,EMP1057,480813,480813,20,"08","5",1,0,2,1,DELAY
8602,8602,30,EMP1059,EMP1057,43010,43010,20,"08","5",1,0,2,1,DELAY
13627,13627,30,EMP1059,EMP1057,68138,68138,20,"08","5",1,0,2,1,DELAY
9867,9867,30,EMP1059,EMP1057,49335,49335,20,"08","5",1,0,2,1,DELAY
12638,12638,30,EMP1059,EMP1057,63193,63193,20,"08","5",1,0,2,1,DELAY
8078,8078,30,EMP1059,EMP1057,40392,40392,20,"08","5",1,0,2,1,DELAY
12798,12798,30,EMP1059,EMP1057,63990,63990,20,"08","5",1,0,2,1,DELAY
9266,9266,30,EMP1059,EMP1057,46332,46332,20,"08","5",1,0,2,1,DELAY
11869,11869,30,EMP1059,EMP1057,59346,59346,20,"08","5",1,0,2,1,DELAY
748,748,30,EMP1059,EMP1057,3740,3740,30,"08","5",1,0,0,1,NORMAL
1185,1185,30,EMP1059,EMP1057,5925,5925,30,"08","5",1,0,0,1,NORMAL
858,858,30,EMP1059,EMP1057,4290,4290,30,"08","5",1,0,0,1,NORMAL
1099,1099,30,EMP1059,EMP1057,5495,5495,30,"08","5",1,0,0,1,DELAY
48625,48625,30,EMP1049,EMP1048,243125,243125,20,"08","6",1,0,2,1,DELAY
65450,65450,30,EMP1049,EMP1048,327250,327250,20,"08","6",1,0,2,1,DELAY
103687,103687,30,EMP1049,EMP1048,518438,518438,20,"08","6",1,0,2,1,DELAY
75075,75075,30,EMP1049,EMP1048,375375,375375,20,"08","6",1,0,2,1,DELAY
96162,96162,30,EMP1049,EMP1048,480813,480813,20,"08","6",1,0,2,1,RISK
8602,8602,30,EMP1049,EMP1048,43010,43010,20,"08","6",1,0,2,1,RISK
13627,13627,30,EMP1049,EMP1048,68138,68138,20,"08","6",1,0,2,1,DELAY
9867,9867,30,EMP1049,EMP1048,49335,49335,20,"08","6",1,0,2,1,DELAY
12638,12638,30,EMP1049,EMP1048,63193,63193,20,"08","6",1,0,2,1,DELAY
8078,8078,30,EMP1049,EMP1048,40392,40392,20,"08","6",1,0,2,1,DELAY
12798,12798,30,EMP1049,EMP1048,63990,63990,20,"08","6",1,0,2,1,DELAY
9266,9266,30,EMP1049,EMP1048,46332,46332,20,"08","6",1,0,2,1,DELAY
11869,11869,30,EMP1049,EMP1048,59346,59346,20,"08","6",1,0,2,1,DELAY
748,748,30,EMP1049,EMP1048,3740,3740,30,"08","6",1,0,0,1,NORMAL
1185,1185,30,EMP1049,EMP1048,5925,5925,30,"08","6",1,0,0,1,NORMAL
858,858,30,EMP1049,EMP1048,4290,4290,30,"08","6",1,0,0,1,NORMAL
1099,1099,30,EMP1049,EMP1048,5495,5495,30,"08","6",1,0,0,1,DELAY
48625,48625,30,EMP1021,EMP1056,243125,243125,20,"08","2",1,0,2,1,DELAY
65450,65450,30,EMP1021,EMP1056,327250,327250,20,"08","2",1,0,2,1,DELAY
103687,103687,30,EMP1021,EMP1056,518438,518438,20,"08","2",1,0,2,1,DELAY
75075,75075,30,EMP1021,EMP1056,375375,375375,20,"08","2",1,0,2,1,DELAY
96162,96162,30,EMP1021,EMP1056,480813,480813,20,"08","2",1,0,2,1,DELAY
8602,8602,30,EMP1021,EMP1056,43010,43010,20,"08","2",1,0,2,1,DELAY
13627,13627,30,EMP1021,EMP1056,68138,68138,20,"08","2",1,0,2,1,DELAY
9867,9867,30,EMP1021,EMP1056,49335,49335,20,"08","2",1,0,2,1,DELAY
12638,12638,30,EMP1021,EMP1056,63193,63193,20,"08","2",1,0,2,1,DELAY
8078,8078,30,EMP1021,EMP1056,40392,40392,20,"08","2",1,0,2,1,DELAY
12798,12798,30,EMP1021,EMP1056,63990,63990,20,"08","2",1,0,2,1,DELAY
9266,9266,30,EMP1021,EMP1056,46332,46332,20,"08","2",1,0,2,1,DELAY
11869,11869,30,EMP1021,EMP1056,59346,59346,20,"08","2",1,0,2,1,DELAY
748,748,30,EMP1021,EMP1056,3740,3740,30,"08","2",1,0,0,1,NORMAL
1185,1185,30,EMP1021,EMP1056,5925,5925,30,"08","2",1,0,0,1,NORMAL
858,858,30,EMP1021,EMP1056,4290,4290,30,"08","2",1,0,0,1,NORMAL
1099,1099,30,EMP1021,EMP1056,5495,5495,30,"08","2",1,0,0,1,NORMAL
48625,48625,30,EMP1050,EMP1043,243125,243125,20,"08","3",1,0,2,1,DELAY
65450,65450,30,EMP1050,EMP1043,327250,327250,20,"08","3",1,0,2,1,DELAY
103690,103690,30,EMP1050,EMP1043,518438,518438,20,"08","3",1,0,2,1,DELAY
75075,75075,30,EMP1050,EMP1043,375375,375375,20,"08","3",1,0,2,1,RISK
96165,96165,30,EMP1050,EMP1043,480813,480813,20,"08","3",1,0,2,1,DELAY
8602,8602,30,EMP1050,EMP1043,43010,43010,20,"08","3",1,0,2,1,DELAY
13630,13630,30,EMP1050,EMP1043,68138,68138,20,"08","3",1,0,2,1,DELAY
9867,9867,30,EMP1050,EMP1043,49335,49335,20,"08","3",1,0,2,1,DELAY
12641,12641,30,EMP1050,EMP1043,63193,63193,20,"08","3",1,0,2,1,DELAY
8080,8080,30,EMP1050,EMP1043,40392,40392,20,"08","3",1,0,2,1,DELAY
12798,12798,30,EMP1050,EMP1043,63990,63990,20,"08","3",1,0,2,1,DELAY
9268,9268,30,EMP1050,EMP1043,46332,46332,20,"08","3",1,0,2,1,DELAY
11870,11870,30,EMP1050,EMP1043,59346,59346,20,"08","3",1,0,2,1,DELAY
748,748,30,EMP1050,EMP1043,3740,3740,30,"08","3",1,0,0,1,DELAY
1185,1185,30,EMP1050,EMP1043,5925,5925,30,"08","3",1,0,0,1,NORMAL
858,858,30,EMP1050,EMP1043,4290,4290,30,"08","3",1,0,0,1,NORMAL
1099,1099,30,EMP1050,EMP1043,5495,5495,30,"08","3",1,0,0,1,NORMAL
53500,53500,30,EMP1003,EMP1044,321000,321000,20,"08","4",1,0,2,1,RISK
85750,85750,30,EMP1003,EMP1044,514500,514500,20,"08","4",1,0,2,1,DELAY
102462,102462,30,EMP1003,EMP1044,614775,614775,20,"08","4",1,0,2,1,DELAY
84612,84612,30,EMP1003,EMP1044,507675,507675,20,"08","4",1,0,2,1,DELAY
101675,101675,30,EMP1003,EMP1044,610050,610050,20,"08","4",1,0,2,1,DELAY
11270,11270,30,EMP1003,EMP1044,67620,67620,20,"08","4",1,0,2,1,DELAY
13466,13466,30,EMP1003,EMP1044,80799,80799,20,"08","4",1,0,2,1,DELAY
11120,11120,30,EMP1003,EMP1044,66723,66723,20,"08","4",1,0,2,1,DELAY
13363,13363,30,EMP1003,EMP1044,80178,80178,20,"08","4",1,0,2,1,DELAY
10584,10584,30,EMP1003,EMP1044,63504,63504,20,"08","4",1,0,2,1,DELAY
12646,12646,30,EMP1003,EMP1044,75881,75881,20,"08","4",1,0,2,1,DELAY
10443,10443,30,EMP1003,EMP1044,62662,62662,20,"08","4",1,0,2,1,DELAY
12549,12549,30,EMP1003,EMP1044,75298,75298,20,"08","4",1,0,2,1,DELAY
980,980,30,EMP1003,EMP1044,5880,5880,30,"08","4",1,0,0,1,DELAY
1171,1171,30,EMP1003,EMP1044,7026,7026,30,"08","4",1,0,0,1,NORMAL
967,967,30,EMP1003,EMP1044,5802,5802,30,"08","4",1,0,0,1,DELAY
1162,1162,30,EMP1003,EMP1044,6972,6972,30,"08","4",1,0,0,1,NORMAL
53500,53500,30,EMP1005,EMP1050,321000,321000,20,"08","5",1,0,2,1,DELAY
85750,85750,30,EMP1005,EMP1050,514500,514500,20,"08","5",1,0,2,1,DELAY
102462,102462,30,EMP1005,EMP1050,614775,614775,20,"08","5",1,0,2,1,DELAY
84612,84612,30,EMP1005,EMP1050,507675,507675,20,"08","5",1,0,2,1,DELAY
101675,101675,30,EMP1005,EMP1050,610050,610050,20,"08","5",1,0,2,1,DELAY
11270,11270,30,EMP1005,EMP1050,67620,67620,20,"08","5",1,0,2,1,DELAY
13466,13466,30,EMP1005,EMP1050,80799,80799,20,"08","5",1,0,2,1,DELAY
11120,11120,30,EMP1005,EMP1050,66723,66723,20,"08","5",1,0,2,1,DELAY
13363,13363,30,EMP1005,EMP1050,80178,80178,20,"08","5",1,0,2,1,RISK
10584,10584,30,EMP1005,EMP1050,63504,63504,20,"08","5",1,0,2,1,DELAY
12646,12646,30,EMP1005,EMP1050,75881,75881,20,"08","5",1,0,2,1,DELAY
10443,10443,30,EMP1005,EMP1050,62662,62662,20,"08","5",1,0,2,1,DELAY
12549,12549,30,EMP1005,EMP1050,75298,75298,20,"08","5",1,0,2,1,DELAY
980,980,30,EMP1005,EMP1050,5880,5880,30,"08","5",1,0,0,1,NORMAL
1171,1171,30,EMP1005,EMP1050,7026,7026,30,"08","5",1,0,0,1,NORMAL
967,967,30,EMP1005,EMP1050,5802,5802,30,"08","5",1,0,0,1,NORMAL
1162,1162,30,EMP1005,EMP1050,6972,6972,30,"08","5",1,0,0,1,DELAY
53500,53500,30,EMP1048,EMP1043,321000,321000,20,"08","6",1,0,2,1,DELAY
85750,85750,30,EMP1048,EMP1043,514500,514500,20,"08","6",1,0,2,1,DELAY
102462,102462,30,EMP1048,EMP1043,614775,614775,20,"08","6",1,0,2,1,DELAY
84612,84612,30,EMP1048,EMP1043,507675,507675,20,"08","6",1,0,2,1,DELAY
101675,101675,30,EMP1048,EMP1043,610050,610050,20,"08","6",1,0,2,1,DELAY
11270,11270,30,EMP1048,EMP1043,67620,67620,20,"08","6",1,0,2,1,DELAY
13466,13466,30,EMP1048,EMP1043,80799,80799,20,"08","6",1,0,2,1,DELAY
11120,11120,30,EMP1048,EMP1043,66723,66723,20,"08","6",1,0,2,1,DELAY
13363,13363,30,EMP1048,EMP1043,80178,80178,20,"08","6",1,0,2,1,DELAY
10584,10584,30,EMP1048,EMP1043,63504,63504,20,"08","6",1,0,2,1,DELAY
12646,12646,30,EMP1048,EMP1043,75881,75881,20,"08","6",1,0,2,1,DELAY
10443,10443,30,EMP1048,EMP1043,62662,62662,20,"08","6",1,0,2,1,DELAY
12549,12549,30,EMP1048,EMP1043,75298,75298,20,"08","6",1,0,2,1,RISK
980,980,30,EMP1048,EMP1043,5880,5880,30,"08","6",1,0,0,1,NORMAL
1171,1171,30,EMP1048,EMP1043,7026,7026,30,"08","6",1,0,0,1,NORMAL
967,967,30,EMP1048,EMP1043,5802,5802,30,"08","6",1,0,0,1,DELAY
1162,1162,30,EMP1048,EMP1043,6972,6972,30,"08","6",1,0,0,1,NORMAL
53500,53500,30,EMP1051,EMP1045,321000,321000,20,"08","7",1,0,2,1,DELAY
85750,85750,30,EMP1051,EMP1045,514500,514500,20,"08","7",1,0,2,1,DELAY
102462,102462,30,EMP1051,EMP1045,614775,614775,20,"08","7",1,0,2,1,DELAY
84612,84612,30,EMP1051,EMP1045,507675,507675,20,"08","7",1,0,2,1,DELAY
101675,101675,30,EMP1051,EMP1045,610050,610050,20,"08","7",1,0,2,1,DELAY
11270,11270,30,EMP1051,EMP1045,67620,67620,20,"08","7",1,0,2,1,DELAY
13466,13466,30,EMP1051,EMP1045,80799,80799,20,"08","7",1,0,2,1,DELAY
11120,11120,30,EMP1051,EMP1045,66723,66723,20,"08","7",1,0,2,1,DELAY
13363,13363,30,EMP1051,EMP1045,80178,80178,20,"08","7",1,0,2,1,DELAY
10584,10584,30,EMP1051,EMP1045,63504,63504,20,"08","7",1,0,2,1,DELAY
12646,12646,30,EMP1051,EMP1045,75881,75881,20,"08","7",1,0,2,1,RISK
10443,10443,30,EMP1051,EMP1045,62662,62662,20,"08","7",1,0,2,1,DELAY
12549,12549,30,EMP1051,EMP1045,75298,75298,20,"08","7",1,0,2,1,DELAY
980,980,30,EMP1051,EMP1045,5880,5880,30,"08","7",1,0,0,1,NORMAL
1171,1171,30,EMP1051,EMP1045,7026,7026,30,"08","7",1,0,0,1,NORMAL
967,967,30,EMP1051,EMP1045,5802,5802,30,"08","7",1,0,0,1,NORMAL
1162,1162,30,EMP1051,EMP1045,6972,6972,30,"08","7",1,0,0,1,NORMAL
53500,53500,30,EMP1059,EMP1052,321000,321000,20,"08","2",1,0,2,1,DELAY
85750,85750,30,EMP1059,EMP1052,514500,514500,20,"08","2",1,0,2,1,DELAY
102462,102462,30,EMP1059,EMP1052,614775,614775,20,"08","2",1,0,2,1,DELAY
84612,84612,30,EMP1059,EMP1052,507675,507675,20,"08","2",1,0,2,1,DELAY
101675,101675,30,EMP1059,EMP1052,610050,610050,20,"08","2",1,0,2,1,DELAY
11270,11270,30,EMP1059,EMP1052,67620,67620,20,"08","2",1,0,2,1,DELAY
13466,13466,30,EMP1059,EMP1052,80799,80799,20,"08","2",1,0,2,1,RISK
11120,11120,30,EMP1059,EMP1052,66723,66723,20,"08","2",1,0,2,1,DELAY
13363,13363,30,EMP1059,EMP1052,80178,80178,20,"08","2",1,0,2,1,DELAY
10584,10584,30,EMP1059,EMP1052,63504,63504,20,"08","2",1,0,2,1,DELAY
12646,12646,30,EMP1059,EMP1052,75881,75881,20,"08","2",1,0,2,1,DELAY
10443,10443,30,EMP1059,EMP1052,62662,62662,20,"08","2",1,0,2,1,DELAY
12549,12549,30,EMP1059,EMP1052,75298,75298,20,"08","2",1,0,2,1,RISK
980,980,30,EMP1059,EMP1052,5880,5880,30,"08","2",1,0,0,1,NORMAL
1171,1171,30,EMP1059,EMP1052,7026,7026,30,"08","2",1,0,0,1,NORMAL
967,967,30,EMP1059,EMP1052,5802,5802,30,"08","2",1,0,0,1,NORMAL
1162,1162,30,EMP1059,EMP1052,6972,6972,30,"08","2",1,0,0,1,DELAY
53500,53500,30,EMP1055,EMP1056,321000,321000,20,"08","3",1,0,2,1,DELAY
85750,85750,30,EMP1055,EMP1056,514500,514500,20,"08","3",1,0,2,1,DELAY
102465,102465,30,EMP1055,EMP1056,614775,614775,20,"08","3",1,0,2,1,DELAY
84615,84615,30,EMP1055,EMP1056,507675,507675,20,"08","3",1,0,2,1,DELAY
101675,101675,30,EMP1055,EMP1056,610050,610050,20,"08","3",1,0,2,1,DELAY
11270,11270,30,EMP1055,EMP1056,67620,67620,20,"08","3",1,0,2,1,DELAY
13469,13469,30,EMP1055,EMP1056,80799,80799,20,"08","3",1,0,2,1,DELAY
11123,11123,30,EMP1055,EMP1056,66723,66723,20,"08","3",1,0,2,1,DELAY
13363,13363,30,EMP1055,EMP1056,80178,80178,20,"08","3",1,0,2,1,DELAY
10584,10584,30,EMP1055,EMP1056,63504,63504,20,"08","3",1,0,2,1,DELAY
12651,12651,30,EMP1055,EMP1056,75881,75881,20,"08","3",1,0,2,1,DELAY
10447,10447,30,EMP1055,EMP1056,62662,62662,20,"08","3",1,0,2,1,RISK
12553,12553,30,EMP1055,EMP1056,75298,75298,20,"08","3",1,0,2,1,DELAY
980,980,30,EMP1055,EMP1056,5880,5880,30,"08","3",1,0,0,1,NORMAL
1171,1171,30,EMP1055,EMP1056,7026,7026,30,"08","3",1,0,0,1,NORMAL
967,967,30,EMP1055,EMP1056,5802,5802,30,"08","3",1,0,0,1,NORMAL
1162,1162,30,EMP1055,EMP1056,6972,6972,30,"08","3",1,0,0,1,NORMAL
47800,47800,30,EMP1050,EMP1044,239000,239000,20,"08","4",1,0,2,1,DELAY
85137,85137,30,EMP1050,EMP1044,425688,425688,20,"08","4",1,0,2,1,DELAY
93712,93712,30,EMP1050,EMP1044,468563,468563,20,"08","4",1,0,2,1,DELAY
75775,75775,30,EMP1050,EMP1044,378875,378875,20,"08","4",1,0,2,1,DELAY
79975,79975,30,EMP1050,EMP1044,399875,399875,20,"08","4",1,0,2,1,DELAY
11189,11189,30,EMP1050,EMP1044,55948,55948,20,"08","4",1,0,2,1,DELAY
12316,12316,30,EMP1050,EMP1044,61583,61583,20,"08","4",1,0,2,1,DELAY
9959,9959,30,EMP1050,EMP1044,49795,49795,20,"08","4",1,0,2,1,DELAY
10511,10511,30,EMP1050,EMP1044,52555,52555,20,"08","4",1,0,2,1,DELAY
10508,10508,30,EMP1050,EMP1044,52542,52542,20,"08","4",1,0,2,1,DELAY
11566,11566,30,EMP1050,EMP1044,57834,57834,20,"08","4",1,0,2,1,DELAY
9352,9352,30,EMP1050,EMP1044,46764,46764,20,"08","4",1,0,2,1,DELAY
9871,9871,30,EMP1050,EMP1044,49356,49356,20,"08","4",1,0,2,1,DELAY
973,973,30,EMP1050,EMP1044,4865,4865,30,"08","4",1,0,0,1,NORMAL
1071,1071,30,EMP1050,EMP1044,5355,5355,30,"08","4",1,0,0,1,NORMAL
866,866,30,EMP1050,EMP1044,4330,4330,30,"08","4",1,0,0,1,NORMAL
914,914,30,EMP1050,EMP1044,4570,4570,30,"08","4",1,0,0,1,NORMAL
47800,47800,30,EMP1057,EMP1049,239000,239000,20,"08","5",1,0,2,1,DELAY
85137,85137,30,EMP1057,EMP1049,425688,425688,20,"08","5",1,0,2,1,DELAY
93712,93712,30,EMP1057,EMP1049,468563,468563,20,"08","5",1,0,2,1,DELAY
75775,75775,30,EMP1057,EMP1049,378875,378875,20,"08","5",1,0,2,1,DELAY
79975,79975,30,EMP1057,EMP1049,399875,399875,20,"08","5",1,0,2,1,DELAY
11189,11189,30,EMP1057,EMP1049,55948,55948,20,"08","5",1,0,2,1,DELAY
12316,12316,30,EMP1057,EMP1049,61583,61583,20,"08","5",1,0,2,1,DELAY
9959,9959,30,EMP1057,EMP1049,49795,49795,20,"08","5",1,0,2,1,DELAY
10511,10511,30,EMP1057,EMP1049,52555,52555,20,"08","5",1,0,2,1,DELAY
10508,10508,30,EMP1057,EMP1049,52542,52542,20,"08","5",1,0,2,1,DELAY
11566,11566,30,EMP1057,EMP1049,57834,57834,20,"08","5",1,0,2,1,DELAY
9352,9352,30,EMP1057,EMP1049,46764,46764,20,"08","5",1,0,2,1,DELAY
9871,9871,30,EMP1057,EMP1049,49356,49356,20,"08","5",1,0,2,1,DELAY
973,973,30,EMP1057,EMP1049,4865,4865,30,"08","5",1,0,0,1,DELAY
1071,1071,30,EMP1057,EMP1049,5355,5355,30,"08","5",1,0,0,1,NORMAL
866,866,30,EMP1057,EMP1049,4330,4330,30,"08","5",1,0,0,1,NORMAL
914,914,30,EMP1057,EMP1049,4570,4570,30,"08","5",1,0,0,1,DELAY
47800,47800,30,EMP1052,EMP1001,239000,239000,20,"08","6",1,0,2,1,DELAY
85137,85137,30,EMP1052,EMP1001,425688,425688,20,"08","6",1,0,2,1,DELAY
93712,93712,30,EMP1052,EMP1001,468563,468563,20,"08","6",1,0,2,1,DELAY
75775,75775,30,EMP1052,EMP1001,378875,378875,20,"08","6",1,0,2,1,DELAY
79975,79975,30,EMP1052,EMP1001,399875,399875,20,"08","6",1,0,2,1,DELAY
11189,11189,30,EMP1052,EMP1001,55948,55948,20,"08","6",1,0,2,1,RISK
12316,12316,30,EMP1052,EMP1001,61583,61583,20,"08","6",1,0,2,1,DELAY
9959,9959,30,EMP1052,EMP1001,49795,49795,20,"08","6",1,0,2,1,DELAY
10511,10511,30,EMP1052,EMP1001,52555,52555,20,"08","6",1,0,2,1,DELAY
10508,10508,30,EMP1052,EMP1001,52542,52542,20,"08","6",1,0,2,1,DELAY
11566,11566,30,EMP1052,EMP1001,57834,57834,20,"08","6",1,0,2,1,DELAY
9352,9352,30,EMP1052,EMP1001,46764,46764,20,"08","6",1,0,2,1,DELAY
9871,9871,30,EMP1052,EMP1001,49356,49356,20,"08","6",1,0,2,1,DELAY
973,973,30,EMP1052,EMP1001,4865,4865,30,"08","6",1,0,0,1,NORMAL
1071,1071,30,EMP1052,EMP1001,5355,5355,30,"08","6",1,0,0,1,DELAY
866,866,30,EMP1052,EMP1001,4330,4330,30,"08","6",1,0,0,1,NORMAL
914,914,30,EMP1052,EMP1001,4570,4570,30,"08","6",1,0,0,1,DELAY
47800,47800,30,EMP1049,EMP1007,239000,239000,20,"08","2",1,0,2,1,RISK
85137,85137,30,EMP1049,EMP1007,425688,425688,20,"08","2",1,0,2,1,DELAY
93712,93712,30,EMP1049,EMP1007,468563,468563,20,"08","2",1,0,2,1,DELAY
75775,75775,30,EMP1049,EMP1007,378875,378875,20,"08","2",1,0,2,1,DELAY
79975,79975,30,EMP1049,EMP1007,399875,399875,20,"08","2",1,0,2,1,DELAY
11189,11189,30,EMP1049,EMP1007,55948,55948,20,"08","2",1,0,2,1,DELAY
12316,12316,30,EMP1049,EMP1007,61583,61583,20,"08","2",1,0,2,1,DELAY
9959,9959,30,EMP1049,EMP1007,49795,49795,20,"08","2",1,0,2,1,DELAY
10511,10511,30,EMP1049,EMP1007,52555,52555,20,"08","2",1,0,2,1,RISK
10508,10508,30,EMP1049,EMP1007,52542,52542,20,"08","2",1,0,2,1,DELAY
11566,11566,30,EMP1049,EMP1007,57834,57834,20,"08","2",1,0,2,1,DELAY
9352,9352,30,EMP1049,EMP1007,46764,46764,20,"08","2",1,0,2,1,DELAY
9871,9871,30,EMP1049,EMP1007,49356,49356,20,"08","2",1,0,2,1,DELAY
973,973,30,EMP1049,EMP1007,4865,4865,30,"08","2",1,0,0,1,NORMAL
1071,1071,30,EMP1049,EMP1007,5355,5355,30,"08","2",1,0,0,1,NORMAL
866,866,30,EMP1049,EMP1007,4330,4330,30,"08","2",1,0,0,1,NORMAL
914,914,30,EMP1049,EMP1007,4570,4570,30,"08","2",1,0,0,1,NORMAL
47800,47800,30,EMP1021,EMP1055,239000,239000,20,"08","3",1,0,2,1,DELAY
85140,85140,30,EMP1021,EMP1055,425688,425688,20,"08","3",1,0,2,1,RISK
93715,93715,30,EMP1021,EMP1055,468563,468563,20,"08","3",1,0,2,1,DELAY
75775,75775,30,EMP1021,EMP1055,378875,378875,20,"08","3",1,0,2,1,DELAY
79975,79975,30,EMP1021,EMP1055,399875,399875,20,"08","3",1,0,2,1,DELAY
11192,11192,30,EMP1021,EMP1055,55948,55948,20,"08","3",1,0,2,1,DELAY
12319,12319,30,EMP1021,EMP1055,61583,61583,20,"08","3",1,0,2,1,DELAY
9959,9959,30,EMP1021,EMP1055,49795,49795,20,"08","3",1,0,2,1,DELAY
10511,10511,30,EMP1021,EMP1055,52555,52555,20,"08","3",1,0,2,1,DELAY
10510,10510,30,EMP1021,EMP1055,52542,52542,20,"08","3",1,0,2,1,DELAY
11570,11570,30,EMP1021,EMP1055,57834,57834,20,"08","3",1,0,2,1,DELAY
9356,9356,30,EMP1021,EMP1055,46764,46764,20,"08","3",1,0,2,1,RISK
9872,9872,30,EMP1021,EMP1055,49356,49356,20,"08","3",1,0,2,1,DELAY
973,973,30,EMP1021,EMP1055,4865,4865,30,"08","3",1,0,0,1,NORMAL
1071,1071,30,EMP1021,EMP1055,5355,5355,30,"08","3",1,0,0,1,NORMAL
866,866,30,EMP1021,EMP1055,4330,4330,30,"08","3",1,0,0,1,DELAY
914,914,30,EMP1021,EMP1055,4570,4570,30,"08","3",1,0,0,1,DELAY
53112,53112,30,EMP1049,EMP1047,318675,318675,20,"08","4",1,0,2,1,RISK
109987,109987,30,EMP1049,EMP1047,659925,659925,20,"08","4",1,0,2,1,DELAY
78225,78225,30,EMP1049,EMP1047,469350,469350,20,"08","4",1,0,2,1,DELAY
100975,100975,30,EMP1049,EMP1047,605850,605850,20,"08","4",1,0,2,1,DELAY
82600,82600,30,EMP1049,EMP1047,495600,495600,20,"08","4",1,0,2,1,DELAY
14455,14455,30,EMP1049,EMP1047,86733,86733,20,"08","4",1,0,2,1,DELAY
10281,10281,30,EMP1049,EMP1047,61686,61686,20,"08","4",1,0,2,1,RISK
13271,13271,30,EMP1049,EMP1047,79626,79626,20,"08","4",1,0,2,1,DELAY
10856,10856,30,EMP1049,EMP1047,65136,65136,20,"08","4",1,0,2,1,DELAY
13575,13575,30,EMP1049,EMP1047,81454,81454,20,"08","4",1,0,2,1,DELAY
9655,9655,30,EMP1049,EMP1047,57932,57932,20,"08","4",1,0,2,1,DELAY
12463,12463,30,EMP1049,EMP1047,74780,74780,20,"08","4",1,0,2,1,DELAY
10195,10195,30,EMP1049,EMP1047,61172,61172,20,"08","4",1,0,2,1,DELAY
1257,1257,30,EMP1049,EMP1047,7542,7542,30,"08","4",1,0,0,1,NORMAL
894,894,30,EMP1049,EMP1047,5364,5364,30,"08","4",1,0,0,1,NORMAL
1154,1154,30,EMP1049,EMP1047,6924,6924,30,"08","4",1,0,0,1,NORMAL
944,944,30,EMP1049,EMP1047,5664,5664,30,"08","4",1,0,0,1,DELAY
53112,53112,30,EMP1021,EMP1043,318675,318675,20,"08","5",1,0,2,1,DELAY
109987,109987,30,EMP1021,EMP1043,659925,659925,20,"08","5",1,0,2,1,DELAY
78225,78225,30,EMP1021,EMP1043,469350,469350,20,"08","5",1,0,2,1,DELAY
100975,100975,30,EMP1021,EMP1043,605850,605850,20,"08","5",1,0,2,1,DELAY
82600,82600,30,EMP1021,EMP1043,495600,495600,20,"08","5",1,0,2,1,DELAY
14455,14455,30,EMP1021,EMP1043,86733,86733,20,"08","5",1,0,2,1,DELAY
10281,10281,30,EMP1021,EMP1043,61686,61686,20,"08","5",1,0,2,1,DELAY
13271,13271,30,EMP1021,EMP1043,79626,79626,20,"08","5",1,0,2,1,DELAY
10856,10856,30,EMP1021,EMP1043,65136,65136,20,"08","5",1,0,2,1,RISK
13575,13575,30,EMP1021,EMP1043,81454,81454,20,"08","5",1,0,2,1,DELAY
9655,9655,30,EMP1021,EMP1043,57932,57932,20,"08","5",1,0,2,1,DELAY
12463,12463,30,EMP1021,EMP1043,74780,74780,20,"08","5",1,0,2,1,DELAY
10195,10195,30,EMP1021,EMP1043,61172,61172,20,"08","5",1,0,2,1,DELAY
1257,1257,30,EMP1021,EMP1043,7542,7542,30,"08","5",1,0,0,1,NORMAL
894,894,30,EMP1021,EMP1043,5364,5364,30,"08","5",1,0,0,1,NORMAL
1154,1154,30,EMP1021,EMP1043,6924,6924,30,"08","5",1,0,0,1,NORMAL
944,944,30,EMP1021,EMP1043,5664,5664,30,"08","5",1,0,0,1,NORMAL
53112,53112,30,EMP1042,EMP1048,318675,318675,20,"08","6",1,0,2,1,DELAY
109987,109987,30,EMP1042,EMP1048,659925,659925,20,"08","6",1,0,2,1,DELAY
78225,78225,30,EMP1042,EMP1048,469350,469350,20,"08","6",1,0,2,1,DELAY
100975,100975,30,EMP1042,EMP1048,605850,605850,20,"08","6",1,0,2,1,DELAY
82600,82600,30,EMP1042,EMP1048,495600,495600,20,"08","6",1,0,2,1,DELAY
14455,14455,30,EMP1042,EMP1048,86733,86733,20,"08","6",1,0,2,1,DELAY
10281,10281,30,EMP1042,EMP1048,61686,61686,20,"08","6",1,0,2,1,DELAY
13271,13271,30,EMP1042,EMP1048,79626,79626,20,"08","6",1,0,2,1,DELAY
10856,10856,30,EMP1042,EMP1048,65136,65136,20,"08","6",1,0,2,1,DELAY
13575,13575,30,EMP1042,EMP1048,81454,81454,20,"08","6",1,0,2,1,DELAY
9655,9655,30,EMP1042,EMP1048,57932,57932,20,"08","6",1,0,2,1,DELAY
12463,12463,30,EMP1042,EMP1048,74780,74780,20,"08","6",1,0,2,1,DELAY
10195,10195,30,EMP1042,EMP1048,61172,61172,20,"08","6",1,0,2,1,DELAY
1257,1257,30,EMP1042,EMP1048,7542,7542,30,"08","6",1,0,0,1,NORMAL
894,894,30,EMP1042,EMP1048,5364,5364,30,"08","6",1,0,0,1,NORMAL
1154,1154,30,EMP1042,EMP1048,6924,6924,30,"08","6",1,0,0,1,NORMAL
944,944,30,EMP1042,EMP1048,5664,5664,30,"08","6",1,0,0,1,DELAY
53112,53112,30,EMP1050,EMP1056,318675,318675,20,"08","7",1,0,2,1,RISK
109987,109987,30,EMP1050,EMP1056,659925,659925,20,"08","7",1,0,2,1,DELAY
78225,78225,30,EMP1050,EMP1056,469350,469350,20,"08","7",1,0,2,1,DELAY
100975,100975,30,EMP1050,EMP1056,605850,605850,20,"08","7",1,0,2,1,DELAY
82600,82600,30,EMP1050,EMP1056,495600,495600,20,"08","7",1,0,2,1,RISK
14455,14455,30,EMP1050,EMP1056,86733,86733,20,"08","7",1,0,2,1,DELAY
10281,10281,30,EMP1050,EMP1056,61686,61686,20,"08","7",1,0,2,1,DELAY
13271,13271,30,EMP1050,EMP1056,79626,79626,20,"08","7",1,0,2,1,DELAY
10856,10856,30,EMP1050,EMP1056,65136,65136,20,"08","7",1,0,2,1,DELAY
13575,13575,30,EMP1050,EMP1056,81454,81454,20,"08","7",1,0,2,1,RISK
9655,9655,30,EMP1050,EMP1056,57932,57932,20,"08","7",1,0,2,1,DELAY
12463,12463,30,EMP1050,EMP1056,74780,74780,20,"08","7",1,0,2,1,DELAY
10195,10195,30,EMP1050,EMP1056,61172,61172,20,"08","7",1,0,2,1,DELAY
1257,1257,30,EMP1050,EMP1056,7542,7542,30,"08","7",1,0,0,1,NORMAL
894,894,30,EMP1050,EMP1056,5364,5364,30,"08","7",1,0,0,1,DELAY
1154,1154,30,EMP1050,EMP1056,6924,6924,30,"08","7",1,0,0,1,NORMAL
944,944,30,EMP1050,EMP1056,5664,5664,30,"08","7",1,0,0,1,NORMAL
53112,53112,30,EMP1045,EMP1004,318675,318675,20,"09","2",0,0,2,0,NORMAL
109987,109987,30,EMP1045,EMP1004,659925,659925,20,"09","2",0,0,2,0,NORMAL
78225,78225,30,EMP1045,EMP1004,469350,469350,20,"09","2",0,0,2,0,NORMAL
100975,100975,30,EMP1045,EMP1004,605850,605850,20,"09","2",0,0,2,0,NORMAL
82600,82600,30,EMP1045,EMP1004,495600,495600,20,"09","2",0,0,2,0,NORMAL
14455,14455,30,EMP1045,EMP1004,86733,86733,20,"09","2",0,0,2,0,NORMAL
10281,10281,30,EMP1045,EMP1004,61686,61686,20,"09","2",0,0,2,0,NORMAL
13271,13271,30,EMP1045,EMP1004,79626,79626,20,"09","2",0,0,2,0,NORMAL
10856,10856,30,EMP1045,EMP1004,65136,65136,20,"09","2",0,0,2,0,NORMAL
13575,13575,30,EMP1045,EMP1004,81454,81454,20,"09","2",0,0,2,0,DELAY
9655,9655,30,EMP1045,EMP1004,57932,57932,20,"09","2",0,0,2,0,NORMAL
12463,12463,30,EMP1045,EMP1004,74780,74780,20,"09","2",0,0,2,0,NORMAL
10195,10195,30,EMP1045,EMP1004,61172,61172,20,"09","2",0,0,2,0,NORMAL
1257,1257,30,EMP1045,EMP1004,7542,7542,30,"09","2",0,0,0,0,NORMAL
894,894,30,EMP1045,EMP1004,5364,5364,30,"09","2",0,0,0,0,NORMAL
1154,1154,30,EMP1045,EMP1004,6924,6924,30,"09","2",0,0,0,0,NORMAL
944,944,30,EMP1045,EMP1004,5664,5664,30,"09","2",0,0,0,0,NORMAL
53115,53115,30,EMP1046,EMP1045,318675,318675,20,"09","3",0,0,2,0,DELAY
109990,109990,30,EMP1046,EMP1045,659925,659925,20,"09","3",0,0,2,0,NORMAL
78225,78225,30,EMP1046,EMP1045,469350,469350,20,"09","3",0,0,2,0,NORMAL
100975,100975,30,EMP1046,EMP1045,605850,605850,20,"09","3",0,0,2,0,NORMAL
82600,82600,30,EMP1046,EMP1045,495600,495600,20,"09","3",0,0,2,0,NORMAL
14458,14458,30,EMP1046,EMP1045,86733,86733,20,"09","3",0,0,2,0,NORMAL
10281,10281,30,EMP1046,EMP1045,61686,61686,20,"09","3",0,0,2,0,NORMAL
13271,13271,30,EMP1046,EMP1045,79626,79626,20,"09","3",0,0,2,0,NORMAL
10856,10856,30,EMP1046,EMP1045,65136,65136,20,"09","3",0,0,2,0,NORMAL
13579,13579,30,EMP1046,EMP1045,81454,81454,20,"09","3",0,0,2,0,NORMAL
9657,9657,30,EMP1046,EMP1045,57932,57932,20,"09","3",0,0,2,0,NORMAL
12465,12465,30,EMP1046,EMP1045,74780,74780,20,"09","3",0,0,2,0,NORMAL
10197,10197,30,EMP1046,EMP1045,61172,61172,20,"09","3",0,0,2,0,NORMAL
1257,1257,30,EMP1046,EMP1045,7542,7542,30,"09","3",0,0,0,0,NORMAL
894,894,30,EMP1046,EMP1045,5364,5364,30,"09","3",0,0,0,0,NORMAL
1154,1154,30,EMP1046,EMP1045,6924,6924,30,"09","3",0,0,0,0,NORMAL
944,944,30,EMP1046,EMP1045,5664,5664,30,"09","3",0,0,0,0,NORMAL
52912,52912,30,EMP1051,EMP1059,317475,317475,20,"09","4",0,0,2,0,NORMAL
89162,89162,30,EMP1051,EMP1059,534975,534975,20,"09","4",0,0,2,0,NORMAL
104562,104562,30,EMP1051,EMP1059,627375,627375,20,"09","4",0,0,2,0,NORMAL
89600,89600,30,EMP1051,EMP1059,537600,537600,20,"09","4",0,0,2,0,NORMAL
87062,87062,30,EMP1051,EMP1059,522375,522375,20,"09","4",0,0,2,0,NORMAL
11718,11718,30,EMP1051,EMP1059,70311,70311,20,"09","4",0,0,2,0,NORMAL
13742,13742,30,EMP1051,EMP1059,82455,82455,20,"09","4",0,0,2,0,NORMAL
11776,11776,30,EMP1051,EMP1059,70656,70656,20,"09","4",0,0,2,0,NORMAL
11442,11442,30,EMP1051,EMP1059,68655,68655,20,"09","4",0,0,2,0,NORMAL
11005,11005,30,EMP1051,EMP1059,66032,66032,20,"09","4",0,0,2,0,NORMAL
12906,12906,30,EMP1051,EMP1059,77436,77436,20,"09","4",0,0,2,0,NORMAL
11059,11059,30,EMP1051,EMP1059,66356,66356,20,"09","4",0,0,2,0,NORMAL
10746,10746,30,EMP1051,EMP1059,64476,64476,20,"09","4",0,0,2,0,NORMAL
1019,1019,30,EMP1051,EMP1059,6114,6114,30,"09","4",0,0,0,0,NORMAL
1195,1195,30,EMP1051,EMP1059,7170,7170,30,"09","4",0,0,0,0,NORMAL
1024,1024,30,EMP1051,EMP1059,6144,6144,30,"09","4",0,0,0,0,NORMAL
995,995,30,EMP1051,EMP1059,5970,5970,30,"09","4",0,0,0,0,NORMAL
52912,52912,30,EMP1056,EMP1051,317475,317475,20,"09","5",0,0,2,0,NORMAL
89162,89162,30,EMP1056,EMP1051,534975,534975,20,"09","5",0,0,2,0,NORMAL
104562,104562,30,EMP1056,EMP1051,627375,627375,20,"09","5",0,0,2,0,NORMAL
89600,89600,30,EMP1056,EMP1051,537600,537600,20,"09","5",0,0,2,0,NORMAL
87062,87062,30,EMP1056,EMP1051,522375,522375,20,"09","5",0,0,2,0,NORMAL
11718,11718,30,EMP1056,EMP1051,70311,70311,20,"09","5",0,0,2,0,NORMAL
13742,13742,30,EMP1056,EMP1051,82455,82455,20,"09","5",0,0,2,0,NORMAL
11776,11776,30,EMP1056,EMP1051,70656,70656,20,"09","5",0,0,2,0,NORMAL
11442,11442,30,EMP1056,EMP1051,68655,68655,20,"09","5",0,0,2,0,NORMAL
11005,11005,30,EMP1056,EMP1051,66032,66032,20,"09","5",0,0,2,0,NORMAL
12906,12906,30,EMP1056,EMP1051,77436,77436,20,"09","5",0,0,2,0,NORMAL
11059,11059,30,EMP1056,EMP1051,66356,66356,20,"09","5",0,0,2,0,NORMAL
10746,10746,30,EMP1056,EMP1051,64476,64476,20,"09","5",0,0,2,0,NORMAL
1019,1019,30,EMP1056,EMP1051,6114,6114,30,"09","5",0,0,0,0,NORMAL
1195,1195,30,EMP1056,EMP1051,7170,7170,30,"09","5",0,0,0,0,NORMAL
1024,1024,30,EMP1056,EMP1051,6144,6144,30,"09","5",0,0,0,0,NORMAL
995,995,30,EMP1056,EMP1051,5970,5970,30,"09","5",0,0,0,0,NORMAL
52912,52912,30,EMP1044,EMP1006,317475,317475,20,"09","6",0,0,2,0,NORMAL
89162,89162,30,EMP1044,EMP1006,534975,534975,20,"09","6",0,0,2,0,NORMAL
104562,104562,30,EMP1044,EMP1006,627375,627375,20,"09","6",0,0,2,0,NORMAL
89600,89600,30,EMP1044,EMP1006,537600,537600,20,"09","6",0,0,2,0,NORMAL
87062,87062,30,EMP1044,EMP1006,522375,522375,20,"09","6",0,0,2,0,NORMAL
11718,11718,30,EMP1044,EMP1006,70311,70311,20,"09","6",0,0,2,0,NORMAL
13742,13742,30,EMP1044,EMP1006,82455,82455,20,"09","6",0,0,2,0,NORMAL
11776,11776,30,EMP1044,EMP1006,70656,70656,20,"09","6",0,0,2,0,NORMAL
11442,11442,30,EMP1044,EMP1006,68655,68655,20,"09","6",0,0,2,0,NORMAL
11005,11005,30,EMP1044,EMP1006,66032,66032,20,"09","6",0,0,2,0,NORMAL
12906,12906,30,EMP1044,EMP1006,77436,77436,20,"09","6",0,0,2,0,NORMAL
11059,11059,30,EMP1044,EMP1006,66356,66356,20,"09","6",0,0,2,0,NORMAL
10746,10746,30,EMP1044,EMP1006,64476,64476,20,"09","6",0,0,2,0,NORMAL
1019,1019,30,EMP1044,EMP1006,6114,6114,30,"09","6",0,0,0,0,NORMAL
1195,1195,30,EMP1044,EMP1006,7170,7170,30,"09","6",0,0,0,0,NORMAL
1024,1024,30,EMP1044,EMP1006,6144,6144,30,"09","6",0,0,0,0,NORMAL
995,995,30,EMP1044,EMP1006,5970,5970,30,"09","6",0,0,0,0,NORMAL
52912,52912,30,EMP1004,EMP1042,317475,317475,20,"09","7",0,0,2,0,NORMAL
89162,89162,30,EMP1004,EMP1042,534975,534975,20,"09","7",0,0,2,0,NORMAL
104562,104562,30,EMP1004,EMP1042,627375,627375,20,"09","7",0,0,2,0,NORMAL
89600,89600,30,EMP1004,EMP1042,537600,537600,20,"09","7",0,0,2,0,NORMAL
87062,87062,30,EMP1004,EMP1042,522375,522375,20,"09","7",0,0,2,0,NORMAL
11718,11718,30,EMP1004,EMP1042,70311,70311,20,"09","7",0,0,2,0,NORMAL
13742,13742,30,EMP1004,EMP1042,82455,82455,20,"09","7",0,0,2,0,NORMAL
11776,11776,30,EMP1004,EMP1042,70656,70656,20,"09","7",0,0,2,0,NORMAL
11442,11442,30,EMP1004,EMP1042,68655,68655,20,"09","7",0,0,2,0,NORMAL
11005,11005,30,EMP1004,EMP1042,66032,66032,20,"09","7",0,0,2,0,NORMAL
12906,12906,30,EMP1004,EMP1042,77436,77436,20,"09","7",0,0,2,0,NORMAL
11059,11059,30,EMP1004,EMP1042,66356,66356,20,"09","7",0,0,2,0,NORMAL
10746,10746,30,EMP1004,EMP1042,64476,64476,20,"09","7",0,0,2,0,NORMAL
1019,1019,30,EMP1004,EMP1042,6114,6114,30,"09","7",0,0,0,0,NORMAL
1195,1195,30,EMP1004,EMP1042,7170,7170,30,"09","7",0,0,0,0,NORMAL
1024,1024,30,EMP1004,EMP1042,6144,6144,30,"09","7",0,0,0,0,NORMAL
995,995,30,EMP1004,EMP1042,5970,5970,30,"09","7",0,0,0,0,NORMAL
52912,52912,30,EMP1005,EMP1050,317475,317475,20,"09","2",0,0,2,0,NORMAL
89162,89162,30,EMP1005,EMP1050,534975,534975,20,"09","2",0,0,2,0,NORMAL
104562,104562,30,EMP1005,EMP1050,627375,627375,20,"09","2",0,0,2,0,NORMAL
89600,89600,30,EMP1005,EMP1050,537600,537600,20,"09","2",0,0,2,0,NORMAL
87062,87062,30,EMP1005,EMP1050,522375,522375,20,"09","2",0,0,2,0,NORMAL
11718,11718,30,EMP1005,EMP1050,70311,70311,20,"09","2",0,0,2,0,NORMAL
13742,13742,30,EMP1005,EMP1050,82455,82455,20,"09","2",0,0,2,0,NORMAL
11776,11776,30,EMP1005,EMP1050,70656,70656,20,"09","2",0,0,2,0,NORMAL
11442,11442,30,EMP1005,EMP1050,68655,68655,20,"09","2",0,0,2,0,NORMAL
11005,11005,30,EMP1005,EMP1050,66032,66032,20,"09","2",0,0,2,0,NORMAL
12906,12906,30,EMP1005,EMP1050,77436,77436,20,"09","2",0,0,2,0,NORMAL
11059,11059,30,EMP1005,EMP1050,66356,66356,20,"09","2",0,0,2,0,NORMAL
10746,10746,30,EMP1005,EMP1050,64476,64476,20,"09","2",0,0,2,0,NORMAL
1019,1019,30,EMP1005,EMP1050,6114,6114,30,"09","2",0,0,0,0,NORMAL
1195,1195,30,EMP1005,EMP1050,7170,7170,30,"09","2",0,0,0,0,NORMAL
1024,1024,30,EMP1005,EMP1050,6144,6144,30,"09","2",0,0,0,0,NORMAL
995,995,30,EMP1005,EMP1050,5970,5970,30,"09","2",0,0,0,0,NORMAL
52915,52915,30,EMP1043,EMP1006,317475,317475,20,"09","3",0,0,2,0,NORMAL
89165,89165,30,EMP1043,EMP1006,534975,534975,20,"09","3",0,0,2,0,NORMAL
104565,104565,30,EMP1043,EMP1006,627375,627375,20,"09","3",0,0,2,0,NORMAL
89600,89600,30,EMP1043,EMP1006,537600,537600,20,"09","3",0,0,2,0,NORMAL
87065,87065,30,EMP1043,EMP1006,522375,522375,20,"09","3",0,0,2,0,NORMAL
11721,11721,30,EMP1043,EMP1006,70311,70311,20,"09","3",0,0,2,0,NORMAL
13745,13745,30,EMP1043,EMP1006,82455,82455,20,"09","3",0,0,2,0,NORMAL
11776,11776,30,EMP1043,EMP1006,70656,70656,20,"09","3",0,0,2,0,NORMAL
11445,11445,30,EMP1043,EMP1006,68655,68655,20,"09","3",0,0,2,0,NORMAL
11007,11007,30,EMP1043,EMP1006,66032,66032,20,"09","3",0,0,2,0,NORMAL
12906,12906,30,EMP1043,EMP1006,77436,77436,20,"09","3",0,0,2,0,NORMAL
11061,11061,30,EMP1043,EMP1006,66356,66356,20,"09","3",0,0,2,0,NORMAL
10746,10746,30,EMP1043,EMP1006,64476,64476,20,"09","3",0,0,2,0,NORMAL
1019,1019,30,EMP1043,EMP1006,6114,6114,30,"09","3",0,0,0,0,NORMAL
1195,1195,30,EMP1043,EMP1006,7170,7170,30,"09","3",0,0,0,0,NORMAL
1024,1024,30,EMP1043,EMP1006,6144,6144,30,"09","3",0,0,0,0,NORMAL
995,995,30,EMP1043,EMP1006,5970,5970,30,"09","3",0,0,0,0,NORMAL
45375,45375,30,EMP1004,EMP1005,226875,226875,20,"09","4",0,0,2,0,NORMAL
79887,79887,30,EMP1004,EMP1005,399438,399438,20,"09","4",0,0,2,0,NORMAL
72800,72800,30,EMP1004,EMP1005,364000,364000,20,"09","4",0,0,2,0,NORMAL
80675,80675,30,EMP1004,EMP1005,403375,403375,20,"09","4",0,0,2,0,NORMAL
84262,84262,30,EMP1004,EMP1005,421313,421313,20,"09","4",0,0,2,0,NORMAL
10499,10499,30,EMP1004,EMP1005,52498,52498,20,"09","4",0,0,2,0,NORMAL
9568,9568,30,EMP1004,EMP1005,47840,47840,20,"09","4",0,0,2,0,NORMAL
10603,10603,30,EMP1004,EMP1005,53015,53015,20,"09","4",0,0,2,0,NORMAL
11074,11074,30,EMP1004,EMP1005,55373,55373,20,"09","4",0,0,2,0,NORMAL
9860,9860,30,EMP1004,EMP1005,49302,49302,20,"09","4",0,0,2,0,NORMAL
8985,8985,30,EMP1004,EMP1005,44928,44928,20,"09","4",0,0,2,0,NORMAL
9957,9957,30,EMP1004,EMP1005,49788,49788,20,"09","4",0,0,2,0,NORMAL
10400,10400,30,EMP1004,EMP1005,52002,52002,20,"09","4",0,0,2,0,NORMAL
913,913,30,EMP1004,EMP1005,4565,4565,30,"09","4",0,0,0,0,NORMAL
832,832,30,EMP1004,EMP1005,4160,4160,30,"09","4",0,0,0,0,NORMAL
922,922,30,EMP1004,EMP1005,4610,4610,30,"09","4",0,0,0,0,NORMAL
963,963,30,EMP1004,EMP1005,4815,4815,30,"09","4",0,0,0,0,NORMAL
45375,45375,30,EMP1004,EMP1054,226875,226875,20,"09","5",0,0,2,0,NORMAL
79887,79887,30,EMP1004,EMP1054,399438,399438,20,"09","5",0,0,2,0,NORMAL
72800,72800,30,EMP1004,EMP1054,364000,364000,20,"09","5",0,0,2,0,NORMAL
80675,80675,30,EMP1004,EMP1054,403375,403375,20,"09","5",0,0,2,0,NORMAL
84262,84262,30,EMP1004,EMP1054,421313,421313,20,"09","5",0,0,2,0,NORMAL
10499,10499,30,EMP1004,EMP1054,52498,52498,20,"09","5",0,0,2,0,NORMAL
9568,9568,30,EMP1004,EMP1054,47840,47840,20,"09","5",0,0,2,0,NORMAL
10603,10603,30,EMP1004,EMP1054,53015,53015,20,"09","5",0,0,2,0,NORMAL
11074,11074,30,EMP1004,EMP1054,55373,55373,20,"09","5",0,0,2,0,NORMAL
9860,9860,30,EMP1004,EMP1054,49302,49302,20,"09","5",0,0,2,0,NORMAL
8985,8985,30,EMP1004,EMP1054,44928,44928,20,"09","5",0,0,2,0,NORMAL
9957,9957,30,EMP1004,EMP1054,49788,49788,20,"09","5",0,0,2,0,NORMAL
10400,10400,30,EMP1004,EMP1054,52002,52002,20,"09","5",0,0,2,0,NORMAL
913,913,30,EMP1004,EMP1054,4565,4565,30,"09","5",0,0,0,0,NORMAL
832,832,30,EMP1004,EMP1054,4160,4160,30,"09","5",0,0,0,0,NORMAL
922,922,30,EMP1004,EMP1054,4610,4610,30,"09","5",0,0,0,0,NORMAL
963,963,30,EMP1004,EMP1054,4815,4815,30,"09","5",0,0,0,0,NORMAL
45375,45375,30,EMP1002,EMP1001,226875,226875,20,"09","6",0,0,2,0,NORMAL
79887,79887,30,EMP1002,EMP1001,399438,399438,20,"09","6",0,0,2,0,NORMAL
72800,72800,30,EMP1002,EMP1001,364000,364000,20,"09","6",0,0,2,0,NORMAL
80675,80675,30,EMP1002,EMP1001,403375,403375,20,"09","6",0,0,2,0,NORMAL
84262,84262,30,EMP1002,EMP1001,421313,421313,20,"09","6",0,0,2,0,NORMAL
10499,10499,30,EMP1002,EMP1001,52498,52498,20,"09","6",0,0,2,0,NORMAL
9568,9568,30,EMP1002,EMP1001,47840,47840,20,"09","6",0,0,2,0,NORMAL
10603,10603,30,EMP1002,EMP1001,53015,53015,20,"09","6",0,0,2,0,DELAY
11074,11074,30,EMP1002,EMP1001,55373,55373,20,"09","6",0,0,2,0,NORMAL
9860,9860,30,EMP1002,EMP1001,49302,49302,20,"09","6",0,0,2,0,NORMAL
8985,8985,30,EMP1002,EMP1001,44928,44928,20,"09","6",0,0,2,0,NORMAL
9957,9957,30,EMP1002,EMP1001,49788,49788,20,"09","6",0,0,2,0,NORMAL
10400,10400,30,EMP1002,EMP1001,52002,52002,20,"09","6",0,0,2,0,NORMAL
913,913,30,EMP1002,EMP1001,4565,4565,30,"09","6",0,0,0,0,NORMAL
832,832,30,EMP1002,EMP1001,4160,4160,30,"09","6",0,0,0,0,NORMAL
922,922,30,EMP1002,EMP1001,4610,4610,30,"09","6",0,0,0,0,NORMAL
963,963,30,EMP1002,EMP1001,4815,4815,30,"09","6",0,0,0,0,NORMAL
45375,45375,30,EMP1050,EMP1045,226875,226875,20,"09","2",0,0,2,0,NORMAL
79887,79887,30,EMP1050,EMP1045,399438,399438,20,"09","2",0,0,2,0,NORMAL
72800,72800,30,EMP1050,EMP1045,364000,364000,20,"09","2",0,0,2,0,NORMAL
80675,80675,30,EMP1050,EMP1045,403375,403375,20,"09","2",0,0,2,0,NORMAL
84262,84262,30,EMP1050,EMP1045,421313,421313,20,"09","2",0,0,2,0,NORMAL
10499,10499,30,EMP1050,EMP1045,52498,52498,20,"09","2",0,0,2,0,NORMAL
9568,9568,30,EMP1050,EMP1045,47840,47840,20,"09","2",0,0,2,0,NORMAL
10603,10603,30,EMP1050,EMP1045,53015,53015,20,"09","2",0,0,2,0,NORMAL
11074,11074,30,EMP1050,EMP1045,55373,55373,20,"09","2",0,0,2,0,NORMAL
9860,9860,30,EMP1050,EMP1045,49302,49302,20,"09","2",0,0,2,0,NORMAL
8985,8985,30,EMP1050,EMP1045,44928,44928,20,"09","2",0,0,2,0,NORMAL
9957,9957,30,EMP1050,EMP1045,49788,49788,20,"09","2",0,0,2,0,NORMAL
10400,10400,30,EMP1050,EMP1045,52002,52002,20,"09","2",0,0,2,0,NORMAL
913,913,30,EMP1050,EMP1045,4565,4565,30,"09","2",0,0,0,0,NORMAL
832,832,30,EMP1050,EMP1045,4160,4160,30,"09","2",0,0,0,0,NORMAL
922,922,30,EMP1050,EMP1045,4610,4610,30,"09","2",0,0,0,0,NORMAL
963,963,30,EMP1050,EMP1045,4815,4815,30,"09","2",0,0,0,0,NORMAL
45375,45375,30,EMP1006,EMP1050,226875,226875,20,"09","3",0,0,2,0,NORMAL
79890,79890,30,EMP1006,EMP1050,399438,399438,20,"09","3",0,0,2,0,NORMAL
72800,72800,30,EMP1006,EMP1050,364000,364000,20,"09","3",0,0,2,0,NORMAL
80675,80675,30,EMP1006,EMP1050,403375,403375,20,"09","3",0,0,2,0,NORMAL
84265,84265,30,EMP1006,EMP1050,421313,421313,20,"09","3",0,0,2,0,NORMAL
10502,10502,30,EMP1006,EMP1050,52498,52498,20,"09","3",0,0,2,0,NORMAL
9568,9568,30,EMP1006,EMP1050,47840,47840,20,"09","3",0,0,2,0,NORMAL
10603,10603,30,EMP1006,EMP1050,53015,53015,20,"09","3",0,0,2,0,NORMAL
11077,11077,30,EMP1006,EMP1050,55373,55373,20,"09","3",0,0,2,0,NORMAL
9862,9862,30,EMP1006,EMP1050,49302,49302,20,"09","3",0,0,2,0,NORMAL
8988,8988,30,EMP1006,EMP1050,44928,44928,20,"09","3",0,0,2,0,NORMAL
9960,9960,30,EMP1006,EMP1050,49788,49788,20,"09","3",0,0,2,0,NORMAL
10402,10402,30,EMP1006,EMP1050,52002,52002,20,"09","3",0,0,2,0,NORMAL
913,913,30,EMP1006,EMP1050,4565,4565,30,"09","3",0,0,0,0,NORMAL
832,832,30,EMP1006,EMP1050,4160,4160,30,"09","3",0,0,0,0,NORMAL
922,922,30,EMP1006,EMP1050,4610,4610,30,"09","3",0,0,0,0,NORMAL
963,963,30,EMP1006,EMP1050,4815,4815,30,"09","3",0,0,0,0,NORMAL
48712,48712,30,EMP1007,EMP1045,292275,292275,20,"09","4",0,0,2,0,NORMAL
98525,98525,30,EMP1007,EMP1045,591150,591150,20,"09","4",0,0,2,0,NORMAL
77000,77000,30,EMP1007,EMP1045,462000,462000,20,"09","4",0,0,2,0,NORMAL
102112,102112,30,EMP1007,EMP1045,612675,612675,20,"09","4",0,0,2,0,NORMAL
63350,63350,30,EMP1007,EMP1045,380100,380100,20,"09","4",0,0,2,0,NORMAL
12949,12949,30,EMP1007,EMP1045,77694,77694,20,"09","4",0,0,2,0,NORMAL
10120,10120,30,EMP1007,EMP1045,60720,60720,20,"09","4",0,0,2,0,NORMAL
13420,13420,30,EMP1007,EMP1045,80523,80523,20,"09","4",0,0,2,0,NORMAL
8326,8326,30,EMP1007,EMP1045,49956,49956,20,"09","4",0,0,2,0,NORMAL
12160,12160,30,EMP1007,EMP1045,72965,72965,20,"09","4",0,0,2,0,NORMAL
9504,9504,30,EMP1007,EMP1045,57024,57024,20,"09","4",0,0,2,0,NORMAL
12603,12603,30,EMP1007,EMP1045,75622,75622,20,"09","4",0,0,2,0,NORMAL
7819,7819,30,EMP1007,EMP1045,46916,46916,20,"09","4",0,0,2,0,NORMAL
1126,1126,30,EMP1007,EMP1045,6756,6756,30,"09","4",0,0,0,0,NORMAL
880,880,30,EMP1007,EMP1045,5280,5280,30,"09","4",0,0,0,0,NORMAL
1167,1167,30,EMP1007,EMP1045,7002,7002,30,"09","4",0,0,0,0,NORMAL
724,724,30,EMP1007,EMP1045,4344,4344,30,"09","4",0,0,0,0,NORMAL
48712,48712,30,EMP1056,EMP1052,292275,292275,20,"09","5",0,0,2,0,NORMAL
98525,98525,30,EMP1056,EMP1052,591150,591150,20,"09","5",0,0,2,0,NORMAL
77000,77000,30,EMP1056,EMP1052,462000,462000,20,"09","5",0,0,2,0,NORMAL
102112,102112,30,EMP1056,EMP1052,612675,612675,20,"09","5",0,0,2,0,DELAY
63350,63350,30,EMP1056,EMP1052,380100,380100,20,"09","5",0,0,2,0,NORMAL
12949,12949,30,EMP1056,EMP1052,77694,77694,20,"09","5",0,0,2,0,NORMAL
10120,10120,30,EMP1056,EMP1052,60720,60720,20,"09","5",0,0,2,0,NORMAL
13420,13420,30,EMP1056,EMP1052,80523,80523,20,"09","5",0,0,2,0,NORMAL
8326,8326,30,EMP1056,EMP1052,49956,49956,20,"09","5",0,0,2,0,NORMAL
12160,12160,30,EMP1056,EMP1052,72965,72965,20,"09","5",0,0,2,0,NORMAL
9504,9504,30,EMP1056,EMP1052,57024,57024,20,"09","5",0,0,2,0,NORMAL
12603,12603,30,EMP1056,EMP1052,75622,75622,20,"09","5",0,0,2,0,NORMAL
7819,7819,30,EMP1056,EMP1052,46916,46916,20,"09","5",0,0,2,0,NORMAL
1126,1126,30,EMP1056,EMP1052,6756,6756,30,"09","5",0,0,0,0,NORMAL
880,880,30,EMP1056,EMP1052,5280,5280,30,"09","5",0,0,0,0,NORMAL
1167,1167,30,EMP1056,EMP1052,7002,7002,30,"09","5",0,0,0,0,NORMAL
724,724,30,EMP1056,EMP1052,4344,4344,30,"09","5",0,0,0,0,NORMAL
48712,48712,30,EMP1055,EMP1045,292275,292275,20,"09","6",0,0,2,0,NORMAL
98525,98525,30,EMP1055,EMP1045,591150,591150,20,"09","6",0,0,2,0,NORMAL
77000,77000,30,EMP1055,EMP1045,462000,462000,20,"09","6",0,0,2,0,DELAY
102112,102112,30,EMP1055,EMP1045,612675,612675,20,"09","6",0,0,2,0,NORMAL
63350,63350,30,EMP1055,EMP1045,380100,380100,20,"09","6",0,0,2,0,NORMAL
12949,12949,30,EMP1055,EMP1045,77694,77694,20,"09","6",0,0,2,0,NORMAL
10120,10120,30,EMP1055,EMP1045,60720,60720,20,"09","6",0,0,2,0,NORMAL
13420,13420,30,EMP1055,EMP1045,80523,80523,20,"09","6",0,0,2,0,NORMAL
8326,8326,30,EMP1055,EMP1045,49956,49956,20,"09","6",0,0,2,0,NORMAL
12160,12160,30,EMP1055,EMP1045,72965,72965,20,"09","6",0,0,2,0,NORMAL
9504,9504,30,EMP1055,EMP1045,57024,57024,20,"09","6",0,0,2,0,NORMAL
12603,12603,30,EMP1055,EMP1045,75622,75622,20,"09","6",0,0,2,0,NORMAL
7819,7819,30,EMP1055,EMP1045,46916,46916,20,"09","6",0,0,2,0,DELAY
1126,1126,30,EMP1055,EMP1045,6756,6756,30,"09","6",0,0,0,0,NORMAL
880,880,30,EMP1055,EMP1045,5280,5280,30,"09","6",0,0,0,0,NORMAL
1167,1167,30,EMP1055,EMP1045,7002,7002,30,"09","6",0,0,0,0,NORMAL
724,724,30,EMP1055,EMP1045,4344,4344,30,"09","6",0,0,0,0,NORMAL
48712,48712,30,EMP1047,EMP1002,292275,292275,20,"09","7",0,0,2,0,NORMAL
98525,98525,30,EMP1047,EMP1002,591150,591150,20,"09","7",0,0,2,0,NORMAL
77000,77000,30,EMP1047,EMP1002,462000,462000,20,"09","7",0,0,2,0,NORMAL
102112,102112,30,EMP1047,EMP1002,612675,612675,20,"09","7",0,0,2,0,NORMAL
63350,63350,30,EMP1047,EMP1002,380100,380100,20,"09","7",0,0,2,0,NORMAL
12949,12949,30,EMP1047,EMP1002,77694,77694,20,"09","7",0,0,2,0,NORMAL
10120,10120,30,EMP1047,EMP1002,60720,60720,20,"09","7",0,0,2,0,NORMAL
13420,13420,30,EMP1047,EMP1002,80523,80523,20,"09","7",0,0,2,0,NORMAL
8326,8326,30,EMP1047,EMP1002,49956,49956,20,"09","7",0,0,2,0,NORMAL
12160,12160,30,EMP1047,EMP1002,72965,72965,20,"09","7",0,0,2,0,NORMAL
9504,9504,30,EMP1047,EMP1002,57024,57024,20,"09","7",0,0,2,0,NORMAL
12603,12603,30,EMP1047,EMP1002,75622,75622,20,"09","7",0,0,2,0,NORMAL
7819,7819,30,EMP1047,EMP1002,46916,46916,20,"09","7",0,0,2,0,NORMAL
1126,1126,30,EMP1047,EMP1002,6756,6756,30,"09","7",0,0,0,0,NORMAL
880,880,30,EMP1047,EMP1002,5280,5280,30,"09","7",0,0,0,0,NORMAL
1167,1167,30,EMP1047,EMP1002,7002,7002,30,"09","7",0,0,0,0,NORMAL
724,724,30,EMP1047,EMP1002,4344,4344,30,"09","7",0,0,0,0,NORMAL
48712,48712,30,EMP1043,EMP1045,292275,292275,20,"09","2",0,0,2,0,DELAY
98525,98525,30,EMP1043,EMP1045,591150,591150,20,"09","2",0,0,2,0,NORMAL
77000,77000,30,EMP1043,EMP1045,462000,462000,20,"09","2",0,0,2,0,NORMAL
102112,102112,30,EMP1043,EMP1045,612675,612675,20,"09","2",0,0,2,0,NORMAL
63350,63350,30,EMP1043,EMP1045,380100,380100,20,"09","2",0,0,2,0,NORMAL
12949,12949,30,EMP1043,EMP1045,77694,77694,20,"09","2",0,0,2,0,NORMAL
10120,10120,30,EMP1043,EMP1045,60720,60720,20,"09","2",0,0,2,0,DELAY
13420,13420,30,EMP1043,EMP1045,80523,80523,20,"09","2",0,0,2,0,NORMAL
8326,8326,30,EMP1043,EMP1045,49956,49956,20,"09","2",0,0,2,0,NORMAL
12160,12160,30,EMP1043,EMP1045,72965,72965,20,"09","2",0,0,2,0,NORMAL
9504,9504,30,EMP1043,EMP1045,57024,57024,20,"09","2",0,0,2,0,NORMAL
12603,12603,30,EMP1043,EMP1045,75622,75622,20,"09","2",0,0,2,0,NORMAL
7819,7819,30,EMP1043,EMP1045,46916,46916,20,"09","2",0,0,2,0,NORMAL
1126,1126,30,EMP1043,EMP1045,6756,6756,30,"09","2",0,0,0,0,NORMAL
880,880,30,EMP1043,EMP1045,5280,5280,30,"09","2",0,0,0,0,NORMAL
1167,1167,30,EMP1043,EMP1045,7002,7002,30,"09","2",0,0,0,0,NORMAL
724,724,30,EMP1043,EMP1045,4344,4344,30,"09","2",0,0,0,0,NORMAL
48715,48715,30,EMP1050,EMP1050,292275,292275,20,"09","3",0,0,2,0,NORMAL
98525,98525,30,EMP1050,EMP1050,591150,591150,20,"09","3",0,0,2,0,NORMAL
77000,77000,30,EMP1050,EMP1050,462000,462000,20,"09","3",0,0,2,0,NORMAL
102115,102115,30,EMP1050,EMP1050,612675,612675,20,"09","3",0,0,2,0,NORMAL
63350,63350,30,EMP1050,EMP1050,380100,380100,20,"09","3",0,0,2,0,DELAY
12949,12949,30,EMP1050,EMP1050,77694,77694,20,"09","3",0,0,2,0,NORMAL
10120,10120,30,EMP1050,EMP1050,60720,60720,20,"09","3",0,0,2,0,NORMAL
13423,13423,30,EMP1050,EMP1050,80523,80523,20,"09","3",0,0,2,0,NORMAL
8326,8326,30,EMP1050,EMP1050,49956,49956,20,"09","3",0,0,2,0,NORMAL
12165,12165,30,EMP1050,EMP1050,72965,72965,20,"09","3",0,0,2,0,DELAY
9504,9504,30,EMP1050,EMP1050,57024,57024,20,"09","3",0,0,2,0,NORMAL
12607,12607,30,EMP1050,EMP1050,75622,75622,20,"09","3",0,0,2,0,NORMAL
7821,7821,30,EMP1050,EMP1050,46916,46916,20,"09","3",0,0,2,0,NORMAL
1126,1126,30,EMP1050,EMP1050,6756,6756,30,"09","3",0,0,0,0,NORMAL
880,880,30,EMP1050,EMP1050,5280,5280,30,"09","3",0,0,0,0,NORMAL
1167,1167,30,EMP1050,EMP1050,7002,7002,30,"09","3",0,0,0,0,NORMAL
724,724,30,EMP1050,EMP1050,4344,4344,30,"09","3",0,0,0,0,NORMAL
46725,46725,30,EMP1042,EMP1006,233625,233625,20,"09","4",0,0,2,0,NORMAL
82950,82950,30,EMP1042,EMP1006,414750,414750,20,"09","4",0,0,2,0,NORMAL
73762,73762,30,EMP1042,EMP1006,368813,368813,20,"09","4",0,0,2,0,NORMAL
101675,101675,30,EMP1042,EMP1006,508375,508375,20,"09","4",0,0,2,0,NORMAL
68687,68687,30,EMP1042,EMP1006,343438,343438,20,"09","4",0,0,2,0,NORMAL
10902,10902,30,EMP1042,EMP1006,54510,54510,20,"09","4",0,0,2,0,NORMAL
9694,9694,30,EMP1042,EMP1006,48473,48473,20,"09","4",0,0,2,0,DELAY
13363,13363,30,EMP1042,EMP1006,66815,66815,20,"09","4",0,0,2,0,NORMAL
9027,9027,30,EMP1042,EMP1006,45138,45138,20,"09","4",0,0,2,0,NORMAL
10238,10238,30,EMP1042,EMP1006,51192,51192,20,"09","4",0,0,2,0,NORMAL
9104,9104,30,EMP1042,EMP1006,45522,45522,20,"09","4",0,0,2,0,NORMAL
12549,12549,30,EMP1042,EMP1006,62748,62748,20,"09","4",0,0,2,0,NORMAL
8478,8478,30,EMP1042,EMP1006,42390,42390,20,"09","4",0,0,2,0,NORMAL
948,948,30,EMP1042,EMP1006,4740,4740,30,"09","4",0,0,0,0,NORMAL
843,843,30,EMP1042,EMP1006,4215,4215,30,"09","4",0,0,0,0,NORMAL
1162,1162,30,EMP1042,EMP1006,5810,5810,30,"09","4",0,0,0,0,NORMAL
785,785,30,EMP1042,EMP1006,3925,3925,30,"09","4",0,0,0,0,NORMAL
46725,46725,30,EMP1055,EMP1021,233625,233625,20,"09","5",0,0,2,0,NORMAL
82950,82950,30,EMP1055,EMP1021,414750,414750,20,"09","5",0,0,2,0,NORMAL
73762,73762,30,EMP1055,EMP1021,368813,368813,20,"09","5",0,0,2,0,NORMAL
101675,101675,30,EMP1055,EMP1021,508375,508375,20,"09","5",0,0,2,0,NORMAL
68687,68687,30,EMP1055,EMP1021,343438,343438,20,"09","5",0,0,2,0,NORMAL
10902,10902,30,EMP1055,EMP1021,54510,54510,20,"09","5",0,0,2,0,NORMAL
9694,9694,30,EMP1055,EMP1021,48473,48473,20,"09","5",0,0,2,0,NORMAL
13363,13363,30,EMP1055,EMP1021,66815,66815,20,"09","5",0,0,2,0,NORMAL
9027,9027,30,EMP1055,EMP1021,45138,45138,20,"09","5",0,0,2,0,NORMAL
10238,10238,30,EMP1055,EMP1021,51192,51192,20,"09","5",0,0,2,0,NORMAL
9104,9104,30,EMP1055,EMP1021,45522,45522,20,"09","5",0,0,2,0,DELAY
12549,12549,30,EMP1055,EMP1021,62748,62748,20,"09","5",0,0,2,0,NORMAL
8478,8478,30,EMP1055,EMP1021,42390,42390,20,"09","5",0,0,2,0,NORMAL
948,948,30,EMP1055,EMP1021,4740,4740,30,"09","5",0,0,0,0,NORMAL
843,843,30,EMP1055,EMP1021,4215,4215,30,"09","5",0,0,0,0,NORMAL
1162,1162,30,EMP1055,EMP1021,5810,5810,30,"09","5",0,0,0,0,NORMAL
785,785,30,EMP1055,EMP1021,3925,3925,30,"09","5",0,0,0,0,NORMAL
46725,46725,30,EMP1001,EMP1046,233625,233625,20,"09","6",0,0,2,0,NORMAL
82950,82950,30,EMP1001,EMP1046,414750,414750,20,"09","6",0,0,2,0,NORMAL
73762,73762,30,EMP1001,EMP1046,368813,368813,20,"09","6",0,0,2,0,NORMAL
101675,101675,30,EMP1001,EMP1046,508375,508375,20,"09","6",0,0,2,0,NORMAL
68687,68687,30,EMP1001,EMP1046,343438,343438,20,"09","6",0,0,2,0,NORMAL
10902,10902,30,EMP1001,EMP1046,54510,54510,20,"09","6",0,0,2,0,NORMAL
9694,9694,30,EMP1001,EMP1046,48473,48473,20,"09","6",0,0,2,0,NORMAL
13363,13363,30,EMP1001,EMP1046,66815,66815,20,"09","6",0,0,2,0,NORMAL
9027,9027,30,EMP1001,EMP1046,45138,45138,20,"09","6",0,0,2,0,NORMAL
10238,10238,30,EMP1001,EMP1046,51192,51192,20,"09","6",0,0,2,0,DELAY
9104,9104,30,EMP1001,EMP1046,45522,45522,20,"09","6",0,0,2,0,NORMAL
12549,12549,30,EMP1001,EMP1046,62748,62748,20,"09","6",0,0,2,0,NORMAL
8478,8478,30,EMP1001,EMP1046,42390,42390,20,"09","6",0,0,2,0,NORMAL
948,948,30,EMP1001,EMP1046,4740,4740,30,"09","6",0,0,0,0,NORMAL
843,843,30,EMP1001,EMP1046,4215,4215,30,"09","6",0,0,0,0,NORMAL
1162,1162,30,EMP1001,EMP1046,5810,5810,30,"09","6",0,0,0,0,NORMAL
785,785,30,EMP1001,EMP1046,3925,3925,30,"09","6",0,0,0,0,NORMAL
46725,46725,30,EMP1054,EMP1045,233625,233625,20,"09","2",0,0,2,0,DELAY
82950,82950,30,EMP1054,EMP1045,414750,414750,20,"09","2",0,0,2,0,NORMAL
73762,73762,30,EMP1054,EMP1045,368813,368813,20,"09","2",0,0,2,0,NORMAL
101675,101675,30,EMP1054,EMP1045,508375,508375,20,"09","2",0,0,2,0,DELAY
68687,68687,30,EMP1054,EMP1045,343438,343438,20,"09","2",0,0,2,0,NORMAL
10902,10902,30,EMP1054,EMP1045,54510,54510,20,"09","2",0,0,2,0,NORMAL
9694,9694,30,EMP1054,EMP1045,48473,48473,20,"09","2",0,0,2,0,NORMAL
13363,13363,30,EMP1054,EMP1045,66815,66815,20,"09","2",0,0,2,0,NORMAL
9027,9027,30,EMP1054,EMP1045,45138,45138,20,"09","2",0,0,2,0,NORMAL
10238,10238,30,EMP1054,EMP1045,51192,51192,20,"09","2",0,0,2,0,NORMAL
9104,9104,30,EMP1054,EMP1045,45522,45522,20,"09","2",0,0,2,0,NORMAL
12549,12549,30,EMP1054,EMP1045,62748,62748,20,"09","2",0,0,2,0,NORMAL
8478,8478,30,EMP1054,EMP1045,42390,42390,20,"09","2",0,0,2,0,NORMAL
948,948,30,EMP1054,EMP1045,4740,4740,30,"09","2",0,0,0,0,NORMAL
843,843,30,EMP1054,EMP1045,4215,4215,30,"09","2",0,0,0,0,NORMAL
1162,1162,30,EMP1054,EMP1045,5810,5810,30,"09","2",0,0,0,0,NORMAL
785,785,30,EMP1054,EMP1045,3925,3925,30,"09","2",0,0,0,0,NORMAL
46725,46725,30,EMP1021,EMP1043,233625,233625,20,"09","3",0,0,2,0,NORMAL
82950,82950,30,EMP1021,EMP1043,414750,414750,20,"09","3",0,0,2,0,DELAY
73765,73765,30,EMP1021,EMP1043,368813,368813,20,"09","3",0,0,2,0,NORMAL
101675,101675,30,EMP1021,EMP1043,508375,508375,20,"09","3",0,0,2,0,NORMAL
68690,68690,30,EMP1021,EMP1043,343438,343438,20,"09","3",0,0,2,0,NORMAL
10902,10902,30,EMP1021,EMP1043,54510,54510,20,"09","3",0,0,2,0,NORMAL
9697,9697,30,EMP1021,EMP1043,48473,48473,20,"09","3",0,0,2,0,NORMAL
13363,13363,30,EMP1021,EMP1043,66815,66815,20,"09","3",0,0,2,0,NORMAL
9030,9030,30,EMP1021,EMP1043,45138,45138,20,"09","3",0,0,2,0,NORMAL
10240,10240,30,EMP1021,EMP1043,51192,51192,20,"09","3",0,0,2,0,NORMAL
9106,9106,30,EMP1021,EMP1043,45522,45522,20,"09","3",0,0,2,0,NORMAL
12552,12552,30,EMP1021,EMP1043,62748,62748,20,"09","3",0,0,2,0,NORMAL
8478,8478,30,EMP1021,EMP1043,42390,42390,20,"09","3",0,0,2,0,NORMAL
948,948,30,EMP1021,EMP1043,4740,4740,30,"09","3",0,0,0,0,NORMAL
843,843,30,EMP1021,EMP1043,4215,4215,30,"09","3",0,0,0,0,NORMAL
1162,1162,30,EMP1021,EMP1043,5810,5810,30,"09","3",0,0,0,0,NORMAL
785,785,30,EMP1021,EMP1043,3925,3925,30,"09","3",0,0,0,0,NORMAL
46650,46650,30,EMP1047,EMP1056,279900,279900,20,"10","4",0,0,2,0,DELAY
76737,76737,30,EMP1047,EMP1056,460425,460425,20,"10","4",0,0,2,0,NORMAL
97212,97212,30,EMP1047,EMP1056,583275,583275,20,"10","4",0,0,2,0,NORMAL
70875,70875,30,EMP1047,EMP1056,425250,425250,20,"10","4",0,0,2,0,NORMAL
81725,81725,30,EMP1047,EMP1056,490350,490350,20,"10","4",0,0,2,0,NORMAL
10085,10085,30,EMP1047,EMP1056,60513,60513,20,"10","4",0,0,2,0,NORMAL
12776,12776,30,EMP1047,EMP1056,76659,76659,20,"10","4",0,0,2,0,NORMAL
9315,9315,30,EMP1047,EMP1056,55890,55890,20,"10","4",0,0,2,0,NORMAL
10741,10741,30,EMP1047,EMP1056,64446,64446,20,"10","4",0,0,2,0,NORMAL
9471,9471,30,EMP1047,EMP1056,56830,56830,20,"10","4",0,0,2,0,NORMAL
11998,11998,30,EMP1047,EMP1056,71993,71993,20,"10","4",0,0,2,0,NORMAL
8748,8748,30,EMP1047,EMP1056,52488,52488,20,"10","4",0,0,2,0,NORMAL
10087,10087,30,EMP1047,EMP1056,60524,60524,20,"10","4",0,0,2,0,NORMAL
877,877,30,EMP1047,EMP1056,5262,5262,30,"10","4",0,0,0,0,NORMAL
1111,1111,30,EMP1047,EMP1056,6666,6666,30,"10","4",0,0,0,0,NORMAL
810,810,30,EMP1047,EMP1056,4860,4860,30,"10","4",0,0,0,0,NORMAL
934,934,30,EMP1047,EMP1056,5604,5604,30,"10","4",0,0,0,0,NORMAL
46650,46650,30,EMP1047,EMP1007,279900,279900,20,"10","5",0,0,2,0,NORMAL
76737,76737,30,EMP1047,EMP1007,460425,460425,20,"10","5",0,0,2,0,NORMAL
97212,97212,30,EMP1047,EMP1007,583275,583275,20,"10","5",0,0,2,0,NORMAL
70875,70875,30,EMP1047,EMP1007,425250,425250,20,"10","5",0,0,2,0,NORMAL
81725,81725,30,EMP1047,EMP1007,490350,490350,20,"10","5",0,0,2,0,NORMAL
10085,10085,30,EMP1047,EMP1007,60513,60513,20,"10","5",0,0,2,0,NORMAL
12776,12776,30,EMP1047,EMP1007,76659,76659,20,"10","5",0,0,2,0,NORMAL
9315,9315,30,EMP1047,EMP1007,55890,55890,20,"10","5",0,0,2,0,DELAY
10741,10741,30,EMP1047,EMP1007,64446,64446,20,"10","5",0,0,2,0,NORMAL
9471,9471,30,EMP1047,EMP1007,56830,56830,20,"10","5",0,0,2,0,NORMAL
11998,11998,30,EMP1047,EMP1007,71993,71993,20,"10","5",0,0,2,0,NORMAL
8748,8748,30,EMP1047,EMP1007,52488,52488,20,"10","5",0,0,2,0,NORMAL
10087,10087,30,EMP1047,EMP1007,60524,60524,20,"10","5",0,0,2,0,NORMAL
877,877,30,EMP1047,EMP1007,5262,5262,30,"10","5",0,0,0,0,NORMAL
1111,1111,30,EMP1047,EMP1007,6666,6666,30,"10","5",0,0,0,0,NORMAL
810,810,30,EMP1047,EMP1007,4860,4860,30,"10","5",0,0,0,0,NORMAL
934,934,30,EMP1047,EMP1007,5604,5604,30,"10","5",0,0,0,0,NORMAL
46650,46650,30,EMP1042,EMP1055,279900,279900,20,"10","6",0,0,2,0,NORMAL
76737,76737,30,EMP1042,EMP1055,460425,460425,20,"10","6",0,0,2,0,NORMAL
97212,97212,30,EMP1042,EMP1055,583275,583275,20,"10","6",0,0,2,0,NORMAL
70875,70875,30,EMP1042,EMP1055,425250,425250,20,"10","6",0,0,2,0,NORMAL
81725,81725,30,EMP1042,EMP1055,490350,490350,20,"10","6",0,0,2,0,NORMAL
10085,10085,30,EMP1042,EMP1055,60513,60513,20,"10","6",0,0,2,0,NORMAL
12776,12776,30,EMP1042,EMP1055,76659,76659,20,"10","6",0,0,2,0,DELAY
9315,9315,30,EMP1042,EMP1055,55890,55890,20,"10","6",0,0,2,0,NORMAL
10741,10741,30,EMP1042,EMP1055,64446,64446,20,"10","6",0,0,2,0,NORMAL
9471,9471,30,EMP1042,EMP1055,56830,56830,20,"10","6",0,0,2,0,NORMAL
11998,11998,30,EMP1042,EMP1055,71993,71993,20,"10","6",0,0,2,0,NORMAL
8748,8748,30,EMP1042,EMP1055,52488,52488,20,"10","6",0,0,2,0,NORMAL
10087,10087,30,EMP1042,EMP1055,60524,60524,20,"10","6",0,0,2,0,NORMAL
877,877,30,EMP1042,EMP1055,5262,5262,30,"10","6",0,0,0,0,NORMAL
1111,1111,30,EMP1042,EMP1055,6666,6666,30,"10","6",0,0,0,0,NORMAL
810,810,30,EMP1042,EMP1055,4860,4860,30,"10","6",0,0,0,0,NORMAL
934,934,30,EMP1042,EMP1055,5604,5604,30,"10","6",0,0,0,0,NORMAL
46650,46650,30,EMP1007,EMP1047,279900,279900,20,"10","7",0,0,2,0,NORMAL
76737,76737,30,EMP1007,EMP1047,460425,460425,20,"10","7",0,0,2,0,NORMAL
97212,97212,30,EMP1007,EMP1047,583275,583275,20,"10","7",0,0,2,0,NORMAL
70875,70875,30,EMP1007,EMP1047,425250,425250,20,"10","7",0,0,2,0,NORMAL
81725,81725,30,EMP1007,EMP1047,490350,490350,20,"10","7",0,0,2,0,NORMAL
10085,10085,30,EMP1007,EMP1047,60513,60513,20,"10","7",0,0,2,0,NORMAL
12776,12776,30,EMP1007,EMP1047,76659,76659,20,"10","7",0,0,2,0,NORMAL
9315,9315,30,EMP1007,EMP1047,55890,55890,20,"10","7",0,0,2,0,NORMAL
10741,10741,30,EMP1007,EMP1047,64446,64446,20,"10","7",0,0,2,0,NORMAL
9471,9471,30,EMP1007,EMP1047,56830,56830,20,"10","7",0,0,2,0,NORMAL
11998,11998,30,EMP1007,EMP1047,71993,71993,20,"10","7",0,0,2,0,NORMAL
8748,8748,30,EMP1007,EMP1047,52488,52488,20,"10","7",0,0,2,0,NORMAL
10087,10087,30,EMP1007,EMP1047,60524,60524,20,"10","7",0,0,2,0,NORMAL
877,877,30,EMP1007,EMP1047,5262,5262,30,"10","7",0,0,0,0,NORMAL
1111,1111,30,EMP1007,EMP1047,6666,6666,30,"10","7",0,0,0,0,NORMAL
810,810,30,EMP1007,EMP1047,4860,4860,30,"10","7",0,0,0,0,NORMAL
934,934,30,EMP1007,EMP1047,5604,5604,30,"10","7",0,0,0,0,NORMAL
46650,46650,30,EMP1001,EMP1056,279900,279900,20,"10","2",0,0,2,0,NORMAL
76737,76737,30,EMP1001,EMP1056,460425,460425,20,"10","2",0,0,2,0,NORMAL
97212,97212,30,EMP1001,EMP1056,583275,583275,20,"10","2",0,0,2,0,NORMAL
70875,70875,30,EMP1001,EMP1056,425250,425250,20,"10","2",0,0,2,0,NORMAL
81725,81725,30,EMP1001,EMP1056,490350,490350,20,"10","2",0,0,2,0,NORMAL
10085,10085,30,EMP1001,EMP1056,60513,60513,20,"10","2",0,0,2,0,NORMAL
12776,12776,30,EMP1001,EMP1056,76659,76659,20,"10","2",0,0,2,0,NORMAL
9315,9315,30,EMP1001,EMP1056,55890,55890,20,"10","2",0,0,2,0,NORMAL
10741,10741,30,EMP1001,EMP1056,64446,64446,20,"10","2",0,0,2,0,NORMAL
9471,9471,30,EMP1001,EMP1056,56830,56830,20,"10","2",0,0,2,0,NORMAL
11998,11998,30,EMP1001,EMP1056,71993,71993,20,"10","2",0,0,2,0,NORMAL
8748,8748,30,EMP1001,EMP1056,52488,52488,20,"10","2",0,0,2,0,NORMAL
10087,10087,30,EMP1001,EMP1056,60524,60524,20,"10","2",0,0,2,0,NORMAL
877,877,30,EMP1001,EMP1056,5262,5262,30,"10","2",0,0,0,0,NORMAL
1111,1111,30,EMP1001,EMP1056,6666,6666,30,"10","2",0,0,0,0,NORMAL
810,810,30,EMP1001,EMP1056,4860,4860,30,"10","2",0,0,0,0,NORMAL
934,934,30,EMP1001,EMP1056,5604,5604,30,"10","2",0,0,0,0,NORMAL
46650,46650,30,EMP1045,EMP1047,279900,279900,20,"10","3",0,0,2,0,NORMAL
76740,76740,30,EMP1045,EMP1047,460425,460425,20,"10","3",0,0,2,0,NORMAL
97215,97215,30,EMP1045,EMP1047,583275,583275,20,"10","3",0,0,2,0,NORMAL
70875,70875,30,EMP1045,EMP1047,425250,425250,20,"10","3",0,0,2,0,NORMAL
81725,81725,30,EMP1045,EMP1047,490350,490350,20,"10","3",0,0,2,0,NORMAL
10088,10088,30,EMP1045,EMP1047,60513,60513,20,"10","3",0,0,2,0,NORMAL
12779,12779,30,EMP1045,EMP1047,76659,76659,20,"10","3",0,0,2,0,NORMAL
9315,9315,30,EMP1045,EMP1047,55890,55890,20,"10","3",0,0,2,0,NORMAL
10741,10741,30,EMP1045,EMP1047,64446,64446,20,"10","3",0,0,2,0,NORMAL
9475,9475,30,EMP1045,EMP1047,56830,56830,20,"10","3",0,0,2,0,NORMAL
12003,12003,30,EMP1045,EMP1047,71993,71993,20,"10","3",0,0,2,0,NORMAL
8748,8748,30,EMP1045,EMP1047,52488,52488,20,"10","3",0,0,2,0,NORMAL
10089,10089,30,EMP1045,EMP1047,60524,60524,20,"10","3",0,0,2,0,NORMAL
877,877,30,EMP1045,EMP1047,5262,5262,30,"10","3",0,0,0,0,NORMAL
1111,1111,30,EMP1045,EMP1047,6666,6666,30,"10","3",0,0,0,0,NORMAL
810,810,30,EMP1045,EMP1047,4860,4860,30,"10","3",0,0,0,0,NORMAL
934,934,30,EMP1045,EMP1047,5604,5604,30,"10","3",0,0,0,0,NORMAL
45825,45825,30,EMP1003,EMP1049,274950,274950,20,"10","4",0,0,2,0,NORMAL
94412,94412,30,EMP1003,EMP1049,566475,566475,20,"10","4",0,0,2,0,NORMAL
85050,85050,30,EMP1003,EMP1049,510300,510300,20,"10","4",0,0,2,0,NORMAL
79537,79537,30,EMP1003,EMP1049,477225,477225,20,"10","4",0,0,2,0,NORMAL
61775,61775,30,EMP1003,EMP1049,370650,370650,20,"10","4",0,0,2,0,NORMAL
12408,12408,30,EMP1003,EMP1049,74451,74451,20,"10","4",0,0,2,0,NORMAL
11178,11178,30,EMP1003,EMP1049,67068,67068,20,"10","4",0,0,2,0,NORMAL
10453,10453,30,EMP1003,EMP1049,62721,62721,20,"10","4",0,0,2,0,NORMAL
8119,8119,30,EMP1003,EMP1049,48714,48714,20,"10","4",0,0,2,0,NORMAL
11653,11653,30,EMP1003,EMP1049,69920,69920,20,"10","4",0,0,2,0,NORMAL
10497,10497,30,EMP1003,EMP1049,62986,62986,20,"10","4",0,0,2,0,NORMAL
9817,9817,30,EMP1003,EMP1049,58904,58904,20,"10","4",0,0,2,0,NORMAL
7624,7624,30,EMP1003,EMP1049,45749,45749,20,"10","4",0,0,2,0,NORMAL
1079,1079,30,EMP1003,EMP1049,6474,6474,30,"10","4",0,0,0,0,NORMAL
972,972,30,EMP1003,EMP1049,5832,5832,30,"10","4",0,0,0,0,NORMAL
909,909,30,EMP1003,EMP1049,5454,5454,30,"10","4",0,0,0,0,NORMAL
706,706,30,EMP1003,EMP1049,4236,4236,30,"10","4",0,0,0,0,NORMAL
45825,45825,30,EMP1051,EMP1044,274950,274950,20,"10","5",0,0,2,0,NORMAL
94412,94412,30,EMP1051,EMP1044,566475,566475,20,"10","5",0,0,2,0,NORMAL
85050,85050,30,EMP1051,EMP1044,510300,510300,20,"10","5",0,0,2,0,NORMAL
79537,79537,30,EMP1051,EMP1044,477225,477225,20,"10","5",0,0,2,0,NORMAL
61775,61775,30,EMP1051,EMP1044,370650,370650,20,"10","5",0,0,2,0,NORMAL
12408,12408,30,EMP1051,EMP1044,74451,74451,20,"10","5",0,0,2,0,NORMAL
11178,11178,30,EMP1051,EMP1044,67068,67068,20,"10","5",0,0,2,0,NORMAL
10453,10453,30,EMP1051,EMP1044,62721,62721,20,"10","5",0,0,2,0,NORMAL
8119,8119,30,EMP1051,EMP1044,48714,48714,20,"10","5",0,0,2,0,NORMAL
11653,11653,30,EMP1051,EMP1044,69920,69920,20,"10","5",0,0,2,0,NORMAL
10497,10497,30,EMP1051,EMP1044,62986,62986,20,"10","5",0,0,2,0,NORMAL
9817,9817,30,EMP1051,EMP1044,58904,58904,20,"10","5",0,0,2,0,NORMAL
7624,7624,30,EMP1051,EMP1044,45749,45749,20,"10","5",0,0,2,0,NORMAL
1079,1079,30,EMP1051,EMP1044,6474,6474,30,"10","5",0,0,0,0,NORMAL
972,972,30,EMP1051,EMP1044,5832,5832,30,"10","5",0,0,0,0,NORMAL
909,909,30,EMP1051,EMP1044,5454,5454,30,"10","5",0,0,0,0,NORMAL
706,706,30,EMP1051,EMP1044,4236,4236,30,"10","5",0,0,0,0,NORMAL
45825,45825,30,EMP1059,EMP1057,274950,274950,20,"10","6",0,0,2,0,NORMAL
94412,94412,30,EMP1059,EMP1057,566475,566475,20,"10","6",0,0,2,0,NORMAL
79537,79537,30,EMP1059,EMP1057,477225,477225,20,"10","6",0,0,2,0,NORMAL
61775,61775,30,EMP1059,EMP1057,370650,370650,20,"10","6",0,0,2,0,NORMAL
12408,12408,30,EMP1059,EMP1057,74451,74451,20,"10","6",0,0,2,0,NORMAL
11178,11178,30,EMP1059,EMP1057,67068,67068,20,"10","6",0,0,2,0,NORMAL
10453,10453,30,EMP1059,EMP1057,62721,62721,20,"10","6",0,0,2,0,NORMAL
8119,8119,30,EMP1059,EMP1057,48714,48714,20,"10","6",0,0,2,0,NORMAL
11653,11653,30,EMP1059,EMP1057,69920,69920,20,"10","6",0,0,2,0,NORMAL
10497,10497,30,EMP1059,EMP1057,62986,62986,20,"10","6",0,0,2,0,NORMAL
9817,9817,30,EMP1059,EMP1057,58904,58904,20,"10","6",0,0,2,0,NORMAL
7624,7624,30,EMP1059,EMP1057,45749,45749,20,"10","6",0,0,2,0,NORMAL
1079,1079,30,EMP1059,EMP1057,6474,6474,30,"10","6",0,0,0,0,NORMAL
972,972,30,EMP1059,EMP1057,5832,5832,30,"10","6",0,0,0,0,NORMAL
909,909,30,EMP1059,EMP1057,5454,5454,30,"10","6",0,0,0,0,NORMAL
706,706,30,EMP1059,EMP1057,4236,4236,30,"10","6",0,0,0,0,NORMAL
45825,45825,30,EMP1047,EMP1048,274950,274950,20,"10","7",0,0,2,0,NORMAL
94412,94412,30,EMP1047,EMP1048,566475,566475,20,"10","7",0,0,2,0,DELAY
85050,85050,30,EMP1047,EMP1048,510300,510300,20,"10","7",0,0,2,0,NORMAL
79537,79537,30,EMP1047,EMP1048,477225,477225,20,"10","7",0,0,2,0,NORMAL
61775,61775,30,EMP1047,EMP1048,370650,370650,20,"10","7",0,0,2,0,NORMAL
12408,12408,30,EMP1047,EMP1048,74451,74451,20,"10","7",0,0,2,0,NORMAL
11178,11178,30,EMP1047,EMP1048,67068,67068,20,"10","7",0,0,2,0,NORMAL
10453,10453,30,EMP1047,EMP1048,62721,62721,20,"10","7",0,0,2,0,NORMAL
8119,8119,30,EMP1047,EMP1048,48714,48714,20,"10","7",0,0,2,0,NORMAL
11653,11653,30,EMP1047,EMP1048,69920,69920,20,"10","7",0,0,2,0,NORMAL
10497,10497,30,EMP1047,EMP1048,62986,62986,20,"10","7",0,0,2,0,NORMAL
9817,9817,30,EMP1047,EMP1048,58904,58904,20,"10","7",0,0,2,0,NORMAL
7624,7624,30,EMP1047,EMP1048,45749,45749,20,"10","7",0,0,2,0,NORMAL
1079,1079,30,EMP1047,EMP1048,6474,6474,30,"10","7",0,0,0,0,NORMAL
85050,85050,30,EMP1059,EMP1057,510300,510300,20,"10","6",0,0,2,0,NORMAL
972,972,30,EMP1047,EMP1048,5832,5832,30,"10","7",0,0,0,0,NORMAL
909,909,30,EMP1047,EMP1048,5454,5454,30,"10","7",0,0,0,0,NORMAL
706,706,30,EMP1047,EMP1048,4236,4236,30,"10","7",0,0,0,0,NORMAL
45825,45825,30,EMP1003,EMP1057,274950,274950,20,"10","2",0,0,2,0,NORMAL
94412,94412,30,EMP1003,EMP1057,566475,566475,20,"10","2",0,0,2,0,NORMAL
85050,85050,30,EMP1003,EMP1057,510300,510300,20,"10","2",0,0,2,0,NORMAL
79537,79537,30,EMP1003,EMP1057,477225,477225,20,"10","2",0,0,2,0,NORMAL
61775,61775,30,EMP1003,EMP1057,370650,370650,20,"10","2",0,0,2,0,NORMAL
12408,12408,30,EMP1003,EMP1057,74451,74451,20,"10","2",0,0,2,0,NORMAL
11178,11178,30,EMP1003,EMP1057,67068,67068,20,"10","2",0,0,2,0,NORMAL
10453,10453,30,EMP1003,EMP1057,62721,62721,20,"10","2",0,0,2,0,NORMAL
8119,8119,30,EMP1003,EMP1057,48714,48714,20,"10","2",0,0,2,0,NORMAL
11653,11653,30,EMP1003,EMP1057,69920,69920,20,"10","2",0,0,2,0,NORMAL
10497,10497,30,EMP1003,EMP1057,62986,62986,20,"10","2",0,0,2,0,NORMAL
9817,9817,30,EMP1003,EMP1057,58904,58904,20,"10","2",0,0,2,0,DELAY
7624,7624,30,EMP1003,EMP1057,45749,45749,20,"10","2",0,0,2,0,NORMAL
1079,1079,30,EMP1003,EMP1057,6474,6474,30,"10","2",0,0,0,0,NORMAL
972,972,30,EMP1003,EMP1057,5832,5832,30,"10","2",0,0,0,0,NORMAL
909,909,30,EMP1003,EMP1057,5454,5454,30,"10","2",0,0,0,0,NORMAL
706,706,30,EMP1003,EMP1057,4236,4236,30,"10","2",0,0,0,0,NORMAL
45825,45825,30,EMP1005,EMP1001,274950,274950,20,"10","3",0,0,2,0,NORMAL
94415,94415,30,EMP1005,EMP1001,566475,566475,20,"10","3",0,0,2,0,NORMAL
85050,85050,30,EMP1005,EMP1001,510300,510300,20,"10","3",0,0,2,0,DELAY
79540,79540,30,EMP1005,EMP1001,477225,477225,20,"10","3",0,0,2,0,NORMAL
61775,61775,30,EMP1005,EMP1001,370650,370650,20,"10","3",0,0,2,0,NORMAL
12411,12411,30,EMP1005,EMP1001,74451,74451,20,"10","3",0,0,2,0,NORMAL
11178,11178,30,EMP1005,EMP1001,67068,67068,20,"10","3",0,0,2,0,NORMAL
10456,10456,30,EMP1005,EMP1001,62721,62721,20,"10","3",0,0,2,0,NORMAL
8119,8119,30,EMP1005,EMP1001,48714,48714,20,"10","3",0,0,2,0,NORMAL
11655,11655,30,EMP1005,EMP1001,69920,69920,20,"10","3",0,0,2,0,NORMAL
10501,10501,30,EMP1005,EMP1001,62986,62986,20,"10","3",0,0,2,0,NORMAL
9819,9819,30,EMP1005,EMP1001,58904,58904,20,"10","3",0,0,2,0,NORMAL
7629,7629,30,EMP1005,EMP1001,45749,45749,20,"10","3",0,0,2,0,NORMAL
1079,1079,30,EMP1005,EMP1001,6474,6474,30,"10","3",0,0,0,0,NORMAL
972,972,30,EMP1005,EMP1001,5832,5832,30,"10","3",0,0,0,0,NORMAL
909,909,30,EMP1005,EMP1001,5454,5454,30,"10","3",0,0,0,0,NORMAL
706,706,30,EMP1005,EMP1001,4236,4236,30,"10","3",0,0,0,0,NORMAL
52387,52387,30,EMP1021,EMP1047,261938,261938,20,"10","4",0,0,2,0,NORMAL
81462,81462,30,EMP1021,EMP1047,407313,407313,20,"10","4",0,0,2,0,NORMAL
89687,89687,30,EMP1021,EMP1047,448438,448438,20,"10","4",0,0,2,0,NORMAL
111650,111650,30,EMP1021,EMP1047,558250,558250,20,"10","4",0,0,2,0,NORMAL
83912,83912,30,EMP1021,EMP1047,419563,419563,20,"10","4",0,0,2,0,NORMAL
10706,10706,30,EMP1021,EMP1047,53533,53533,20,"10","4",0,0,2,0,NORMAL
11787,11787,30,EMP1021,EMP1047,58938,58938,20,"10","4",0,0,2,0,NORMAL
14674,14674,30,EMP1021,EMP1047,73370,73370,20,"10","4",0,0,2,0,NORMAL
11028,11028,30,EMP1021,EMP1047,55143,55143,20,"10","4",0,0,2,0,NORMAL
10054,10054,30,EMP1021,EMP1047,50274,50274,20,"10","4",0,0,2,0,NORMAL
11070,11070,30,EMP1021,EMP1047,55350,55350,20,"10","4",0,0,2,0,NORMAL
13780,13780,30,EMP1021,EMP1047,68904,68904,20,"10","4",0,0,2,0,NORMAL
10357,10357,30,EMP1021,EMP1047,51786,51786,20,"10","4",0,0,2,0,NORMAL
931,931,30,EMP1021,EMP1047,4655,4655,30,"10","4",0,0,0,0,NORMAL
1025,1025,30,EMP1021,EMP1047,5125,5125,30,"10","4",0,0,0,0,NORMAL
1276,1276,30,EMP1021,EMP1047,6380,6380,30,"10","4",0,0,0,0,NORMAL
959,959,30,EMP1021,EMP1047,4795,4795,30,"10","4",0,0,0,0,NORMAL
52387,52387,30,EMP1006,EMP1054,261938,261938,20,"10","5",0,0,2,0,DELAY
81462,81462,30,EMP1006,EMP1054,407313,407313,20,"10","5",0,0,2,0,NORMAL
89687,89687,30,EMP1006,EMP1054,448438,448438,20,"10","5",0,0,2,0,NORMAL
111650,111650,30,EMP1006,EMP1054,558250,558250,20,"10","5",0,0,2,0,NORMAL
83912,83912,30,EMP1006,EMP1054,419563,419563,20,"10","5",0,0,2,0,NORMAL
10706,10706,30,EMP1006,EMP1054,53533,53533,20,"10","5",0,0,2,0,NORMAL
11787,11787,30,EMP1006,EMP1054,58938,58938,20,"10","5",0,0,2,0,NORMAL
14674,14674,30,EMP1006,EMP1054,73370,73370,20,"10","5",0,0,2,0,NORMAL
11028,11028,30,EMP1006,EMP1054,55143,55143,20,"10","5",0,0,2,0,NORMAL
10054,10054,30,EMP1006,EMP1054,50274,50274,20,"10","5",0,0,2,0,NORMAL
11070,11070,30,EMP1006,EMP1054,55350,55350,20,"10","5",0,0,2,0,NORMAL
13780,13780,30,EMP1006,EMP1054,68904,68904,20,"10","5",0,0,2,0,NORMAL
10357,10357,30,EMP1006,EMP1054,51786,51786,20,"10","5",0,0,2,0,NORMAL
931,931,30,EMP1006,EMP1054,4655,4655,30,"10","5",0,0,0,0,NORMAL
1025,1025,30,EMP1006,EMP1054,5125,5125,30,"10","5",0,0,0,0,NORMAL
1276,1276,30,EMP1006,EMP1054,6380,6380,30,"10","5",0,0,0,0,NORMAL
959,959,30,EMP1006,EMP1054,4795,4795,30,"10","5",0,0,0,0,NORMAL
52387,52387,30,EMP1043,EMP1043,261938,261938,20,"10","6",0,0,2,0,NORMAL
81462,81462,30,EMP1043,EMP1043,407313,407313,20,"10","6",0,0,2,0,NORMAL
89687,89687,30,EMP1043,EMP1043,448438,448438,20,"10","6",0,0,2,0,NORMAL
111650,111650,30,EMP1043,EMP1043,558250,558250,20,"10","6",0,0,2,0,NORMAL
83912,83912,30,EMP1043,EMP1043,419563,419563,20,"10","6",0,0,2,0,NORMAL
10706,10706,30,EMP1043,EMP1043,53533,53533,20,"10","6",0,0,2,0,NORMAL
11787,11787,30,EMP1043,EMP1043,58938,58938,20,"10","6",0,0,2,0,NORMAL
14674,14674,30,EMP1043,EMP1043,73370,73370,20,"10","6",0,0,2,0,NORMAL
11028,11028,30,EMP1043,EMP1043,55143,55143,20,"10","6",0,0,2,0,DELAY
10054,10054,30,EMP1043,EMP1043,50274,50274,20,"10","6",0,0,2,0,NORMAL
11070,11070,30,EMP1043,EMP1043,55350,55350,20,"10","6",0,0,2,0,NORMAL
13780,13780,30,EMP1043,EMP1043,68904,68904,20,"10","6",0,0,2,0,NORMAL
10357,10357,30,EMP1043,EMP1043,51786,51786,20,"10","6",0,0,2,0,NORMAL
931,931,30,EMP1043,EMP1043,4655,4655,30,"10","6",0,0,0,0,NORMAL
1025,1025,30,EMP1043,EMP1043,5125,5125,30,"10","6",0,0,0,0,NORMAL
1276,1276,30,EMP1043,EMP1043,6380,6380,30,"10","6",0,0,0,0,NORMAL
959,959,30,EMP1043,EMP1043,4795,4795,30,"10","6",0,0,0,0,NORMAL
52387,52387,30,EMP1021,EMP1047,261938,261938,20,"10","2",0,0,2,0,NORMAL
81462,81462,30,EMP1021,EMP1047,407313,407313,20,"10","2",0,0,2,0,NORMAL
89687,89687,30,EMP1021,EMP1047,448438,448438,20,"10","2",0,0,2,0,NORMAL
111650,111650,30,EMP1021,EMP1047,558250,558250,20,"10","2",0,0,2,0,NORMAL
83912,83912,30,EMP1021,EMP1047,419563,419563,20,"10","2",0,0,2,0,NORMAL
10706,10706,30,EMP1021,EMP1047,53533,53533,20,"10","2",0,0,2,0,NORMAL
11787,11787,30,EMP1021,EMP1047,58938,58938,20,"10","2",0,0,2,0,NORMAL
14674,14674,30,EMP1021,EMP1047,73370,73370,20,"10","2",0,0,2,0,NORMAL
11028,11028,30,EMP1021,EMP1047,55143,55143,20,"10","2",0,0,2,0,NORMAL
10054,10054,30,EMP1021,EMP1047,50274,50274,20,"10","2",0,0,2,0,NORMAL
11070,11070,30,EMP1021,EMP1047,55350,55350,20,"10","2",0,0,2,0,NORMAL
13780,13780,30,EMP1021,EMP1047,68904,68904,20,"10","2",0,0,2,0,NORMAL
10357,10357,30,EMP1021,EMP1047,51786,51786,20,"10","2",0,0,2,0,NORMAL
931,931,30,EMP1021,EMP1047,4655,4655,30,"10","2",0,0,0,0,NORMAL
1025,1025,30,EMP1021,EMP1047,5125,5125,30,"10","2",0,0,0,0,NORMAL
1276,1276,30,EMP1021,EMP1047,6380,6380,30,"10","2",0,0,0,0,NORMAL
959,959,30,EMP1021,EMP1047,4795,4795,30,"10","2",0,0,0,0,NORMAL
52390,52390,30,EMP1005,EMP1045,261938,261938,20,"10","3",0,0,2,0,NORMAL
81465,81465,30,EMP1005,EMP1045,407313,407313,20,"10","3",0,0,2,0,NORMAL
89690,89690,30,EMP1005,EMP1045,448438,448438,20,"10","3",0,0,2,0,NORMAL
111650,111650,30,EMP1005,EMP1045,558250,558250,20,"10","3",0,0,2,0,NORMAL
83915,83915,30,EMP1005,EMP1045,419563,419563,20,"10","3",0,0,2,0,NORMAL
10709,10709,30,EMP1005,EMP1045,53533,53533,20,"10","3",0,0,2,0,NORMAL
11790,11790,30,EMP1005,EMP1045,58938,58938,20,"10","3",0,0,2,0,NORMAL
14674,14674,30,EMP1005,EMP1045,73370,73370,20,"10","3",0,0,2,0,NORMAL
11031,11031,30,EMP1005,EMP1045,55143,55143,20,"10","3",0,0,2,0,NORMAL
10058,10058,30,EMP1005,EMP1045,50274,50274,20,"10","3",0,0,2,0,NORMAL
11070,11070,30,EMP1005,EMP1045,55350,55350,20,"10","3",0,0,2,0,NORMAL
13784,13784,30,EMP1005,EMP1045,68904,68904,20,"10","3",0,0,2,0,NORMAL
10358,10358,30,EMP1005,EMP1045,51786,51786,20,"10","3",0,0,2,0,NORMAL
931,931,30,EMP1005,EMP1045,4655,4655,30,"10","3",0,0,0,0,NORMAL
1025,1025,30,EMP1005,EMP1045,5125,5125,30,"10","3",0,0,0,0,NORMAL
1276,1276,30,EMP1005,EMP1045,6380,6380,30,"10","3",0,0,0,0,NORMAL
959,959,30,EMP1005,EMP1045,4795,4795,30,"10","3",0,0,0,0,NORMAL
50487,50487,30,EMP1055,EMP1007,252438,252438,20,"10","4",0,0,2,0,NORMAL
83037,83037,30,EMP1055,EMP1007,415188,415188,20,"10","4",0,0,2,0,NORMAL
102200,102200,30,EMP1055,EMP1007,511000,511000,20,"10","4",0,0,2,0,NORMAL
89600,89600,30,EMP1055,EMP1007,448000,448000,20,"10","4",0,0,2,0,NORMAL
78575,78575,30,EMP1055,EMP1007,392875,392875,20,"10","4",0,0,2,0,NORMAL
10913,10913,30,EMP1055,EMP1007,54568,54568,20,"10","4",0,0,2,0,NORMAL
13432,13432,30,EMP1055,EMP1007,67160,67160,20,"10","4",0,0,2,0,NORMAL
11776,11776,30,EMP1055,EMP1007,58880,58880,20,"10","4",0,0,2,0,NORMAL
10327,10327,30,EMP1055,EMP1007,51635,51635,20,"10","4",0,0,2,0,NORMAL
10249,10249,30,EMP1055,EMP1007,51246,51246,20,"10","4",0,0,2,0,NORMAL
12614,12614,30,EMP1055,EMP1007,63072,63072,20,"10","4",0,0,2,0,NORMAL
11059,11059,30,EMP1055,EMP1007,55296,55296,20,"10","4",0,0,2,0,NORMAL
9698,9698,30,EMP1055,EMP1007,48492,48492,20,"10","4",0,0,2,0,NORMAL
949,949,30,EMP1055,EMP1007,4745,4745,30,"10","4",0,0,0,0,NORMAL
1168,1168,30,EMP1055,EMP1007,5840,5840,30,"10","4",0,0,0,0,NORMAL
1024,1024,30,EMP1055,EMP1007,5120,5120,30,"10","4",0,0,0,0,NORMAL
898,898,30,EMP1055,EMP1007,4490,4490,30,"10","4",0,0,0,0,NORMAL
50487,50487,30,EMP1056,EMP1051,252438,252438,20,"10","5",0,0,2,0,NORMAL
83037,83037,30,EMP1056,EMP1051,415188,415188,20,"10","5",0,0,2,0,NORMAL
102200,102200,30,EMP1056,EMP1051,511000,511000,20,"10","5",0,0,2,0,NORMAL
89600,89600,30,EMP1056,EMP1051,448000,448000,20,"10","5",0,0,2,0,NORMAL
78575,78575,30,EMP1056,EMP1051,392875,392875,20,"10","5",0,0,2,0,DELAY
10913,10913,30,EMP1056,EMP1051,54568,54568,20,"10","5",0,0,2,0,NORMAL
13432,13432,30,EMP1056,EMP1051,67160,67160,20,"10","5",0,0,2,0,NORMAL
11776,11776,30,EMP1056,EMP1051,58880,58880,20,"10","5",0,0,2,0,NORMAL
10327,10327,30,EMP1056,EMP1051,51635,51635,20,"10","5",0,0,2,0,NORMAL
10249,10249,30,EMP1056,EMP1051,51246,51246,20,"10","5",0,0,2,0,NORMAL
12614,12614,30,EMP1056,EMP1051,63072,63072,20,"10","5",0,0,2,0,NORMAL
11059,11059,30,EMP1056,EMP1051,55296,55296,20,"10","5",0,0,2,0,NORMAL
9698,9698,30,EMP1056,EMP1051,48492,48492,20,"10","5",0,0,2,0,NORMAL
949,949,30,EMP1056,EMP1051,4745,4745,30,"10","5",0,0,0,0,NORMAL
1168,1168,30,EMP1056,EMP1051,5840,5840,30,"10","5",0,0,0,0,NORMAL
1024,1024,30,EMP1056,EMP1051,5120,5120,30,"10","5",0,0,0,0,NORMAL
898,898,30,EMP1056,EMP1051,4490,4490,30,"10","5",0,0,0,0,NORMAL
50487,50487,30,EMP1004,EMP1021,252438,252438,20,"10","6",0,0,2,0,NORMAL
83037,83037,30,EMP1004,EMP1021,415188,415188,20,"10","6",0,0,2,0,NORMAL
102200,102200,30,EMP1004,EMP1021,511000,511000,20,"10","6",0,0,2,0,NORMAL
89600,89600,30,EMP1004,EMP1021,448000,448000,20,"10","6",0,0,2,0,NORMAL
78575,78575,30,EMP1004,EMP1021,392875,392875,20,"10","6",0,0,2,0,NORMAL
10913,10913,30,EMP1004,EMP1021,54568,54568,20,"10","6",0,0,2,0,NORMAL
13432,13432,30,EMP1004,EMP1021,67160,67160,20,"10","6",0,0,2,0,NORMAL
11776,11776,30,EMP1004,EMP1021,58880,58880,20,"10","6",0,0,2,0,NORMAL
10327,10327,30,EMP1004,EMP1021,51635,51635,20,"10","6",0,0,2,0,NORMAL
10249,10249,30,EMP1004,EMP1021,51246,51246,20,"10","6",0,0,2,0,NORMAL
12614,12614,30,EMP1004,EMP1021,63072,63072,20,"10","6",0,0,2,0,NORMAL
11059,11059,30,EMP1004,EMP1021,55296,55296,20,"10","6",0,0,2,0,NORMAL
9698,9698,30,EMP1004,EMP1021,48492,48492,20,"10","6",0,0,2,0,NORMAL
949,949,30,EMP1004,EMP1021,4745,4745,30,"10","6",0,0,0,0,NORMAL
1168,1168,30,EMP1004,EMP1021,5840,5840,30,"10","6",0,0,0,0,NORMAL
1024,1024,30,EMP1004,EMP1021,5120,5120,30,"10","6",0,0,0,0,NORMAL
898,898,30,EMP1004,EMP1021,4490,4490,30,"10","6",0,0,0,0,NORMAL
50487,50487,30,EMP1004,EMP1005,252438,252438,20,"10","2",0,0,2,0,NORMAL
83037,83037,30,EMP1004,EMP1005,415188,415188,20,"10","2",0,0,2,0,NORMAL
102200,102200,30,EMP1004,EMP1005,511000,511000,20,"10","2",0,0,2,0,NORMAL
89600,89600,30,EMP1004,EMP1005,448000,448000,20,"10","2",0,0,2,0,NORMAL
78575,78575,30,EMP1004,EMP1005,392875,392875,20,"10","2",0,0,2,0,NORMAL
10913,10913,30,EMP1004,EMP1005,54568,54568,20,"10","2",0,0,2,0,NORMAL
13432,13432,30,EMP1004,EMP1005,67160,67160,20,"10","2",0,0,2,0,NORMAL
11776,11776,30,EMP1004,EMP1005,58880,58880,20,"10","2",0,0,2,0,NORMAL
10327,10327,30,EMP1004,EMP1005,51635,51635,20,"10","2",0,0,2,0,NORMAL
10249,10249,30,EMP1004,EMP1005,51246,51246,20,"10","2",0,0,2,0,NORMAL
12614,12614,30,EMP1004,EMP1005,63072,63072,20,"10","2",0,0,2,0,NORMAL
11059,11059,30,EMP1004,EMP1005,55296,55296,20,"10","2",0,0,2,0,NORMAL
9698,9698,30,EMP1004,EMP1005,48492,48492,20,"10","2",0,0,2,0,NORMAL
949,949,30,EMP1004,EMP1005,4745,4745,30,"10","2",0,0,0,0,NORMAL
1168,1168,30,EMP1004,EMP1005,5840,5840,30,"10","2",0,0,0,0,NORMAL
1024,1024,30,EMP1004,EMP1005,5120,5120,30,"10","2",0,0,0,0,NORMAL
898,898,30,EMP1004,EMP1005,4490,4490,30,"10","2",0,0,0,0,NORMAL
50490,50490,30,EMP1057,EMP1047,252438,252438,20,"10","3",0,0,2,0,NORMAL
83040,83040,30,EMP1057,EMP1047,415188,415188,20,"10","3",0,0,2,0,NORMAL
102200,102200,30,EMP1057,EMP1047,511000,511000,20,"10","3",0,0,2,0,NORMAL
89600,89600,30,EMP1057,EMP1047,448000,448000,20,"10","3",0,0,2,0,NORMAL
78575,78575,30,EMP1057,EMP1047,392875,392875,20,"10","3",0,0,2,0,NORMAL
10916,10916,30,EMP1057,EMP1047,54568,54568,20,"10","3",0,0,2,0,NORMAL
13432,13432,30,EMP1057,EMP1047,67160,67160,20,"10","3",0,0,2,0,NORMAL
11776,11776,30,EMP1057,EMP1047,58880,58880,20,"10","3",0,0,2,0,NORMAL
10327,10327,30,EMP1057,EMP1047,51635,51635,20,"10","3",0,0,2,0,NORMAL
10250,10250,30,EMP1057,EMP1047,51246,51246,20,"10","3",0,0,2,0,NORMAL
12616,12616,30,EMP1057,EMP1047,63072,63072,20,"10","3",0,0,2,0,NORMAL
11060,11060,30,EMP1057,EMP1047,55296,55296,20,"10","3",0,0,2,0,NORMAL
9700,9700,30,EMP1057,EMP1047,48492,48492,20,"10","3",0,0,2,0,NORMAL
949,949,30,EMP1057,EMP1047,4745,4745,30,"10","3",0,0,0,0,NORMAL
1168,1168,30,EMP1057,EMP1047,5840,5840,30,"10","3",0,0,0,0,NORMAL
1024,1024,30,EMP1057,EMP1047,5120,5120,30,"10","3",0,0,0,0,NORMAL
898,898,30,EMP1057,EMP1047,4490,4490,30,"10","3",0,0,0,0,NORMAL
56887,56887,30,EMP1043,EMP1050,341325,341325,20,"10","4",0,0,2,0,NORMAL
95200,95200,30,EMP1043,EMP1050,571200,571200,20,"10","4",0,0,2,0,NORMAL
107712,107712,30,EMP1043,EMP1050,646275,646275,20,"10","4",0,0,2,0,NORMAL
105787,105787,30,EMP1043,EMP1050,634725,634725,20,"10","4",0,0,2,0,NORMAL
89512,89512,30,EMP1043,EMP1050,537075,537075,20,"10","4",0,0,2,0,NORMAL
12512,12512,30,EMP1043,EMP1050,75072,75072,20,"10","4",0,0,2,0,NORMAL
14156,14156,30,EMP1043,EMP1050,84939,84939,20,"10","4",0,0,2,0,NORMAL
13903,13903,30,EMP1043,EMP1050,83421,83421,20,"10","4",0,0,2,0,NORMAL
11764,11764,30,EMP1043,EMP1050,70587,70587,20,"10","4",0,0,2,0,NORMAL
11750,11750,30,EMP1043,EMP1050,70503,70503,20,"10","4",0,0,2,0,NORMAL
13294,13294,30,EMP1043,EMP1050,79769,79769,20,"10","4",0,0,2,0,NORMAL
13057,13057,30,EMP1043,EMP1050,78344,78344,20,"10","4",0,0,2,0,NORMAL
11048,11048,30,EMP1043,EMP1050,66291,66291,20,"10","4",0,0,2,0,NORMAL
1088,1088,30,EMP1043,EMP1050,6528,6528,30,"10","4",0,0,0,0,NORMAL
1231,1231,30,EMP1043,EMP1050,7386,7386,30,"10","4",0,0,0,0,NORMAL
1209,1209,30,EMP1043,EMP1050,7254,7254,30,"10","4",0,0,0,0,NORMAL
1023,1023,30,EMP1043,EMP1050,6138,6138,30,"10","4",0,0,0,0,NORMAL
56887,56887,30,EMP1042,EMP1054,341325,341325,20,"10","5",0,0,2,0,NORMAL
95200,95200,30,EMP1042,EMP1054,571200,571200,20,"10","5",0,0,2,0,NORMAL
107712,107712,30,EMP1042,EMP1054,646275,646275,20,"10","5",0,0,2,0,NORMAL
105787,105787,30,EMP1042,EMP1054,634725,634725,20,"10","5",0,0,2,0,NORMAL
89512,89512,30,EMP1042,EMP1054,537075,537075,20,"10","5",0,0,2,0,NORMAL
12512,12512,30,EMP1042,EMP1054,75072,75072,20,"10","5",0,0,2,0,NORMAL
14156,14156,30,EMP1042,EMP1054,84939,84939,20,"10","5",0,0,2,0,NORMAL
13903,13903,30,EMP1042,EMP1054,83421,83421,20,"10","5",0,0,2,0,NORMAL
11764,11764,30,EMP1042,EMP1054,70587,70587,20,"10","5",0,0,2,0,NORMAL
11750,11750,30,EMP1042,EMP1054,70503,70503,20,"10","5",0,0,2,0,NORMAL
13294,13294,30,EMP1042,EMP1054,79769,79769,20,"10","5",0,0,2,0,NORMAL
13057,13057,30,EMP1042,EMP1054,78344,78344,20,"10","5",0,0,2,0,NORMAL
11048,11048,30,EMP1042,EMP1054,66291,66291,20,"10","5",0,0,2,0,NORMAL
1088,1088,30,EMP1042,EMP1054,6528,6528,30,"10","5",0,0,0,0,NORMAL
1231,1231,30,EMP1042,EMP1054,7386,7386,30,"10","5",0,0,0,0,NORMAL
1209,1209,30,EMP1042,EMP1054,7254,7254,30,"10","5",0,0,0,0,NORMAL
1023,1023,30,EMP1042,EMP1054,6138,6138,30,"10","5",0,0,0,0,NORMAL
56887,56887,30,EMP1002,EMP1021,341325,341325,20,"10","6",0,0,2,0,NORMAL
95200,95200,30,EMP1002,EMP1021,571200,571200,20,"10","6",0,0,2,0,NORMAL
107712,107712,30,EMP1002,EMP1021,646275,646275,20,"10","6",0,0,2,0,NORMAL
105787,105787,30,EMP1002,EMP1021,634725,634725,20,"10","6",0,0,2,0,NORMAL
89512,89512,30,EMP1002,EMP1021,537075,537075,20,"10","6",0,0,2,0,NORMAL
12512,12512,30,EMP1002,EMP1021,75072,75072,20,"10","6",0,0,2,0,NORMAL
14156,14156,30,EMP1002,EMP1021,84939,84939,20,"10","6",0,0,2,0,NORMAL
13903,13903,30,EMP1002,EMP1021,83421,83421,20,"10","6",0,0,2,0,NORMAL
11764,11764,30,EMP1002,EMP1021,70587,70587,20,"10","6",0,0,2,0,NORMAL
11750,11750,30,EMP1002,EMP1021,70503,70503,20,"10","6",0,0,2,0,NORMAL
13294,13294,30,EMP1002,EMP1021,79769,79769,20,"10","6",0,0,2,0,NORMAL
13057,13057,30,EMP1002,EMP1021,78344,78344,20,"10","6",0,0,2,0,NORMAL
11048,11048,30,EMP1002,EMP1021,66291,66291,20,"10","6",0,0,2,0,NORMAL
1088,1088,30,EMP1002,EMP1021,6528,6528,30,"10","6",0,0,0,0,NORMAL
1231,1231,30,EMP1002,EMP1021,7386,7386,30,"10","6",0,0,0,0,NORMAL
1209,1209,30,EMP1002,EMP1021,7254,7254,30,"10","6",0,0,0,0,NORMAL
1023,1023,30,EMP1002,EMP1021,6138,6138,30,"10","6",0,0,0,0,NORMAL
56887,56887,30,EMP1055,EMP1047,341325,341325,20,"11","7",0,0,2,0,NORMAL
95200,95200,30,EMP1055,EMP1047,571200,571200,20,"11","7",0,0,2,0,NORMAL
107712,107712,30,EMP1055,EMP1047,646275,646275,20,"11","7",0,0,2,0,NORMAL
105787,105787,30,EMP1055,EMP1047,634725,634725,20,"11","7",0,0,2,0,NORMAL
89512,89512,30,EMP1055,EMP1047,537075,537075,20,"11","7",0,0,2,0,NORMAL
12512,12512,30,EMP1055,EMP1047,75072,75072,20,"11","7",0,0,2,0,NORMAL
14156,14156,30,EMP1055,EMP1047,84939,84939,20,"11","7",0,0,2,0,NORMAL
13903,13903,30,EMP1055,EMP1047,83421,83421,20,"11","7",0,0,2,0,NORMAL
11764,11764,30,EMP1055,EMP1047,70587,70587,20,"11","7",0,0,2,0,NORMAL
11750,11750,30,EMP1055,EMP1047,70503,70503,20,"11","7",0,0,2,0,NORMAL
13294,13294,30,EMP1055,EMP1047,79769,79769,20,"11","7",0,0,2,0,NORMAL
13057,13057,30,EMP1055,EMP1047,78344,78344,20,"11","7",0,0,2,0,NORMAL
11048,11048,30,EMP1055,EMP1047,66291,66291,20,"11","7",0,0,2,0,NORMAL
1088,1088,30,EMP1055,EMP1047,6528,6528,30,"11","7",0,0,0,0,NORMAL
1231,1231,30,EMP1055,EMP1047,7386,7386,30,"11","7",0,0,0,0,NORMAL
1209,1209,30,EMP1055,EMP1047,7254,7254,30,"11","7",0,0,0,0,NORMAL
1023,1023,30,EMP1055,EMP1047,6138,6138,30,"11","7",0,0,0,0,NORMAL
56887,56887,30,EMP1005,EMP1049,341325,341325,20,"11","2",0,0,2,0,NORMAL
95200,95200,30,EMP1005,EMP1049,571200,571200,20,"11","2",0,0,2,0,NORMAL
107712,107712,30,EMP1005,EMP1049,646275,646275,20,"11","2",0,0,2,0,NORMAL
105787,105787,30,EMP1005,EMP1049,634725,634725,20,"11","2",0,0,2,0,NORMAL
89512,89512,30,EMP1005,EMP1049,537075,537075,20,"11","2",0,0,2,0,NORMAL
12512,12512,30,EMP1005,EMP1049,75072,75072,20,"11","2",0,0,2,0,NORMAL
14156,14156,30,EMP1005,EMP1049,84939,84939,20,"11","2",0,0,2,0,NORMAL
13903,13903,30,EMP1005,EMP1049,83421,83421,20,"11","2",0,0,2,0,NORMAL
11764,11764,30,EMP1005,EMP1049,70587,70587,20,"11","2",0,0,2,0,NORMAL
11750,11750,30,EMP1005,EMP1049,70503,70503,20,"11","2",0,0,2,0,NORMAL
13294,13294,30,EMP1005,EMP1049,79769,79769,20,"11","2",0,0,2,0,NORMAL
13057,13057,30,EMP1005,EMP1049,78344,78344,20,"11","2",0,0,2,0,NORMAL
11048,11048,30,EMP1005,EMP1049,66291,66291,20,"11","2",0,0,2,0,NORMAL
1088,1088,30,EMP1005,EMP1049,6528,6528,30,"11","2",0,0,0,0,NORMAL
1231,1231,30,EMP1005,EMP1049,7386,7386,30,"11","2",0,0,0,0,NORMAL
1209,1209,30,EMP1005,EMP1049,7254,7254,30,"11","2",0,0,0,0,NORMAL
1023,1023,30,EMP1005,EMP1049,6138,6138,30,"11","2",0,0,0,0,NORMAL
56890,56890,30,EMP1045,EMP1003,341325,341325,20,"11","3",0,0,2,0,NORMAL
95200,95200,30,EMP1045,EMP1003,571200,571200,20,"11","3",0,0,2,0,NORMAL
107715,107715,30,EMP1045,EMP1003,646275,646275,20,"11","3",0,0,2,0,NORMAL
105790,105790,30,EMP1045,EMP1003,634725,634725,20,"11","3",0,0,2,0,NORMAL
89515,89515,30,EMP1045,EMP1003,537075,537075,20,"11","3",0,0,2,0,DELAY
12512,12512,30,EMP1045,EMP1003,75072,75072,20,"11","3",0,0,2,0,NORMAL
14159,14159,30,EMP1045,EMP1003,84939,84939,20,"11","3",0,0,2,0,NORMAL
13906,13906,30,EMP1045,EMP1003,83421,83421,20,"11","3",0,0,2,0,NORMAL
11767,11767,30,EMP1045,EMP1003,70587,70587,20,"11","3",0,0,2,0,NORMAL
11753,11753,30,EMP1045,EMP1003,70503,70503,20,"11","3",0,0,2,0,NORMAL
13299,13299,30,EMP1045,EMP1003,79769,79769,20,"11","3",0,0,2,0,NORMAL
13059,13059,30,EMP1045,EMP1003,78344,78344,20,"11","3",0,0,2,0,NORMAL
11051,11051,30,EMP1045,EMP1003,66291,66291,20,"11","3",0,0,2,0,NORMAL
1088,1088,30,EMP1045,EMP1003,6528,6528,30,"11","3",0,0,0,0,NORMAL
1231,1231,30,EMP1045,EMP1003,7386,7386,30,"11","3",0,0,0,0,NORMAL
1209,1209,30,EMP1045,EMP1003,7254,7254,30,"11","3",0,0,0,0,NORMAL
1023,1023,30,EMP1045,EMP1003,6138,6138,30,"11","3",0,0,0,0,NORMAL
41537,41537,30,EMP1021,EMP1004,249225,249225,20,"11","4",0,0,2,0,NORMAL
64575,64575,30,EMP1021,EMP1004,387450,387450,20,"11","4",0,0,2,0,NORMAL
80937,80937,30,EMP1021,EMP1004,485625,485625,20,"11","4",0,0,2,0,NORMAL
81200,81200,30,EMP1021,EMP1004,487200,487200,20,"11","4",0,0,2,0,NORMAL
64050,64050,30,EMP1021,EMP1004,384300,384300,20,"11","4",0,0,2,0,NORMAL
8487,8487,30,EMP1021,EMP1004,50922,50922,20,"11","4",0,0,2,0,NORMAL
10637,10637,30,EMP1021,EMP1004,63825,63825,20,"11","4",0,0,2,0,NORMAL
10672,10672,30,EMP1021,EMP1004,64032,64032,20,"11","4",0,0,2,0,NORMAL
8418,8418,30,EMP1021,EMP1004,50508,50508,20,"11","4",0,0,2,0,NORMAL
7970,7970,30,EMP1021,EMP1004,47823,47823,20,"11","4",0,0,2,0,NORMAL
9990,9990,30,EMP1021,EMP1004,59940,59940,20,"11","4",0,0,2,0,NORMAL
10022,10022,30,EMP1021,EMP1004,60135,60135,20,"11","4",0,0,2,0,NORMAL
7905,7905,30,EMP1021,EMP1004,47434,47434,20,"11","4",0,0,2,0,NORMAL
738,738,30,EMP1021,EMP1004,4428,4428,30,"11","4",0,0,0,0,NORMAL
925,925,30,EMP1021,EMP1004,5550,5550,30,"11","4",0,0,0,0,NORMAL
928,928,30,EMP1021,EMP1004,5568,5568,30,"11","4",0,0,0,0,NORMAL
732,732,30,EMP1021,EMP1004,4392,4392,30,"11","4",0,0,0,0,NORMAL
41537,41537,30,EMP1048,EMP1048,249225,249225,20,"11","5",0,0,2,0,NORMAL
64575,64575,30,EMP1048,EMP1048,387450,387450,20,"11","5",0,0,2,0,NORMAL
80937,80937,30,EMP1048,EMP1048,485625,485625,20,"11","5",0,0,2,0,NORMAL
81200,81200,30,EMP1048,EMP1048,487200,487200,20,"11","5",0,0,2,0,NORMAL
64050,64050,30,EMP1048,EMP1048,384300,384300,20,"11","5",0,0,2,0,NORMAL
8487,8487,30,EMP1048,EMP1048,50922,50922,20,"11","5",0,0,2,0,NORMAL
10637,10637,30,EMP1048,EMP1048,63825,63825,20,"11","5",0,0,2,0,NORMAL
10672,10672,30,EMP1048,EMP1048,64032,64032,20,"11","5",0,0,2,0,NORMAL
8418,8418,30,EMP1048,EMP1048,50508,50508,20,"11","5",0,0,2,0,NORMAL
7970,7970,30,EMP1048,EMP1048,47823,47823,20,"11","5",0,0,2,0,NORMAL
9990,9990,30,EMP1048,EMP1048,59940,59940,20,"11","5",0,0,2,0,NORMAL
10022,10022,30,EMP1048,EMP1048,60135,60135,20,"11","5",0,0,2,0,NORMAL
7905,7905,30,EMP1048,EMP1048,47434,47434,20,"11","5",0,0,2,0,NORMAL
738,738,30,EMP1048,EMP1048,4428,4428,30,"11","5",0,0,0,0,NORMAL
925,925,30,EMP1048,EMP1048,5550,5550,30,"11","5",0,0,0,0,NORMAL
928,928,30,EMP1048,EMP1048,5568,5568,30,"11","5",0,0,0,0,NORMAL
732,732,30,EMP1048,EMP1048,4392,4392,30,"11","5",0,0,0,0,NORMAL
41537,41537,30,EMP1052,EMP1057,249225,249225,20,"11","6",0,0,2,0,NORMAL
64575,64575,30,EMP1052,EMP1057,387450,387450,20,"11","6",0,0,2,0,NORMAL
80937,80937,30,EMP1052,EMP1057,485625,485625,20,"11","6",0,0,2,0,NORMAL
81200,81200,30,EMP1052,EMP1057,487200,487200,20,"11","6",0,0,2,0,NORMAL
64050,64050,30,EMP1052,EMP1057,384300,384300,20,"11","6",0,0,2,0,NORMAL
8487,8487,30,EMP1052,EMP1057,50922,50922,20,"11","6",0,0,2,0,NORMAL
10637,10637,30,EMP1052,EMP1057,63825,63825,20,"11","6",0,0,2,0,NORMAL
10672,10672,30,EMP1052,EMP1057,64032,64032,20,"11","6",0,0,2,0,NORMAL
8418,8418,30,EMP1052,EMP1057,50508,50508,20,"11","6",0,0,2,0,NORMAL
7970,7970,30,EMP1052,EMP1057,47823,47823,20,"11","6",0,0,2,0,NORMAL
9990,9990,30,EMP1052,EMP1057,59940,59940,20,"11","6",0,0,2,0,NORMAL
10022,10022,30,EMP1052,EMP1057,60135,60135,20,"11","6",0,0,2,0,NORMAL
7905,7905,30,EMP1052,EMP1057,47434,47434,20,"11","6",0,0,2,0,NORMAL
738,738,30,EMP1052,EMP1057,4428,4428,30,"11","6",0,0,0,0,NORMAL
925,925,30,EMP1052,EMP1057,5550,5550,30,"11","6",0,0,0,0,NORMAL
928,928,30,EMP1052,EMP1057,5568,5568,30,"11","6",0,0,0,0,NORMAL
732,732,30,EMP1052,EMP1057,4392,4392,30,"11","6",0,0,0,0,NORMAL
41537,41537,30,EMP1004,EMP1049,249225,249225,20,"11","7",0,0,2,0,NORMAL
64575,64575,30,EMP1004,EMP1049,387450,387450,20,"11","7",0,0,2,0,NORMAL
80937,80937,30,EMP1004,EMP1049,485625,485625,20,"11","7",0,0,2,0,NORMAL
81200,81200,30,EMP1004,EMP1049,487200,487200,20,"11","7",0,0,2,0,NORMAL
64050,64050,30,EMP1004,EMP1049,384300,384300,20,"11","7",0,0,2,0,NORMAL
8487,8487,30,EMP1004,EMP1049,50922,50922,20,"11","7",0,0,2,0,NORMAL
10637,10637,30,EMP1004,EMP1049,63825,63825,20,"11","7",0,0,2,0,NORMAL
10672,10672,30,EMP1004,EMP1049,64032,64032,20,"11","7",0,0,2,0,NORMAL
8418,8418,30,EMP1004,EMP1049,50508,50508,20,"11","7",0,0,2,0,NORMAL
7970,7970,30,EMP1004,EMP1049,47823,47823,20,"11","7",0,0,2,0,NORMAL
9990,9990,30,EMP1004,EMP1049,59940,59940,20,"11","7",0,0,2,0,NORMAL
10022,10022,30,EMP1004,EMP1049,60135,60135,20,"11","7",0,0,2,0,DELAY
7905,7905,30,EMP1004,EMP1049,47434,47434,20,"11","7",0,0,2,0,NORMAL
738,738,30,EMP1004,EMP1049,4428,4428,30,"11","7",0,0,0,0,NORMAL
925,925,30,EMP1004,EMP1049,5550,5550,30,"11","7",0,0,0,0,NORMAL
928,928,30,EMP1004,EMP1049,5568,5568,30,"11","7",0,0,0,0,NORMAL
732,732,30,EMP1004,EMP1049,4392,4392,30,"11","7",0,0,0,0,NORMAL
41537,41537,30,EMP1004,EMP1046,249225,249225,20,"11","2",0,0,2,0,NORMAL
64575,64575,30,EMP1004,EMP1046,387450,387450,20,"11","2",0,0,2,0,NORMAL
80937,80937,30,EMP1004,EMP1046,485625,485625,20,"11","2",0,0,2,0,NORMAL
81200,81200,30,EMP1004,EMP1046,487200,487200,20,"11","2",0,0,2,0,NORMAL
64050,64050,30,EMP1004,EMP1046,384300,384300,20,"11","2",0,0,2,0,NORMAL
8487,8487,30,EMP1004,EMP1046,50922,50922,20,"11","2",0,0,2,0,NORMAL
10637,10637,30,EMP1004,EMP1046,63825,63825,20,"11","2",0,0,2,0,NORMAL
10672,10672,30,EMP1004,EMP1046,64032,64032,20,"11","2",0,0,2,0,NORMAL
8418,8418,30,EMP1004,EMP1046,50508,50508,20,"11","2",0,0,2,0,NORMAL
7970,7970,30,EMP1004,EMP1046,47823,47823,20,"11","2",0,0,2,0,NORMAL
9990,9990,30,EMP1004,EMP1046,59940,59940,20,"11","2",0,0,2,0,NORMAL
10022,10022,30,EMP1004,EMP1046,60135,60135,20,"11","2",0,0,2,0,NORMAL
7905,7905,30,EMP1004,EMP1046,47434,47434,20,"11","2",0,0,2,0,NORMAL
738,738,30,EMP1004,EMP1046,4428,4428,30,"11","2",0,0,0,0,NORMAL
925,925,30,EMP1004,EMP1046,5550,5550,30,"11","2",0,0,0,0,NORMAL
928,928,30,EMP1004,EMP1046,5568,5568,30,"11","2",0,0,0,0,NORMAL
732,732,30,EMP1004,EMP1046,4392,4392,30,"11","2",0,0,0,0,NORMAL
41540,41540,30,EMP1043,EMP1042,249225,249225,20,"11","3",0,0,2,0,NORMAL
64575,64575,30,EMP1043,EMP1042,387450,387450,20,"11","3",0,0,2,0,NORMAL
80940,80940,30,EMP1043,EMP1042,485625,485625,20,"11","3",0,0,2,0,NORMAL
81200,81200,30,EMP1043,EMP1042,487200,487200,20,"11","3",0,0,2,0,NORMAL
64050,64050,30,EMP1043,EMP1042,384300,384300,20,"11","3",0,0,2,0,NORMAL
8487,8487,30,EMP1043,EMP1042,50922,50922,20,"11","3",0,0,2,0,NORMAL
10640,10640,30,EMP1043,EMP1042,63825,63825,20,"11","3",0,0,2,0,NORMAL
10672,10672,30,EMP1043,EMP1042,64032,64032,20,"11","3",0,0,2,0,NORMAL
8418,8418,30,EMP1043,EMP1042,50508,50508,20,"11","3",0,0,2,0,NORMAL
7973,7973,30,EMP1043,EMP1042,47823,47823,20,"11","3",0,0,2,0,NORMAL
9990,9990,30,EMP1043,EMP1042,59940,59940,20,"11","3",0,0,2,0,NORMAL
10025,10025,30,EMP1043,EMP1042,60135,60135,20,"11","3",0,0,2,0,NORMAL
7909,7909,30,EMP1043,EMP1042,47434,47434,20,"11","3",0,0,2,0,NORMAL
738,738,30,EMP1043,EMP1042,4428,4428,30,"11","3",0,0,0,0,NORMAL
925,925,30,EMP1043,EMP1042,5550,5550,30,"11","3",0,0,0,0,NORMAL
928,928,30,EMP1043,EMP1042,5568,5568,30,"11","3",0,0,0,0,NORMAL
732,732,30,EMP1043,EMP1042,4392,4392,30,"11","3",0,0,0,0,NORMAL
54537,54537,30,EMP1053,EMP1056,272688,272688,20,"11","4",0,0,2,0,NORMAL
96512,96512,30,EMP1053,EMP1056,482563,482563,20,"11","4",0,0,2,0,NORMAL
108062,108062,30,EMP1053,EMP1056,540313,540313,20,"11","4",0,0,2,0,DELAY
107537,107537,30,EMP1053,EMP1056,537688,537688,20,"11","4",0,0,2,0,NORMAL
69650,69650,30,EMP1053,EMP1056,348250,348250,20,"11","4",0,0,2,0,NORMAL
12684,12684,30,EMP1053,EMP1056,63423,63423,20,"11","4",0,0,2,0,NORMAL
14202,14202,30,EMP1053,EMP1056,71013,71013,20,"11","4",0,0,2,0,NORMAL
14133,14133,30,EMP1053,EMP1056,70668,70668,20,"11","4",0,0,2,0,NORMAL
9154,9154,30,EMP1053,EMP1056,45770,45770,20,"11","4",0,0,2,0,NORMAL
11912,11912,30,EMP1053,EMP1056,59562,59562,20,"11","4",0,0,2,0,NORMAL
13338,13338,30,EMP1053,EMP1056,66690,66690,20,"11","4",0,0,2,0,NORMAL
13273,13273,30,EMP1053,EMP1056,66366,66366,20,"11","4",0,0,2,0,NORMAL
8596,8596,30,EMP1053,EMP1056,42984,42984,20,"11","4",0,0,2,0,NORMAL
1103,1103,30,EMP1053,EMP1056,5515,5515,30,"11","4",0,0,0,0,NORMAL
1235,1235,30,EMP1053,EMP1056,6175,6175,30,"11","4",0,0,0,0,NORMAL
1229,1229,30,EMP1053,EMP1056,6145,6145,30,"11","4",0,0,0,0,NORMAL
796,796,30,EMP1053,EMP1056,3980,3980,30,"11","4",0,0,0,0,NORMAL
54537,54537,30,EMP1045,EMP1042,272688,272688,20,"11","5",0,0,2,0,NORMAL
96512,96512,30,EMP1045,EMP1042,482563,482563,20,"11","5",0,0,2,0,NORMAL
108062,108062,30,EMP1045,EMP1042,540313,540313,20,"11","5",0,0,2,0,NORMAL
107537,107537,30,EMP1045,EMP1042,537688,537688,20,"11","5",0,0,2,0,NORMAL
69650,69650,30,EMP1045,EMP1042,348250,348250,20,"11","5",0,0,2,0,NORMAL
12684,12684,30,EMP1045,EMP1042,63423,63423,20,"11","5",0,0,2,0,NORMAL
14202,14202,30,EMP1045,EMP1042,71013,71013,20,"11","5",0,0,2,0,NORMAL
14133,14133,30,EMP1045,EMP1042,70668,70668,20,"11","5",0,0,2,0,NORMAL
9154,9154,30,EMP1045,EMP1042,45770,45770,20,"11","5",0,0,2,0,NORMAL
11912,11912,30,EMP1045,EMP1042,59562,59562,20,"11","5",0,0,2,0,NORMAL
13338,13338,30,EMP1045,EMP1042,66690,66690,20,"11","5",0,0,2,0,NORMAL
13273,13273,30,EMP1045,EMP1042,66366,66366,20,"11","5",0,0,2,0,NORMAL
8596,8596,30,EMP1045,EMP1042,42984,42984,20,"11","5",0,0,2,0,NORMAL
1103,1103,30,EMP1045,EMP1042,5515,5515,30,"11","5",0,0,0,0,NORMAL
1235,1235,30,EMP1045,EMP1042,6175,6175,30,"11","5",0,0,0,0,NORMAL
1229,1229,30,EMP1045,EMP1042,6145,6145,30,"11","5",0,0,0,0,NORMAL
796,796,30,EMP1045,EMP1042,3980,3980,30,"11","5",0,0,0,0,NORMAL
54537,54537,30,EMP1007,EMP1049,272688,272688,20,"11","6",0,0,2,0,NORMAL
96512,96512,30,EMP1007,EMP1049,482563,482563,20,"11","6",0,0,2,0,NORMAL
108062,108062,30,EMP1007,EMP1049,540313,540313,20,"11","6",0,0,2,0,NORMAL
107537,107537,30,EMP1007,EMP1049,537688,537688,20,"11","6",0,0,2,0,NORMAL
69650,69650,30,EMP1007,EMP1049,348250,348250,20,"11","6",0,0,2,0,NORMAL
12684,12684,30,EMP1007,EMP1049,63423,63423,20,"11","6",0,0,2,0,NORMAL
14202,14202,30,EMP1007,EMP1049,71013,71013,20,"11","6",0,0,2,0,NORMAL
14133,14133,30,EMP1007,EMP1049,70668,70668,20,"11","6",0,0,2,0,NORMAL
9154,9154,30,EMP1007,EMP1049,45770,45770,20,"11","6",0,0,2,0,NORMAL
11912,11912,30,EMP1007,EMP1049,59562,59562,20,"11","6",0,0,2,0,NORMAL
13338,13338,30,EMP1007,EMP1049,66690,66690,20,"11","6",0,0,2,0,NORMAL
13273,13273,30,EMP1007,EMP1049,66366,66366,20,"11","6",0,0,2,0,NORMAL
8596,8596,30,EMP1007,EMP1049,42984,42984,20,"11","6",0,0,2,0,NORMAL
1103,1103,30,EMP1007,EMP1049,5515,5515,30,"11","6",0,0,0,0,NORMAL
1235,1235,30,EMP1007,EMP1049,6175,6175,30,"11","6",0,0,0,0,NORMAL
1229,1229,30,EMP1007,EMP1049,6145,6145,30,"11","6",0,0,0,0,NORMAL
796,796,30,EMP1007,EMP1049,3980,3980,30,"11","6",0,0,0,0,NORMAL
54537,54537,30,EMP1021,EMP1046,272688,272688,20,"11","2",0,0,2,0,NORMAL
96512,96512,30,EMP1021,EMP1046,482563,482563,20,"11","2",0,0,2,0,NORMAL
108062,108062,30,EMP1021,EMP1046,540313,540313,20,"11","2",0,0,2,0,NORMAL
107537,107537,30,EMP1021,EMP1046,537688,537688,20,"11","2",0,0,2,0,NORMAL
69650,69650,30,EMP1021,EMP1046,348250,348250,20,"11","2",0,0,2,0,NORMAL
12684,12684,30,EMP1021,EMP1046,63423,63423,20,"11","2",0,0,2,0,NORMAL
14202,14202,30,EMP1021,EMP1046,71013,71013,20,"11","2",0,0,2,0,NORMAL
14133,14133,30,EMP1021,EMP1046,70668,70668,20,"11","2",0,0,2,0,NORMAL
9154,9154,30,EMP1021,EMP1046,45770,45770,20,"11","2",0,0,2,0,DELAY
11912,11912,30,EMP1021,EMP1046,59562,59562,20,"11","2",0,0,2,0,NORMAL
13338,13338,30,EMP1021,EMP1046,66690,66690,20,"11","2",0,0,2,0,NORMAL
13273,13273,30,EMP1021,EMP1046,66366,66366,20,"11","2",0,0,2,0,NORMAL
8596,8596,30,EMP1021,EMP1046,42984,42984,20,"11","2",0,0,2,0,NORMAL
1103,1103,30,EMP1021,EMP1046,5515,5515,30,"11","2",0,0,0,0,NORMAL
1235,1235,30,EMP1021,EMP1046,6175,6175,30,"11","2",0,0,0,0,NORMAL
1229,1229,30,EMP1021,EMP1046,6145,6145,30,"11","2",0,0,0,0,NORMAL
796,796,30,EMP1021,EMP1046,3980,3980,30,"11","2",0,0,0,0,NORMAL
54540,54540,30,EMP1007,EMP1045,272688,272688,20,"11","3",0,0,2,0,DELAY
96515,96515,30,EMP1007,EMP1045,482563,482563,20,"11","3",0,0,2,0,NORMAL
108065,108065,30,EMP1007,EMP1045,540313,540313,20,"11","3",0,0,2,0,NORMAL
107540,107540,30,EMP1007,EMP1045,537688,537688,20,"11","3",0,0,2,0,NORMAL
69650,69650,30,EMP1007,EMP1045,348250,348250,20,"11","3",0,0,2,0,NORMAL
12687,12687,30,EMP1007,EMP1045,63423,63423,20,"11","3",0,0,2,0,NORMAL
14205,14205,30,EMP1007,EMP1045,71013,71013,20,"11","3",0,0,2,0,NORMAL
14136,14136,30,EMP1007,EMP1045,70668,70668,20,"11","3",0,0,2,0,NORMAL
9154,9154,30,EMP1007,EMP1045,45770,45770,20,"11","3",0,0,2,0,NORMAL
11914,11914,30,EMP1007,EMP1045,59562,59562,20,"11","3",0,0,2,0,NORMAL
13338,13338,30,EMP1007,EMP1045,66690,66690,20,"11","3",0,0,2,0,NORMAL
13274,13274,30,EMP1007,EMP1045,66366,66366,20,"11","3",0,0,2,0,NORMAL
8600,8600,30,EMP1007,EMP1045,42984,42984,20,"11","3",0,0,2,0,NORMAL
1103,1103,30,EMP1007,EMP1045,5515,5515,30,"11","3",0,0,0,0,NORMAL
1235,1235,30,EMP1007,EMP1045,6175,6175,30,"11","3",0,0,0,0,NORMAL
1229,1229,30,EMP1007,EMP1045,6145,6145,30,"11","3",0,0,0,0,NORMAL
796,796,30,EMP1007,EMP1045,3980,3980,30,"11","3",0,0,0,0,NORMAL
52862,52862,30,EMP1041,EMP1048,264313,264313,20,"11","4",0,0,2,0,NORMAL
94325,94325,30,EMP1041,EMP1048,471625,471625,20,"11","4",0,0,2,0,NORMAL
108937,108937,30,EMP1041,EMP1048,544688,544688,20,"11","4",0,0,2,0,NORMAL
88637,88637,30,EMP1041,EMP1048,443188,443188,20,"11","4",0,0,2,0,NORMAL
78137,78137,30,EMP1041,EMP1048,390688,390688,20,"11","4",0,0,2,0,DELAY
12397,12397,30,EMP1041,EMP1048,61985,61985,20,"11","4",0,0,2,0,NORMAL
14317,14317,30,EMP1041,EMP1048,71588,71588,20,"11","4",0,0,2,0,NORMAL
11649,11649,30,EMP1041,EMP1048,58248,58248,20,"11","4",0,0,2,0,NORMAL
10269,10269,30,EMP1041,EMP1048,51348,51348,20,"11","4",0,0,2,0,NORMAL
11642,11642,30,EMP1041,EMP1048,58212,58212,20,"11","4",0,0,2,0,NORMAL
13446,13446,30,EMP1041,EMP1048,67230,67230,20,"11","4",0,0,2,0,DELAY
10940,10940,30,EMP1041,EMP1048,54702,54702,20,"11","4",0,0,2,0,NORMAL
9644,9644,30,EMP1041,EMP1048,48222,48222,20,"11","4",0,0,2,0,NORMAL
1078,1078,30,EMP1041,EMP1048,5390,5390,30,"11","4",0,0,0,0,NORMAL
1245,1245,30,EMP1041,EMP1048,6225,6225,30,"11","4",0,0,0,0,NORMAL
1013,1013,30,EMP1041,EMP1048,5065,5065,30,"11","4",0,0,0,0,NORMAL
893,893,30,EMP1041,EMP1048,4465,4465,30,"11","4",0,0,0,0,NORMAL
52862,52862,30,EMP1045,EMP1005,264313,264313,20,"11","5",0,0,2,0,NORMAL
94325,94325,30,EMP1045,EMP1005,471625,471625,20,"11","5",0,0,2,0,NORMAL
108937,108937,30,EMP1045,EMP1005,544688,544688,20,"11","5",0,0,2,0,NORMAL
88637,88637,30,EMP1045,EMP1005,443188,443188,20,"11","5",0,0,2,0,NORMAL
78137,78137,30,EMP1045,EMP1005,390688,390688,20,"11","5",0,0,2,0,NORMAL
12397,12397,30,EMP1045,EMP1005,61985,61985,20,"11","5",0,0,2,0,NORMAL
14317,14317,30,EMP1045,EMP1005,71588,71588,20,"11","5",0,0,2,0,NORMAL
11649,11649,30,EMP1045,EMP1005,58248,58248,20,"11","5",0,0,2,0,NORMAL
10269,10269,30,EMP1045,EMP1005,51348,51348,20,"11","5",0,0,2,0,NORMAL
11642,11642,30,EMP1045,EMP1005,58212,58212,20,"11","5",0,0,2,0,NORMAL
13446,13446,30,EMP1045,EMP1005,67230,67230,20,"11","5",0,0,2,0,NORMAL
10940,10940,30,EMP1045,EMP1005,54702,54702,20,"11","5",0,0,2,0,NORMAL
9644,9644,30,EMP1045,EMP1005,48222,48222,20,"11","5",0,0,2,0,NORMAL
1078,1078,30,EMP1045,EMP1005,5390,5390,30,"11","5",0,0,0,0,NORMAL
1245,1245,30,EMP1045,EMP1005,6225,6225,30,"11","5",0,0,0,0,NORMAL
1013,1013,30,EMP1045,EMP1005,5065,5065,30,"11","5",0,0,0,0,NORMAL
893,893,30,EMP1045,EMP1005,4465,4465,30,"11","5",0,0,0,0,NORMAL
52862,52862,30,EMP1050,EMP1043,264313,264313,20,"11","6",0,0,2,0,NORMAL
94325,94325,30,EMP1050,EMP1043,471625,471625,20,"11","6",0,0,2,0,NORMAL
108937,108937,30,EMP1050,EMP1043,544688,544688,20,"11","6",0,0,2,0,NORMAL
88637,88637,30,EMP1050,EMP1043,443188,443188,20,"11","6",0,0,2,0,NORMAL
78137,78137,30,EMP1050,EMP1043,390688,390688,20,"11","6",0,0,2,0,NORMAL
12397,12397,30,EMP1050,EMP1043,61985,61985,20,"11","6",0,0,2,0,NORMAL
14317,14317,30,EMP1050,EMP1043,71588,71588,20,"11","6",0,0,2,0,NORMAL
11649,11649,30,EMP1050,EMP1043,58248,58248,20,"11","6",0,0,2,0,NORMAL
10269,10269,30,EMP1050,EMP1043,51348,51348,20,"11","6",0,0,2,0,NORMAL
11642,11642,30,EMP1050,EMP1043,58212,58212,20,"11","6",0,0,2,0,NORMAL
13446,13446,30,EMP1050,EMP1043,67230,67230,20,"11","6",0,0,2,0,NORMAL
10940,10940,30,EMP1050,EMP1043,54702,54702,20,"11","6",0,0,2,0,NORMAL
9644,9644,30,EMP1050,EMP1043,48222,48222,20,"11","6",0,0,2,0,NORMAL
1078,1078,30,EMP1050,EMP1043,5390,5390,30,"11","6",0,0,0,0,NORMAL
1245,1245,30,EMP1050,EMP1043,6225,6225,30,"11","6",0,0,0,0,NORMAL
1013,1013,30,EMP1050,EMP1043,5065,5065,30,"11","6",0,0,0,0,NORMAL
893,893,30,EMP1050,EMP1043,4465,4465,30,"11","6",0,0,0,0,NORMAL
52862,52862,30,EMP1005,EMP1042,264313,264313,20,"11","2",0,0,2,0,NORMAL
94325,94325,30,EMP1005,EMP1042,471625,471625,20,"11","2",0,0,2,0,NORMAL
108937,108937,30,EMP1005,EMP1042,544688,544688,20,"11","2",0,0,2,0,NORMAL
88637,88637,30,EMP1005,EMP1042,443188,443188,20,"11","2",0,0,2,0,NORMAL
78137,78137,30,EMP1005,EMP1042,390688,390688,20,"11","2",0,0,2,0,NORMAL
12397,12397,30,EMP1005,EMP1042,61985,61985,20,"11","2",0,0,2,0,NORMAL
14317,14317,30,EMP1005,EMP1042,71588,71588,20,"11","2",0,0,2,0,NORMAL
11649,11649,30,EMP1005,EMP1042,58248,58248,20,"11","2",0,0,2,0,NORMAL
10269,10269,30,EMP1005,EMP1042,51348,51348,20,"11","2",0,0,2,0,NORMAL
11642,11642,30,EMP1005,EMP1042,58212,58212,20,"11","2",0,0,2,0,NORMAL
13446,13446,30,EMP1005,EMP1042,67230,67230,20,"11","2",0,0,2,0,NORMAL
10940,10940,30,EMP1005,EMP1042,54702,54702,20,"11","2",0,0,2,0,NORMAL
9644,9644,30,EMP1005,EMP1042,48222,48222,20,"11","2",0,0,2,0,NORMAL
1078,1078,30,EMP1005,EMP1042,5390,5390,30,"11","2",0,0,0,0,NORMAL
1245,1245,30,EMP1005,EMP1042,6225,6225,30,"11","2",0,0,0,0,NORMAL
1013,1013,30,EMP1005,EMP1042,5065,5065,30,"11","2",0,0,0,0,NORMAL
893,893,30,EMP1005,EMP1042,4465,4465,30,"11","2",0,0,0,0,NORMAL
52865,52865,30,EMP1048,EMP1001,264313,264313,20,"11","3",0,0,2,0,NORMAL
94325,94325,30,EMP1048,EMP1001,471625,471625,20,"11","3",0,0,2,0,NORMAL
108940,108940,30,EMP1048,EMP1001,544688,544688,20,"11","3",0,0,2,0,NORMAL
88640,88640,30,EMP1048,EMP1001,443188,443188,20,"11","3",0,0,2,0,NORMAL
78140,78140,30,EMP1048,EMP1001,390688,390688,20,"11","3",0,0,2,0,NORMAL
12397,12397,30,EMP1048,EMP1001,61985,61985,20,"11","3",0,0,2,0,NORMAL
14320,14320,30,EMP1048,EMP1001,71588,71588,20,"11","3",0,0,2,0,NORMAL
11652,11652,30,EMP1048,EMP1001,58248,58248,20,"11","3",0,0,2,0,NORMAL
10272,10272,30,EMP1048,EMP1001,51348,51348,20,"11","3",0,0,2,0,NORMAL
11644,11644,30,EMP1048,EMP1001,58212,58212,20,"11","3",0,0,2,0,NORMAL
13446,13446,30,EMP1048,EMP1001,67230,67230,20,"11","3",0,0,2,0,NORMAL
10942,10942,30,EMP1048,EMP1001,54702,54702,20,"11","3",0,0,2,0,NORMAL
9646,9646,30,EMP1048,EMP1001,48222,48222,20,"11","3",0,0,2,0,NORMAL
1078,1078,30,EMP1048,EMP1001,5390,5390,30,"11","3",0,0,0,0,NORMAL
1245,1245,30,EMP1048,EMP1001,6225,6225,30,"11","3",0,0,0,0,NORMAL
1013,1013,30,EMP1048,EMP1001,5065,5065,30,"11","3",0,0,0,0,NORMAL
893,893,30,EMP1048,EMP1001,4465,4465,30,"11","3",0,0,0,0,NORMAL
56987,56987,30,EMP1050,EMP1047,284938,284938,20,"11","4",0,0,2,0,NORMAL
90650,90650,30,EMP1050,EMP1047,453250,453250,20,"11","4",0,0,2,0,NORMAL
112612,112612,30,EMP1050,EMP1047,563063,563063,20,"11","4",0,0,2,0,NORMAL
98787,98787,30,EMP1050,EMP1047,493938,493938,20,"11","4",0,0,2,0,NORMAL
96862,96862,30,EMP1050,EMP1047,484313,484313,20,"11","4",0,0,2,0,NORMAL
11914,11914,30,EMP1050,EMP1047,59570,59570,20,"11","4",0,0,2,0,NORMAL
14800,14800,30,EMP1050,EMP1047,74003,74003,20,"11","4",0,0,2,0,NORMAL
12983,12983,30,EMP1050,EMP1047,64918,64918,20,"11","4",0,0,2,0,NORMAL
12730,12730,30,EMP1050,EMP1047,63653,63653,20,"11","4",0,0,2,0,NORMAL
11188,11188,30,EMP1050,EMP1047,55944,55944,20,"11","4",0,0,2,0,NORMAL
13899,13899,30,EMP1050,EMP1047,69498,69498,20,"11","4",0,0,2,0,NORMAL
12193,12193,30,EMP1050,EMP1047,60966,60966,20,"11","4",0,0,2,0,NORMAL
11955,11955,30,EMP1050,EMP1047,59778,59778,20,"11","4",0,0,2,0,NORMAL
1036,1036,30,EMP1050,EMP1047,5180,5180,30,"11","4",0,0,0,0,NORMAL
1287,1287,30,EMP1050,EMP1047,6435,6435,30,"11","4",0,0,0,0,NORMAL
1129,1129,30,EMP1050,EMP1047,5645,5645,30,"11","4",0,0,0,0,NORMAL
1107,1107,30,EMP1050,EMP1047,5535,5535,30,"11","4",0,0,0,0,NORMAL
56987,56987,30,EMP1042,EMP1042,284938,284938,20,"11","5",0,0,2,0,NORMAL
90650,90650,30,EMP1042,EMP1042,453250,453250,20,"11","5",0,0,2,0,NORMAL
112612,112612,30,EMP1042,EMP1042,563063,563063,20,"11","5",0,0,2,0,NORMAL
98787,98787,30,EMP1042,EMP1042,493938,493938,20,"11","5",0,0,2,0,NORMAL
96862,96862,30,EMP1042,EMP1042,484313,484313,20,"11","5",0,0,2,0,NORMAL
11914,11914,30,EMP1042,EMP1042,59570,59570,20,"11","5",0,0,2,0,NORMAL
14800,14800,30,EMP1042,EMP1042,74003,74003,20,"11","5",0,0,2,0,NORMAL
12983,12983,30,EMP1042,EMP1042,64918,64918,20,"11","5",0,0,2,0,NORMAL
12730,12730,30,EMP1042,EMP1042,63653,63653,20,"11","5",0,0,2,0,NORMAL
11188,11188,30,EMP1042,EMP1042,55944,55944,20,"11","5",0,0,2,0,NORMAL
13899,13899,30,EMP1042,EMP1042,69498,69498,20,"11","5",0,0,2,0,NORMAL
12193,12193,30,EMP1042,EMP1042,60966,60966,20,"11","5",0,0,2,0,NORMAL
11955,11955,30,EMP1042,EMP1042,59778,59778,20,"11","5",0,0,2,0,NORMAL
1036,1036,30,EMP1042,EMP1042,5180,5180,30,"11","5",0,0,0,0,NORMAL
1287,1287,30,EMP1042,EMP1042,6435,6435,30,"11","5",0,0,0,0,NORMAL
1129,1129,30,EMP1042,EMP1042,5645,5645,30,"11","5",0,0,0,0,NORMAL
1107,1107,30,EMP1042,EMP1042,5535,5535,30,"11","5",0,0,0,0,NORMAL
56987,56987,30,EMP1001,EMP1005,284938,284938,20,"11","6",0,0,2,0,NORMAL
90650,90650,30,EMP1001,EMP1005,453250,453250,20,"11","6",0,0,2,0,NORMAL
112612,112612,30,EMP1001,EMP1005,563063,563063,20,"11","6",0,0,2,0,NORMAL
98787,98787,30,EMP1001,EMP1005,493938,493938,20,"11","6",0,0,2,0,NORMAL
96862,96862,30,EMP1001,EMP1005,484313,484313,20,"11","6",0,0,2,0,DELAY
11914,11914,30,EMP1001,EMP1005,59570,59570,20,"11","6",0,0,2,0,NORMAL
14800,14800,30,EMP1001,EMP1005,74003,74003,20,"11","6",0,0,2,0,NORMAL
12983,12983,30,EMP1001,EMP1005,64918,64918,20,"11","6",0,0,2,0,NORMAL
12730,12730,30,EMP1001,EMP1005,63653,63653,20,"11","6",0,0,2,0,NORMAL
11188,11188,30,EMP1001,EMP1005,55944,55944,20,"11","6",0,0,2,0,NORMAL
13899,13899,30,EMP1001,EMP1005,69498,69498,20,"11","6",0,0,2,0,NORMAL
12193,12193,30,EMP1001,EMP1005,60966,60966,20,"11","6",0,0,2,0,NORMAL
11955,11955,30,EMP1001,EMP1005,59778,59778,20,"11","6",0,0,2,0,NORMAL
1036,1036,30,EMP1001,EMP1005,5180,5180,30,"11","6",0,0,0,0,NORMAL
1287,1287,30,EMP1001,EMP1005,6435,6435,30,"11","6",0,0,0,0,NORMAL
1129,1129,30,EMP1001,EMP1005,5645,5645,30,"11","6",0,0,0,0,NORMAL
1107,1107,30,EMP1001,EMP1005,5535,5535,30,"11","6",0,0,0,0,NORMAL
56987,56987,30,EMP1047,EMP1052,284938,284938,20,"12","2",0,1,2,2,RISK
90650,90650,30,EMP1047,EMP1052,453250,453250,20,"12","2",0,1,2,2,DELAY
112612,112612,30,EMP1047,EMP1052,563063,563063,20,"12","2",0,1,2,2,DELAY
98787,98787,30,EMP1047,EMP1052,493938,493938,20,"12","2",0,1,2,2,RISK
96862,96862,30,EMP1047,EMP1052,484313,484313,20,"12","2",0,1,2,2,DELAY
11914,11914,30,EMP1047,EMP1052,59570,59570,20,"12","2",0,1,2,2,RISK
14800,14800,30,EMP1047,EMP1052,74003,74003,20,"12","2",0,1,2,2,DELAY
12983,12983,30,EMP1047,EMP1052,64918,64918,20,"12","2",0,1,2,2,DELAY
12730,12730,30,EMP1047,EMP1052,63653,63653,20,"12","2",0,1,2,2,DELAY
11188,11188,30,EMP1047,EMP1052,55944,55944,20,"12","2",0,1,2,2,DELAY
13899,13899,30,EMP1047,EMP1052,69498,69498,20,"12","2",0,1,2,2,DELAY
12193,12193,30,EMP1047,EMP1052,60966,60966,20,"12","2",0,1,2,2,DELAY
11955,11955,30,EMP1047,EMP1052,59778,59778,20,"12","2",0,1,2,2,DELAY
1036,1036,30,EMP1047,EMP1052,5180,5180,30,"12","2",0,1,0,2,DELAY
1287,1287,30,EMP1047,EMP1052,6435,6435,30,"12","2",0,1,0,2,NORMAL
1129,1129,30,EMP1047,EMP1052,5645,5645,30,"12","2",0,1,0,2,NORMAL
1107,1107,30,EMP1047,EMP1052,5535,5535,30,"12","2",0,1,0,2,NORMAL
56990,56990,30,EMP1051,EMP1048,284938,284938,20,"12","3",0,1,2,2,DELAY
90650,90650,30,EMP1051,EMP1048,453250,453250,20,"12","3",0,1,2,2,DELAY
112615,112615,30,EMP1051,EMP1048,563063,563063,20,"12","3",0,1,2,2,RISK
98790,98790,30,EMP1051,EMP1048,493938,493938,20,"12","3",0,1,2,2,DELAY
96865,96865,30,EMP1051,EMP1048,484313,484313,20,"12","3",0,1,2,2,RISK
11914,11914,30,EMP1051,EMP1048,59570,59570,20,"12","3",0,1,2,2,DELAY
14803,14803,30,EMP1051,EMP1048,74003,74003,20,"12","3",0,1,2,2,DELAY
12986,12986,30,EMP1051,EMP1048,64918,64918,20,"12","3",0,1,2,2,RISK
12733,12733,30,EMP1051,EMP1048,63653,63653,20,"12","3",0,1,2,2,DELAY
11192,11192,30,EMP1051,EMP1048,55944,55944,20,"12","3",0,1,2,2,DELAY
13902,13902,30,EMP1051,EMP1048,69498,69498,20,"12","3",0,1,2,2,DELAY
12194,12194,30,EMP1051,EMP1048,60966,60966,20,"12","3",0,1,2,2,DELAY
11958,11958,30,EMP1051,EMP1048,59778,59778,20,"12","3",0,1,2,2,DELAY
1036,1036,30,EMP1051,EMP1048,5180,5180,30,"12","3",0,1,0,2,NORMAL
1287,1287,30,EMP1051,EMP1048,6435,6435,30,"12","3",0,1,0,2,NORMAL
1129,1129,30,EMP1051,EMP1048,5645,5645,30,"12","3",0,1,0,2,RISK
1107,1107,30,EMP1051,EMP1048,5535,5535,30,"12","3",0,1,0,2,NORMAL
54750,54750,30,EMP1045,EMP1042,273750,273750,20,"12","4",0,1,2,2,DELAY
66325,66325,30,EMP1045,EMP1042,331625,331625,20,"12","4",0,1,2,2,DELAY
100012,100012,30,EMP1045,EMP1042,500063,500063,20,"12","4",0,1,2,2,DELAY
111300,111300,30,EMP1045,EMP1042,556500,556500,20,"12","4",0,1,2,2,DELAY
105612,105612,30,EMP1045,EMP1042,528063,528063,20,"12","4",0,1,2,2,DELAY
8717,8717,30,EMP1045,EMP1042,43585,43585,20,"12","4",0,1,2,2,DELAY
13144,13144,30,EMP1045,EMP1042,65723,65723,20,"12","4",0,1,2,2,DELAY
14628,14628,30,EMP1045,EMP1042,73140,73140,20,"12","4",0,1,2,2,DELAY
13880,13880,30,EMP1045,EMP1042,69403,69403,20,"12","4",0,1,2,2,DELAY
8186,8186,30,EMP1045,EMP1042,40932,40932,20,"12","4",0,1,2,2,DELAY
12344,12344,30,EMP1045,EMP1042,61722,61722,20,"12","4",0,1,2,2,DELAY
13737,13737,30,EMP1045,EMP1042,68688,68688,20,"12","4",0,1,2,2,DELAY
13035,13035,30,EMP1045,EMP1042,65178,65178,20,"12","4",0,1,2,2,RISK
758,758,30,EMP1045,EMP1042,3790,3790,30,"12","4",0,1,0,2,NORMAL
1143,1143,30,EMP1045,EMP1042,5715,5715,30,"12","4",0,1,0,2,NORMAL
1272,1272,30,EMP1045,EMP1042,6360,6360,30,"12","4",0,1,0,2,NORMAL
1207,1207,30,EMP1045,EMP1042,6035,6035,30,"12","4",0,1,0,2,DELAY
54750,54750,30,EMP1059,EMP1059,273750,273750,20,"12","5",0,1,2,2,DELAY
66325,66325,30,EMP1059,EMP1059,331625,331625,20,"12","5",0,1,2,2,DELAY
100012,100012,30,EMP1059,EMP1059,500063,500063,20,"12","5",0,1,2,2,RISK
111300,111300,30,EMP1059,EMP1059,556500,556500,20,"12","5",0,1,2,2,RISK
105612,105612,30,EMP1059,EMP1059,528063,528063,20,"12","5",0,1,2,2,RISK
8717,8717,30,EMP1059,EMP1059,43585,43585,20,"12","5",0,1,2,2,DELAY
13144,13144,30,EMP1059,EMP1059,65723,65723,20,"12","5",0,1,2,2,DELAY
14628,14628,30,EMP1059,EMP1059,73140,73140,20,"12","5",0,1,2,2,DELAY
13880,13880,30,EMP1059,EMP1059,69403,69403,20,"12","5",0,1,2,2,RISK
8186,8186,30,EMP1059,EMP1059,40932,40932,20,"12","5",0,1,2,2,DELAY
12344,12344,30,EMP1059,EMP1059,61722,61722,20,"12","5",0,1,2,2,RISK
13737,13737,30,EMP1059,EMP1059,68688,68688,20,"12","5",0,1,2,2,DELAY
13035,13035,30,EMP1059,EMP1059,65178,65178,20,"12","5",0,1,2,2,RISK
758,758,30,EMP1059,EMP1059,3790,3790,30,"12","5",0,1,0,2,NORMAL
1143,1143,30,EMP1059,EMP1059,5715,5715,30,"12","5",0,1,0,2,NORMAL
1272,1272,30,EMP1059,EMP1059,6360,6360,30,"12","5",0,1,0,2,NORMAL
1207,1207,30,EMP1059,EMP1059,6035,6035,30,"12","5",0,1,0,2,NORMAL
54750,54750,30,EMP1056,EMP1047,273750,273750,20,"12","6",0,1,2,2,RISK
66325,66325,30,EMP1056,EMP1047,331625,331625,20,"12","6",0,1,2,2,RISK
100012,100012,30,EMP1056,EMP1047,500063,500063,20,"12","6",0,1,2,2,DELAY
111300,111300,30,EMP1056,EMP1047,556500,556500,20,"12","6",0,1,2,2,RISK
105612,105612,30,EMP1056,EMP1047,528063,528063,20,"12","6",0,1,2,2,RISK
8717,8717,30,EMP1056,EMP1047,43585,43585,20,"12","6",0,1,2,2,DELAY
13144,13144,30,EMP1056,EMP1047,65723,65723,20,"12","6",0,1,2,2,DELAY
14628,14628,30,EMP1056,EMP1047,73140,73140,20,"12","6",0,1,2,2,RISK
13880,13880,30,EMP1056,EMP1047,69403,69403,20,"12","6",0,1,2,2,DELAY
8186,8186,30,EMP1056,EMP1047,40932,40932,20,"12","6",0,1,2,2,RISK
12344,12344,30,EMP1056,EMP1047,61722,61722,20,"12","6",0,1,2,2,RISK
13737,13737,30,EMP1056,EMP1047,68688,68688,20,"12","6",0,1,2,2,RISK
13035,13035,30,EMP1056,EMP1047,65178,65178,20,"12","6",0,1,2,2,DELAY
758,758,30,EMP1056,EMP1047,3790,3790,30,"12","6",0,1,0,2,NORMAL
1143,1143,30,EMP1056,EMP1047,5715,5715,30,"12","6",0,1,0,2,RISK
1272,1272,30,EMP1056,EMP1047,6360,6360,30,"12","6",0,1,0,2,NORMAL
1207,1207,30,EMP1056,EMP1047,6035,6035,30,"12","6",0,1,0,2,NORMAL
54750,54750,30,EMP1056,EMP1059,273750,273750,20,"12","2",0,1,2,2,RISK
66325,66325,30,EMP1056,EMP1059,331625,331625,20,"12","2",0,1,2,2,DELAY
100012,100012,30,EMP1056,EMP1059,500063,500063,20,"12","2",0,1,2,2,DELAY
111300,111300,30,EMP1056,EMP1059,556500,556500,20,"12","2",0,1,2,2,DELAY
105612,105612,30,EMP1056,EMP1059,528063,528063,20,"12","2",0,1,2,2,DELAY
8717,8717,30,EMP1056,EMP1059,43585,43585,20,"12","2",0,1,2,2,DELAY
13144,13144,30,EMP1056,EMP1059,65723,65723,20,"12","2",0,1,2,2,DELAY
14628,14628,30,EMP1056,EMP1059,73140,73140,20,"12","2",0,1,2,2,RISK
13880,13880,30,EMP1056,EMP1059,69403,69403,20,"12","2",0,1,2,2,DELAY
8186,8186,30,EMP1056,EMP1059,40932,40932,20,"12","2",0,1,2,2,DELAY
12344,12344,30,EMP1056,EMP1059,61722,61722,20,"12","2",0,1,2,2,DELAY
13737,13737,30,EMP1056,EMP1059,68688,68688,20,"12","2",0,1,2,2,DELAY
13035,13035,30,EMP1056,EMP1059,65178,65178,20,"12","2",0,1,2,2,DELAY
758,758,30,EMP1056,EMP1059,3790,3790,30,"12","2",0,1,0,2,NORMAL
1143,1143,30,EMP1056,EMP1059,5715,5715,30,"12","2",0,1,0,2,DELAY
1272,1272,30,EMP1056,EMP1059,6360,6360,30,"12","2",0,1,0,2,NORMAL
1207,1207,30,EMP1056,EMP1059,6035,6035,30,"12","2",0,1,0,2,NORMAL
54750,54750,30,EMP1050,EMP1047,273750,273750,20,"12","3",0,1,2,2,RISK
66325,66325,30,EMP1050,EMP1047,331625,331625,20,"12","3",0,1,2,2,DELAY
100015,100015,30,EMP1050,EMP1047,500063,500063,20,"12","3",0,1,2,2,DELAY
111300,111300,30,EMP1050,EMP1047,556500,556500,20,"12","3",0,1,2,2,RISK
105615,105615,30,EMP1050,EMP1047,528063,528063,20,"12","3",0,1,2,2,RISK
8717,8717,30,EMP1050,EMP1047,43585,43585,20,"12","3",0,1,2,2,DELAY
13147,13147,30,EMP1050,EMP1047,65723,65723,20,"12","3",0,1,2,2,RISK
14628,14628,30,EMP1050,EMP1047,73140,73140,20,"12","3",0,1,2,2,DELAY
13883,13883,30,EMP1050,EMP1047,69403,69403,20,"12","3",0,1,2,2,RISK
8188,8188,30,EMP1050,EMP1047,40932,40932,20,"12","3",0,1,2,2,RISK
12346,12346,30,EMP1050,EMP1047,61722,61722,20,"12","3",0,1,2,2,RISK
13740,13740,30,EMP1050,EMP1047,68688,68688,20,"12","3",0,1,2,2,RISK
13038,13038,30,EMP1050,EMP1047,65178,65178,20,"12","3",0,1,2,2,DELAY
758,758,30,EMP1050,EMP1047,3790,3790,30,"12","3",0,1,0,2,NORMAL
1143,1143,30,EMP1050,EMP1047,5715,5715,30,"12","3",0,1,0,2,NORMAL
1272,1272,30,EMP1050,EMP1047,6360,6360,30,"12","3",0,1,0,2,DELAY
1207,1207,30,EMP1050,EMP1047,6035,6035,30,"12","3",0,1,0,2,NORMAL
47762,47762,30,EMP1021,EMP1050,286575,286575,20,"12","4",0,1,2,2,DELAY
84262,84262,30,EMP1021,EMP1050,505575,505575,20,"12","4",0,1,2,2,DELAY
100975,100975,30,EMP1021,EMP1050,605850,605850,20,"12","4",0,1,2,2,DELAY
65887,65887,30,EMP1021,EMP1050,395325,395325,20,"12","4",0,1,2,2,DELAY
83212,83212,30,EMP1021,EMP1050,499275,499275,20,"12","4",0,1,2,2,DELAY
11074,11074,30,EMP1021,EMP1050,66447,66447,20,"12","4",0,1,2,2,RISK
13271,13271,30,EMP1021,EMP1050,79626,79626,20,"12","4",0,1,2,2,RISK
8659,8659,30,EMP1021,EMP1050,51957,51957,20,"12","4",0,1,2,2,RISK
10936,10936,30,EMP1021,EMP1050,65619,65619,20,"12","4",0,1,2,2,RISK
10400,10400,30,EMP1021,EMP1050,62403,62403,20,"12","4",0,1,2,2,DELAY
12463,12463,30,EMP1021,EMP1050,74780,74780,20,"12","4",0,1,2,2,DELAY
8132,8132,30,EMP1021,EMP1050,48795,48795,20,"12","4",0,1,2,2,DELAY
10270,10270,30,EMP1021,EMP1050,61625,61625,20,"12","4",0,1,2,2,DELAY
963,963,30,EMP1021,EMP1050,5778,5778,30,"12","4",0,1,0,2,DELAY
1154,1154,30,EMP1021,EMP1050,6924,6924,30,"12","4",0,1,0,2,NORMAL
753,753,30,EMP1021,EMP1050,4518,4518,30,"12","4",0,1,0,2,NORMAL
951,951,30,EMP1021,EMP1050,5706,5706,30,"12","4",0,1,0,2,NORMAL
47762,47762,30,EMP1005,EMP1056,286575,286575,20,"12","5",0,1,2,2,RISK
84262,84262,30,EMP1005,EMP1056,505575,505575,20,"12","5",0,1,2,2,DELAY
100975,100975,30,EMP1005,EMP1056,605850,605850,20,"12","5",0,1,2,2,DELAY
65887,65887,30,EMP1005,EMP1056,395325,395325,20,"12","5",0,1,2,2,DELAY
83212,83212,30,EMP1005,EMP1056,499275,499275,20,"12","5",0,1,2,2,DELAY
11074,11074,30,EMP1005,EMP1056,66447,66447,20,"12","5",0,1,2,2,DELAY
13271,13271,30,EMP1005,EMP1056,79626,79626,20,"12","5",0,1,2,2,DELAY
8659,8659,30,EMP1005,EMP1056,51957,51957,20,"12","5",0,1,2,2,DELAY
10936,10936,30,EMP1005,EMP1056,65619,65619,20,"12","5",0,1,2,2,RISK
10400,10400,30,EMP1005,EMP1056,62403,62403,20,"12","5",0,1,2,2,RISK
12463,12463,30,EMP1005,EMP1056,74780,74780,20,"12","5",0,1,2,2,DELAY
8132,8132,30,EMP1005,EMP1056,48795,48795,20,"12","5",0,1,2,2,DELAY
10270,10270,30,EMP1005,EMP1056,61625,61625,20,"12","5",0,1,2,2,RISK
963,963,30,EMP1005,EMP1056,5778,5778,30,"12","5",0,1,0,2,NORMAL
1154,1154,30,EMP1005,EMP1056,6924,6924,30,"12","5",0,1,0,2,NORMAL
753,753,30,EMP1005,EMP1056,4518,4518,30,"12","5",0,1,0,2,DELAY
951,951,30,EMP1005,EMP1056,5706,5706,30,"12","5",0,1,0,2,NORMAL
47762,47762,30,EMP1043,EMP1047,286575,286575,20,"12","6",0,1,2,2,DELAY
84262,84262,30,EMP1043,EMP1047,505575,505575,20,"12","6",0,1,2,2,DELAY
100975,100975,30,EMP1043,EMP1047,605850,605850,20,"12","6",0,1,2,2,DELAY
65887,65887,30,EMP1043,EMP1047,395325,395325,20,"12","6",0,1,2,2,RISK
83212,83212,30,EMP1043,EMP1047,499275,499275,20,"12","6",0,1,2,2,DELAY
11074,11074,30,EMP1043,EMP1047,66447,66447,20,"12","6",0,1,2,2,DELAY
13271,13271,30,EMP1043,EMP1047,79626,79626,20,"12","6",0,1,2,2,DELAY
8659,8659,30,EMP1043,EMP1047,51957,51957,20,"12","6",0,1,2,2,DELAY
10936,10936,30,EMP1043,EMP1047,65619,65619,20,"12","6",0,1,2,2,DELAY
10400,10400,30,EMP1043,EMP1047,62403,62403,20,"12","6",0,1,2,2,DELAY
12463,12463,30,EMP1043,EMP1047,74780,74780,20,"12","6",0,1,2,2,DELAY
8132,8132,30,EMP1043,EMP1047,48795,48795,20,"12","6",0,1,2,2,DELAY
10270,10270,30,EMP1043,EMP1047,61625,61625,20,"12","6",0,1,2,2,DELAY
963,963,30,EMP1043,EMP1047,5778,5778,30,"12","6",0,1,0,2,NORMAL
1154,1154,30,EMP1043,EMP1047,6924,6924,30,"12","6",0,1,0,2,RISK
753,753,30,EMP1043,EMP1047,4518,4518,30,"12","6",0,1,0,2,DELAY
951,951,30,EMP1043,EMP1047,5706,5706,30,"12","6",0,1,0,2,DELAY
47762,47762,30,EMP1042,EMP1043,286575,286575,20,"12","7",0,1,2,2,DELAY
84262,84262,30,EMP1042,EMP1043,505575,505575,20,"12","7",0,1,2,2,DELAY
100975,100975,30,EMP1042,EMP1043,605850,605850,20,"12","7",0,1,2,2,RISK
65887,65887,30,EMP1042,EMP1043,395325,395325,20,"12","7",0,1,2,2,RISK
83212,83212,30,EMP1042,EMP1043,499275,499275,20,"12","7",0,1,2,2,DELAY
11074,11074,30,EMP1042,EMP1043,66447,66447,20,"12","7",0,1,2,2,DELAY
13271,13271,30,EMP1042,EMP1043,79626,79626,20,"12","7",0,1,2,2,RISK
8659,8659,30,EMP1042,EMP1043,51957,51957,20,"12","7",0,1,2,2,RISK
10936,10936,30,EMP1042,EMP1043,65619,65619,20,"12","7",0,1,2,2,DELAY
10400,10400,30,EMP1042,EMP1043,62403,62403,20,"12","7",0,1,2,2,DELAY
12463,12463,30,EMP1042,EMP1043,74780,74780,20,"12","7",0,1,2,2,RISK
8132,8132,30,EMP1042,EMP1043,48795,48795,20,"12","7",0,1,2,2,DELAY
10270,10270,30,EMP1042,EMP1043,61625,61625,20,"12","7",0,1,2,2,DELAY
963,963,30,EMP1042,EMP1043,5778,5778,30,"12","7",0,1,0,2,DELAY
1154,1154,30,EMP1042,EMP1043,6924,6924,30,"12","7",0,1,0,2,NORMAL
753,753,30,EMP1042,EMP1043,4518,4518,30,"12","7",0,1,0,2,DELAY
951,951,30,EMP1042,EMP1043,5706,5706,30,"12","7",0,1,0,2,NORMAL
47762,47762,30,EMP1005,EMP1043,286575,286575,20,"12","2",0,1,2,2,DELAY
84262,84262,30,EMP1005,EMP1043,505575,505575,20,"12","2",0,1,2,2,DELAY
100975,100975,30,EMP1005,EMP1043,605850,605850,20,"12","2",0,1,2,2,RISK
65887,65887,30,EMP1005,EMP1043,395325,395325,20,"12","2",0,1,2,2,DELAY
83212,83212,30,EMP1005,EMP1043,499275,499275,20,"12","2",0,1,2,2,RISK
11074,11074,30,EMP1005,EMP1043,66447,66447,20,"12","2",0,1,2,2,RISK
13271,13271,30,EMP1005,EMP1043,79626,79626,20,"12","2",0,1,2,2,DELAY
8659,8659,30,EMP1005,EMP1043,51957,51957,20,"12","2",0,1,2,2,DELAY
10936,10936,30,EMP1005,EMP1043,65619,65619,20,"12","2",0,1,2,2,RISK
10400,10400,30,EMP1005,EMP1043,62403,62403,20,"12","2",0,1,2,2,DELAY
12463,12463,30,EMP1005,EMP1043,74780,74780,20,"12","2",0,1,2,2,RISK
8132,8132,30,EMP1005,EMP1043,48795,48795,20,"12","2",0,1,2,2,DELAY
10270,10270,30,EMP1005,EMP1043,61625,61625,20,"12","2",0,1,2,2,DELAY
963,963,30,EMP1005,EMP1043,5778,5778,30,"12","2",0,1,0,2,NORMAL
1154,1154,30,EMP1005,EMP1043,6924,6924,30,"12","2",0,1,0,2,NORMAL
753,753,30,EMP1005,EMP1043,4518,4518,30,"12","2",0,1,0,2,NORMAL
951,951,30,EMP1005,EMP1043,5706,5706,30,"12","2",0,1,0,2,DELAY
47765,47765,30,EMP1045,EMP1042,286575,286575,20,"12","3",0,1,2,2,RISK
84265,84265,30,EMP1045,EMP1042,505575,505575,20,"12","3",0,1,2,2,DELAY
100975,100975,30,EMP1045,EMP1042,605850,605850,20,"12","3",0,1,2,2,DELAY
65890,65890,30,EMP1045,EMP1042,395325,395325,20,"12","3",0,1,2,2,DELAY
83215,83215,30,EMP1045,EMP1042,499275,499275,20,"12","3",0,1,2,2,DELAY
11077,11077,30,EMP1045,EMP1042,66447,66447,20,"12","3",0,1,2,2,DELAY
13271,13271,30,EMP1045,EMP1042,79626,79626,20,"12","3",0,1,2,2,DELAY
8662,8662,30,EMP1045,EMP1042,51957,51957,20,"12","3",0,1,2,2,DELAY
10939,10939,30,EMP1045,EMP1042,65619,65619,20,"12","3",0,1,2,2,DELAY
10403,10403,30,EMP1045,EMP1042,62403,62403,20,"12","3",0,1,2,2,DELAY
12465,12465,30,EMP1045,EMP1042,74780,74780,20,"12","3",0,1,2,2,DELAY
8135,8135,30,EMP1045,EMP1042,48795,48795,20,"12","3",0,1,2,2,DELAY
10275,10275,30,EMP1045,EMP1042,61625,61625,20,"12","3",0,1,2,2,RISK
963,963,30,EMP1045,EMP1042,5778,5778,30,"12","3",0,1,0,2,NORMAL
1154,1154,30,EMP1045,EMP1042,6924,6924,30,"12","3",0,1,0,2,NORMAL
753,753,30,EMP1045,EMP1042,4518,4518,30,"12","3",0,1,0,2,NORMAL
951,951,30,EMP1045,EMP1042,5706,5706,30,"12","3",0,1,0,2,NORMAL
52475,52475,30,EMP1042,EMP1059,314850,314850,20,"12","4",0,1,2,2,DELAY
93537,93537,30,EMP1042,EMP1059,561225,561225,20,"12","4",0,1,2,2,RISK
90387,90387,30,EMP1042,EMP1059,542325,542325,20,"12","4",0,1,2,2,DELAY
94675,94675,30,EMP1042,EMP1059,568050,568050,20,"12","4",0,1,2,2,DELAY
88725,88725,30,EMP1042,EMP1059,532350,532350,20,"12","4",0,1,2,2,RISK
12293,12293,30,EMP1042,EMP1059,73761,73761,20,"12","4",0,1,2,2,DELAY
11879,11879,30,EMP1042,EMP1059,71277,71277,20,"12","4",0,1,2,2,DELAY
12443,12443,30,EMP1042,EMP1059,74658,74658,20,"12","4",0,1,2,2,RISK
11661,11661,30,EMP1042,EMP1059,69966,69966,20,"12","4",0,1,2,2,RISK
11545,11545,30,EMP1042,EMP1059,69272,69272,20,"12","4",0,1,2,2,DELAY
11156,11156,30,EMP1042,EMP1059,66939,66939,20,"12","4",0,1,2,2,DELAY
11685,11685,30,EMP1042,EMP1059,70114,70114,20,"12","4",0,1,2,2,DELAY
10951,10951,30,EMP1042,EMP1059,65708,65708,20,"12","4",0,1,2,2,RISK
1069,1069,30,EMP1042,EMP1059,6414,6414,30,"12","4",0,1,0,2,DELAY
1033,1033,30,EMP1042,EMP1059,6198,6198,30,"12","4",0,1,0,2,DELAY
1082,1082,30,EMP1042,EMP1059,6492,6492,30,"12","4",0,1,0,2,NORMAL
1014,1014,30,EMP1042,EMP1059,6084,6084,30,"12","4",0,1,0,2,NORMAL
52475,52475,30,EMP1049,EMP1056,314850,314850,20,"12","5",0,1,2,2,DELAY
93537,93537,30,EMP1049,EMP1056,561225,561225,20,"12","5",0,1,2,2,DELAY
90387,90387,30,EMP1049,EMP1056,542325,542325,20,"12","5",0,1,2,2,DELAY
94675,94675,30,EMP1049,EMP1056,568050,568050,20,"12","5",0,1,2,2,DELAY
88725,88725,30,EMP1049,EMP1056,532350,532350,20,"12","5",0,1,2,2,RISK
12293,12293,30,EMP1049,EMP1056,73761,73761,20,"12","5",0,1,2,2,RISK
11879,11879,30,EMP1049,EMP1056,71277,71277,20,"12","5",0,1,2,2,DELAY
12443,12443,30,EMP1049,EMP1056,74658,74658,20,"12","5",0,1,2,2,DELAY
11661,11661,30,EMP1049,EMP1056,69966,69966,20,"12","5",0,1,2,2,DELAY
11545,11545,30,EMP1049,EMP1056,69272,69272,20,"12","5",0,1,2,2,RISK
11156,11156,30,EMP1049,EMP1056,66939,66939,20,"12","5",0,1,2,2,DELAY
11685,11685,30,EMP1049,EMP1056,70114,70114,20,"12","5",0,1,2,2,RISK
10951,10951,30,EMP1049,EMP1056,65708,65708,20,"12","5",0,1,2,2,DELAY
1069,1069,30,EMP1049,EMP1056,6414,6414,30,"12","5",0,1,0,2,NORMAL
1033,1033,30,EMP1049,EMP1056,6198,6198,30,"12","5",0,1,0,2,RISK
1082,1082,30,EMP1049,EMP1056,6492,6492,30,"12","5",0,1,0,2,NORMAL
1014,1014,30,EMP1049,EMP1056,6084,6084,30,"12","5",0,1,0,2,NORMAL
52475,52475,30,EMP1042,EMP1046,314850,314850,20,"12","6",0,1,2,2,DELAY
93537,93537,30,EMP1042,EMP1046,561225,561225,20,"12","6",0,1,2,2,DELAY
90387,90387,30,EMP1042,EMP1046,542325,542325,20,"12","6",0,1,2,2,DELAY
94675,94675,30,EMP1042,EMP1046,568050,568050,20,"12","6",0,1,2,2,RISK
88725,88725,30,EMP1042,EMP1046,532350,532350,20,"12","6",0,1,2,2,DELAY
12293,12293,30,EMP1042,EMP1046,73761,73761,20,"12","6",0,1,2,2,DELAY
11879,11879,30,EMP1042,EMP1046,71277,71277,20,"12","6",0,1,2,2,DELAY
12443,12443,30,EMP1042,EMP1046,74658,74658,20,"12","6",0,1,2,2,DELAY
11661,11661,30,EMP1042,EMP1046,69966,69966,20,"12","6",0,1,2,2,RISK
11545,11545,30,EMP1042,EMP1046,69272,69272,20,"12","6",0,1,2,2,RISK
11156,11156,30,EMP1042,EMP1046,66939,66939,20,"12","6",0,1,2,2,DELAY
11685,11685,30,EMP1042,EMP1046,70114,70114,20,"12","6",0,1,2,2,RISK
10951,10951,30,EMP1042,EMP1046,65708,65708,20,"12","6",0,1,2,2,RISK
1069,1069,30,EMP1042,EMP1046,6414,6414,30,"12","6",0,1,0,2,NORMAL
1033,1033,30,EMP1042,EMP1046,6198,6198,30,"12","6",0,1,0,2,NORMAL
1082,1082,30,EMP1042,EMP1046,6492,6492,30,"12","6",0,1,0,2,DELAY
1014,1014,30,EMP1042,EMP1046,6084,6084,30,"12","6",0,1,0,2,NORMAL
52475,52475,30,EMP1052,EMP1048,314850,314850,20,"12","7",0,1,2,2,DELAY
93537,93537,30,EMP1052,EMP1048,561225,561225,20,"12","7",0,1,2,2,RISK
90387,90387,30,EMP1052,EMP1048,542325,542325,20,"12","7",0,1,2,2,DELAY
94675,94675,30,EMP1052,EMP1048,568050,568050,20,"12","7",0,1,2,2,DELAY
88725,88725,30,EMP1052,EMP1048,532350,532350,20,"12","7",0,1,2,2,DELAY
12293,12293,30,EMP1052,EMP1048,73761,73761,20,"12","7",0,1,2,2,DELAY
11879,11879,30,EMP1052,EMP1048,71277,71277,20,"12","7",0,1,2,2,DELAY
12443,12443,30,EMP1052,EMP1048,74658,74658,20,"12","7",0,1,2,2,RISK
11661,11661,30,EMP1052,EMP1048,69966,69966,20,"12","7",0,1,2,2,DELAY
11545,11545,30,EMP1052,EMP1048,69272,69272,20,"12","7",0,1,2,2,DELAY
11156,11156,30,EMP1052,EMP1048,66939,66939,20,"12","7",0,1,2,2,RISK
11685,11685,30,EMP1052,EMP1048,70114,70114,20,"12","7",0,1,2,2,DELAY
10951,10951,30,EMP1052,EMP1048,65708,65708,20,"12","7",0,1,2,2,RISK
1069,1069,30,EMP1052,EMP1048,6414,6414,30,"12","7",0,1,0,2,DELAY
1033,1033,30,EMP1052,EMP1048,6198,6198,30,"12","7",0,1,0,2,NORMAL
1082,1082,30,EMP1052,EMP1048,6492,6492,30,"12","7",0,1,0,2,NORMAL
1014,1014,30,EMP1052,EMP1048,6084,6084,30,"12","7",0,1,0,2,NORMAL
52475,52475,30,EMP1041,EMP1045,314850,314850,20,"12","2",0,1,2,2,DELAY
93537,93537,30,EMP1041,EMP1045,561225,561225,20,"12","2",0,1,2,2,DELAY
90387,90387,30,EMP1041,EMP1045,542325,542325,20,"12","2",0,1,2,2,DELAY
94675,94675,30,EMP1041,EMP1045,568050,568050,20,"12","2",0,1,2,2,DELAY
88725,88725,30,EMP1041,EMP1045,532350,532350,20,"12","2",0,1,2,2,DELAY
12293,12293,30,EMP1041,EMP1045,73761,73761,20,"12","2",0,1,2,2,DELAY
11879,11879,30,EMP1041,EMP1045,71277,71277,20,"12","2",0,1,2,2,DELAY
12443,12443,30,EMP1041,EMP1045,74658,74658,20,"12","2",0,1,2,2,DELAY
11661,11661,30,EMP1041,EMP1045,69966,69966,20,"12","2",0,1,2,2,DELAY
11545,11545,30,EMP1041,EMP1045,69272,69272,20,"12","2",0,1,2,2,DELAY
11156,11156,30,EMP1041,EMP1045,66939,66939,20,"12","2",0,1,2,2,RISK
11685,11685,30,EMP1041,EMP1045,70114,70114,20,"12","2",0,1,2,2,DELAY
10951,10951,30,EMP1041,EMP1045,65708,65708,20,"12","2",0,1,2,2,DELAY
1069,1069,30,EMP1041,EMP1045,6414,6414,30,"12","2",0,1,0,2,NORMAL
1033,1033,30,EMP1041,EMP1045,6198,6198,30,"12","2",0,1,0,2,RISK
1082,1082,30,EMP1041,EMP1045,6492,6492,30,"12","2",0,1,0,2,NORMAL
1014,1014,30,EMP1041,EMP1045,6084,6084,30,"12","2",0,1,0,2,NORMAL
52475,52475,30,EMP1051,EMP1054,314850,314850,20,"12","3",0,1,2,2,RISK
93540,93540,30,EMP1051,EMP1054,561225,561225,20,"12","3",0,1,2,2,DELAY
90390,90390,30,EMP1051,EMP1054,542325,542325,20,"12","3",0,1,2,2,RISK
94675,94675,30,EMP1051,EMP1054,568050,568050,20,"12","3",0,1,2,2,DELAY
88725,88725,30,EMP1051,EMP1054,532350,532350,20,"12","3",0,1,2,2,RISK
12296,12296,30,EMP1051,EMP1054,73761,73761,20,"12","3",0,1,2,2,RISK
11882,11882,30,EMP1051,EMP1054,71277,71277,20,"12","3",0,1,2,2,DELAY
12443,12443,30,EMP1051,EMP1054,74658,74658,20,"12","3",0,1,2,2,RISK
11661,11661,30,EMP1051,EMP1054,69966,69966,20,"12","3",0,1,2,2,DELAY
11547,11547,30,EMP1051,EMP1054,69272,69272,20,"12","3",0,1,2,2,RISK
11159,11159,30,EMP1051,EMP1054,66939,66939,20,"12","3",0,1,2,2,DELAY
11689,11689,30,EMP1051,EMP1054,70114,70114,20,"12","3",0,1,2,2,DELAY
10953,10953,30,EMP1051,EMP1054,65708,65708,20,"12","3",0,1,2,2,RISK
1069,1069,30,EMP1051,EMP1054,6414,6414,30,"12","3",0,1,0,2,DELAY
1033,1033,30,EMP1051,EMP1054,6198,6198,30,"12","3",0,1,0,2,NORMAL
1082,1082,30,EMP1051,EMP1054,6492,6492,30,"12","3",0,1,0,2,DELAY
1014,1014,30,EMP1051,EMP1054,6084,6084,30,"12","3",0,1,0,2,NORMAL
53087,53087,30,EMP1001,EMP1053,265438,265438,20,"12","4",0,1,2,2,DELAY
92575,92575,30,EMP1001,EMP1053,462875,462875,20,"12","4",0,1,2,2,DELAY
111562,111562,30,EMP1001,EMP1053,557813,557813,20,"12","4",0,1,2,2,DELAY
96950,96950,30,EMP1001,EMP1053,484750,484750,20,"12","4",0,1,2,2,RISK
70525,70525,30,EMP1001,EMP1053,352625,352625,20,"12","4",0,1,2,2,RISK
12167,12167,30,EMP1001,EMP1053,60835,60835,20,"12","4",0,1,2,2,DELAY
14662,14662,30,EMP1001,EMP1053,73313,73313,20,"12","4",0,1,2,2,DELAY
12742,12742,30,EMP1001,EMP1053,63710,63710,20,"12","4",0,1,2,2,RISK
9269,9269,30,EMP1001,EMP1053,46345,46345,20,"12","4",0,1,2,2,DELAY
11426,11426,30,EMP1001,EMP1053,57132,57132,20,"12","4",0,1,2,2,DELAY
13770,13770,30,EMP1001,EMP1053,68850,68850,20,"12","4",0,1,2,2,DELAY
11966,11966,30,EMP1001,EMP1053,59832,59832,20,"12","4",0,1,2,2,DELAY
8704,8704,30,EMP1001,EMP1053,43524,43524,20,"12","4",0,1,2,2,RISK
1058,1058,30,EMP1001,EMP1053,5290,5290,30,"12","4",0,1,0,2,DELAY
1275,1275,30,EMP1001,EMP1053,6375,6375,30,"12","4",0,1,0,2,DELAY
1108,1108,30,EMP1001,EMP1053,5540,5540,30,"12","4",0,1,0,2,DELAY
806,806,30,EMP1001,EMP1053,4030,4030,30,"12","4",0,1,0,2,NORMAL
53087,53087,30,EMP1055,EMP1003,265438,265438,20,"12","5",0,1,2,2,DELAY
92575,92575,30,EMP1055,EMP1003,462875,462875,20,"12","5",0,1,2,2,DELAY
111562,111562,30,EMP1055,EMP1003,557813,557813,20,"12","5",0,1,2,2,RISK
96950,96950,30,EMP1055,EMP1003,484750,484750,20,"12","5",0,1,2,2,DELAY
70525,70525,30,EMP1055,EMP1003,352625,352625,20,"12","5",0,1,2,2,DELAY
12167,12167,30,EMP1055,EMP1003,60835,60835,20,"12","5",0,1,2,2,DELAY
14662,14662,30,EMP1055,EMP1003,73313,73313,20,"12","5",0,1,2,2,DELAY
12742,12742,30,EMP1055,EMP1003,63710,63710,20,"12","5",0,1,2,2,DELAY
9269,9269,30,EMP1055,EMP1003,46345,46345,20,"12","5",0,1,2,2,DELAY
11426,11426,30,EMP1055,EMP1003,57132,57132,20,"12","5",0,1,2,2,DELAY
13770,13770,30,EMP1055,EMP1003,68850,68850,20,"12","5",0,1,2,2,DELAY
11966,11966,30,EMP1055,EMP1003,59832,59832,20,"12","5",0,1,2,2,DELAY
8704,8704,30,EMP1055,EMP1003,43524,43524,20,"12","5",0,1,2,2,DELAY
1058,1058,30,EMP1055,EMP1003,5290,5290,30,"12","5",0,1,0,2,NORMAL
1275,1275,30,EMP1055,EMP1003,6375,6375,30,"12","5",0,1,0,2,DELAY
1108,1108,30,EMP1055,EMP1003,5540,5540,30,"12","5",0,1,0,2,NORMAL
806,806,30,EMP1055,EMP1003,4030,4030,30,"12","5",0,1,0,2,NORMAL
53087,53087,30,EMP1054,EMP1054,265438,265438,20,"12","6",0,1,2,2,DELAY
92575,92575,30,EMP1054,EMP1054,462875,462875,20,"12","6",0,1,2,2,DELAY
111562,111562,30,EMP1054,EMP1054,557813,557813,20,"12","6",0,1,2,2,DELAY
96950,96950,30,EMP1054,EMP1054,484750,484750,20,"12","6",0,1,2,2,DELAY
70525,70525,30,EMP1054,EMP1054,352625,352625,20,"12","6",0,1,2,2,RISK
12167,12167,30,EMP1054,EMP1054,60835,60835,20,"12","6",0,1,2,2,RISK
14662,14662,30,EMP1054,EMP1054,73313,73313,20,"12","6",0,1,2,2,RISK
12742,12742,30,EMP1054,EMP1054,63710,63710,20,"12","6",0,1,2,2,RISK
9269,9269,30,EMP1054,EMP1054,46345,46345,20,"12","6",0,1,2,2,DELAY
11426,11426,30,EMP1054,EMP1054,57132,57132,20,"12","6",0,1,2,2,RISK
13770,13770,30,EMP1054,EMP1054,68850,68850,20,"12","6",0,1,2,2,DELAY
11966,11966,30,EMP1054,EMP1054,59832,59832,20,"12","6",0,1,2,2,DELAY
8704,8704,30,EMP1054,EMP1054,43524,43524,20,"12","6",0,1,2,2,RISK
1058,1058,30,EMP1054,EMP1054,5290,5290,30,"12","6",0,1,0,2,DELAY
1275,1275,30,EMP1054,EMP1054,6375,6375,30,"12","6",0,1,0,2,DELAY
1108,1108,30,EMP1054,EMP1054,5540,5540,30,"12","6",0,1,0,2,DELAY
806,806,30,EMP1054,EMP1054,4030,4030,30,"12","6",0,1,0,2,NORMAL
53087,53087,30,EMP1006,EMP1057,265438,265438,20,"12","2",0,1,2,2,RISK
92575,92575,30,EMP1006,EMP1057,462875,462875,20,"12","2",0,1,2,2,DELAY
111562,111562,30,EMP1006,EMP1057,557813,557813,20,"12","2",0,1,2,2,DELAY
96950,96950,30,EMP1006,EMP1057,484750,484750,20,"12","2",0,1,2,2,DELAY
70525,70525,30,EMP1006,EMP1057,352625,352625,20,"12","2",0,1,2,2,RISK
12167,12167,30,EMP1006,EMP1057,60835,60835,20,"12","2",0,1,2,2,RISK
14662,14662,30,EMP1006,EMP1057,73313,73313,20,"12","2",0,1,2,2,DELAY
12742,12742,30,EMP1006,EMP1057,63710,63710,20,"12","2",0,1,2,2,DELAY
9269,9269,30,EMP1006,EMP1057,46345,46345,20,"12","2",0,1,2,2,DELAY
11426,11426,30,EMP1006,EMP1057,57132,57132,20,"12","2",0,1,2,2,DELAY
13770,13770,30,EMP1006,EMP1057,68850,68850,20,"12","2",0,1,2,2,DELAY
11966,11966,30,EMP1006,EMP1057,59832,59832,20,"12","2",0,1,2,2,DELAY
8704,8704,30,EMP1006,EMP1057,43524,43524,20,"12","2",0,1,2,2,DELAY
1058,1058,30,EMP1006,EMP1057,5290,5290,30,"12","2",0,1,0,2,NORMAL
1275,1275,30,EMP1006,EMP1057,6375,6375,30,"12","2",0,1,0,2,NORMAL
1108,1108,30,EMP1006,EMP1057,5540,5540,30,"12","2",0,1,0,2,NORMAL
806,806,30,EMP1006,EMP1057,4030,4030,30,"12","2",0,1,0,2,NORMAL
53090,53090,30,EMP1051,EMP1050,265438,265438,20,"12","3",0,1,2,2,DELAY
92575,92575,30,EMP1051,EMP1050,462875,462875,20,"12","3",0,1,2,2,DELAY
111565,111565,30,EMP1051,EMP1050,557813,557813,20,"12","3",0,1,2,2,DELAY
96950,96950,30,EMP1051,EMP1050,484750,484750,20,"12","3",0,1,2,2,RISK
70525,70525,30,EMP1051,EMP1050,352625,352625,20,"12","3",0,1,2,2,DELAY
12167,12167,30,EMP1051,EMP1050,60835,60835,20,"12","3",0,1,2,2,DELAY
14665,14665,30,EMP1051,EMP1050,73313,73313,20,"12","3",0,1,2,2,DELAY
12742,12742,30,EMP1051,EMP1050,63710,63710,20,"12","3",0,1,2,2,DELAY
9269,9269,30,EMP1051,EMP1050,46345,46345,20,"12","3",0,1,2,2,DELAY
11428,11428,30,EMP1051,EMP1050,57132,57132,20,"12","3",0,1,2,2,DELAY
13770,13770,30,EMP1051,EMP1050,68850,68850,20,"12","3",0,1,2,2,DELAY
11968,11968,30,EMP1051,EMP1050,59832,59832,20,"12","3",0,1,2,2,RISK
8708,8708,30,EMP1051,EMP1050,43524,43524,20,"12","3",0,1,2,2,DELAY
1058,1058,30,EMP1051,EMP1050,5290,5290,30,"12","3",0,1,0,2,NORMAL
1275,1275,30,EMP1051,EMP1050,6375,6375,30,"12","3",0,1,0,2,DELAY
1108,1108,30,EMP1051,EMP1050,5540,5540,30,"12","3",0,1,0,2,NORMAL
806,806,30,EMP1051,EMP1050,4030,4030,30,"12","3",0,1,0,2,DELAY
53600,53600,30,EMP1002,EMP1047,268000,268000,20,"12","4",0,1,2,2,DELAY
103425,103425,30,EMP1002,EMP1047,517125,517125,20,"12","4",0,1,2,2,RISK
93800,93800,30,EMP1002,EMP1047,469000,469000,20,"12","4",0,1,2,2,DELAY
100887,100887,30,EMP1002,EMP1047,504438,504438,20,"12","4",0,1,2,2,RISK
77087,77087,30,EMP1002,EMP1047,385438,385438,20,"12","4",0,1,2,2,DELAY
13593,13593,30,EMP1002,EMP1047,67965,67965,20,"12","4",0,1,2,2,DELAY
12328,12328,30,EMP1002,EMP1047,61640,61640,20,"12","4",0,1,2,2,RISK
13259,13259,30,EMP1002,EMP1047,66298,66298,20,"12","4",0,1,2,2,DELAY
10131,10131,30,EMP1002,EMP1047,50658,50658,20,"12","4",0,1,2,2,DELAY
12765,12765,30,EMP1002,EMP1047,63828,63828,20,"12","4",0,1,2,2,DELAY
11577,11577,30,EMP1002,EMP1047,57888,57888,20,"12","4",0,1,2,2,DELAY
12452,12452,30,EMP1002,EMP1047,62262,62262,20,"12","4",0,1,2,2,DELAY
9514,9514,30,EMP1002,EMP1047,47574,47574,20,"12","4",0,1,2,2,RISK
1182,1182,30,EMP1002,EMP1047,5910,5910,30,"12","4",0,1,0,2,NORMAL
1072,1072,30,EMP1002,EMP1047,5360,5360,30,"12","4",0,1,0,2,NORMAL
1153,1153,30,EMP1002,EMP1047,5765,5765,30,"12","4",0,1,0,2,DELAY
881,881,30,EMP1002,EMP1047,4405,4405,30,"12","4",0,1,0,2,DELAY
53600,53600,30,EMP1001,EMP1048,268000,268000,20,"01","5",0,1,2,3,RISK
103425,103425,30,EMP1001,EMP1048,517125,517125,20,"01","5",0,1,2,3,RISK
93800,93800,30,EMP1001,EMP1048,469000,469000,20,"01","5",0,1,2,3,DELAY
100887,100887,30,EMP1001,EMP1048,504438,504438,20,"01","5",0,1,2,3,RISK
77087,77087,30,EMP1001,EMP1048,385438,385438,20,"01","5",0,1,2,3,DELAY
13593,13593,30,EMP1001,EMP1048,67965,67965,20,"01","5",0,1,2,3,RISK
12328,12328,30,EMP1001,EMP1048,61640,61640,20,"01","5",0,1,2,3,DELAY
13259,13259,30,EMP1001,EMP1048,66298,66298,20,"01","5",0,1,2,3,DELAY
10131,10131,30,EMP1001,EMP1048,50658,50658,20,"01","5",0,1,2,3,DELAY
12765,12765,30,EMP1001,EMP1048,63828,63828,20,"01","5",0,1,2,3,RISK
11577,11577,30,EMP1001,EMP1048,57888,57888,20,"01","5",0,1,2,3,DELAY
12452,12452,30,EMP1001,EMP1048,62262,62262,20,"01","5",0,1,2,3,DELAY
9514,9514,30,EMP1001,EMP1048,47574,47574,20,"01","5",0,1,2,3,DELAY
1182,1182,30,EMP1001,EMP1048,5910,5910,30,"01","5",0,1,0,3,DELAY
1072,1072,30,EMP1001,EMP1048,5360,5360,30,"01","5",0,1,0,3,DELAY
1153,1153,30,EMP1001,EMP1048,5765,5765,30,"01","5",0,1,0,3,DELAY
881,881,30,EMP1001,EMP1048,4405,4405,30,"01","5",0,1,0,3,RISK
53600,53600,30,EMP1047,EMP1007,268000,268000,20,"01","6",0,1,2,3,DELAY
103425,103425,30,EMP1047,EMP1007,517125,517125,20,"01","6",0,1,2,3,DELAY
93800,93800,30,EMP1047,EMP1007,469000,469000,20,"01","6",0,1,2,3,DELAY
100887,100887,30,EMP1047,EMP1007,504438,504438,20,"01","6",0,1,2,3,RISK
77087,77087,30,EMP1047,EMP1007,385438,385438,20,"01","6",0,1,2,3,DELAY
13593,13593,30,EMP1047,EMP1007,67965,67965,20,"01","6",0,1,2,3,DELAY
12328,12328,30,EMP1047,EMP1007,61640,61640,20,"01","6",0,1,2,3,DELAY
13259,13259,30,EMP1047,EMP1007,66298,66298,20,"01","6",0,1,2,3,RISK
10131,10131,30,EMP1047,EMP1007,50658,50658,20,"01","6",0,1,2,3,DELAY
12765,12765,30,EMP1047,EMP1007,63828,63828,20,"01","6",0,1,2,3,DELAY
11577,11577,30,EMP1047,EMP1007,57888,57888,20,"01","6",0,1,2,3,RISK
12452,12452,30,EMP1047,EMP1007,62262,62262,20,"01","6",0,1,2,3,RISK
9514,9514,30,EMP1047,EMP1007,47574,47574,20,"01","6",0,1,2,3,DELAY
1182,1182,30,EMP1047,EMP1007,5910,5910,30,"01","6",0,1,0,3,DELAY
1072,1072,30,EMP1047,EMP1007,5360,5360,30,"01","6",0,1,0,3,DELAY
1153,1153,30,EMP1047,EMP1007,5765,5765,30,"01","6",0,1,0,3,DELAY
881,881,30,EMP1047,EMP1007,4405,4405,30,"01","6",0,1,0,3,DELAY
53600,53600,30,EMP1055,EMP1001,268000,268000,20,"01","2",0,1,2,3,RISK
103425,103425,30,EMP1055,EMP1001,517125,517125,20,"01","2",0,1,2,3,DELAY
93800,93800,30,EMP1055,EMP1001,469000,469000,20,"01","2",0,1,2,3,DELAY
100887,100887,30,EMP1055,EMP1001,504438,504438,20,"01","2",0,1,2,3,DELAY
77087,77087,30,EMP1055,EMP1001,385438,385438,20,"01","2",0,1,2,3,DELAY
13593,13593,30,EMP1055,EMP1001,67965,67965,20,"01","2",0,1,2,3,DELAY
12328,12328,30,EMP1055,EMP1001,61640,61640,20,"01","2",0,1,2,3,RISK
13259,13259,30,EMP1055,EMP1001,66298,66298,20,"01","2",0,1,2,3,DELAY
10131,10131,30,EMP1055,EMP1001,50658,50658,20,"01","2",0,1,2,3,DELAY
12765,12765,30,EMP1055,EMP1001,63828,63828,20,"01","2",0,1,2,3,DELAY
11577,11577,30,EMP1055,EMP1001,57888,57888,20,"01","2",0,1,2,3,DELAY
12452,12452,30,EMP1055,EMP1001,62262,62262,20,"01","2",0,1,2,3,RISK
9514,9514,30,EMP1055,EMP1001,47574,47574,20,"01","2",0,1,2,3,DELAY
1182,1182,30,EMP1055,EMP1001,5910,5910,30,"01","2",0,1,0,3,DELAY
1072,1072,30,EMP1055,EMP1001,5360,5360,30,"01","2",0,1,0,3,DELAY
1153,1153,30,EMP1055,EMP1001,5765,5765,30,"01","2",0,1,0,3,DELAY
881,881,30,EMP1055,EMP1001,4405,4405,30,"01","2",0,1,0,3,DELAY
53600,53600,30,EMP1005,EMP1006,268000,268000,20,"01","3",0,1,2,3,RISK
103425,103425,30,EMP1005,EMP1006,517125,517125,20,"01","3",0,1,2,3,DELAY
93800,93800,30,EMP1005,EMP1006,469000,469000,20,"01","3",0,1,2,3,RISK
100890,100890,30,EMP1005,EMP1006,504438,504438,20,"01","3",0,1,2,3,DELAY
77090,77090,30,EMP1005,EMP1006,385438,385438,20,"01","3",0,1,2,3,DELAY
13593,13593,30,EMP1005,EMP1006,67965,67965,20,"01","3",0,1,2,3,RISK
12328,12328,30,EMP1005,EMP1006,61640,61640,20,"01","3",0,1,2,3,DELAY
13262,13262,30,EMP1005,EMP1006,66298,66298,20,"01","3",0,1,2,3,DELAY
10134,10134,30,EMP1005,EMP1006,50658,50658,20,"01","3",0,1,2,3,RISK
12768,12768,30,EMP1005,EMP1006,63828,63828,20,"01","3",0,1,2,3,RISK
11580,11580,30,EMP1005,EMP1006,57888,57888,20,"01","3",0,1,2,3,DELAY
12454,12454,30,EMP1005,EMP1006,62262,62262,20,"01","3",0,1,2,3,DELAY
9518,9518,30,EMP1005,EMP1006,47574,47574,20,"01","3",0,1,2,3,RISK
1182,1182,30,EMP1005,EMP1006,5910,5910,30,"01","3",0,1,0,3,DELAY
1072,1072,30,EMP1005,EMP1006,5360,5360,30,"01","3",0,1,0,3,DELAY
1153,1153,30,EMP1005,EMP1006,5765,5765,30,"01","3",0,1,0,3,DELAY
881,881,30,EMP1005,EMP1006,4405,4405,30,"01","3",0,1,0,3,RISK
55075,55075,30,EMP1041,EMP1006,275375,275375,20,"01","4",0,1,2,3,RISK
102725,102725,30,EMP1041,EMP1006,513625,513625,20,"01","4",0,1,2,3,DELAY
91612,91612,30,EMP1041,EMP1006,458063,458063,20,"01","4",0,1,2,3,RISK
81987,81987,30,EMP1041,EMP1006,409938,409938,20,"01","4",0,1,2,3,RISK
109200,109200,30,EMP1041,EMP1006,546000,546000,20,"01","4",0,1,2,3,DELAY
13501,13501,30,EMP1041,EMP1006,67505,67505,20,"01","4",0,1,2,3,RISK
12040,12040,30,EMP1041,EMP1006,60203,60203,20,"01","4",0,1,2,3,DELAY
10775,10775,30,EMP1041,EMP1006,53878,53878,20,"01","4",0,1,2,3,DELAY
14352,14352,30,EMP1041,EMP1006,71760,71760,20,"01","4",0,1,2,3,DELAY
12679,12679,30,EMP1041,EMP1006,63396,63396,20,"01","4",0,1,2,3,RISK
11307,11307,30,EMP1041,EMP1006,56538,56538,20,"01","4",0,1,2,3,RISK
10119,10119,30,EMP1041,EMP1006,50598,50598,20,"01","4",0,1,2,3,DELAY
13478,13478,30,EMP1041,EMP1006,67392,67392,20,"01","4",0,1,2,3,DELAY
1174,1174,30,EMP1041,EMP1006,5870,5870,30,"01","4",0,1,0,3,DELAY
1047,1047,30,EMP1041,EMP1006,5235,5235,30,"01","4",0,1,0,3,DELAY
937,937,30,EMP1041,EMP1006,4685,4685,30,"01","4",0,1,0,3,DELAY
1248,1248,30,EMP1041,EMP1006,6240,6240,30,"01","4",0,1,0,3,DELAY
55075,55075,30,EMP1001,EMP1053,275375,275375,20,"01","5",0,1,2,3,DELAY
102725,102725,30,EMP1001,EMP1053,513625,513625,20,"01","5",0,1,2,3,DELAY
91612,91612,30,EMP1001,EMP1053,458063,458063,20,"01","5",0,1,2,3,DELAY
81987,81987,30,EMP1001,EMP1053,409938,409938,20,"01","5",0,1,2,3,RISK
109200,109200,30,EMP1001,EMP1053,546000,546000,20,"01","5",0,1,2,3,DELAY
13501,13501,30,EMP1001,EMP1053,67505,67505,20,"01","5",0,1,2,3,DELAY
12040,12040,30,EMP1001,EMP1053,60203,60203,20,"01","5",0,1,2,3,DELAY
10775,10775,30,EMP1001,EMP1053,53878,53878,20,"01","5",0,1,2,3,DELAY
14352,14352,30,EMP1001,EMP1053,71760,71760,20,"01","5",0,1,2,3,DELAY
12679,12679,30,EMP1001,EMP1053,63396,63396,20,"01","5",0,1,2,3,DELAY
11307,11307,30,EMP1001,EMP1053,56538,56538,20,"01","5",0,1,2,3,DELAY
10119,10119,30,EMP1001,EMP1053,50598,50598,20,"01","5",0,1,2,3,DELAY
13478,13478,30,EMP1001,EMP1053,67392,67392,20,"01","5",0,1,2,3,DELAY
1174,1174,30,EMP1001,EMP1053,5870,5870,30,"01","5",0,1,0,3,DELAY
1047,1047,30,EMP1001,EMP1053,5235,5235,30,"01","5",0,1,0,3,DELAY
937,937,30,EMP1001,EMP1053,4685,4685,30,"01","5",0,1,0,3,DELAY
1248,1248,30,EMP1001,EMP1053,6240,6240,30,"01","5",0,1,0,3,DELAY
55075,55075,30,EMP1057,EMP1053,275375,275375,20,"01","6",0,1,2,3,DELAY
102725,102725,30,EMP1057,EMP1053,513625,513625,20,"01","6",0,1,2,3,RISK
91612,91612,30,EMP1057,EMP1053,458063,458063,20,"01","6",0,1,2,3,RISK
81987,81987,30,EMP1057,EMP1053,409938,409938,20,"01","6",0,1,2,3,DELAY
109200,109200,30,EMP1057,EMP1053,546000,546000,20,"01","6",0,1,2,3,RISK
13501,13501,30,EMP1057,EMP1053,67505,67505,20,"01","6",0,1,2,3,DELAY
12040,12040,30,EMP1057,EMP1053,60203,60203,20,"01","6",0,1,2,3,DELAY
10775,10775,30,EMP1057,EMP1053,53878,53878,20,"01","6",0,1,2,3,DELAY
14352,14352,30,EMP1057,EMP1053,71760,71760,20,"01","6",0,1,2,3,RISK
12679,12679,30,EMP1057,EMP1053,63396,63396,20,"01","6",0,1,2,3,DELAY
11307,11307,30,EMP1057,EMP1053,56538,56538,20,"01","6",0,1,2,3,RISK
10119,10119,30,EMP1057,EMP1053,50598,50598,20,"01","6",0,1,2,3,DELAY
13478,13478,30,EMP1057,EMP1053,67392,67392,20,"01","6",0,1,2,3,DELAY
1174,1174,30,EMP1057,EMP1053,5870,5870,30,"01","6",0,1,0,3,DELAY
1047,1047,30,EMP1057,EMP1053,5235,5235,30,"01","6",0,1,0,3,DELAY
937,937,30,EMP1057,EMP1053,4685,4685,30,"01","6",0,1,0,3,DELAY
1248,1248,30,EMP1057,EMP1053,6240,6240,30,"01","6",0,1,0,3,DELAY
55075,55075,30,EMP1006,EMP1004,275375,275375,20,"01","2",0,1,2,3,DELAY
102725,102725,30,EMP1006,EMP1004,513625,513625,20,"01","2",0,1,2,3,RISK
91612,91612,30,EMP1006,EMP1004,458063,458063,20,"01","2",0,1,2,3,DELAY
81987,81987,30,EMP1006,EMP1004,409938,409938,20,"01","2",0,1,2,3,DELAY
109200,109200,30,EMP1006,EMP1004,546000,546000,20,"01","2",0,1,2,3,DELAY
13501,13501,30,EMP1006,EMP1004,67505,67505,20,"01","2",0,1,2,3,DELAY
12040,12040,30,EMP1006,EMP1004,60203,60203,20,"01","2",0,1,2,3,DELAY
10775,10775,30,EMP1006,EMP1004,53878,53878,20,"01","2",0,1,2,3,DELAY
14352,14352,30,EMP1006,EMP1004,71760,71760,20,"01","2",0,1,2,3,RISK
12679,12679,30,EMP1006,EMP1004,63396,63396,20,"01","2",0,1,2,3,DELAY
11307,11307,30,EMP1006,EMP1004,56538,56538,20,"01","2",0,1,2,3,DELAY
10119,10119,30,EMP1006,EMP1004,50598,50598,20,"01","2",0,1,2,3,RISK
13478,13478,30,EMP1006,EMP1004,67392,67392,20,"01","2",0,1,2,3,RISK
1174,1174,30,EMP1006,EMP1004,5870,5870,30,"01","2",0,1,0,3,DELAY
1047,1047,30,EMP1006,EMP1004,5235,5235,30,"01","2",0,1,0,3,DELAY
937,937,30,EMP1006,EMP1004,4685,4685,30,"01","2",0,1,0,3,DELAY
1248,1248,30,EMP1006,EMP1004,6240,6240,30,"01","2",0,1,0,3,DELAY
55075,55075,30,EMP1057,EMP1056,275375,275375,20,"01","3",0,1,2,3,DELAY
102725,102725,30,EMP1057,EMP1056,513625,513625,20,"01","3",0,1,2,3,DELAY
91615,91615,30,EMP1057,EMP1056,458063,458063,20,"01","3",0,1,2,3,DELAY
81990,81990,30,EMP1057,EMP1056,409938,409938,20,"01","3",0,1,2,3,DELAY
109200,109200,30,EMP1057,EMP1056,546000,546000,20,"01","3",0,1,2,3,RISK
13501,13501,30,EMP1057,EMP1056,67505,67505,20,"01","3",0,1,2,3,DELAY
12043,12043,30,EMP1057,EMP1056,60203,60203,20,"01","3",0,1,2,3,RISK
10778,10778,30,EMP1057,EMP1056,53878,53878,20,"01","3",0,1,2,3,DELAY
14352,14352,30,EMP1057,EMP1056,71760,71760,20,"01","3",0,1,2,3,DELAY
12680,12680,30,EMP1057,EMP1056,63396,63396,20,"01","3",0,1,2,3,RISK
11310,11310,30,EMP1057,EMP1056,56538,56538,20,"01","3",0,1,2,3,DELAY
10122,10122,30,EMP1057,EMP1056,50598,50598,20,"01","3",0,1,2,3,DELAY
13480,13480,30,EMP1057,EMP1056,67392,67392,20,"01","3",0,1,2,3,DELAY
1174,1174,30,EMP1057,EMP1056,5870,5870,30,"01","3",0,1,0,3,DELAY
1047,1047,30,EMP1057,EMP1056,5235,5235,30,"01","3",0,1,0,3,DELAY
937,937,30,EMP1057,EMP1056,4685,4685,30,"01","3",0,1,0,3,DELAY
1248,1248,30,EMP1057,EMP1056,6240,6240,30,"01","3",0,1,0,3,DELAY
44575,44575,30,EMP1049,EMP1005,267450,267450,20,"01","4",0,1,2,3,RISK
84437,84437,30,EMP1049,EMP1005,506625,506625,20,"01","4",0,1,2,3,DELAY
76037,76037,30,EMP1049,EMP1005,456225,456225,20,"01","4",0,1,2,3,RISK
85750,85750,30,EMP1049,EMP1005,514500,514500,20,"01","4",0,1,2,3,RISK
65800,65800,30,EMP1049,EMP1005,394800,394800,20,"01","4",0,1,2,3,DELAY
11097,11097,30,EMP1049,EMP1005,66585,66585,20,"01","4",0,1,2,3,RISK
9993,9993,30,EMP1049,EMP1005,59961,59961,20,"01","4",0,1,2,3,DELAY
11270,11270,30,EMP1049,EMP1005,67620,67620,20,"01","4",0,1,2,3,RISK
8648,8648,30,EMP1049,EMP1005,51888,51888,20,"01","4",0,1,2,3,DELAY
10422,10422,30,EMP1049,EMP1005,62532,62532,20,"01","4",0,1,2,3,DELAY
9385,9385,30,EMP1049,EMP1005,56312,56312,20,"01","4",0,1,2,3,DELAY
10584,10584,30,EMP1049,EMP1005,63504,63504,20,"01","4",0,1,2,3,DELAY
8121,8121,30,EMP1049,EMP1005,48730,48730,20,"01","4",0,1,2,3,DELAY
965,965,30,EMP1049,EMP1005,5790,5790,30,"01","4",0,1,0,3,DELAY
869,869,30,EMP1049,EMP1005,5214,5214,30,"01","4",0,1,0,3,DELAY
980,980,30,EMP1049,EMP1005,5880,5880,30,"01","4",0,1,0,3,RISK
752,752,30,EMP1049,EMP1005,4512,4512,30,"01","4",0,1,0,3,RISK
44575,44575,30,EMP1057,EMP1050,267450,267450,20,"01","5",0,1,2,3,DELAY
84437,84437,30,EMP1057,EMP1050,506625,506625,20,"01","5",0,1,2,3,DELAY
76037,76037,30,EMP1057,EMP1050,456225,456225,20,"01","5",0,1,2,3,DELAY
85750,85750,30,EMP1057,EMP1050,514500,514500,20,"01","5",0,1,2,3,DELAY
65800,65800,30,EMP1057,EMP1050,394800,394800,20,"01","5",0,1,2,3,DELAY
11097,11097,30,EMP1057,EMP1050,66585,66585,20,"01","5",0,1,2,3,DELAY
9993,9993,30,EMP1057,EMP1050,59961,59961,20,"01","5",0,1,2,3,DELAY
11270,11270,30,EMP1057,EMP1050,67620,67620,20,"01","5",0,1,2,3,DELAY
8648,8648,30,EMP1057,EMP1050,51888,51888,20,"01","5",0,1,2,3,RISK
10422,10422,30,EMP1057,EMP1050,62532,62532,20,"01","5",0,1,2,3,RISK
9385,9385,30,EMP1057,EMP1050,56312,56312,20,"01","5",0,1,2,3,DELAY
10584,10584,30,EMP1057,EMP1050,63504,63504,20,"01","5",0,1,2,3,DELAY
8121,8121,30,EMP1057,EMP1050,48730,48730,20,"01","5",0,1,2,3,RISK
965,965,30,EMP1057,EMP1050,5790,5790,30,"01","5",0,1,0,3,DELAY
869,869,30,EMP1057,EMP1050,5214,5214,30,"01","5",0,1,0,3,DELAY
980,980,30,EMP1057,EMP1050,5880,5880,30,"01","5",0,1,0,3,DELAY
752,752,30,EMP1057,EMP1050,4512,4512,30,"01","5",0,1,0,3,RISK
44575,44575,30,EMP1052,EMP1056,267450,267450,20,"01","6",0,1,2,3,DELAY
84437,84437,30,EMP1052,EMP1056,506625,506625,20,"01","6",0,1,2,3,DELAY
76037,76037,30,EMP1052,EMP1056,456225,456225,20,"01","6",0,1,2,3,DELAY
85750,85750,30,EMP1052,EMP1056,514500,514500,20,"01","6",0,1,2,3,RISK
65800,65800,30,EMP1052,EMP1056,394800,394800,20,"01","6",0,1,2,3,RISK
11097,11097,30,EMP1052,EMP1056,66585,66585,20,"01","6",0,1,2,3,DELAY
9993,9993,30,EMP1052,EMP1056,59961,59961,20,"01","6",0,1,2,3,DELAY
11270,11270,30,EMP1052,EMP1056,67620,67620,20,"01","6",0,1,2,3,DELAY
8648,8648,30,EMP1052,EMP1056,51888,51888,20,"01","6",0,1,2,3,DELAY
10422,10422,30,EMP1052,EMP1056,62532,62532,20,"01","6",0,1,2,3,DELAY
9385,9385,30,EMP1052,EMP1056,56312,56312,20,"01","6",0,1,2,3,RISK
10584,10584,30,EMP1052,EMP1056,63504,63504,20,"01","6",0,1,2,3,DELAY
8121,8121,30,EMP1052,EMP1056,48730,48730,20,"01","6",0,1,2,3,DELAY
965,965,30,EMP1052,EMP1056,5790,5790,30,"01","6",0,1,0,3,DELAY
869,869,30,EMP1052,EMP1056,5214,5214,30,"01","6",0,1,0,3,DELAY
980,980,30,EMP1052,EMP1056,5880,5880,30,"01","6",0,1,0,3,DELAY
752,752,30,EMP1052,EMP1056,4512,4512,30,"01","6",0,1,0,3,DELAY
44575,44575,30,EMP1007,EMP1042,267450,267450,20,"01","7",0,1,2,3,RISK
84437,84437,30,EMP1007,EMP1042,506625,506625,20,"01","7",0,1,2,3,RISK
76037,76037,30,EMP1007,EMP1042,456225,456225,20,"01","7",0,1,2,3,DELAY
85750,85750,30,EMP1007,EMP1042,514500,514500,20,"01","7",0,1,2,3,DELAY
65800,65800,30,EMP1007,EMP1042,394800,394800,20,"01","7",0,1,2,3,RISK
11097,11097,30,EMP1007,EMP1042,66585,66585,20,"01","7",0,1,2,3,DELAY
9993,9993,30,EMP1007,EMP1042,59961,59961,20,"01","7",0,1,2,3,DELAY
11270,11270,30,EMP1007,EMP1042,67620,67620,20,"01","7",0,1,2,3,DELAY
8648,8648,30,EMP1007,EMP1042,51888,51888,20,"01","7",0,1,2,3,RISK
10422,10422,30,EMP1007,EMP1042,62532,62532,20,"01","7",0,1,2,3,RISK
9385,9385,30,EMP1007,EMP1042,56312,56312,20,"01","7",0,1,2,3,RISK
10584,10584,30,EMP1007,EMP1042,63504,63504,20,"01","7",0,1,2,3,DELAY
8121,8121,30,EMP1007,EMP1042,48730,48730,20,"01","7",0,1,2,3,DELAY
965,965,30,EMP1007,EMP1042,5790,5790,30,"01","7",0,1,0,3,DELAY
869,869,30,EMP1007,EMP1042,5214,5214,30,"01","7",0,1,0,3,DELAY
980,980,30,EMP1007,EMP1042,5880,5880,30,"01","7",0,1,0,3,DELAY
752,752,30,EMP1007,EMP1042,4512,4512,30,"01","7",0,1,0,3,DELAY
44575,44575,30,EMP1001,EMP1042,267450,267450,20,"01","2",0,1,2,3,DELAY
84437,84437,30,EMP1001,EMP1042,506625,506625,20,"01","2",0,1,2,3,DELAY
76037,76037,30,EMP1001,EMP1042,456225,456225,20,"01","2",0,1,2,3,DELAY
85750,85750,30,EMP1001,EMP1042,514500,514500,20,"01","2",0,1,2,3,RISK
65800,65800,30,EMP1001,EMP1042,394800,394800,20,"01","2",0,1,2,3,DELAY
11097,11097,30,EMP1001,EMP1042,66585,66585,20,"01","2",0,1,2,3,RISK
9993,9993,30,EMP1001,EMP1042,59961,59961,20,"01","2",0,1,2,3,RISK
11270,11270,30,EMP1001,EMP1042,67620,67620,20,"01","2",0,1,2,3,DELAY
8648,8648,30,EMP1001,EMP1042,51888,51888,20,"01","2",0,1,2,3,DELAY
10422,10422,30,EMP1001,EMP1042,62532,62532,20,"01","2",0,1,2,3,RISK
9385,9385,30,EMP1001,EMP1042,56312,56312,20,"01","2",0,1,2,3,RISK
10584,10584,30,EMP1001,EMP1042,63504,63504,20,"01","2",0,1,2,3,RISK
8121,8121,30,EMP1001,EMP1042,48730,48730,20,"01","2",0,1,2,3,DELAY
965,965,30,EMP1001,EMP1042,5790,5790,30,"01","2",0,1,0,3,DELAY
869,869,30,EMP1001,EMP1042,5214,5214,30,"01","2",0,1,0,3,DELAY
980,980,30,EMP1001,EMP1042,5880,5880,30,"01","2",0,1,0,3,DELAY
752,752,30,EMP1001,EMP1042,4512,4512,30,"01","2",0,1,0,3,DELAY
44575,44575,30,EMP1003,EMP1006,267450,267450,20,"01","3",0,1,2,3,DELAY
84440,84440,30,EMP1003,EMP1006,506625,506625,20,"01","3",0,1,2,3,DELAY
76040,76040,30,EMP1003,EMP1006,456225,456225,20,"01","3",0,1,2,3,DELAY
85750,85750,30,EMP1003,EMP1006,514500,514500,20,"01","3",0,1,2,3,DELAY
65800,65800,30,EMP1003,EMP1006,394800,394800,20,"01","3",0,1,2,3,DELAY
11100,11100,30,EMP1003,EMP1006,66585,66585,20,"01","3",0,1,2,3,RISK
9996,9996,30,EMP1003,EMP1006,59961,59961,20,"01","3",0,1,2,3,DELAY
11270,11270,30,EMP1003,EMP1006,67620,67620,20,"01","3",0,1,2,3,DELAY
8648,8648,30,EMP1003,EMP1006,51888,51888,20,"01","3",0,1,2,3,DELAY
10422,10422,30,EMP1003,EMP1006,62532,62532,20,"01","3",0,1,2,3,DELAY
9387,9387,30,EMP1003,EMP1006,56312,56312,20,"01","3",0,1,2,3,DELAY
10584,10584,30,EMP1003,EMP1006,63504,63504,20,"01","3",0,1,2,3,RISK
8125,8125,30,EMP1003,EMP1006,48730,48730,20,"01","3",0,1,2,3,RISK
965,965,30,EMP1003,EMP1006,5790,5790,30,"01","3",0,1,0,3,DELAY
869,869,30,EMP1003,EMP1006,5214,5214,30,"01","3",0,1,0,3,DELAY
980,980,30,EMP1003,EMP1006,5880,5880,30,"01","3",0,1,0,3,DELAY
752,752,30,EMP1003,EMP1006,4512,4512,30,"01","3",0,1,0,3,DELAY
52637,52637,30,EMP1021,EMP1043,263188,263188,20,"01","4",0,1,2,3,DELAY
110162,110162,30,EMP1021,EMP1043,550813,550813,20,"01","4",0,1,2,3,DELAY
88287,88287,30,EMP1021,EMP1043,441438,441438,20,"01","4",0,1,2,3,RISK
63612,63612,30,EMP1021,EMP1043,318063,318063,20,"01","4",0,1,2,3,RISK
106400,106400,30,EMP1021,EMP1043,532000,532000,20,"01","4",0,1,2,3,DELAY
14478,14478,30,EMP1021,EMP1043,72393,72393,20,"01","4",0,1,2,3,DELAY
11603,11603,30,EMP1021,EMP1043,58018,58018,20,"01","4",0,1,2,3,DELAY
8360,8360,30,EMP1021,EMP1043,41803,41803,20,"01","4",0,1,2,3,DELAY
13984,13984,30,EMP1021,EMP1043,69920,69920,20,"01","4",0,1,2,3,DELAY
13597,13597,30,EMP1021,EMP1043,67986,67986,20,"01","4",0,1,2,3,RISK
10897,10897,30,EMP1021,EMP1043,54486,54486,20,"01","4",0,1,2,3,DELAY
7851,7851,30,EMP1021,EMP1043,39258,39258,20,"01","4",0,1,2,3,RISK
13132,13132,30,EMP1021,EMP1043,65664,65664,20,"01","4",0,1,2,3,DELAY
1259,1259,30,EMP1021,EMP1043,6295,6295,30,"01","4",0,1,0,3,RISK
1009,1009,30,EMP1021,EMP1043,5045,5045,30,"01","4",0,1,0,3,DELAY
727,727,30,EMP1021,EMP1043,3635,3635,30,"01","4",0,1,0,3,DELAY
1216,1216,30,EMP1021,EMP1043,6080,6080,30,"01","4",0,1,0,3,DELAY
52637,52637,30,EMP1003,EMP1041,263188,263188,20,"01","5",0,1,2,3,DELAY
110162,110162,30,EMP1003,EMP1041,550813,550813,20,"01","5",0,1,2,3,DELAY
88287,88287,30,EMP1003,EMP1041,441438,441438,20,"01","5",0,1,2,3,DELAY
63612,63612,30,EMP1003,EMP1041,318063,318063,20,"01","5",0,1,2,3,DELAY
106400,106400,30,EMP1003,EMP1041,532000,532000,20,"01","5",0,1,2,3,DELAY
14478,14478,30,EMP1003,EMP1041,72393,72393,20,"01","5",0,1,2,3,RISK
11603,11603,30,EMP1003,EMP1041,58018,58018,20,"01","5",0,1,2,3,DELAY
8360,8360,30,EMP1003,EMP1041,41803,41803,20,"01","5",0,1,2,3,DELAY
13984,13984,30,EMP1003,EMP1041,69920,69920,20,"01","5",0,1,2,3,DELAY
13597,13597,30,EMP1003,EMP1041,67986,67986,20,"01","5",0,1,2,3,DELAY
10897,10897,30,EMP1003,EMP1041,54486,54486,20,"01","5",0,1,2,3,RISK
7851,7851,30,EMP1003,EMP1041,39258,39258,20,"01","5",0,1,2,3,DELAY
13132,13132,30,EMP1003,EMP1041,65664,65664,20,"01","5",0,1,2,3,DELAY
1259,1259,30,EMP1003,EMP1041,6295,6295,30,"01","5",0,1,0,3,DELAY
1009,1009,30,EMP1003,EMP1041,5045,5045,30,"01","5",0,1,0,3,DELAY
727,727,30,EMP1003,EMP1041,3635,3635,30,"01","5",0,1,0,3,DELAY
1216,1216,30,EMP1003,EMP1041,6080,6080,30,"01","5",0,1,0,3,DELAY
52637,52637,30,EMP1044,EMP1059,263188,263188,20,"01","6",0,1,2,3,DELAY
110162,110162,30,EMP1044,EMP1059,550813,550813,20,"01","6",0,1,2,3,DELAY
88287,88287,30,EMP1044,EMP1059,441438,441438,20,"01","6",0,1,2,3,DELAY
63612,63612,30,EMP1044,EMP1059,318063,318063,20,"01","6",0,1,2,3,RISK
106400,106400,30,EMP1044,EMP1059,532000,532000,20,"01","6",0,1,2,3,RISK
14478,14478,30,EMP1044,EMP1059,72393,72393,20,"01","6",0,1,2,3,RISK
11603,11603,30,EMP1044,EMP1059,58018,58018,20,"01","6",0,1,2,3,RISK
8360,8360,30,EMP1044,EMP1059,41803,41803,20,"01","6",0,1,2,3,DELAY
13984,13984,30,EMP1044,EMP1059,69920,69920,20,"01","6",0,1,2,3,DELAY
13597,13597,30,EMP1044,EMP1059,67986,67986,20,"01","6",0,1,2,3,DELAY
10897,10897,30,EMP1044,EMP1059,54486,54486,20,"01","6",0,1,2,3,DELAY
7851,7851,30,EMP1044,EMP1059,39258,39258,20,"01","6",0,1,2,3,DELAY
13132,13132,30,EMP1044,EMP1059,65664,65664,20,"01","6",0,1,2,3,DELAY
1259,1259,30,EMP1044,EMP1059,6295,6295,30,"01","6",0,1,0,3,DELAY
1009,1009,30,EMP1044,EMP1059,5045,5045,30,"01","6",0,1,0,3,DELAY
727,727,30,EMP1044,EMP1059,3635,3635,30,"01","6",0,1,0,3,DELAY
1216,1216,30,EMP1044,EMP1059,6080,6080,30,"01","6",0,1,0,3,DELAY
52637,52637,30,EMP1004,EMP1045,263188,263188,20,"01","2",0,1,2,3,RISK
110162,110162,30,EMP1004,EMP1045,550813,550813,20,"01","2",0,1,2,3,DELAY
88287,88287,30,EMP1004,EMP1045,441438,441438,20,"01","2",0,1,2,3,DELAY
63612,63612,30,EMP1004,EMP1045,318063,318063,20,"01","2",0,1,2,3,DELAY
106400,106400,30,EMP1004,EMP1045,532000,532000,20,"01","2",0,1,2,3,DELAY
14478,14478,30,EMP1004,EMP1045,72393,72393,20,"01","2",0,1,2,3,DELAY
11603,11603,30,EMP1004,EMP1045,58018,58018,20,"01","2",0,1,2,3,RISK
8360,8360,30,EMP1004,EMP1045,41803,41803,20,"01","2",0,1,2,3,RISK
13984,13984,30,EMP1004,EMP1045,69920,69920,20,"01","2",0,1,2,3,RISK
13597,13597,30,EMP1004,EMP1045,67986,67986,20,"01","2",0,1,2,3,DELAY
10897,10897,30,EMP1004,EMP1045,54486,54486,20,"01","2",0,1,2,3,DELAY
7851,7851,30,EMP1004,EMP1045,39258,39258,20,"01","2",0,1,2,3,DELAY
13132,13132,30,EMP1004,EMP1045,65664,65664,20,"01","2",0,1,2,3,RISK
1259,1259,30,EMP1004,EMP1045,6295,6295,30,"01","2",0,1,0,3,DELAY
1009,1009,30,EMP1004,EMP1045,5045,5045,30,"01","2",0,1,0,3,DELAY
727,727,30,EMP1004,EMP1045,3635,3635,30,"01","2",0,1,0,3,DELAY
1216,1216,30,EMP1004,EMP1045,6080,6080,30,"01","2",0,1,0,3,DELAY
52640,52640,30,EMP1021,EMP1003,263188,263188,20,"01","3",0,1,2,3,DELAY
110165,110165,30,EMP1021,EMP1003,550813,550813,20,"01","3",0,1,2,3,RISK
88290,88290,30,EMP1021,EMP1003,441438,441438,20,"01","3",0,1,2,3,DELAY
63615,63615,30,EMP1021,EMP1003,318063,318063,20,"01","3",0,1,2,3,RISK
106400,106400,30,EMP1021,EMP1003,532000,532000,20,"01","3",0,1,2,3,RISK
14481,14481,30,EMP1021,EMP1003,72393,72393,20,"01","3",0,1,2,3,DELAY
11606,11606,30,EMP1021,EMP1003,58018,58018,20,"01","3",0,1,2,3,DELAY
8363,8363,30,EMP1021,EMP1003,41803,41803,20,"01","3",0,1,2,3,RISK
13984,13984,30,EMP1021,EMP1003,69920,69920,20,"01","3",0,1,2,3,RISK
13598,13598,30,EMP1021,EMP1003,67986,67986,20,"01","3",0,1,2,3,DELAY
10898,10898,30,EMP1021,EMP1003,54486,54486,20,"01","3",0,1,2,3,DELAY
7854,7854,30,EMP1021,EMP1003,39258,39258,20,"01","3",0,1,2,3,RISK
13136,13136,30,EMP1021,EMP1003,65664,65664,20,"01","3",0,1,2,3,RISK
1259,1259,30,EMP1021,EMP1003,6295,6295,30,"01","3",0,1,0,3,DELAY
1009,1009,30,EMP1021,EMP1003,5045,5045,30,"01","3",0,1,0,3,DELAY
727,727,30,EMP1021,EMP1003,3635,3635,30,"01","3",0,1,0,3,DELAY
1216,1216,30,EMP1021,EMP1003,6080,6080,30,"01","3",0,1,0,3,DELAY
55550,55550,30,EMP1054,EMP1002,333300,333300,20,"01","4",0,1,2,3,DELAY
91087,91087,30,EMP1054,EMP1002,546525,546525,20,"01","4",0,1,2,3,DELAY
80937,80937,30,EMP1054,EMP1002,485625,485625,20,"01","4",0,1,2,3,RISK
108237,108237,30,EMP1054,EMP1002,649425,649425,20,"01","4",0,1,2,3,DELAY
108587,108587,30,EMP1054,EMP1002,651525,651525,20,"01","4",0,1,2,3,RISK
11971,11971,30,EMP1054,EMP1002,71829,71829,20,"01","4",0,1,2,3,DELAY
10637,10637,30,EMP1054,EMP1002,63825,63825,20,"01","4",0,1,2,3,DELAY
14225,14225,30,EMP1054,EMP1002,85353,85353,20,"01","4",0,1,2,3,DELAY
14271,14271,30,EMP1054,EMP1002,85629,85629,20,"01","4",0,1,2,3,DELAY
11242,11242,30,EMP1054,EMP1002,67457,67457,20,"01","4",0,1,2,3,DELAY
9990,9990,30,EMP1054,EMP1002,59940,59940,20,"01","4",0,1,2,3,DELAY
13359,13359,30,EMP1054,EMP1002,80158,80158,20,"01","4",0,1,2,3,RISK
13402,13402,30,EMP1054,EMP1002,80417,80417,20,"01","4",0,1,2,3,RISK
1041,1041,30,EMP1054,EMP1002,6246,6246,30,"01","4",0,1,0,3,DELAY
925,925,30,EMP1054,EMP1002,5550,5550,30,"01","4",0,1,0,3,DELAY
1237,1237,30,EMP1054,EMP1002,7422,7422,30,"01","4",0,1,0,3,DELAY
1241,1241,30,EMP1054,EMP1002,7446,7446,30,"01","4",0,1,0,3,DELAY
55550,55550,30,EMP1055,EMP1003,333300,333300,20,"01","5",0,1,2,3,RISK
91087,91087,30,EMP1055,EMP1003,546525,546525,20,"01","5",0,1,2,3,DELAY
80937,80937,30,EMP1055,EMP1003,485625,485625,20,"01","5",0,1,2,3,DELAY
108237,108237,30,EMP1055,EMP1003,649425,649425,20,"01","5",0,1,2,3,DELAY
108587,108587,30,EMP1055,EMP1003,651525,651525,20,"01","5",0,1,2,3,RISK
11971,11971,30,EMP1055,EMP1003,71829,71829,20,"01","5",0,1,2,3,RISK
10637,10637,30,EMP1055,EMP1003,63825,63825,20,"01","5",0,1,2,3,RISK
14225,14225,30,EMP1055,EMP1003,85353,85353,20,"01","5",0,1,2,3,DELAY
14271,14271,30,EMP1055,EMP1003,85629,85629,20,"01","5",0,1,2,3,RISK
11242,11242,30,EMP1055,EMP1003,67457,67457,20,"01","5",0,1,2,3,DELAY
9990,9990,30,EMP1055,EMP1003,59940,59940,20,"01","5",0,1,2,3,RISK
13359,13359,30,EMP1055,EMP1003,80158,80158,20,"01","5",0,1,2,3,RISK
13402,13402,30,EMP1055,EMP1003,80417,80417,20,"01","5",0,1,2,3,RISK
1041,1041,30,EMP1055,EMP1003,6246,6246,30,"01","5",0,1,0,3,DELAY
925,925,30,EMP1055,EMP1003,5550,5550,30,"01","5",0,1,0,3,DELAY
1237,1237,30,EMP1055,EMP1003,7422,7422,30,"01","5",0,1,0,3,DELAY
1241,1241,30,EMP1055,EMP1003,7446,7446,30,"01","5",0,1,0,3,DELAY
55550,55550,30,EMP1044,EMP1001,333300,333300,20,"01","6",0,1,2,3,DELAY
91087,91087,30,EMP1044,EMP1001,546525,546525,20,"01","6",0,1,2,3,DELAY
80937,80937,30,EMP1044,EMP1001,485625,485625,20,"01","6",0,1,2,3,RISK
108237,108237,30,EMP1044,EMP1001,649425,649425,20,"01","6",0,1,2,3,RISK
108587,108587,30,EMP1044,EMP1001,651525,651525,20,"01","6",0,1,2,3,RISK
11971,11971,30,EMP1044,EMP1001,71829,71829,20,"01","6",0,1,2,3,RISK
10637,10637,30,EMP1044,EMP1001,63825,63825,20,"01","6",0,1,2,3,DELAY
14225,14225,30,EMP1044,EMP1001,85353,85353,20,"01","6",0,1,2,3,DELAY
14271,14271,30,EMP1044,EMP1001,85629,85629,20,"01","6",0,1,2,3,RISK
11242,11242,30,EMP1044,EMP1001,67457,67457,20,"01","6",0,1,2,3,DELAY
9990,9990,30,EMP1044,EMP1001,59940,59940,20,"01","6",0,1,2,3,DELAY
13359,13359,30,EMP1044,EMP1001,80158,80158,20,"01","6",0,1,2,3,RISK
13402,13402,30,EMP1044,EMP1001,80417,80417,20,"01","6",0,1,2,3,RISK
1041,1041,30,EMP1044,EMP1001,6246,6246,30,"01","6",0,1,0,3,DELAY
925,925,30,EMP1044,EMP1001,5550,5550,30,"01","6",0,1,0,3,DELAY
1237,1237,30,EMP1044,EMP1001,7422,7422,30,"01","6",0,1,0,3,DELAY
1241,1241,30,EMP1044,EMP1001,7446,7446,30,"01","6",0,1,0,3,DELAY
55550,55550,30,EMP1054,EMP1048,333300,333300,20,"01","7",0,1,2,3,RISK
91087,91087,30,EMP1054,EMP1048,546525,546525,20,"01","7",0,1,2,3,RISK
80937,80937,30,EMP1054,EMP1048,485625,485625,20,"01","7",0,1,2,3,DELAY
108237,108237,30,EMP1054,EMP1048,649425,649425,20,"01","7",0,1,2,3,DELAY
108587,108587,30,EMP1054,EMP1048,651525,651525,20,"01","7",0,1,2,3,RISK
11971,11971,30,EMP1054,EMP1048,71829,71829,20,"01","7",0,1,2,3,DELAY
10637,10637,30,EMP1054,EMP1048,63825,63825,20,"01","7",0,1,2,3,DELAY
14225,14225,30,EMP1054,EMP1048,85353,85353,20,"01","7",0,1,2,3,RISK
14271,14271,30,EMP1054,EMP1048,85629,85629,20,"01","7",0,1,2,3,RISK
11242,11242,30,EMP1054,EMP1048,67457,67457,20,"01","7",0,1,2,3,RISK
9990,9990,30,EMP1054,EMP1048,59940,59940,20,"01","7",0,1,2,3,RISK
13359,13359,30,EMP1054,EMP1048,80158,80158,20,"01","7",0,1,2,3,DELAY
13402,13402,30,EMP1054,EMP1048,80417,80417,20,"01","7",0,1,2,3,RISK
1041,1041,30,EMP1054,EMP1048,6246,6246,30,"01","7",0,1,0,3,DELAY
925,925,30,EMP1054,EMP1048,5550,5550,30,"01","7",0,1,0,3,DELAY
1237,1237,30,EMP1054,EMP1048,7422,7422,30,"01","7",0,1,0,3,DELAY
1241,1241,30,EMP1054,EMP1048,7446,7446,30,"01","7",0,1,0,3,DELAY
55550,55550,30,EMP1048,EMP1045,333300,333300,20,"02","2",0,1,2,2,DELAY
91087,91087,30,EMP1048,EMP1045,546525,546525,20,"02","2",0,1,2,2,RISK
80937,80937,30,EMP1048,EMP1045,485625,485625,20,"02","2",0,1,2,2,RISK
108237,108237,30,EMP1048,EMP1045,649425,649425,20,"02","2",0,1,2,2,DELAY
108587,108587,30,EMP1048,EMP1045,651525,651525,20,"02","2",0,1,2,2,DELAY
11971,11971,30,EMP1048,EMP1045,71829,71829,20,"02","2",0,1,2,2,RISK
10637,10637,30,EMP1048,EMP1045,63825,63825,20,"02","2",0,1,2,2,DELAY
14225,14225,30,EMP1048,EMP1045,85353,85353,20,"02","2",0,1,2,2,RISK
14271,14271,30,EMP1048,EMP1045,85629,85629,20,"02","2",0,1,2,2,DELAY
11242,11242,30,EMP1048,EMP1045,67457,67457,20,"02","2",0,1,2,2,RISK
9990,9990,30,EMP1048,EMP1045,59940,59940,20,"02","2",0,1,2,2,DELAY
13359,13359,30,EMP1048,EMP1045,80158,80158,20,"02","2",0,1,2,2,RISK
13402,13402,30,EMP1048,EMP1045,80417,80417,20,"02","2",0,1,2,2,DELAY
1041,1041,30,EMP1048,EMP1045,6246,6246,30,"02","2",0,1,0,2,NORMAL
925,925,30,EMP1048,EMP1045,5550,5550,30,"02","2",0,1,0,2,NORMAL
1237,1237,30,EMP1048,EMP1045,7422,7422,30,"02","2",0,1,0,2,DELAY
1241,1241,30,EMP1048,EMP1045,7446,7446,30,"02","2",0,1,0,2,DELAY
55550,55550,30,EMP1006,EMP1052,333300,333300,20,"02","3",0,1,2,2,DELAY
91090,91090,30,EMP1006,EMP1052,546525,546525,20,"02","3",0,1,2,2,RISK
80940,80940,30,EMP1006,EMP1052,485625,485625,20,"02","3",0,1,2,2,DELAY
108240,108240,30,EMP1006,EMP1052,649425,649425,20,"02","3",0,1,2,2,DELAY
108590,108590,30,EMP1006,EMP1052,651525,651525,20,"02","3",0,1,2,2,RISK
11974,11974,30,EMP1006,EMP1052,71829,71829,20,"02","3",0,1,2,2,DELAY
10640,10640,30,EMP1006,EMP1052,63825,63825,20,"02","3",0,1,2,2,RISK
14228,14228,30,EMP1006,EMP1052,85353,85353,20,"02","3",0,1,2,2,DELAY
14274,14274,30,EMP1006,EMP1052,85629,85629,20,"02","3",0,1,2,2,DELAY
11247,11247,30,EMP1006,EMP1052,67457,67457,20,"02","3",0,1,2,2,DELAY
9990,9990,30,EMP1006,EMP1052,59940,59940,20,"02","3",0,1,2,2,RISK
13363,13363,30,EMP1006,EMP1052,80158,80158,20,"02","3",0,1,2,2,RISK
13407,13407,30,EMP1006,EMP1052,80417,80417,20,"02","3",0,1,2,2,RISK
1041,1041,30,EMP1006,EMP1052,6246,6246,30,"02","3",0,1,0,2,NORMAL
925,925,30,EMP1006,EMP1052,5550,5550,30,"02","3",0,1,0,2,NORMAL
1237,1237,30,EMP1006,EMP1052,7422,7422,30,"02","3",0,1,0,2,NORMAL
1241,1241,30,EMP1006,EMP1052,7446,7446,30,"02","3",0,1,0,2,NORMAL
54912,54912,30,EMP1043,EMP1054,274563,274563,20,"02","4",0,1,2,2,DELAY
107275,107275,30,EMP1043,EMP1054,536375,536375,20,"02","4",0,1,2,2,RISK
87500,87500,30,EMP1043,EMP1054,437500,437500,20,"02","4",0,1,2,2,DELAY
97387,97387,30,EMP1043,EMP1054,486938,486938,20,"02","4",0,1,2,2,DELAY
92225,92225,30,EMP1043,EMP1054,461125,461125,20,"02","4",0,1,2,2,RISK
14099,14099,30,EMP1043,EMP1054,70495,70495,20,"02","4",0,1,2,2,DELAY
11500,11500,30,EMP1043,EMP1054,57500,57500,20,"02","4",0,1,2,2,DELAY
12799,12799,30,EMP1043,EMP1054,63998,63998,20,"02","4",0,1,2,2,DELAY
12121,12121,30,EMP1043,EMP1054,60605,60605,20,"02","4",0,1,2,2,DELAY
13240,13240,30,EMP1043,EMP1054,66204,66204,20,"02","4",0,1,2,2,DELAY
10800,10800,30,EMP1043,EMP1054,54000,54000,20,"02","4",0,1,2,2,RISK
12020,12020,30,EMP1043,EMP1054,60102,60102,20,"02","4",0,1,2,2,RISK
11383,11383,30,EMP1043,EMP1054,56916,56916,20,"02","4",0,1,2,2,DELAY
1226,1226,30,EMP1043,EMP1054,6130,6130,30,"02","4",0,1,0,2,RISK
1000,1000,30,EMP1043,EMP1054,5000,5000,30,"02","4",0,1,0,2,NORMAL
1113,1113,30,EMP1043,EMP1054,5565,5565,30,"02","4",0,1,0,2,RISK
1054,1054,30,EMP1043,EMP1054,5270,5270,30,"02","4",0,1,0,2,NORMAL
54912,54912,30,EMP1056,EMP1050,274563,274563,20,"02","5",0,1,2,2,DELAY
107275,107275,30,EMP1056,EMP1050,536375,536375,20,"02","5",0,1,2,2,DELAY
87500,87500,30,EMP1056,EMP1050,437500,437500,20,"02","5",0,1,2,2,DELAY
97387,97387,30,EMP1056,EMP1050,486938,486938,20,"02","5",0,1,2,2,DELAY
92225,92225,30,EMP1056,EMP1050,461125,461125,20,"02","5",0,1,2,2,DELAY
14099,14099,30,EMP1056,EMP1050,70495,70495,20,"02","5",0,1,2,2,RISK
11500,11500,30,EMP1056,EMP1050,57500,57500,20,"02","5",0,1,2,2,DELAY
12799,12799,30,EMP1056,EMP1050,63998,63998,20,"02","5",0,1,2,2,DELAY
12121,12121,30,EMP1056,EMP1050,60605,60605,20,"02","5",0,1,2,2,RISK
13240,13240,30,EMP1056,EMP1050,66204,66204,20,"02","5",0,1,2,2,DELAY
10800,10800,30,EMP1056,EMP1050,54000,54000,20,"02","5",0,1,2,2,DELAY
12020,12020,30,EMP1056,EMP1050,60102,60102,20,"02","5",0,1,2,2,DELAY
11383,11383,30,EMP1056,EMP1050,56916,56916,20,"02","5",0,1,2,2,DELAY
1226,1226,30,EMP1056,EMP1050,6130,6130,30,"02","5",0,1,0,2,NORMAL
1000,1000,30,EMP1056,EMP1050,5000,5000,30,"02","5",0,1,0,2,NORMAL
1113,1113,30,EMP1056,EMP1050,5565,5565,30,"02","5",0,1,0,2,NORMAL
1054,1054,30,EMP1056,EMP1050,5270,5270,30,"02","5",0,1,0,2,NORMAL
54912,54912,30,EMP1042,EMP1043,274563,274563,20,"02","6",0,1,2,2,DELAY
107275,107275,30,EMP1042,EMP1043,536375,536375,20,"02","6",0,1,2,2,DELAY
87500,87500,30,EMP1042,EMP1043,437500,437500,20,"02","6",0,1,2,2,DELAY
97387,97387,30,EMP1042,EMP1043,486938,486938,20,"02","6",0,1,2,2,DELAY
92225,92225,30,EMP1042,EMP1043,461125,461125,20,"02","6",0,1,2,2,RISK
14099,14099,30,EMP1042,EMP1043,70495,70495,20,"02","6",0,1,2,2,DELAY
11500,11500,30,EMP1042,EMP1043,57500,57500,20,"02","6",0,1,2,2,DELAY
12799,12799,30,EMP1042,EMP1043,63998,63998,20,"02","6",0,1,2,2,DELAY
12121,12121,30,EMP1042,EMP1043,60605,60605,20,"02","6",0,1,2,2,DELAY
13240,13240,30,EMP1042,EMP1043,66204,66204,20,"02","6",0,1,2,2,DELAY
10800,10800,30,EMP1042,EMP1043,54000,54000,20,"02","6",0,1,2,2,DELAY
12020,12020,30,EMP1042,EMP1043,60102,60102,20,"02","6",0,1,2,2,DELAY
11383,11383,30,EMP1042,EMP1043,56916,56916,20,"02","6",0,1,2,2,DELAY
1226,1226,30,EMP1042,EMP1043,6130,6130,30,"02","6",0,1,0,2,RISK
1000,1000,30,EMP1042,EMP1043,5000,5000,30,"02","6",0,1,0,2,NORMAL
1113,1113,30,EMP1042,EMP1043,5565,5565,30,"02","6",0,1,0,2,NORMAL
1054,1054,30,EMP1042,EMP1043,5270,5270,30,"02","6",0,1,0,2,NORMAL
54912,54912,30,EMP1001,EMP1051,274563,274563,20,"02","2",0,1,2,2,DELAY
107275,107275,30,EMP1001,EMP1051,536375,536375,20,"02","2",0,1,2,2,DELAY
87500,87500,30,EMP1001,EMP1051,437500,437500,20,"02","2",0,1,2,2,DELAY
97387,97387,30,EMP1001,EMP1051,486938,486938,20,"02","2",0,1,2,2,DELAY
92225,92225,30,EMP1001,EMP1051,461125,461125,20,"02","2",0,1,2,2,RISK
14099,14099,30,EMP1001,EMP1051,70495,70495,20,"02","2",0,1,2,2,RISK
11500,11500,30,EMP1001,EMP1051,57500,57500,20,"02","2",0,1,2,2,DELAY
12799,12799,30,EMP1001,EMP1051,63998,63998,20,"02","2",0,1,2,2,DELAY
12121,12121,30,EMP1001,EMP1051,60605,60605,20,"02","2",0,1,2,2,RISK
13240,13240,30,EMP1001,EMP1051,66204,66204,20,"02","2",0,1,2,2,DELAY
10800,10800,30,EMP1001,EMP1051,54000,54000,20,"02","2",0,1,2,2,DELAY
12020,12020,30,EMP1001,EMP1051,60102,60102,20,"02","2",0,1,2,2,DELAY
11383,11383,30,EMP1001,EMP1051,56916,56916,20,"02","2",0,1,2,2,DELAY
1226,1226,30,EMP1001,EMP1051,6130,6130,30,"02","2",0,1,0,2,NORMAL
1000,1000,30,EMP1001,EMP1051,5000,5000,30,"02","2",0,1,0,2,NORMAL
1113,1113,30,EMP1001,EMP1051,5565,5565,30,"02","2",0,1,0,2,NORMAL
1054,1054,30,EMP1001,EMP1051,5270,5270,30,"02","2",0,1,0,2,NORMAL
54915,54915,30,EMP1048,EMP1051,274563,274563,20,"02","3",0,1,2,2,RISK
107275,107275,30,EMP1048,EMP1051,536375,536375,20,"02","3",0,1,2,2,DELAY
87500,87500,30,EMP1048,EMP1051,437500,437500,20,"02","3",0,1,2,2,RISK
97390,97390,30,EMP1048,EMP1051,486938,486938,20,"02","3",0,1,2,2,DELAY
92225,92225,30,EMP1048,EMP1051,461125,461125,20,"02","3",0,1,2,2,RISK
14099,14099,30,EMP1048,EMP1051,70495,70495,20,"02","3",0,1,2,2,DELAY
11500,11500,30,EMP1048,EMP1051,57500,57500,20,"02","3",0,1,2,2,DELAY
12802,12802,30,EMP1048,EMP1051,63998,63998,20,"02","3",0,1,2,2,DELAY
12121,12121,30,EMP1048,EMP1051,60605,60605,20,"02","3",0,1,2,2,DELAY
13244,13244,30,EMP1048,EMP1051,66204,66204,20,"02","3",0,1,2,2,DELAY
10800,10800,30,EMP1048,EMP1051,54000,54000,20,"02","3",0,1,2,2,RISK
12022,12022,30,EMP1048,EMP1051,60102,60102,20,"02","3",0,1,2,2,DELAY
11384,11384,30,EMP1048,EMP1051,56916,56916,20,"02","3",0,1,2,2,DELAY
1226,1226,30,EMP1048,EMP1051,6130,6130,30,"02","3",0,1,0,2,NORMAL
1000,1000,30,EMP1048,EMP1051,5000,5000,30,"02","3",0,1,0,2,DELAY
1113,1113,30,EMP1048,EMP1051,5565,5565,30,"02","3",0,1,0,2,DELAY
1054,1054,30,EMP1048,EMP1051,5270,5270,30,"02","3",0,1,0,2,NORMAL
50762,50762,30,EMP1001,EMP1041,253813,253813,20,"02","4",0,1,2,2,RISK
88287,88287,30,EMP1001,EMP1041,441438,441438,20,"02","4",0,1,2,2,DELAY
105787,105787,30,EMP1001,EMP1041,528938,528938,20,"02","4",0,1,2,2,DELAY
74637,74637,30,EMP1001,EMP1041,373188,373188,20,"02","4",0,1,2,2,RISK
86625,86625,30,EMP1001,EMP1041,433125,433125,20,"02","4",0,1,2,2,DELAY
11603,11603,30,EMP1001,EMP1041,58018,58018,20,"02","4",0,1,2,2,DELAY
13903,13903,30,EMP1001,EMP1041,69518,69518,20,"02","4",0,1,2,2,RISK
9809,9809,30,EMP1001,EMP1041,49048,49048,20,"02","4",0,1,2,2,RISK
11385,11385,30,EMP1001,EMP1041,56925,56925,20,"02","4",0,1,2,2,DELAY
10897,10897,30,EMP1001,EMP1041,54486,54486,20,"02","4",0,1,2,2,DELAY
13057,13057,30,EMP1001,EMP1041,65286,65286,20,"02","4",0,1,2,2,RISK
9212,9212,30,EMP1001,EMP1041,46062,46062,20,"02","4",0,1,2,2,DELAY
10692,10692,30,EMP1001,EMP1041,53460,53460,20,"02","4",0,1,2,2,DELAY
1009,1009,30,EMP1001,EMP1041,5045,5045,30,"02","4",0,1,0,2,NORMAL
1209,1209,30,EMP1001,EMP1041,6045,6045,30,"02","4",0,1,0,2,DELAY
853,853,30,EMP1001,EMP1041,4265,4265,30,"02","4",0,1,0,2,DELAY
990,990,30,EMP1001,EMP1041,4950,4950,30,"02","4",0,1,0,2,NORMAL
50762,50762,30,EMP1004,EMP1050,253813,253813,20,"02","5",0,1,2,2,DELAY
88287,88287,30,EMP1004,EMP1050,441438,441438,20,"02","5",0,1,2,2,DELAY
105787,105787,30,EMP1004,EMP1050,528938,528938,20,"02","5",0,1,2,2,RISK
74637,74637,30,EMP1004,EMP1050,373188,373188,20,"02","5",0,1,2,2,RISK
86625,86625,30,EMP1004,EMP1050,433125,433125,20,"02","5",0,1,2,2,DELAY
11603,11603,30,EMP1004,EMP1050,58018,58018,20,"02","5",0,1,2,2,RISK
13903,13903,30,EMP1004,EMP1050,69518,69518,20,"02","5",0,1,2,2,DELAY
9809,9809,30,EMP1004,EMP1050,49048,49048,20,"02","5",0,1,2,2,DELAY
11385,11385,30,EMP1004,EMP1050,56925,56925,20,"02","5",0,1,2,2,DELAY
10897,10897,30,EMP1004,EMP1050,54486,54486,20,"02","5",0,1,2,2,DELAY
13057,13057,30,EMP1004,EMP1050,65286,65286,20,"02","5",0,1,2,2,DELAY
9212,9212,30,EMP1004,EMP1050,46062,46062,20,"02","5",0,1,2,2,RISK
10692,10692,30,EMP1004,EMP1050,53460,53460,20,"02","5",0,1,2,2,DELAY
1009,1009,30,EMP1004,EMP1050,5045,5045,30,"02","5",0,1,0,2,NORMAL
1209,1209,30,EMP1004,EMP1050,6045,6045,30,"02","5",0,1,0,2,DELAY
853,853,30,EMP1004,EMP1050,4265,4265,30,"02","5",0,1,0,2,DELAY
990,990,30,EMP1004,EMP1050,4950,4950,30,"02","5",0,1,0,2,RISK
50762,50762,30,EMP1053,EMP1052,253813,253813,20,"02","6",0,1,2,2,DELAY
88287,88287,30,EMP1053,EMP1052,441438,441438,20,"02","6",0,1,2,2,DELAY
105787,105787,30,EMP1053,EMP1052,528938,528938,20,"02","6",0,1,2,2,RISK
74637,74637,30,EMP1053,EMP1052,373188,373188,20,"02","6",0,1,2,2,RISK
86625,86625,30,EMP1053,EMP1052,433125,433125,20,"02","6",0,1,2,2,RISK
11603,11603,30,EMP1053,EMP1052,58018,58018,20,"02","6",0,1,2,2,DELAY
13903,13903,30,EMP1053,EMP1052,69518,69518,20,"02","6",0,1,2,2,RISK
9809,9809,30,EMP1053,EMP1052,49048,49048,20,"02","6",0,1,2,2,DELAY
11385,11385,30,EMP1053,EMP1052,56925,56925,20,"02","6",0,1,2,2,DELAY
10897,10897,30,EMP1053,EMP1052,54486,54486,20,"02","6",0,1,2,2,DELAY
13057,13057,30,EMP1053,EMP1052,65286,65286,20,"02","6",0,1,2,2,DELAY
9212,9212,30,EMP1053,EMP1052,46062,46062,20,"02","6",0,1,2,2,RISK
10692,10692,30,EMP1053,EMP1052,53460,53460,20,"02","6",0,1,2,2,RISK
1009,1009,30,EMP1053,EMP1052,5045,5045,30,"02","6",0,1,0,2,NORMAL
1209,1209,30,EMP1053,EMP1052,6045,6045,30,"02","6",0,1,0,2,NORMAL
853,853,30,EMP1053,EMP1052,4265,4265,30,"02","6",0,1,0,2,NORMAL
990,990,30,EMP1053,EMP1052,4950,4950,30,"02","6",0,1,0,2,NORMAL
50762,50762,30,EMP1005,EMP1045,253813,253813,20,"02","2",0,1,2,2,DELAY
88287,88287,30,EMP1005,EMP1045,441438,441438,20,"02","2",0,1,2,2,RISK
105787,105787,30,EMP1005,EMP1045,528938,528938,20,"02","2",0,1,2,2,DELAY
74637,74637,30,EMP1005,EMP1045,373188,373188,20,"02","2",0,1,2,2,DELAY
86625,86625,30,EMP1005,EMP1045,433125,433125,20,"02","2",0,1,2,2,RISK
11603,11603,30,EMP1005,EMP1045,58018,58018,20,"02","2",0,1,2,2,DELAY
13903,13903,30,EMP1005,EMP1045,69518,69518,20,"02","2",0,1,2,2,DELAY
9809,9809,30,EMP1005,EMP1045,49048,49048,20,"02","2",0,1,2,2,RISK
11385,11385,30,EMP1005,EMP1045,56925,56925,20,"02","2",0,1,2,2,RISK
10897,10897,30,EMP1005,EMP1045,54486,54486,20,"02","2",0,1,2,2,DELAY
13057,13057,30,EMP1005,EMP1045,65286,65286,20,"02","2",0,1,2,2,DELAY
9212,9212,30,EMP1005,EMP1045,46062,46062,20,"02","2",0,1,2,2,DELAY
10692,10692,30,EMP1005,EMP1045,53460,53460,20,"02","2",0,1,2,2,DELAY
1009,1009,30,EMP1005,EMP1045,5045,5045,30,"02","2",0,1,0,2,NORMAL
1209,1209,30,EMP1005,EMP1045,6045,6045,30,"02","2",0,1,0,2,NORMAL
853,853,30,EMP1005,EMP1045,4265,4265,30,"02","2",0,1,0,2,NORMAL
990,990,30,EMP1005,EMP1045,4950,4950,30,"02","2",0,1,0,2,NORMAL
50765,50765,30,EMP1003,EMP1003,253813,253813,20,"02","3",0,1,2,2,RISK
88290,88290,30,EMP1003,EMP1003,441438,441438,20,"02","3",0,1,2,2,DELAY
105790,105790,30,EMP1003,EMP1003,528938,528938,20,"02","3",0,1,2,2,DELAY
74640,74640,30,EMP1003,EMP1003,373188,373188,20,"02","3",0,1,2,2,RISK
86625,86625,30,EMP1003,EMP1003,433125,433125,20,"02","3",0,1,2,2,RISK
11606,11606,30,EMP1003,EMP1003,58018,58018,20,"02","3",0,1,2,2,DELAY
13906,13906,30,EMP1003,EMP1003,69518,69518,20,"02","3",0,1,2,2,DELAY
9812,9812,30,EMP1003,EMP1003,49048,49048,20,"02","3",0,1,2,2,DELAY
11385,11385,30,EMP1003,EMP1003,56925,56925,20,"02","3",0,1,2,2,DELAY
10898,10898,30,EMP1003,EMP1003,54486,54486,20,"02","3",0,1,2,2,DELAY
13058,13058,30,EMP1003,EMP1003,65286,65286,20,"02","3",0,1,2,2,DELAY
9214,9214,30,EMP1003,EMP1003,46062,46062,20,"02","3",0,1,2,2,DELAY
10692,10692,30,EMP1003,EMP1003,53460,53460,20,"02","3",0,1,2,2,DELAY
1009,1009,30,EMP1003,EMP1003,5045,5045,30,"02","3",0,1,0,2,NORMAL
1209,1209,30,EMP1003,EMP1003,6045,6045,30,"02","3",0,1,0,2,NORMAL
853,853,30,EMP1003,EMP1003,4265,4265,30,"02","3",0,1,0,2,NORMAL
990,990,30,EMP1003,EMP1003,4950,4950,30,"02","3",0,1,0,2,NORMAL
45950,45950,30,EMP1055,EMP1005,229750,229750,20,"02","4",0,1,2,2,RISK
90475,90475,30,EMP1055,EMP1005,452375,452375,20,"02","4",0,1,2,2,DELAY
84875,84875,30,EMP1055,EMP1005,424375,424375,20,"02","4",0,1,2,2,DELAY
67462,67462,30,EMP1055,EMP1005,337313,337313,20,"02","4",0,1,2,2,RISK
78837,78837,30,EMP1055,EMP1005,394188,394188,20,"02","4",0,1,2,2,RISK
11891,11891,30,EMP1055,EMP1005,59455,59455,20,"02","4",0,1,2,2,RISK
11155,11155,30,EMP1055,EMP1005,55775,55775,20,"02","4",0,1,2,2,DELAY
8866,8866,30,EMP1055,EMP1005,44333,44333,20,"02","4",0,1,2,2,DELAY
10361,10361,30,EMP1055,EMP1005,51808,51808,20,"02","4",0,1,2,2,DELAY
11167,11167,30,EMP1055,EMP1005,55836,55836,20,"02","4",0,1,2,2,DELAY
10476,10476,30,EMP1055,EMP1005,52380,52380,20,"02","4",0,1,2,2,RISK
8326,8326,30,EMP1055,EMP1005,41634,41634,20,"02","4",0,1,2,2,DELAY
9730,9730,30,EMP1055,EMP1005,48654,48654,20,"02","4",0,1,2,2,DELAY
1034,1034,30,EMP1055,EMP1005,5170,5170,30,"02","4",0,1,0,2,NORMAL
970,970,30,EMP1055,EMP1005,4850,4850,30,"02","4",0,1,0,2,NORMAL
771,771,30,EMP1055,EMP1005,3855,3855,30,"02","4",0,1,0,2,NORMAL
901,901,30,EMP1055,EMP1005,4505,4505,30,"02","4",0,1,0,2,NORMAL
45950,45950,30,EMP1050,EMP1043,229750,229750,20,"02","5",0,1,2,2,RISK
90475,90475,30,EMP1050,EMP1043,452375,452375,20,"02","5",0,1,2,2,DELAY
84875,84875,30,EMP1050,EMP1043,424375,424375,20,"02","5",0,1,2,2,DELAY
67462,67462,30,EMP1050,EMP1043,337313,337313,20,"02","5",0,1,2,2,DELAY
78837,78837,30,EMP1050,EMP1043,394188,394188,20,"02","5",0,1,2,2,DELAY
11891,11891,30,EMP1050,EMP1043,59455,59455,20,"02","5",0,1,2,2,RISK
11155,11155,30,EMP1050,EMP1043,55775,55775,20,"02","5",0,1,2,2,RISK
8866,8866,30,EMP1050,EMP1043,44333,44333,20,"02","5",0,1,2,2,RISK
10361,10361,30,EMP1050,EMP1043,51808,51808,20,"02","5",0,1,2,2,RISK
11167,11167,30,EMP1050,EMP1043,55836,55836,20,"02","5",0,1,2,2,DELAY
10476,10476,30,EMP1050,EMP1043,52380,52380,20,"02","5",0,1,2,2,DELAY
8326,8326,30,EMP1050,EMP1043,41634,41634,20,"02","5",0,1,2,2,DELAY
9730,9730,30,EMP1050,EMP1043,48654,48654,20,"02","5",0,1,2,2,DELAY
1034,1034,30,EMP1050,EMP1043,5170,5170,30,"02","5",0,1,0,2,NORMAL
970,970,30,EMP1050,EMP1043,4850,4850,30,"02","5",0,1,0,2,NORMAL
771,771,30,EMP1050,EMP1043,3855,3855,30,"02","5",0,1,0,2,DELAY
901,901,30,EMP1050,EMP1043,4505,4505,30,"02","5",0,1,0,2,NORMAL
45950,45950,30,EMP1059,EMP1057,229750,229750,20,"02","6",0,1,2,2,DELAY
90475,90475,30,EMP1059,EMP1057,452375,452375,20,"02","6",0,1,2,2,DELAY
84875,84875,30,EMP1059,EMP1057,424375,424375,20,"02","6",0,1,2,2,DELAY
67462,67462,30,EMP1059,EMP1057,337313,337313,20,"02","6",0,1,2,2,DELAY
78837,78837,30,EMP1059,EMP1057,394188,394188,20,"02","6",0,1,2,2,DELAY
11891,11891,30,EMP1059,EMP1057,59455,59455,20,"02","6",0,1,2,2,DELAY
11155,11155,30,EMP1059,EMP1057,55775,55775,20,"02","6",0,1,2,2,DELAY
8866,8866,30,EMP1059,EMP1057,44333,44333,20,"02","6",0,1,2,2,DELAY
10361,10361,30,EMP1059,EMP1057,51808,51808,20,"02","6",0,1,2,2,DELAY
11167,11167,30,EMP1059,EMP1057,55836,55836,20,"02","6",0,1,2,2,DELAY
10476,10476,30,EMP1059,EMP1057,52380,52380,20,"02","6",0,1,2,2,RISK
8326,8326,30,EMP1059,EMP1057,41634,41634,20,"02","6",0,1,2,2,RISK
9730,9730,30,EMP1059,EMP1057,48654,48654,20,"02","6",0,1,2,2,DELAY
1034,1034,30,EMP1059,EMP1057,5170,5170,30,"02","6",0,1,0,2,NORMAL
970,970,30,EMP1059,EMP1057,4850,4850,30,"02","6",0,1,0,2,NORMAL
771,771,30,EMP1059,EMP1057,3855,3855,30,"02","6",0,1,0,2,RISK
901,901,30,EMP1059,EMP1057,4505,4505,30,"02","6",0,1,0,2,RISK
45950,45950,30,EMP1003,EMP1004,229750,229750,20,"02","2",0,1,2,2,RISK
90475,90475,30,EMP1003,EMP1004,452375,452375,20,"02","2",0,1,2,2,DELAY
84875,84875,30,EMP1003,EMP1004,424375,424375,20,"02","2",0,1,2,2,DELAY
67462,67462,30,EMP1003,EMP1004,337313,337313,20,"02","2",0,1,2,2,RISK
78837,78837,30,EMP1003,EMP1004,394188,394188,20,"02","2",0,1,2,2,DELAY
11891,11891,30,EMP1003,EMP1004,59455,59455,20,"02","2",0,1,2,2,DELAY
11155,11155,30,EMP1003,EMP1004,55775,55775,20,"02","2",0,1,2,2,DELAY
8866,8866,30,EMP1003,EMP1004,44333,44333,20,"02","2",0,1,2,2,DELAY
10361,10361,30,EMP1003,EMP1004,51808,51808,20,"02","2",0,1,2,2,DELAY
11167,11167,30,EMP1003,EMP1004,55836,55836,20,"02","2",0,1,2,2,RISK
10476,10476,30,EMP1003,EMP1004,52380,52380,20,"02","2",0,1,2,2,DELAY
8326,8326,30,EMP1003,EMP1004,41634,41634,20,"02","2",0,1,2,2,DELAY
9730,9730,30,EMP1003,EMP1004,48654,48654,20,"02","2",0,1,2,2,RISK
1034,1034,30,EMP1003,EMP1004,5170,5170,30,"02","2",0,1,0,2,RISK
970,970,30,EMP1003,EMP1004,4850,4850,30,"02","2",0,1,0,2,NORMAL
771,771,30,EMP1003,EMP1004,3855,3855,30,"02","2",0,1,0,2,NORMAL
901,901,30,EMP1003,EMP1004,4505,4505,30,"02","2",0,1,0,2,NORMAL
45950,45950,30,EMP1052,EMP1056,229750,229750,20,"02","3",0,1,2,2,DELAY
90475,90475,30,EMP1052,EMP1056,452375,452375,20,"02","3",0,1,2,2,DELAY
84875,84875,30,EMP1052,EMP1056,424375,424375,20,"02","3",0,1,2,2,DELAY
67465,67465,30,EMP1052,EMP1056,337313,337313,20,"02","3",0,1,2,2,DELAY
78840,78840,30,EMP1052,EMP1056,394188,394188,20,"02","3",0,1,2,2,DELAY
11891,11891,30,EMP1052,EMP1056,59455,59455,20,"02","3",0,1,2,2,DELAY
11155,11155,30,EMP1052,EMP1056,55775,55775,20,"02","3",0,1,2,2,RISK
8869,8869,30,EMP1052,EMP1056,44333,44333,20,"02","3",0,1,2,2,DELAY
10364,10364,30,EMP1052,EMP1056,51808,51808,20,"02","3",0,1,2,2,DELAY
11168,11168,30,EMP1052,EMP1056,55836,55836,20,"02","3",0,1,2,2,DELAY
10476,10476,30,EMP1052,EMP1056,52380,52380,20,"02","3",0,1,2,2,DELAY
8330,8330,30,EMP1052,EMP1056,41634,41634,20,"02","3",0,1,2,2,DELAY
9734,9734,30,EMP1052,EMP1056,48654,48654,20,"02","3",0,1,2,2,DELAY
1034,1034,30,EMP1052,EMP1056,5170,5170,30,"02","3",0,1,0,2,NORMAL
970,970,30,EMP1052,EMP1056,4850,4850,30,"02","3",0,1,0,2,NORMAL
771,771,30,EMP1052,EMP1056,3855,3855,30,"02","3",0,1,0,2,NORMAL
901,901,30,EMP1052,EMP1056,4505,4505,30,"02","3",0,1,0,2,NORMAL
54800,54800,30,EMP1004,EMP1050,328800,328800,20,"02","4",0,1,2,2,RISK
87150,87150,30,EMP1004,EMP1050,522900,522900,20,"02","4",0,1,2,2,RISK
71750,71750,30,EMP1004,EMP1050,430500,430500,20,"02","4",0,1,2,2,DELAY
112087,112087,30,EMP1004,EMP1050,672525,672525,20,"02","4",0,1,2,2,RISK
112612,112612,30,EMP1004,EMP1050,675675,675675,20,"02","4",0,1,2,2,DELAY
11454,11454,30,EMP1004,EMP1050,68724,68724,20,"02","4",0,1,2,2,DELAY
9430,9430,30,EMP1004,EMP1050,56580,56580,20,"02","4",0,1,2,2,DELAY
14731,14731,30,EMP1004,EMP1050,88389,88389,20,"02","4",0,1,2,2,DELAY
14800,14800,30,EMP1004,EMP1050,88803,88803,20,"02","4",0,1,2,2,DELAY
10756,10756,30,EMP1004,EMP1050,64541,64541,20,"02","4",0,1,2,2,DELAY
8856,8856,30,EMP1004,EMP1050,53136,53136,20,"02","4",0,1,2,2,DELAY
13834,13834,30,EMP1004,EMP1050,83009,83009,20,"02","4",0,1,2,2,DELAY
13899,13899,30,EMP1004,EMP1050,83398,83398,20,"02","4",0,1,2,2,DELAY
996,996,30,EMP1004,EMP1050,5976,5976,30,"02","4",0,1,0,2,DELAY
820,820,30,EMP1004,EMP1050,4920,4920,30,"02","4",0,1,0,2,NORMAL
1281,1281,30,EMP1004,EMP1050,7686,7686,30,"02","4",0,1,0,2,DELAY
1287,1287,30,EMP1004,EMP1050,7722,7722,30,"02","4",0,1,0,2,DELAY
54800,54800,30,EMP1055,EMP1043,328800,328800,20,"02","5",0,1,2,2,DELAY
87150,87150,30,EMP1055,EMP1043,522900,522900,20,"02","5",0,1,2,2,RISK
71750,71750,30,EMP1055,EMP1043,430500,430500,20,"02","5",0,1,2,2,DELAY
112087,112087,30,EMP1055,EMP1043,672525,672525,20,"02","5",0,1,2,2,DELAY
112612,112612,30,EMP1055,EMP1043,675675,675675,20,"02","5",0,1,2,2,DELAY
11454,11454,30,EMP1055,EMP1043,68724,68724,20,"02","5",0,1,2,2,RISK
9430,9430,30,EMP1055,EMP1043,56580,56580,20,"02","5",0,1,2,2,DELAY
14731,14731,30,EMP1055,EMP1043,88389,88389,20,"02","5",0,1,2,2,DELAY
14800,14800,30,EMP1055,EMP1043,88803,88803,20,"02","5",0,1,2,2,RISK
10756,10756,30,EMP1055,EMP1043,64541,64541,20,"02","5",0,1,2,2,DELAY
8856,8856,30,EMP1055,EMP1043,53136,53136,20,"02","5",0,1,2,2,RISK
13834,13834,30,EMP1055,EMP1043,83009,83009,20,"02","5",0,1,2,2,RISK
13899,13899,30,EMP1055,EMP1043,83398,83398,20,"02","5",0,1,2,2,RISK
996,996,30,EMP1055,EMP1043,5976,5976,30,"02","5",0,1,0,2,NORMAL
820,820,30,EMP1055,EMP1043,4920,4920,30,"02","5",0,1,0,2,NORMAL
1281,1281,30,EMP1055,EMP1043,7686,7686,30,"02","5",0,1,0,2,NORMAL
1287,1287,30,EMP1055,EMP1043,7722,7722,30,"02","5",0,1,0,2,NORMAL
54800,54800,30,EMP1006,EMP1043,328800,328800,20,"02","6",0,1,2,2,DELAY
87150,87150,30,EMP1006,EMP1043,522900,522900,20,"02","6",0,1,2,2,DELAY
71750,71750,30,EMP1006,EMP1043,430500,430500,20,"02","6",0,1,2,2,DELAY
112087,112087,30,EMP1006,EMP1043,672525,672525,20,"02","6",0,1,2,2,DELAY
112612,112612,30,EMP1006,EMP1043,675675,675675,20,"02","6",0,1,2,2,DELAY
11454,11454,30,EMP1006,EMP1043,68724,68724,20,"02","6",0,1,2,2,DELAY
9430,9430,30,EMP1006,EMP1043,56580,56580,20,"02","6",0,1,2,2,DELAY
14731,14731,30,EMP1006,EMP1043,88389,88389,20,"02","6",0,1,2,2,DELAY
14800,14800,30,EMP1006,EMP1043,88803,88803,20,"02","6",0,1,2,2,RISK
10756,10756,30,EMP1006,EMP1043,64541,64541,20,"02","6",0,1,2,2,DELAY
8856,8856,30,EMP1006,EMP1043,53136,53136,20,"02","6",0,1,2,2,DELAY
13834,13834,30,EMP1006,EMP1043,83009,83009,20,"02","6",0,1,2,2,DELAY
13899,13899,30,EMP1006,EMP1043,83398,83398,20,"02","6",0,1,2,2,RISK
996,996,30,EMP1006,EMP1043,5976,5976,30,"02","6",0,1,0,2,NORMAL
820,820,30,EMP1006,EMP1043,4920,4920,30,"02","6",0,1,0,2,NORMAL
1281,1281,30,EMP1006,EMP1043,7686,7686,30,"02","6",0,1,0,2,RISK
1287,1287,30,EMP1006,EMP1043,7722,7722,30,"02","6",0,1,0,2,NORMAL
54800,54800,30,EMP1051,EMP1041,328800,328800,20,"02","7",0,1,2,2,DELAY
87150,87150,30,EMP1051,EMP1041,522900,522900,20,"02","7",0,1,2,2,DELAY
71750,71750,30,EMP1051,EMP1041,430500,430500,20,"02","7",0,1,2,2,RISK
112087,112087,30,EMP1051,EMP1041,672525,672525,20,"02","7",0,1,2,2,DELAY
112612,112612,30,EMP1051,EMP1041,675675,675675,20,"02","7",0,1,2,2,DELAY
11454,11454,30,EMP1051,EMP1041,68724,68724,20,"02","7",0,1,2,2,DELAY
9430,9430,30,EMP1051,EMP1041,56580,56580,20,"02","7",0,1,2,2,DELAY
14731,14731,30,EMP1051,EMP1041,88389,88389,20,"02","7",0,1,2,2,RISK
14800,14800,30,EMP1051,EMP1041,88803,88803,20,"02","7",0,1,2,2,RISK
10756,10756,30,EMP1051,EMP1041,64541,64541,20,"02","7",0,1,2,2,DELAY
8856,8856,30,EMP1051,EMP1041,53136,53136,20,"02","7",0,1,2,2,DELAY
13834,13834,30,EMP1051,EMP1041,83009,83009,20,"02","7",0,1,2,2,DELAY
13899,13899,30,EMP1051,EMP1041,83398,83398,20,"02","7",0,1,2,2,RISK
996,996,30,EMP1051,EMP1041,5976,5976,30,"02","7",0,1,0,2,NORMAL
820,820,30,EMP1051,EMP1041,4920,4920,30,"02","7",0,1,0,2,NORMAL
1281,1281,30,EMP1051,EMP1041,7686,7686,30,"02","7",0,1,0,2,NORMAL
1287,1287,30,EMP1051,EMP1041,7722,7722,30,"02","7",0,1,0,2,NORMAL
54800,54800,30,EMP1004,EMP1001,328800,328800,20,"03","2",0,0,2,0,NORMAL
87150,87150,30,EMP1004,EMP1001,522900,522900,20,"03","2",0,0,2,0,NORMAL
71750,71750,30,EMP1004,EMP1001,430500,430500,20,"03","2",0,0,2,0,NORMAL
112087,112087,30,EMP1004,EMP1001,672525,672525,20,"03","2",0,0,2,0,NORMAL
112612,112612,30,EMP1004,EMP1001,675675,675675,20,"03","2",0,0,2,0,NORMAL
11454,11454,30,EMP1004,EMP1001,68724,68724,20,"03","2",0,0,2,0,NORMAL
9430,9430,30,EMP1004,EMP1001,56580,56580,20,"03","2",0,0,2,0,NORMAL
14731,14731,30,EMP1004,EMP1001,88389,88389,20,"03","2",0,0,2,0,NORMAL
14800,14800,30,EMP1004,EMP1001,88803,88803,20,"03","2",0,0,2,0,NORMAL
10756,10756,30,EMP1004,EMP1001,64541,64541,20,"03","2",0,0,2,0,NORMAL
8856,8856,30,EMP1004,EMP1001,53136,53136,20,"03","2",0,0,2,0,NORMAL
13834,13834,30,EMP1004,EMP1001,83009,83009,20,"03","2",0,0,2,0,NORMAL
13899,13899,30,EMP1004,EMP1001,83398,83398,20,"03","2",0,0,2,0,NORMAL
996,996,30,EMP1004,EMP1001,5976,5976,30,"03","2",0,0,0,0,NORMAL
820,820,30,EMP1004,EMP1001,4920,4920,30,"03","2",0,0,0,0,NORMAL
1281,1281,30,EMP1004,EMP1001,7686,7686,30,"03","2",0,0,0,0,NORMAL
1287,1287,30,EMP1004,EMP1001,7722,7722,30,"03","2",0,0,0,0,NORMAL
54800,54800,30,EMP1059,EMP1004,328800,328800,20,"03","3",0,0,2,0,NORMAL
87150,87150,30,EMP1059,EMP1004,522900,522900,20,"03","3",0,0,2,0,NORMAL
71750,71750,30,EMP1059,EMP1004,430500,430500,20,"03","3",0,0,2,0,NORMAL
112090,112090,30,EMP1059,EMP1004,672525,672525,20,"03","3",0,0,2,0,NORMAL
112615,112615,30,EMP1059,EMP1004,675675,675675,20,"03","3",0,0,2,0,NORMAL
11454,11454,30,EMP1059,EMP1004,68724,68724,20,"03","3",0,0,2,0,NORMAL
9430,9430,30,EMP1059,EMP1004,56580,56580,20,"03","3",0,0,2,0,NORMAL
14734,14734,30,EMP1059,EMP1004,88389,88389,20,"03","3",0,0,2,0,NORMAL
14803,14803,30,EMP1059,EMP1004,88803,88803,20,"03","3",0,0,2,0,NORMAL
10761,10761,30,EMP1059,EMP1004,64541,64541,20,"03","3",0,0,2,0,NORMAL
8856,8856,30,EMP1059,EMP1004,53136,53136,20,"03","3",0,0,2,0,NORMAL
13839,13839,30,EMP1059,EMP1004,83009,83009,20,"03","3",0,0,2,0,NORMAL
13903,13903,30,EMP1059,EMP1004,83398,83398,20,"03","3",0,0,2,0,NORMAL
996,996,30,EMP1059,EMP1004,5976,5976,30,"03","3",0,0,0,0,NORMAL
820,820,30,EMP1059,EMP1004,4920,4920,30,"03","3",0,0,0,0,NORMAL
1281,1281,30,EMP1059,EMP1004,7686,7686,30,"03","3",0,0,0,0,NORMAL
1287,1287,30,EMP1059,EMP1004,7722,7722,30,"03","3",0,0,0,0,NORMAL
50200,50200,30,EMP1042,EMP1052,251000,251000,20,"03","4",0,0,2,0,NORMAL
68862,68862,30,EMP1042,EMP1052,344313,344313,20,"03","4",0,0,2,0,NORMAL
93362,93362,30,EMP1042,EMP1052,466813,466813,20,"03","4",0,0,2,0,NORMAL
82862,82862,30,EMP1042,EMP1052,414313,414313,20,"03","4",0,0,2,0,NORMAL
106312,106312,30,EMP1042,EMP1052,531563,531563,20,"03","4",0,0,2,0,NORMAL
9050,9050,30,EMP1042,EMP1052,45253,45253,20,"03","4",0,0,2,0,NORMAL
12270,12270,30,EMP1042,EMP1052,61353,61353,20,"03","4",0,0,2,0,NORMAL
10890,10890,30,EMP1042,EMP1052,54453,54453,20,"03","4",0,0,2,0,NORMAL
13972,13972,30,EMP1042,EMP1052,69863,69863,20,"03","4",0,0,2,0,NORMAL
8499,8499,30,EMP1042,EMP1052,42498,42498,20,"03","4",0,0,2,0,NORMAL
11523,11523,30,EMP1042,EMP1052,57618,57618,20,"03","4",0,0,2,0,NORMAL
10227,10227,30,EMP1042,EMP1052,51138,51138,20,"03","4",0,0,2,0,NORMAL
13122,13122,30,EMP1042,EMP1052,65610,65610,20,"03","4",0,0,2,0,NORMAL
787,787,30,EMP1042,EMP1052,3935,3935,30,"03","4",0,0,0,0,NORMAL
1067,1067,30,EMP1042,EMP1052,5335,5335,30,"03","4",0,0,0,0,NORMAL
947,947,30,EMP1042,EMP1052,4735,4735,30,"03","4",0,0,0,0,NORMAL
1215,1215,30,EMP1042,EMP1052,6075,6075,30,"03","4",0,0,0,0,NORMAL
50200,50200,30,EMP1045,EMP1052,251000,251000,20,"03","5",0,0,2,0,NORMAL
68862,68862,30,EMP1045,EMP1052,344313,344313,20,"03","5",0,0,2,0,NORMAL
93362,93362,30,EMP1045,EMP1052,466813,466813,20,"03","5",0,0,2,0,DELAY
82862,82862,30,EMP1045,EMP1052,414313,414313,20,"03","5",0,0,2,0,NORMAL
106312,106312,30,EMP1045,EMP1052,531563,531563,20,"03","5",0,0,2,0,NORMAL
9050,9050,30,EMP1045,EMP1052,45253,45253,20,"03","5",0,0,2,0,NORMAL
12270,12270,30,EMP1045,EMP1052,61353,61353,20,"03","5",0,0,2,0,NORMAL
10890,10890,30,EMP1045,EMP1052,54453,54453,20,"03","5",0,0,2,0,NORMAL
13972,13972,30,EMP1045,EMP1052,69863,69863,20,"03","5",0,0,2,0,NORMAL
8499,8499,30,EMP1045,EMP1052,42498,42498,20,"03","5",0,0,2,0,NORMAL
11523,11523,30,EMP1045,EMP1052,57618,57618,20,"03","5",0,0,2,0,NORMAL
10227,10227,30,EMP1045,EMP1052,51138,51138,20,"03","5",0,0,2,0,NORMAL
13122,13122,30,EMP1045,EMP1052,65610,65610,20,"03","5",0,0,2,0,NORMAL
787,787,30,EMP1045,EMP1052,3935,3935,30,"03","5",0,0,0,0,NORMAL
1067,1067,30,EMP1045,EMP1052,5335,5335,30,"03","5",0,0,0,0,NORMAL
947,947,30,EMP1045,EMP1052,4735,4735,30,"03","5",0,0,0,0,NORMAL
1215,1215,30,EMP1045,EMP1052,6075,6075,30,"03","5",0,0,0,0,NORMAL
50200,50200,30,EMP1042,EMP1052,251000,251000,20,"03","6",0,0,2,0,NORMAL
68862,68862,30,EMP1042,EMP1052,344313,344313,20,"03","6",0,0,2,0,NORMAL
93362,93362,30,EMP1042,EMP1052,466813,466813,20,"03","6",0,0,2,0,NORMAL
82862,82862,30,EMP1042,EMP1052,414313,414313,20,"03","6",0,0,2,0,NORMAL
106312,106312,30,EMP1042,EMP1052,531563,531563,20,"03","6",0,0,2,0,NORMAL
9050,9050,30,EMP1042,EMP1052,45253,45253,20,"03","6",0,0,2,0,NORMAL
12270,12270,30,EMP1042,EMP1052,61353,61353,20,"03","6",0,0,2,0,NORMAL
10890,10890,30,EMP1042,EMP1052,54453,54453,20,"03","6",0,0,2,0,NORMAL
13972,13972,30,EMP1042,EMP1052,69863,69863,20,"03","6",0,0,2,0,NORMAL
8499,8499,30,EMP1042,EMP1052,42498,42498,20,"03","6",0,0,2,0,NORMAL
11523,11523,30,EMP1042,EMP1052,57618,57618,20,"03","6",0,0,2,0,NORMAL
10227,10227,30,EMP1042,EMP1052,51138,51138,20,"03","6",0,0,2,0,NORMAL
13122,13122,30,EMP1042,EMP1052,65610,65610,20,"03","6",0,0,2,0,NORMAL
787,787,30,EMP1042,EMP1052,3935,3935,30,"03","6",0,0,0,0,NORMAL
1067,1067,30,EMP1042,EMP1052,5335,5335,30,"03","6",0,0,0,0,NORMAL
947,947,30,EMP1042,EMP1052,4735,4735,30,"03","6",0,0,0,0,NORMAL
1215,1215,30,EMP1042,EMP1052,6075,6075,30,"03","6",0,0,0,0,NORMAL
50200,50200,30,EMP1055,EMP1045,251000,251000,20,"03","2",0,0,2,0,NORMAL
68862,68862,30,EMP1055,EMP1045,344313,344313,20,"03","2",0,0,2,0,NORMAL
93362,93362,30,EMP1055,EMP1045,466813,466813,20,"03","2",0,0,2,0,NORMAL
82862,82862,30,EMP1055,EMP1045,414313,414313,20,"03","2",0,0,2,0,NORMAL
106312,106312,30,EMP1055,EMP1045,531563,531563,20,"03","2",0,0,2,0,NORMAL
9050,9050,30,EMP1055,EMP1045,45253,45253,20,"03","2",0,0,2,0,NORMAL
12270,12270,30,EMP1055,EMP1045,61353,61353,20,"03","2",0,0,2,0,NORMAL
10890,10890,30,EMP1055,EMP1045,54453,54453,20,"03","2",0,0,2,0,NORMAL
13972,13972,30,EMP1055,EMP1045,69863,69863,20,"03","2",0,0,2,0,NORMAL
8499,8499,30,EMP1055,EMP1045,42498,42498,20,"03","2",0,0,2,0,NORMAL
11523,11523,30,EMP1055,EMP1045,57618,57618,20,"03","2",0,0,2,0,NORMAL
10227,10227,30,EMP1055,EMP1045,51138,51138,20,"03","2",0,0,2,0,NORMAL
13122,13122,30,EMP1055,EMP1045,65610,65610,20,"03","2",0,0,2,0,NORMAL
787,787,30,EMP1055,EMP1045,3935,3935,30,"03","2",0,0,0,0,NORMAL
1067,1067,30,EMP1055,EMP1045,5335,5335,30,"03","2",0,0,0,0,NORMAL
947,947,30,EMP1055,EMP1045,4735,4735,30,"03","2",0,0,0,0,NORMAL
1215,1215,30,EMP1055,EMP1045,6075,6075,30,"03","2",0,0,0,0,NORMAL
50200,50200,30,EMP1045,EMP1001,251000,251000,20,"03","3",0,0,2,0,DELAY
68865,68865,30,EMP1045,EMP1001,344313,344313,20,"03","3",0,0,2,0,NORMAL
93365,93365,30,EMP1045,EMP1001,466813,466813,20,"03","3",0,0,2,0,NORMAL
82865,82865,30,EMP1045,EMP1001,414313,414313,20,"03","3",0,0,2,0,NORMAL
106315,106315,30,EMP1045,EMP1001,531563,531563,20,"03","3",0,0,2,0,NORMAL
9053,9053,30,EMP1045,EMP1001,45253,45253,20,"03","3",0,0,2,0,NORMAL
12273,12273,30,EMP1045,EMP1001,61353,61353,20,"03","3",0,0,2,0,NORMAL
10893,10893,30,EMP1045,EMP1001,54453,54453,20,"03","3",0,0,2,0,NORMAL
13975,13975,30,EMP1045,EMP1001,69863,69863,20,"03","3",0,0,2,0,NORMAL
8502,8502,30,EMP1045,EMP1001,42498,42498,20,"03","3",0,0,2,0,NORMAL
11526,11526,30,EMP1045,EMP1001,57618,57618,20,"03","3",0,0,2,0,NORMAL
10230,10230,30,EMP1045,EMP1001,51138,51138,20,"03","3",0,0,2,0,NORMAL
13122,13122,30,EMP1045,EMP1001,65610,65610,20,"03","3",0,0,2,0,NORMAL
787,787,30,EMP1045,EMP1001,3935,3935,30,"03","3",0,0,0,0,NORMAL
1067,1067,30,EMP1045,EMP1001,5335,5335,30,"03","3",0,0,0,0,NORMAL
947,947,30,EMP1045,EMP1001,4735,4735,30,"03","3",0,0,0,0,NORMAL
1215,1215,30,EMP1045,EMP1001,6075,6075,30,"03","3",0,0,0,0,NORMAL
45037,45037,30,EMP1047,EMP1051,225188,225188,20,"03","4",0,0,2,0,NORMAL
67462,67462,30,EMP1047,EMP1051,337313,337313,20,"03","4",0,0,2,0,NORMAL
78050,78050,30,EMP1047,EMP1051,390250,390250,20,"03","4",0,0,2,0,NORMAL
93012,93012,30,EMP1047,EMP1051,465063,465063,20,"03","4",0,0,2,0,NORMAL
76737,76737,30,EMP1047,EMP1051,383688,383688,20,"03","4",0,0,2,0,NORMAL
8866,8866,30,EMP1047,EMP1051,44333,44333,20,"03","4",0,0,2,0,NORMAL
10258,10258,30,EMP1047,EMP1051,51290,51290,20,"03","4",0,0,2,0,NORMAL
12224,12224,30,EMP1047,EMP1051,61123,61123,20,"03","4",0,0,2,0,NORMAL
10085,10085,30,EMP1047,EMP1051,50428,50428,20,"03","4",0,0,2,0,NORMAL
8326,8326,30,EMP1047,EMP1051,41634,41634,20,"03","4",0,0,2,0,NORMAL
9633,9633,30,EMP1047,EMP1051,48168,48168,20,"03","4",0,0,2,0,NORMAL
11480,11480,30,EMP1047,EMP1051,57402,57402,20,"03","4",0,0,2,0,NORMAL
9471,9471,30,EMP1047,EMP1051,47358,47358,20,"03","4",0,0,2,0,NORMAL
771,771,30,EMP1047,EMP1051,3855,3855,30,"03","4",0,0,0,0,NORMAL
892,892,30,EMP1047,EMP1051,4460,4460,30,"03","4",0,0,0,0,NORMAL
1063,1063,30,EMP1047,EMP1051,5315,5315,30,"03","4",0,0,0,0,NORMAL
877,877,30,EMP1047,EMP1051,4385,4385,30,"03","4",0,0,0,0,NORMAL
45037,45037,30,EMP1050,EMP1043,225188,225188,20,"03","5",0,0,2,0,NORMAL
67462,67462,30,EMP1050,EMP1043,337313,337313,20,"03","5",0,0,2,0,NORMAL
78050,78050,30,EMP1050,EMP1043,390250,390250,20,"03","5",0,0,2,0,NORMAL
93012,93012,30,EMP1050,EMP1043,465063,465063,20,"03","5",0,0,2,0,NORMAL
76737,76737,30,EMP1050,EMP1043,383688,383688,20,"03","5",0,0,2,0,NORMAL
8866,8866,30,EMP1050,EMP1043,44333,44333,20,"03","5",0,0,2,0,NORMAL
10258,10258,30,EMP1050,EMP1043,51290,51290,20,"03","5",0,0,2,0,NORMAL
12224,12224,30,EMP1050,EMP1043,61123,61123,20,"03","5",0,0,2,0,NORMAL
10085,10085,30,EMP1050,EMP1043,50428,50428,20,"03","5",0,0,2,0,NORMAL
8326,8326,30,EMP1050,EMP1043,41634,41634,20,"03","5",0,0,2,0,NORMAL
9633,9633,30,EMP1050,EMP1043,48168,48168,20,"03","5",0,0,2,0,NORMAL
11480,11480,30,EMP1050,EMP1043,57402,57402,20,"03","5",0,0,2,0,NORMAL
9471,9471,30,EMP1050,EMP1043,47358,47358,20,"03","5",0,0,2,0,NORMAL
771,771,30,EMP1050,EMP1043,3855,3855,30,"03","5",0,0,0,0,NORMAL
892,892,30,EMP1050,EMP1043,4460,4460,30,"03","5",0,0,0,0,NORMAL
1063,1063,30,EMP1050,EMP1043,5315,5315,30,"03","5",0,0,0,0,NORMAL
877,877,30,EMP1050,EMP1043,4385,4385,30,"03","5",0,0,0,0,NORMAL
45037,45037,30,EMP1049,EMP1045,225188,225188,20,"03","6",0,0,2,0,NORMAL
67462,67462,30,EMP1049,EMP1045,337313,337313,20,"03","6",0,0,2,0,NORMAL
78050,78050,30,EMP1049,EMP1045,390250,390250,20,"03","6",0,0,2,0,NORMAL
93012,93012,30,EMP1049,EMP1045,465063,465063,20,"03","6",0,0,2,0,NORMAL
76737,76737,30,EMP1049,EMP1045,383688,383688,20,"03","6",0,0,2,0,NORMAL
8866,8866,30,EMP1049,EMP1045,44333,44333,20,"03","6",0,0,2,0,NORMAL
10258,10258,30,EMP1049,EMP1045,51290,51290,20,"03","6",0,0,2,0,NORMAL
12224,12224,30,EMP1049,EMP1045,61123,61123,20,"03","6",0,0,2,0,NORMAL
10085,10085,30,EMP1049,EMP1045,50428,50428,20,"03","6",0,0,2,0,NORMAL
8326,8326,30,EMP1049,EMP1045,41634,41634,20,"03","6",0,0,2,0,NORMAL
9633,9633,30,EMP1049,EMP1045,48168,48168,20,"03","6",0,0,2,0,NORMAL
11480,11480,30,EMP1049,EMP1045,57402,57402,20,"03","6",0,0,2,0,NORMAL
9471,9471,30,EMP1049,EMP1045,47358,47358,20,"03","6",0,0,2,0,NORMAL
771,771,30,EMP1049,EMP1045,3855,3855,30,"03","6",0,0,0,0,NORMAL
892,892,30,EMP1049,EMP1045,4460,4460,30,"03","6",0,0,0,0,NORMAL
1063,1063,30,EMP1049,EMP1045,5315,5315,30,"03","6",0,0,0,0,NORMAL
877,877,30,EMP1049,EMP1045,4385,4385,30,"03","6",0,0,0,0,NORMAL
45037,45037,30,EMP1007,EMP1041,225188,225188,20,"03","2",0,0,2,0,NORMAL
67462,67462,30,EMP1007,EMP1041,337313,337313,20,"03","2",0,0,2,0,NORMAL
78050,78050,30,EMP1007,EMP1041,390250,390250,20,"03","2",0,0,2,0,NORMAL
93012,93012,30,EMP1007,EMP1041,465063,465063,20,"03","2",0,0,2,0,NORMAL
76737,76737,30,EMP1007,EMP1041,383688,383688,20,"03","2",0,0,2,0,NORMAL
8866,8866,30,EMP1007,EMP1041,44333,44333,20,"03","2",0,0,2,0,NORMAL
10258,10258,30,EMP1007,EMP1041,51290,51290,20,"03","2",0,0,2,0,NORMAL
12224,12224,30,EMP1007,EMP1041,61123,61123,20,"03","2",0,0,2,0,NORMAL
10085,10085,30,EMP1007,EMP1041,50428,50428,20,"03","2",0,0,2,0,NORMAL
8326,8326,30,EMP1007,EMP1041,41634,41634,20,"03","2",0,0,2,0,NORMAL
9633,9633,30,EMP1007,EMP1041,48168,48168,20,"03","2",0,0,2,0,NORMAL
11480,11480,30,EMP1007,EMP1041,57402,57402,20,"03","2",0,0,2,0,NORMAL
9471,9471,30,EMP1007,EMP1041,47358,47358,20,"03","2",0,0,2,0,NORMAL
771,771,30,EMP1007,EMP1041,3855,3855,30,"03","2",0,0,0,0,NORMAL
892,892,30,EMP1007,EMP1041,4460,4460,30,"03","2",0,0,0,0,NORMAL
1063,1063,30,EMP1007,EMP1041,5315,5315,30,"03","2",0,0,0,0,NORMAL
877,877,30,EMP1007,EMP1041,4385,4385,30,"03","2",0,0,0,0,NORMAL
45040,45040,30,EMP1006,EMP1002,225188,225188,20,"03","3",0,0,2,0,NORMAL
67465,67465,30,EMP1006,EMP1002,337313,337313,20,"03","3",0,0,2,0,NORMAL
78050,78050,30,EMP1006,EMP1002,390250,390250,20,"03","3",0,0,2,0,NORMAL
93015,93015,30,EMP1006,EMP1002,465063,465063,20,"03","3",0,0,2,0,NORMAL
76740,76740,30,EMP1006,EMP1002,383688,383688,20,"03","3",0,0,2,0,NORMAL
8869,8869,30,EMP1006,EMP1002,44333,44333,20,"03","3",0,0,2,0,NORMAL
10258,10258,30,EMP1006,EMP1002,51290,51290,20,"03","3",0,0,2,0,NORMAL
12227,12227,30,EMP1006,EMP1002,61123,61123,20,"03","3",0,0,2,0,NORMAL
10088,10088,30,EMP1006,EMP1002,50428,50428,20,"03","3",0,0,2,0,NORMAL
8330,8330,30,EMP1006,EMP1002,41634,41634,20,"03","3",0,0,2,0,NORMAL
9636,9636,30,EMP1006,EMP1002,48168,48168,20,"03","3",0,0,2,0,NORMAL
11482,11482,30,EMP1006,EMP1002,57402,57402,20,"03","3",0,0,2,0,NORMAL
9474,9474,30,EMP1006,EMP1002,47358,47358,20,"03","3",0,0,2,0,NORMAL
771,771,30,EMP1006,EMP1002,3855,3855,30,"03","3",0,0,0,0,NORMAL
892,892,30,EMP1006,EMP1002,4460,4460,30,"03","3",0,0,0,0,NORMAL
1063,1063,30,EMP1006,EMP1002,5315,5315,30,"03","3",0,0,0,0,NORMAL
877,877,30,EMP1006,EMP1002,4385,4385,30,"03","3",0,0,0,0,NORMAL
49625,49625,30,EMP1053,EMP1001,248125,248125,20,"03","4",0,0,2,0,NORMAL
76650,76650,30,EMP1053,EMP1001,383250,383250,20,"03","4",0,0,2,0,NORMAL
83475,83475,30,EMP1053,EMP1001,417375,417375,20,"03","4",0,0,2,0,NORMAL
80587,80587,30,EMP1053,EMP1001,402938,402938,20,"03","4",0,0,2,0,NORMAL
106662,106662,30,EMP1053,EMP1001,533313,533313,20,"03","4",0,0,2,0,NORMAL
10074,10074,30,EMP1053,EMP1001,50370,50370,20,"03","4",0,0,2,0,NORMAL
10971,10971,30,EMP1053,EMP1001,54855,54855,20,"03","4",0,0,2,0,NORMAL
10591,10591,30,EMP1053,EMP1001,52958,52958,20,"03","4",0,0,2,0,NORMAL
14018,14018,30,EMP1053,EMP1001,70093,70093,20,"03","4",0,0,2,0,NORMAL
9460,9460,30,EMP1053,EMP1001,47304,47304,20,"03","4",0,0,2,0,NORMAL
10303,10303,30,EMP1053,EMP1001,51516,51516,20,"03","4",0,0,2,0,NORMAL
9946,9946,30,EMP1053,EMP1001,49734,49734,20,"03","4",0,0,2,0,NORMAL
13165,13165,30,EMP1053,EMP1001,65826,65826,20,"03","4",0,0,2,0,NORMAL
876,876,30,EMP1053,EMP1001,4380,4380,30,"03","4",0,0,0,0,NORMAL
954,954,30,EMP1053,EMP1001,4770,4770,30,"03","4",0,0,0,0,NORMAL
921,921,30,EMP1053,EMP1001,4605,4605,30,"03","4",0,0,0,0,NORMAL
1219,1219,30,EMP1053,EMP1001,6095,6095,30,"03","4",0,0,0,0,NORMAL
49625,49625,30,EMP1047,EMP1007,248125,248125,20,"03","5",0,0,2,0,NORMAL
76650,76650,30,EMP1047,EMP1007,383250,383250,20,"03","5",0,0,2,0,NORMAL
83475,83475,30,EMP1047,EMP1007,417375,417375,20,"03","5",0,0,2,0,NORMAL
80587,80587,30,EMP1047,EMP1007,402938,402938,20,"03","5",0,0,2,0,NORMAL
106662,106662,30,EMP1047,EMP1007,533313,533313,20,"03","5",0,0,2,0,NORMAL
10074,10074,30,EMP1047,EMP1007,50370,50370,20,"03","5",0,0,2,0,NORMAL
10971,10971,30,EMP1047,EMP1007,54855,54855,20,"03","5",0,0,2,0,DELAY
10591,10591,30,EMP1047,EMP1007,52958,52958,20,"03","5",0,0,2,0,NORMAL
14018,14018,30,EMP1047,EMP1007,70093,70093,20,"03","5",0,0,2,0,NORMAL
9460,9460,30,EMP1047,EMP1007,47304,47304,20,"03","5",0,0,2,0,NORMAL
10303,10303,30,EMP1047,EMP1007,51516,51516,20,"03","5",0,0,2,0,NORMAL
9946,9946,30,EMP1047,EMP1007,49734,49734,20,"03","5",0,0,2,0,DELAY
13165,13165,30,EMP1047,EMP1007,65826,65826,20,"03","5",0,0,2,0,NORMAL
876,876,30,EMP1047,EMP1007,4380,4380,30,"03","5",0,0,0,0,NORMAL
954,954,30,EMP1047,EMP1007,4770,4770,30,"03","5",0,0,0,0,NORMAL
921,921,30,EMP1047,EMP1007,4605,4605,30,"03","5",0,0,0,0,NORMAL
1219,1219,30,EMP1047,EMP1007,6095,6095,30,"03","5",0,0,0,0,NORMAL
49625,49625,30,EMP1049,EMP1005,248125,248125,20,"03","6",0,0,2,0,NORMAL
76650,76650,30,EMP1049,EMP1005,383250,383250,20,"03","6",0,0,2,0,NORMAL
83475,83475,30,EMP1049,EMP1005,417375,417375,20,"03","6",0,0,2,0,NORMAL
80587,80587,30,EMP1049,EMP1005,402938,402938,20,"03","6",0,0,2,0,NORMAL
106662,106662,30,EMP1049,EMP1005,533313,533313,20,"03","6",0,0,2,0,NORMAL
10074,10074,30,EMP1049,EMP1005,50370,50370,20,"03","6",0,0,2,0,NORMAL
10971,10971,30,EMP1049,EMP1005,54855,54855,20,"03","6",0,0,2,0,NORMAL
10591,10591,30,EMP1049,EMP1005,52958,52958,20,"03","6",0,0,2,0,NORMAL
14018,14018,30,EMP1049,EMP1005,70093,70093,20,"03","6",0,0,2,0,NORMAL
9460,9460,30,EMP1049,EMP1005,47304,47304,20,"03","6",0,0,2,0,NORMAL
10303,10303,30,EMP1049,EMP1005,51516,51516,20,"03","6",0,0,2,0,NORMAL
9946,9946,30,EMP1049,EMP1005,49734,49734,20,"03","6",0,0,2,0,NORMAL
13165,13165,30,EMP1049,EMP1005,65826,65826,20,"03","6",0,0,2,0,NORMAL
876,876,30,EMP1049,EMP1005,4380,4380,30,"03","6",0,0,0,0,NORMAL
954,954,30,EMP1049,EMP1005,4770,4770,30,"03","6",0,0,0,0,NORMAL
921,921,30,EMP1049,EMP1005,4605,4605,30,"03","6",0,0,0,0,NORMAL
1219,1219,30,EMP1049,EMP1005,6095,6095,30,"03","6",0,0,0,0,NORMAL
49625,49625,30,EMP1004,EMP1005,248125,248125,20,"03","2",0,0,2,0,NORMAL
76650,76650,30,EMP1004,EMP1005,383250,383250,20,"03","2",0,0,2,0,NORMAL
83475,83475,30,EMP1004,EMP1005,417375,417375,20,"03","2",0,0,2,0,NORMAL
80587,80587,30,EMP1004,EMP1005,402938,402938,20,"03","2",0,0,2,0,NORMAL
106662,106662,30,EMP1004,EMP1005,533313,533313,20,"03","2",0,0,2,0,NORMAL
10074,10074,30,EMP1004,EMP1005,50370,50370,20,"03","2",0,0,2,0,NORMAL
10971,10971,30,EMP1004,EMP1005,54855,54855,20,"03","2",0,0,2,0,NORMAL
10591,10591,30,EMP1004,EMP1005,52958,52958,20,"03","2",0,0,2,0,NORMAL
14018,14018,30,EMP1004,EMP1005,70093,70093,20,"03","2",0,0,2,0,NORMAL
9460,9460,30,EMP1004,EMP1005,47304,47304,20,"03","2",0,0,2,0,NORMAL
10303,10303,30,EMP1004,EMP1005,51516,51516,20,"03","2",0,0,2,0,NORMAL
9946,9946,30,EMP1004,EMP1005,49734,49734,20,"03","2",0,0,2,0,NORMAL
13165,13165,30,EMP1004,EMP1005,65826,65826,20,"03","2",0,0,2,0,NORMAL
876,876,30,EMP1004,EMP1005,4380,4380,30,"03","2",0,0,0,0,NORMAL
954,954,30,EMP1004,EMP1005,4770,4770,30,"03","2",0,0,0,0,NORMAL
921,921,30,EMP1004,EMP1005,4605,4605,30,"03","2",0,0,0,0,NORMAL
1219,1219,30,EMP1004,EMP1005,6095,6095,30,"03","2",0,0,0,0,NORMAL
49625,49625,30,EMP1045,EMP1046,248125,248125,20,"03","3",0,0,2,0,NORMAL
76650,76650,30,EMP1045,EMP1046,383250,383250,20,"03","3",0,0,2,0,NORMAL
83475,83475,30,EMP1045,EMP1046,417375,417375,20,"03","3",0,0,2,0,NORMAL
80590,80590,30,EMP1045,EMP1046,402938,402938,20,"03","3",0,0,2,0,NORMAL
106665,106665,30,EMP1045,EMP1046,533313,533313,20,"03","3",0,0,2,0,NORMAL
10074,10074,30,EMP1045,EMP1046,50370,50370,20,"03","3",0,0,2,0,NORMAL
10971,10971,30,EMP1045,EMP1046,54855,54855,20,"03","3",0,0,2,0,NORMAL
10594,10594,30,EMP1045,EMP1046,52958,52958,20,"03","3",0,0,2,0,NORMAL
14021,14021,30,EMP1045,EMP1046,70093,70093,20,"03","3",0,0,2,0,NORMAL
9464,9464,30,EMP1045,EMP1046,47304,47304,20,"03","3",0,0,2,0,NORMAL
10304,10304,30,EMP1045,EMP1046,51516,51516,20,"03","3",0,0,2,0,DELAY
9950,9950,30,EMP1045,EMP1046,49734,49734,20,"03","3",0,0,2,0,NORMAL
13166,13166,30,EMP1045,EMP1046,65826,65826,20,"03","3",0,0,2,0,NORMAL
876,876,30,EMP1045,EMP1046,4380,4380,30,"03","3",0,0,0,0,NORMAL
954,954,30,EMP1045,EMP1046,4770,4770,30,"03","3",0,0,0,0,NORMAL
921,921,30,EMP1045,EMP1046,4605,4605,30,"03","3",0,0,0,0,NORMAL
1219,1219,30,EMP1045,EMP1046,6095,6095,30,"03","3",0,0,0,0,NORMAL
45037,45037,30,EMP1053,EMP1041,225188,225188,20,"03","4",0,0,2,0,NORMAL
65187,65187,30,EMP1053,EMP1041,325938,325938,20,"03","4",0,0,2,0,NORMAL
73062,73062,30,EMP1053,EMP1041,365313,365313,20,"03","4",0,0,2,0,NORMAL
63612,63612,30,EMP1053,EMP1041,318063,318063,20,"03","4",0,0,2,0,NORMAL
113400,113400,30,EMP1053,EMP1041,567000,567000,20,"03","4",0,0,2,0,NORMAL
8567,8567,30,EMP1053,EMP1041,42838,42838,20,"03","4",0,0,2,0,NORMAL
9602,9602,30,EMP1053,EMP1041,48013,48013,20,"03","4",0,0,2,0,NORMAL
8360,8360,30,EMP1053,EMP1041,41803,41803,20,"03","4",0,0,2,0,NORMAL
14904,14904,30,EMP1053,EMP1041,74520,74520,20,"03","4",0,0,2,0,NORMAL
8046,8046,30,EMP1053,EMP1041,40230,40230,20,"03","4",0,0,2,0,NORMAL
9018,9018,30,EMP1053,EMP1041,45090,45090,20,"03","4",0,0,2,0,NORMAL
7851,7851,30,EMP1053,EMP1041,39258,39258,20,"03","4",0,0,2,0,NORMAL
13996,13996,30,EMP1053,EMP1041,69984,69984,20,"03","4",0,0,2,0,NORMAL
745,745,30,EMP1053,EMP1041,3725,3725,30,"03","4",0,0,0,0,NORMAL
835,835,30,EMP1053,EMP1041,4175,4175,30,"03","4",0,0,0,0,NORMAL
727,727,30,EMP1053,EMP1041,3635,3635,30,"03","4",0,0,0,0,NORMAL
1296,1296,30,EMP1053,EMP1041,6480,6480,30,"03","4",0,0,0,0,NORMAL
45037,45037,30,EMP1052,EMP1005,225188,225188,20,"03","5",0,0,2,0,NORMAL
65187,65187,30,EMP1052,EMP1005,325938,325938,20,"03","5",0,0,2,0,NORMAL
73062,73062,30,EMP1052,EMP1005,365313,365313,20,"03","5",0,0,2,0,NORMAL
63612,63612,30,EMP1052,EMP1005,318063,318063,20,"03","5",0,0,2,0,NORMAL
113400,113400,30,EMP1052,EMP1005,567000,567000,20,"03","5",0,0,2,0,NORMAL
8567,8567,30,EMP1052,EMP1005,42838,42838,20,"03","5",0,0,2,0,NORMAL
9602,9602,30,EMP1052,EMP1005,48013,48013,20,"03","5",0,0,2,0,NORMAL
8360,8360,30,EMP1052,EMP1005,41803,41803,20,"03","5",0,0,2,0,NORMAL
14904,14904,30,EMP1052,EMP1005,74520,74520,20,"03","5",0,0,2,0,NORMAL
8046,8046,30,EMP1052,EMP1005,40230,40230,20,"03","5",0,0,2,0,NORMAL
9018,9018,30,EMP1052,EMP1005,45090,45090,20,"03","5",0,0,2,0,NORMAL
7851,7851,30,EMP1052,EMP1005,39258,39258,20,"03","5",0,0,2,0,NORMAL
13996,13996,30,EMP1052,EMP1005,69984,69984,20,"03","5",0,0,2,0,NORMAL
745,745,30,EMP1052,EMP1005,3725,3725,30,"03","5",0,0,0,0,NORMAL
835,835,30,EMP1052,EMP1005,4175,4175,30,"03","5",0,0,0,0,NORMAL
727,727,30,EMP1052,EMP1005,3635,3635,30,"03","5",0,0,0,0,NORMAL
1296,1296,30,EMP1052,EMP1005,6480,6480,30,"03","5",0,0,0,0,NORMAL
45037,45037,30,EMP1041,EMP1006,225188,225188,20,"03","6",0,0,2,0,NORMAL
65187,65187,30,EMP1041,EMP1006,325938,325938,20,"03","6",0,0,2,0,NORMAL
73062,73062,30,EMP1041,EMP1006,365313,365313,20,"03","6",0,0,2,0,NORMAL
63612,63612,30,EMP1041,EMP1006,318063,318063,20,"03","6",0,0,2,0,NORMAL
113400,113400,30,EMP1041,EMP1006,567000,567000,20,"03","6",0,0,2,0,NORMAL
8567,8567,30,EMP1041,EMP1006,42838,42838,20,"03","6",0,0,2,0,NORMAL
9602,9602,30,EMP1041,EMP1006,48013,48013,20,"03","6",0,0,2,0,NORMAL
8360,8360,30,EMP1041,EMP1006,41803,41803,20,"03","6",0,0,2,0,NORMAL
14904,14904,30,EMP1041,EMP1006,74520,74520,20,"03","6",0,0,2,0,NORMAL
8046,8046,30,EMP1041,EMP1006,40230,40230,20,"03","6",0,0,2,0,NORMAL
9018,9018,30,EMP1041,EMP1006,45090,45090,20,"03","6",0,0,2,0,NORMAL
7851,7851,30,EMP1041,EMP1006,39258,39258,20,"03","6",0,0,2,0,NORMAL
13996,13996,30,EMP1041,EMP1006,69984,69984,20,"03","6",0,0,2,0,NORMAL
745,745,30,EMP1041,EMP1006,3725,3725,30,"03","6",0,0,0,0,NORMAL
835,835,30,EMP1041,EMP1006,4175,4175,30,"03","6",0,0,0,0,NORMAL
727,727,30,EMP1041,EMP1006,3635,3635,30,"03","6",0,0,0,0,NORMAL
1296,1296,30,EMP1041,EMP1006,6480,6480,30,"03","6",0,0,0,0,NORMAL
45037,45037,30,EMP1055,EMP1004,225188,225188,20,"03","2",0,0,2,0,NORMAL
65187,65187,30,EMP1055,EMP1004,325938,325938,20,"03","2",0,0,2,0,NORMAL
73062,73062,30,EMP1055,EMP1004,365313,365313,20,"03","2",0,0,2,0,NORMAL
63612,63612,30,EMP1055,EMP1004,318063,318063,20,"03","2",0,0,2,0,DELAY
113400,113400,30,EMP1055,EMP1004,567000,567000,20,"03","2",0,0,2,0,NORMAL
8567,8567,30,EMP1055,EMP1004,42838,42838,20,"03","2",0,0,2,0,NORMAL
9602,9602,30,EMP1055,EMP1004,48013,48013,20,"03","2",0,0,2,0,NORMAL
8360,8360,30,EMP1055,EMP1004,41803,41803,20,"03","2",0,0,2,0,NORMAL
14904,14904,30,EMP1055,EMP1004,74520,74520,20,"03","2",0,0,2,0,NORMAL
8046,8046,30,EMP1055,EMP1004,40230,40230,20,"03","2",0,0,2,0,NORMAL
9018,9018,30,EMP1055,EMP1004,45090,45090,20,"03","2",0,0,2,0,NORMAL
7851,7851,30,EMP1055,EMP1004,39258,39258,20,"03","2",0,0,2,0,NORMAL
13996,13996,30,EMP1055,EMP1004,69984,69984,20,"03","2",0,0,2,0,NORMAL
745,745,30,EMP1055,EMP1004,3725,3725,30,"03","2",0,0,0,0,NORMAL
835,835,30,EMP1055,EMP1004,4175,4175,30,"03","2",0,0,0,0,NORMAL
727,727,30,EMP1055,EMP1004,3635,3635,30,"03","2",0,0,0,0,NORMAL
1296,1296,30,EMP1055,EMP1004,6480,6480,30,"03","2",0,0,0,0,NORMAL
45040,45040,30,EMP1045,EMP1047,225188,225188,20,"03","3",0,0,2,0,NORMAL
65190,65190,30,EMP1045,EMP1047,325938,325938,20,"03","3",0,0,2,0,NORMAL
73065,73065,30,EMP1045,EMP1047,365313,365313,20,"03","3",0,0,2,0,NORMAL
63615,63615,30,EMP1045,EMP1047,318063,318063,20,"03","3",0,0,2,0,NORMAL
113400,113400,30,EMP1045,EMP1047,567000,567000,20,"03","3",0,0,2,0,NORMAL
8570,8570,30,EMP1045,EMP1047,42838,42838,20,"03","3",0,0,2,0,NORMAL
9605,9605,30,EMP1045,EMP1047,48013,48013,20,"03","3",0,0,2,0,NORMAL
8363,8363,30,EMP1045,EMP1047,41803,41803,20,"03","3",0,0,2,0,NORMAL
14904,14904,30,EMP1045,EMP1047,74520,74520,20,"03","3",0,0,2,0,NORMAL
8046,8046,30,EMP1045,EMP1047,40230,40230,20,"03","3",0,0,2,0,NORMAL
9018,9018,30,EMP1045,EMP1047,45090,45090,20,"03","3",0,0,2,0,NORMAL
7854,7854,30,EMP1045,EMP1047,39258,39258,20,"03","3",0,0,2,0,NORMAL
14000,14000,30,EMP1045,EMP1047,69984,69984,20,"03","3",0,0,2,0,NORMAL
745,745,30,EMP1045,EMP1047,3725,3725,30,"03","3",0,0,0,0,NORMAL
835,835,30,EMP1045,EMP1047,4175,4175,30,"03","3",0,0,0,0,NORMAL
727,727,30,EMP1045,EMP1047,3635,3635,30,"03","3",0,0,0,0,NORMAL
1296,1296,30,EMP1045,EMP1047,6480,6480,30,"03","3",0,0,0,0,NORMAL
47037,47037,30,EMP1041,EMP1045,235188,235188,20,"04","4",0,0,2,0,NORMAL
84437,84437,30,EMP1041,EMP1045,422188,422188,20,"04","4",0,0,2,0,NORMAL
99400,99400,30,EMP1041,EMP1045,497000,497000,20,"04","4",0,0,2,0,NORMAL
70875,70875,30,EMP1041,EMP1045,354375,354375,20,"04","4",0,0,2,0,NORMAL
74550,74550,30,EMP1041,EMP1045,372750,372750,20,"04","4",0,0,2,0,NORMAL
11097,11097,30,EMP1041,EMP1045,55488,55488,20,"04","4",0,0,2,0,NORMAL
13064,13064,30,EMP1041,EMP1045,65320,65320,20,"04","4",0,0,2,0,NORMAL
9315,9315,30,EMP1041,EMP1045,46575,46575,20,"04","4",0,0,2,0,NORMAL
9798,9798,30,EMP1041,EMP1045,48990,48990,20,"04","4",0,0,2,0,NORMAL
10422,10422,30,EMP1041,EMP1045,52110,52110,20,"04","4",0,0,2,0,NORMAL
12268,12268,30,EMP1041,EMP1045,61344,61344,20,"04","4",0,0,2,0,NORMAL
8748,8748,30,EMP1041,EMP1045,43740,43740,20,"04","4",0,0,2,0,DELAY
9201,9201,30,EMP1041,EMP1045,46008,46008,20,"04","4",0,0,2,0,NORMAL
965,965,30,EMP1041,EMP1045,4825,4825,30,"04","4",0,0,0,0,NORMAL
1136,1136,30,EMP1041,EMP1045,5680,5680,30,"04","4",0,0,0,0,NORMAL
810,810,30,EMP1041,EMP1045,4050,4050,30,"04","4",0,0,0,0,NORMAL
852,852,30,EMP1041,EMP1045,4260,4260,30,"04","4",0,0,0,0,NORMAL
47037,47037,30,EMP1057,EMP1002,235188,235188,20,"04","5",0,0,2,0,NORMAL
84437,84437,30,EMP1057,EMP1002,422188,422188,20,"04","5",0,0,2,0,NORMAL
99400,99400,30,EMP1057,EMP1002,497000,497000,20,"04","5",0,0,2,0,NORMAL
70875,70875,30,EMP1057,EMP1002,354375,354375,20,"04","5",0,0,2,0,NORMAL
74550,74550,30,EMP1057,EMP1002,372750,372750,20,"04","5",0,0,2,0,NORMAL
11097,11097,30,EMP1057,EMP1002,55488,55488,20,"04","5",0,0,2,0,NORMAL
13064,13064,30,EMP1057,EMP1002,65320,65320,20,"04","5",0,0,2,0,NORMAL
9315,9315,30,EMP1057,EMP1002,46575,46575,20,"04","5",0,0,2,0,NORMAL
9798,9798,30,EMP1057,EMP1002,48990,48990,20,"04","5",0,0,2,0,NORMAL
10422,10422,30,EMP1057,EMP1002,52110,52110,20,"04","5",0,0,2,0,NORMAL
12268,12268,30,EMP1057,EMP1002,61344,61344,20,"04","5",0,0,2,0,NORMAL
8748,8748,30,EMP1057,EMP1002,43740,43740,20,"04","5",0,0,2,0,NORMAL
9201,9201,30,EMP1057,EMP1002,46008,46008,20,"04","5",0,0,2,0,NORMAL
965,965,30,EMP1057,EMP1002,4825,4825,30,"04","5",0,0,0,0,NORMAL
1136,1136,30,EMP1057,EMP1002,5680,5680,30,"04","5",0,0,0,0,NORMAL
810,810,30,EMP1057,EMP1002,4050,4050,30,"04","5",0,0,0,0,NORMAL
852,852,30,EMP1057,EMP1002,4260,4260,30,"04","5",0,0,0,0,NORMAL
47037,47037,30,EMP1021,EMP1055,235188,235188,20,"04","6",0,0,2,0,NORMAL
84437,84437,30,EMP1021,EMP1055,422188,422188,20,"04","6",0,0,2,0,NORMAL
99400,99400,30,EMP1021,EMP1055,497000,497000,20,"04","6",0,0,2,0,NORMAL
70875,70875,30,EMP1021,EMP1055,354375,354375,20,"04","6",0,0,2,0,NORMAL
74550,74550,30,EMP1021,EMP1055,372750,372750,20,"04","6",0,0,2,0,DELAY
11097,11097,30,EMP1021,EMP1055,55488,55488,20,"04","6",0,0,2,0,NORMAL
13064,13064,30,EMP1021,EMP1055,65320,65320,20,"04","6",0,0,2,0,NORMAL
9315,9315,30,EMP1021,EMP1055,46575,46575,20,"04","6",0,0,2,0,NORMAL
9798,9798,30,EMP1021,EMP1055,48990,48990,20,"04","6",0,0,2,0,NORMAL
10422,10422,30,EMP1021,EMP1055,52110,52110,20,"04","6",0,0,2,0,NORMAL
12268,12268,30,EMP1021,EMP1055,61344,61344,20,"04","6",0,0,2,0,NORMAL
8748,8748,30,EMP1021,EMP1055,43740,43740,20,"04","6",0,0,2,0,NORMAL
9201,9201,30,EMP1021,EMP1055,46008,46008,20,"04","6",0,0,2,0,NORMAL
965,965,30,EMP1021,EMP1055,4825,4825,30,"04","6",0,0,0,0,NORMAL
1136,1136,30,EMP1021,EMP1055,5680,5680,30,"04","6",0,0,0,0,NORMAL
810,810,30,EMP1021,EMP1055,4050,4050,30,"04","6",0,0,0,0,NORMAL
852,852,30,EMP1021,EMP1055,4260,4260,30,"04","6",0,0,0,0,NORMAL
47037,47037,30,EMP1048,EMP1041,235188,235188,20,"04","2",0,0,2,0,NORMAL
84437,84437,30,EMP1048,EMP1041,422188,422188,20,"04","2",0,0,2,0,NORMAL
99400,99400,30,EMP1048,EMP1041,497000,497000,20,"04","2",0,0,2,0,NORMAL
70875,70875,30,EMP1048,EMP1041,354375,354375,20,"04","2",0,0,2,0,NORMAL
74550,74550,30,EMP1048,EMP1041,372750,372750,20,"04","2",0,0,2,0,NORMAL
11097,11097,30,EMP1048,EMP1041,55488,55488,20,"04","2",0,0,2,0,DELAY
13064,13064,30,EMP1048,EMP1041,65320,65320,20,"04","2",0,0,2,0,NORMAL
9315,9315,30,EMP1048,EMP1041,46575,46575,20,"04","2",0,0,2,0,DELAY
9798,9798,30,EMP1048,EMP1041,48990,48990,20,"04","2",0,0,2,0,NORMAL
10422,10422,30,EMP1048,EMP1041,52110,52110,20,"04","2",0,0,2,0,NORMAL
12268,12268,30,EMP1048,EMP1041,61344,61344,20,"04","2",0,0,2,0,NORMAL
8748,8748,30,EMP1048,EMP1041,43740,43740,20,"04","2",0,0,2,0,NORMAL
9201,9201,30,EMP1048,EMP1041,46008,46008,20,"04","2",0,0,2,0,NORMAL
965,965,30,EMP1048,EMP1041,4825,4825,30,"04","2",0,0,0,0,NORMAL
1136,1136,30,EMP1048,EMP1041,5680,5680,30,"04","2",0,0,0,0,NORMAL
810,810,30,EMP1048,EMP1041,4050,4050,30,"04","2",0,0,0,0,NORMAL
852,852,30,EMP1048,EMP1041,4260,4260,30,"04","2",0,0,0,0,NORMAL
47040,47040,30,EMP1050,EMP1054,235188,235188,20,"04","3",0,0,2,0,NORMAL
84440,84440,30,EMP1050,EMP1054,422188,422188,20,"04","3",0,0,2,0,NORMAL
99400,99400,30,EMP1050,EMP1054,497000,497000,20,"04","3",0,0,2,0,NORMAL
70875,70875,30,EMP1050,EMP1054,354375,354375,20,"04","3",0,0,2,0,NORMAL
74550,74550,30,EMP1050,EMP1054,372750,372750,20,"04","3",0,0,2,0,DELAY
11100,11100,30,EMP1050,EMP1054,55488,55488,20,"04","3",0,0,2,0,NORMAL
13064,13064,30,EMP1050,EMP1054,65320,65320,20,"04","3",0,0,2,0,NORMAL
9315,9315,30,EMP1050,EMP1054,46575,46575,20,"04","3",0,0,2,0,NORMAL
9798,9798,30,EMP1050,EMP1054,48990,48990,20,"04","3",0,0,2,0,NORMAL
10422,10422,30,EMP1050,EMP1054,52110,52110,20,"04","3",0,0,2,0,NORMAL
12272,12272,30,EMP1050,EMP1054,61344,61344,20,"04","3",0,0,2,0,NORMAL
8748,8748,30,EMP1050,EMP1054,43740,43740,20,"04","3",0,0,2,0,NORMAL
9204,9204,30,EMP1050,EMP1054,46008,46008,20,"04","3",0,0,2,0,NORMAL
965,965,30,EMP1050,EMP1054,4825,4825,30,"04","3",0,0,0,0,NORMAL
1136,1136,30,EMP1050,EMP1054,5680,5680,30,"04","3",0,0,0,0,NORMAL
810,810,30,EMP1050,EMP1054,4050,4050,30,"04","3",0,0,0,0,NORMAL
852,852,30,EMP1050,EMP1054,4260,4260,30,"04","3",0,0,0,0,NORMAL
47187,47187,30,EMP1052,EMP1054,235938,235938,20,"04","4",0,0,2,0,NORMAL
84087,84087,30,EMP1052,EMP1054,420438,420438,20,"04","4",0,0,2,0,NORMAL
64750,64750,30,EMP1052,EMP1054,323750,323750,20,"04","4",0,0,2,0,NORMAL
82600,82600,30,EMP1052,EMP1054,413000,413000,20,"04","4",0,0,2,0,NORMAL
98875,98875,30,EMP1052,EMP1054,494375,494375,20,"04","4",0,0,2,0,NORMAL
11051,11051,30,EMP1052,EMP1054,55258,55258,20,"04","4",0,0,2,0,NORMAL
8510,8510,30,EMP1052,EMP1054,42550,42550,20,"04","4",0,0,2,0,NORMAL
10856,10856,30,EMP1052,EMP1054,54280,54280,20,"04","4",0,0,2,0,NORMAL
12995,12995,30,EMP1052,EMP1054,64975,64975,20,"04","4",0,0,2,0,NORMAL
10378,10378,30,EMP1052,EMP1054,51894,51894,20,"04","4",0,0,2,0,NORMAL
7992,7992,30,EMP1052,EMP1054,39960,39960,20,"04","4",0,0,2,0,NORMAL
10195,10195,30,EMP1052,EMP1054,50976,50976,20,"04","4",0,0,2,0,DELAY
12204,12204,30,EMP1052,EMP1054,61020,61020,20,"04","4",0,0,2,0,NORMAL
961,961,30,EMP1052,EMP1054,4805,4805,30,"04","4",0,0,0,0,NORMAL
740,740,30,EMP1052,EMP1054,3700,3700,30,"04","4",0,0,0,0,NORMAL
944,944,30,EMP1052,EMP1054,4720,4720,30,"04","4",0,0,0,0,NORMAL
1130,1130,30,EMP1052,EMP1054,5650,5650,30,"04","4",0,0,0,0,NORMAL
47187,47187,30,EMP1057,EMP1042,235938,235938,20,"04","5",0,0,2,0,DELAY
84087,84087,30,EMP1057,EMP1042,420438,420438,20,"04","5",0,0,2,0,NORMAL
64750,64750,30,EMP1057,EMP1042,323750,323750,20,"04","5",0,0,2,0,NORMAL
82600,82600,30,EMP1057,EMP1042,413000,413000,20,"04","5",0,0,2,0,DELAY
98875,98875,30,EMP1057,EMP1042,494375,494375,20,"04","5",0,0,2,0,NORMAL
11051,11051,30,EMP1057,EMP1042,55258,55258,20,"04","5",0,0,2,0,NORMAL
8510,8510,30,EMP1057,EMP1042,42550,42550,20,"04","5",0,0,2,0,NORMAL
10856,10856,30,EMP1057,EMP1042,54280,54280,20,"04","5",0,0,2,0,NORMAL
12995,12995,30,EMP1057,EMP1042,64975,64975,20,"04","5",0,0,2,0,NORMAL
10378,10378,30,EMP1057,EMP1042,51894,51894,20,"04","5",0,0,2,0,NORMAL
7992,7992,30,EMP1057,EMP1042,39960,39960,20,"04","5",0,0,2,0,NORMAL
10195,10195,30,EMP1057,EMP1042,50976,50976,20,"04","5",0,0,2,0,NORMAL
12204,12204,30,EMP1057,EMP1042,61020,61020,20,"04","5",0,0,2,0,NORMAL
961,961,30,EMP1057,EMP1042,4805,4805,30,"04","5",0,0,0,0,NORMAL
740,740,30,EMP1057,EMP1042,3700,3700,30,"04","5",0,0,0,0,NORMAL
944,944,30,EMP1057,EMP1042,4720,4720,30,"04","5",0,0,0,0,NORMAL
1130,1130,30,EMP1057,EMP1042,5650,5650,30,"04","5",0,0,0,0,NORMAL
47187,47187,30,EMP1053,EMP1003,235938,235938,20,"04","6",0,0,2,0,NORMAL
84087,84087,30,EMP1053,EMP1003,420438,420438,20,"04","6",0,0,2,0,NORMAL
64750,64750,30,EMP1053,EMP1003,323750,323750,20,"04","6",0,0,2,0,NORMAL
82600,82600,30,EMP1053,EMP1003,413000,413000,20,"04","6",0,0,2,0,NORMAL
98875,98875,30,EMP1053,EMP1003,494375,494375,20,"04","6",0,0,2,0,NORMAL
11051,11051,30,EMP1053,EMP1003,55258,55258,20,"04","6",0,0,2,0,NORMAL
8510,8510,30,EMP1053,EMP1003,42550,42550,20,"04","6",0,0,2,0,NORMAL
10856,10856,30,EMP1053,EMP1003,54280,54280,20,"04","6",0,0,2,0,NORMAL
12995,12995,30,EMP1053,EMP1003,64975,64975,20,"04","6",0,0,2,0,NORMAL
10378,10378,30,EMP1053,EMP1003,51894,51894,20,"04","6",0,0,2,0,NORMAL
7992,7992,30,EMP1053,EMP1003,39960,39960,20,"04","6",0,0,2,0,NORMAL
10195,10195,30,EMP1053,EMP1003,50976,50976,20,"04","6",0,0,2,0,NORMAL
12204,12204,30,EMP1053,EMP1003,61020,61020,20,"04","6",0,0,2,0,NORMAL
961,961,30,EMP1053,EMP1003,4805,4805,30,"04","6",0,0,0,0,NORMAL
740,740,30,EMP1053,EMP1003,3700,3700,30,"04","6",0,0,0,0,NORMAL
944,944,30,EMP1053,EMP1003,4720,4720,30,"04","6",0,0,0,0,NORMAL
1130,1130,30,EMP1053,EMP1003,5650,5650,30,"04","6",0,0,0,0,NORMAL
47187,47187,30,EMP1051,EMP1048,235938,235938,20,"04","2",0,0,2,0,NORMAL
84087,84087,30,EMP1051,EMP1048,420438,420438,20,"04","2",0,0,2,0,NORMAL
64750,64750,30,EMP1051,EMP1048,323750,323750,20,"04","2",0,0,2,0,NORMAL
82600,82600,30,EMP1051,EMP1048,413000,413000,20,"04","2",0,0,2,0,NORMAL
98875,98875,30,EMP1051,EMP1048,494375,494375,20,"04","2",0,0,2,0,NORMAL
11051,11051,30,EMP1051,EMP1048,55258,55258,20,"04","2",0,0,2,0,NORMAL
8510,8510,30,EMP1051,EMP1048,42550,42550,20,"04","2",0,0,2,0,NORMAL
10856,10856,30,EMP1051,EMP1048,54280,54280,20,"04","2",0,0,2,0,NORMAL
12995,12995,30,EMP1051,EMP1048,64975,64975,20,"04","2",0,0,2,0,NORMAL
10378,10378,30,EMP1051,EMP1048,51894,51894,20,"04","2",0,0,2,0,NORMAL
7992,7992,30,EMP1051,EMP1048,39960,39960,20,"04","2",0,0,2,0,DELAY
10195,10195,30,EMP1051,EMP1048,50976,50976,20,"04","2",0,0,2,0,NORMAL
12204,12204,30,EMP1051,EMP1048,61020,61020,20,"04","2",0,0,2,0,NORMAL
961,961,30,EMP1051,EMP1048,4805,4805,30,"04","2",0,0,0,0,NORMAL
740,740,30,EMP1051,EMP1048,3700,3700,30,"04","2",0,0,0,0,NORMAL
944,944,30,EMP1051,EMP1048,4720,4720,30,"04","2",0,0,0,0,NORMAL
1130,1130,30,EMP1051,EMP1048,5650,5650,30,"04","2",0,0,0,0,NORMAL
47190,47190,30,EMP1007,EMP1049,235938,235938,20,"04","3",0,0,2,0,NORMAL
84090,84090,30,EMP1007,EMP1049,420438,420438,20,"04","3",0,0,2,0,NORMAL
64750,64750,30,EMP1007,EMP1049,323750,323750,20,"04","3",0,0,2,0,NORMAL
82600,82600,30,EMP1007,EMP1049,413000,413000,20,"04","3",0,0,2,0,DELAY
98875,98875,30,EMP1007,EMP1049,494375,494375,20,"04","3",0,0,2,0,NORMAL
11054,11054,30,EMP1007,EMP1049,55258,55258,20,"04","3",0,0,2,0,NORMAL
8510,8510,30,EMP1007,EMP1049,42550,42550,20,"04","3",0,0,2,0,NORMAL
10856,10856,30,EMP1007,EMP1049,54280,54280,20,"04","3",0,0,2,0,NORMAL
12995,12995,30,EMP1007,EMP1049,64975,64975,20,"04","3",0,0,2,0,NORMAL
10382,10382,30,EMP1007,EMP1049,51894,51894,20,"04","3",0,0,2,0,NORMAL
7992,7992,30,EMP1007,EMP1049,39960,39960,20,"04","3",0,0,2,0,NORMAL
10196,10196,30,EMP1007,EMP1049,50976,50976,20,"04","3",0,0,2,0,NORMAL
12204,12204,30,EMP1007,EMP1049,61020,61020,20,"04","3",0,0,2,0,NORMAL
961,961,30,EMP1007,EMP1049,4805,4805,30,"04","3",0,0,0,0,NORMAL
740,740,30,EMP1007,EMP1049,3700,3700,30,"04","3",0,0,0,0,NORMAL
944,944,30,EMP1007,EMP1049,4720,4720,30,"04","3",0,0,0,0,NORMAL
1130,1130,30,EMP1007,EMP1049,5650,5650,30,"04","3",0,0,0,0,NORMAL
54137,54137,30,EMP1045,EMP1002,324825,324825,20,"04","4",0,0,2,0,NORMAL
95900,95900,30,EMP1045,EMP1002,575400,575400,20,"04","4",0,0,2,0,NORMAL
78487,78487,30,EMP1045,EMP1002,470925,470925,20,"04","4",0,0,2,0,NORMAL
96687,96687,30,EMP1045,EMP1002,580125,580125,20,"04","4",0,0,2,0,NORMAL
107887,107887,30,EMP1045,EMP1002,647325,647325,20,"04","4",0,0,2,0,NORMAL
12604,12604,30,EMP1045,EMP1002,75624,75624,20,"04","4",0,0,2,0,NORMAL
10315,10315,30,EMP1045,EMP1002,61893,61893,20,"04","4",0,0,2,0,NORMAL
12707,12707,30,EMP1045,EMP1002,76245,76245,20,"04","4",0,0,2,0,NORMAL
14179,14179,30,EMP1045,EMP1002,85077,85077,20,"04","4",0,0,2,0,NORMAL
11836,11836,30,EMP1045,EMP1002,71021,71021,20,"04","4",0,0,2,0,NORMAL
9687,9687,30,EMP1045,EMP1002,58126,58126,20,"04","4",0,0,2,0,DELAY
11934,11934,30,EMP1045,EMP1002,71604,71604,20,"04","4",0,0,2,0,NORMAL
13316,13316,30,EMP1045,EMP1002,79899,79899,20,"04","4",0,0,2,0,NORMAL
1096,1096,30,EMP1045,EMP1002,6576,6576,30,"04","4",0,0,0,0,NORMAL
897,897,30,EMP1045,EMP1002,5382,5382,30,"04","4",0,0,0,0,NORMAL
1105,1105,30,EMP1045,EMP1002,6630,6630,30,"04","4",0,0,0,0,NORMAL
1233,1233,30,EMP1045,EMP1002,7398,7398,30,"04","4",0,0,0,0,NORMAL
54137,54137,30,EMP1050,EMP1047,324825,324825,20,"04","5",0,0,2,0,NORMAL
95900,95900,30,EMP1050,EMP1047,575400,575400,20,"04","5",0,0,2,0,NORMAL
78487,78487,30,EMP1050,EMP1047,470925,470925,20,"04","5",0,0,2,0,NORMAL
96687,96687,30,EMP1050,EMP1047,580125,580125,20,"04","5",0,0,2,0,NORMAL
107887,107887,30,EMP1050,EMP1047,647325,647325,20,"04","5",0,0,2,0,NORMAL
12604,12604,30,EMP1050,EMP1047,75624,75624,20,"04","5",0,0,2,0,NORMAL
10315,10315,30,EMP1050,EMP1047,61893,61893,20,"04","5",0,0,2,0,NORMAL
12707,12707,30,EMP1050,EMP1047,76245,76245,20,"04","5",0,0,2,0,DELAY
14179,14179,30,EMP1050,EMP1047,85077,85077,20,"04","5",0,0,2,0,DELAY
11836,11836,30,EMP1050,EMP1047,71021,71021,20,"04","5",0,0,2,0,NORMAL
9687,9687,30,EMP1050,EMP1047,58126,58126,20,"04","5",0,0,2,0,NORMAL
11934,11934,30,EMP1050,EMP1047,71604,71604,20,"04","5",0,0,2,0,NORMAL
13316,13316,30,EMP1050,EMP1047,79899,79899,20,"04","5",0,0,2,0,NORMAL
1096,1096,30,EMP1050,EMP1047,6576,6576,30,"04","5",0,0,0,0,NORMAL
897,897,30,EMP1050,EMP1047,5382,5382,30,"04","5",0,0,0,0,NORMAL
1105,1105,30,EMP1050,EMP1047,6630,6630,30,"04","5",0,0,0,0,NORMAL
1233,1233,30,EMP1050,EMP1047,7398,7398,30,"04","5",0,0,0,0,NORMAL
54137,54137,30,EMP1044,EMP1050,324825,324825,20,"04","6",0,0,2,0,NORMAL
95900,95900,30,EMP1044,EMP1050,575400,575400,20,"04","6",0,0,2,0,NORMAL
78487,78487,30,EMP1044,EMP1050,470925,470925,20,"04","6",0,0,2,0,NORMAL
96687,96687,30,EMP1044,EMP1050,580125,580125,20,"04","6",0,0,2,0,DELAY
107887,107887,30,EMP1044,EMP1050,647325,647325,20,"04","6",0,0,2,0,NORMAL
12604,12604,30,EMP1044,EMP1050,75624,75624,20,"04","6",0,0,2,0,NORMAL
10315,10315,30,EMP1044,EMP1050,61893,61893,20,"04","6",0,0,2,0,NORMAL
12707,12707,30,EMP1044,EMP1050,76245,76245,20,"04","6",0,0,2,0,NORMAL
14179,14179,30,EMP1044,EMP1050,85077,85077,20,"04","6",0,0,2,0,NORMAL
11836,11836,30,EMP1044,EMP1050,71021,71021,20,"04","6",0,0,2,0,NORMAL
9687,9687,30,EMP1044,EMP1050,58126,58126,20,"04","6",0,0,2,0,NORMAL
11934,11934,30,EMP1044,EMP1050,71604,71604,20,"04","6",0,0,2,0,NORMAL
13316,13316,30,EMP1044,EMP1050,79899,79899,20,"04","6",0,0,2,0,NORMAL
1096,1096,30,EMP1044,EMP1050,6576,6576,30,"04","6",0,0,0,0,NORMAL
897,897,30,EMP1044,EMP1050,5382,5382,30,"04","6",0,0,0,0,NORMAL
1105,1105,30,EMP1044,EMP1050,6630,6630,30,"04","6",0,0,0,0,NORMAL
1233,1233,30,EMP1044,EMP1050,7398,7398,30,"04","6",0,0,0,0,NORMAL
54137,54137,30,EMP1006,EMP1054,324825,324825,20,"04","7",0,0,2,0,NORMAL
95900,95900,30,EMP1006,EMP1054,575400,575400,20,"04","7",0,0,2,0,NORMAL
78487,78487,30,EMP1006,EMP1054,470925,470925,20,"04","7",0,0,2,0,NORMAL
96687,96687,30,EMP1006,EMP1054,580125,580125,20,"04","7",0,0,2,0,NORMAL
107887,107887,30,EMP1006,EMP1054,647325,647325,20,"04","7",0,0,2,0,NORMAL
12604,12604,30,EMP1006,EMP1054,75624,75624,20,"04","7",0,0,2,0,NORMAL
10315,10315,30,EMP1006,EMP1054,61893,61893,20,"04","7",0,0,2,0,NORMAL
12707,12707,30,EMP1006,EMP1054,76245,76245,20,"04","7",0,0,2,0,NORMAL
14179,14179,30,EMP1006,EMP1054,85077,85077,20,"04","7",0,0,2,0,NORMAL
11836,11836,30,EMP1006,EMP1054,71021,71021,20,"04","7",0,0,2,0,NORMAL
9687,9687,30,EMP1006,EMP1054,58126,58126,20,"04","7",0,0,2,0,NORMAL
11934,11934,30,EMP1006,EMP1054,71604,71604,20,"04","7",0,0,2,0,NORMAL
13316,13316,30,EMP1006,EMP1054,79899,79899,20,"04","7",0,0,2,0,NORMAL
1096,1096,30,EMP1006,EMP1054,6576,6576,30,"04","7",0,0,0,0,NORMAL
897,897,30,EMP1006,EMP1054,5382,5382,30,"04","7",0,0,0,0,NORMAL
1105,1105,30,EMP1006,EMP1054,6630,6630,30,"04","7",0,0,0,0,NORMAL
1233,1233,30,EMP1006,EMP1054,7398,7398,30,"04","7",0,0,0,0,NORMAL
54137,54137,30,EMP1002,EMP1046,324825,324825,20,"04","2",0,0,2,0,NORMAL
95900,95900,30,EMP1002,EMP1046,575400,575400,20,"04","2",0,0,2,0,NORMAL
78487,78487,30,EMP1002,EMP1046,470925,470925,20,"04","2",0,0,2,0,NORMAL
96687,96687,30,EMP1002,EMP1046,580125,580125,20,"04","2",0,0,2,0,NORMAL
107887,107887,30,EMP1002,EMP1046,647325,647325,20,"04","2",0,0,2,0,DELAY
12604,12604,30,EMP1002,EMP1046,75624,75624,20,"04","2",0,0,2,0,NORMAL
10315,10315,30,EMP1002,EMP1046,61893,61893,20,"04","2",0,0,2,0,NORMAL
12707,12707,30,EMP1002,EMP1046,76245,76245,20,"04","2",0,0,2,0,NORMAL
14179,14179,30,EMP1002,EMP1046,85077,85077,20,"04","2",0,0,2,0,NORMAL
11836,11836,30,EMP1002,EMP1046,71021,71021,20,"04","2",0,0,2,0,NORMAL
9687,9687,30,EMP1002,EMP1046,58126,58126,20,"04","2",0,0,2,0,NORMAL
11934,11934,30,EMP1002,EMP1046,71604,71604,20,"04","2",0,0,2,0,NORMAL
13316,13316,30,EMP1002,EMP1046,79899,79899,20,"04","2",0,0,2,0,NORMAL
1096,1096,30,EMP1002,EMP1046,6576,6576,30,"04","2",0,0,0,0,NORMAL
897,897,30,EMP1002,EMP1046,5382,5382,30,"04","2",0,0,0,0,NORMAL
1105,1105,30,EMP1002,EMP1046,6630,6630,30,"04","2",0,0,0,0,NORMAL
1233,1233,30,EMP1002,EMP1046,7398,7398,30,"04","2",0,0,0,0,NORMAL
54140,54140,30,EMP1042,EMP1002,324825,324825,20,"04","3",0,0,2,0,NORMAL
95900,95900,30,EMP1042,EMP1002,575400,575400,20,"04","3",0,0,2,0,NORMAL
78490,78490,30,EMP1042,EMP1002,470925,470925,20,"04","3",0,0,2,0,NORMAL
96690,96690,30,EMP1042,EMP1002,580125,580125,20,"04","3",0,0,2,0,NORMAL
107890,107890,30,EMP1042,EMP1002,647325,647325,20,"04","3",0,0,2,0,NORMAL
12604,12604,30,EMP1042,EMP1002,75624,75624,20,"04","3",0,0,2,0,NORMAL
10318,10318,30,EMP1042,EMP1002,61893,61893,20,"04","3",0,0,2,0,NORMAL
12710,12710,30,EMP1042,EMP1002,76245,76245,20,"04","3",0,0,2,0,NORMAL
14182,14182,30,EMP1042,EMP1002,85077,85077,20,"04","3",0,0,2,0,NORMAL
11841,11841,30,EMP1042,EMP1002,71021,71021,20,"04","3",0,0,2,0,NORMAL
9691,9691,30,EMP1042,EMP1002,58126,58126,20,"04","3",0,0,2,0,NORMAL
11934,11934,30,EMP1042,EMP1002,71604,71604,20,"04","3",0,0,2,0,NORMAL
13319,13319,30,EMP1042,EMP1002,79899,79899,20,"04","3",0,0,2,0,NORMAL
1096,1096,30,EMP1042,EMP1002,6576,6576,30,"04","3",0,0,0,0,NORMAL
897,897,30,EMP1042,EMP1002,5382,5382,30,"04","3",0,0,0,0,NORMAL
1105,1105,30,EMP1042,EMP1002,6630,6630,30,"04","3",0,0,0,0,NORMAL
1233,1233,30,EMP1042,EMP1002,7398,7398,30,"04","3",0,0,0,0,NORMAL
42875,42875,30,EMP1046,EMP1052,257250,257250,20,"04","4",0,0,2,0,NORMAL
69387,69387,30,EMP1046,EMP1052,416325,416325,20,"04","4",0,0,2,0,NORMAL
66062,66062,30,EMP1046,EMP1052,396375,396375,20,"04","4",0,0,2,0,NORMAL
85312,85312,30,EMP1046,EMP1052,511875,511875,20,"04","4",0,0,2,0,NORMAL
79362,79362,30,EMP1046,EMP1052,476175,476175,20,"04","4",0,0,2,0,NORMAL
9119,9119,30,EMP1046,EMP1052,54717,54717,20,"04","4",0,0,2,0,NORMAL
8682,8682,30,EMP1046,EMP1052,52095,52095,20,"04","4",0,0,2,0,NORMAL
11212,11212,30,EMP1046,EMP1052,67275,67275,20,"04","4",0,0,2,0,NORMAL
10430,10430,30,EMP1046,EMP1052,62583,62583,20,"04","4",0,0,2,0,NORMAL
8564,8564,30,EMP1046,EMP1052,51387,51387,20,"04","4",0,0,2,0,NORMAL
8154,8154,30,EMP1046,EMP1052,48924,48924,20,"04","4",0,0,2,0,NORMAL
10530,10530,30,EMP1046,EMP1052,63180,63180,20,"04","4",0,0,2,0,DELAY
9795,9795,30,EMP1046,EMP1052,58774,58774,20,"04","4",0,0,2,0,NORMAL
793,793,30,EMP1046,EMP1052,4758,4758,30,"04","4",0,0,0,0,NORMAL
755,755,30,EMP1046,EMP1052,4530,4530,30,"04","4",0,0,0,0,NORMAL
975,975,30,EMP1046,EMP1052,5850,5850,30,"04","4",0,0,0,0,NORMAL
907,907,30,EMP1046,EMP1052,5442,5442,30,"04","4",0,0,0,0,NORMAL
42875,42875,30,EMP1044,EMP1006,257250,257250,20,"04","5",0,0,2,0,NORMAL
69387,69387,30,EMP1044,EMP1006,416325,416325,20,"04","5",0,0,2,0,NORMAL
66062,66062,30,EMP1044,EMP1006,396375,396375,20,"04","5",0,0,2,0,NORMAL
85312,85312,30,EMP1044,EMP1006,511875,511875,20,"04","5",0,0,2,0,NORMAL
79362,79362,30,EMP1044,EMP1006,476175,476175,20,"04","5",0,0,2,0,NORMAL
9119,9119,30,EMP1044,EMP1006,54717,54717,20,"04","5",0,0,2,0,NORMAL
8682,8682,30,EMP1044,EMP1006,52095,52095,20,"04","5",0,0,2,0,NORMAL
11212,11212,30,EMP1044,EMP1006,67275,67275,20,"04","5",0,0,2,0,NORMAL
10430,10430,30,EMP1044,EMP1006,62583,62583,20,"04","5",0,0,2,0,NORMAL
8564,8564,30,EMP1044,EMP1006,51387,51387,20,"04","5",0,0,2,0,NORMAL
8154,8154,30,EMP1044,EMP1006,48924,48924,20,"04","5",0,0,2,0,NORMAL
10530,10530,30,EMP1044,EMP1006,63180,63180,20,"04","5",0,0,2,0,NORMAL
9795,9795,30,EMP1044,EMP1006,58774,58774,20,"04","5",0,0,2,0,NORMAL
793,793,30,EMP1044,EMP1006,4758,4758,30,"04","5",0,0,0,0,NORMAL
755,755,30,EMP1044,EMP1006,4530,4530,30,"04","5",0,0,0,0,NORMAL
975,975,30,EMP1044,EMP1006,5850,5850,30,"04","5",0,0,0,0,NORMAL
907,907,30,EMP1044,EMP1006,5442,5442,30,"04","5",0,0,0,0,NORMAL
42875,42875,30,EMP1053,EMP1047,257250,257250,20,"04","6",0,0,2,0,NORMAL
69387,69387,30,EMP1053,EMP1047,416325,416325,20,"04","6",0,0,2,0,NORMAL
66062,66062,30,EMP1053,EMP1047,396375,396375,20,"04","6",0,0,2,0,NORMAL
85312,85312,30,EMP1053,EMP1047,511875,511875,20,"04","6",0,0,2,0,NORMAL
79362,79362,30,EMP1053,EMP1047,476175,476175,20,"04","6",0,0,2,0,NORMAL
9119,9119,30,EMP1053,EMP1047,54717,54717,20,"04","6",0,0,2,0,NORMAL
8682,8682,30,EMP1053,EMP1047,52095,52095,20,"04","6",0,0,2,0,NORMAL
11212,11212,30,EMP1053,EMP1047,67275,67275,20,"04","6",0,0,2,0,NORMAL
10430,10430,30,EMP1053,EMP1047,62583,62583,20,"04","6",0,0,2,0,NORMAL
8564,8564,30,EMP1053,EMP1047,51387,51387,20,"04","6",0,0,2,0,NORMAL
8154,8154,30,EMP1053,EMP1047,48924,48924,20,"04","6",0,0,2,0,NORMAL
10530,10530,30,EMP1053,EMP1047,63180,63180,20,"04","6",0,0,2,0,NORMAL
9795,9795,30,EMP1053,EMP1047,58774,58774,20,"04","6",0,0,2,0,NORMAL
793,793,30,EMP1053,EMP1047,4758,4758,30,"04","6",0,0,0,0,NORMAL
755,755,30,EMP1053,EMP1047,4530,4530,30,"04","6",0,0,0,0,NORMAL
975,975,30,EMP1053,EMP1047,5850,5850,30,"04","6",0,0,0,0,NORMAL
907,907,30,EMP1053,EMP1047,5442,5442,30,"04","6",0,0,0,0,NORMAL
42875,42875,30,EMP1054,EMP1056,257250,257250,20,"04","7",0,0,2,0,NORMAL
69387,69387,30,EMP1054,EMP1056,416325,416325,20,"04","7",0,0,2,0,NORMAL
66062,66062,30,EMP1054,EMP1056,396375,396375,20,"04","7",0,0,2,0,NORMAL
85312,85312,30,EMP1054,EMP1056,511875,511875,20,"04","7",0,0,2,0,NORMAL
79362,79362,30,EMP1054,EMP1056,476175,476175,20,"04","7",0,0,2,0,NORMAL
9119,9119,30,EMP1054,EMP1056,54717,54717,20,"04","7",0,0,2,0,NORMAL
8682,8682,30,EMP1054,EMP1056,52095,52095,20,"04","7",0,0,2,0,NORMAL
11212,11212,30,EMP1054,EMP1056,67275,67275,20,"04","7",0,0,2,0,NORMAL
10430,10430,30,EMP1054,EMP1056,62583,62583,20,"04","7",0,0,2,0,NORMAL
8564,8564,30,EMP1054,EMP1056,51387,51387,20,"04","7",0,0,2,0,NORMAL
8154,8154,30,EMP1054,EMP1056,48924,48924,20,"04","7",0,0,2,0,NORMAL
10530,10530,30,EMP1054,EMP1056,63180,63180,20,"04","7",0,0,2,0,NORMAL
9795,9795,30,EMP1054,EMP1056,58774,58774,20,"04","7",0,0,2,0,NORMAL
793,793,30,EMP1054,EMP1056,4758,4758,30,"04","7",0,0,0,0,NORMAL
755,755,30,EMP1054,EMP1056,4530,4530,30,"04","7",0,0,0,0,NORMAL
975,975,30,EMP1054,EMP1056,5850,5850,30,"04","7",0,0,0,0,NORMAL
907,907,30,EMP1054,EMP1056,5442,5442,30,"04","7",0,0,0,0,NORMAL
42875,42875,30,EMP1056,EMP1050,257250,257250,20,"04","2",0,0,2,0,NORMAL
69387,69387,30,EMP1056,EMP1050,416325,416325,20,"04","2",0,0,2,0,NORMAL
66062,66062,30,EMP1056,EMP1050,396375,396375,20,"04","2",0,0,2,0,NORMAL
85312,85312,30,EMP1056,EMP1050,511875,511875,20,"04","2",0,0,2,0,NORMAL
79362,79362,30,EMP1056,EMP1050,476175,476175,20,"04","2",0,0,2,0,NORMAL
9119,9119,30,EMP1056,EMP1050,54717,54717,20,"04","2",0,0,2,0,NORMAL
8682,8682,30,EMP1056,EMP1050,52095,52095,20,"04","2",0,0,2,0,NORMAL
11212,11212,30,EMP1056,EMP1050,67275,67275,20,"04","2",0,0,2,0,NORMAL
10430,10430,30,EMP1056,EMP1050,62583,62583,20,"04","2",0,0,2,0,NORMAL
8564,8564,30,EMP1056,EMP1050,51387,51387,20,"04","2",0,0,2,0,NORMAL
8154,8154,30,EMP1056,EMP1050,48924,48924,20,"04","2",0,0,2,0,NORMAL
10530,10530,30,EMP1056,EMP1050,63180,63180,20,"04","2",0,0,2,0,NORMAL
9795,9795,30,EMP1056,EMP1050,58774,58774,20,"04","2",0,0,2,0,NORMAL
793,793,30,EMP1056,EMP1050,4758,4758,30,"04","2",0,0,0,0,NORMAL
755,755,30,EMP1056,EMP1050,4530,4530,30,"04","2",0,0,0,0,NORMAL
975,975,30,EMP1056,EMP1050,5850,5850,30,"04","2",0,0,0,0,NORMAL
907,907,30,EMP1056,EMP1050,5442,5442,30,"04","2",0,0,0,0,NORMAL
42875,42875,30,EMP1043,EMP1056,257250,257250,20,"04","3",0,0,2,0,NORMAL
69390,69390,30,EMP1043,EMP1056,416325,416325,20,"04","3",0,0,2,0,NORMAL
66065,66065,30,EMP1043,EMP1056,396375,396375,20,"04","3",0,0,2,0,NORMAL
85315,85315,30,EMP1043,EMP1056,511875,511875,20,"04","3",0,0,2,0,NORMAL
79365,79365,30,EMP1043,EMP1056,476175,476175,20,"04","3",0,0,2,0,NORMAL
9122,9122,30,EMP1043,EMP1056,54717,54717,20,"04","3",0,0,2,0,NORMAL
8685,8685,30,EMP1043,EMP1056,52095,52095,20,"04","3",0,0,2,0,NORMAL
11215,11215,30,EMP1043,EMP1056,67275,67275,20,"04","3",0,0,2,0,NORMAL
10433,10433,30,EMP1043,EMP1056,62583,62583,20,"04","3",0,0,2,0,NORMAL
8567,8567,30,EMP1043,EMP1056,51387,51387,20,"04","3",0,0,2,0,NORMAL
8154,8154,30,EMP1043,EMP1056,48924,48924,20,"04","3",0,0,2,0,NORMAL
10530,10530,30,EMP1043,EMP1056,63180,63180,20,"04","3",0,0,2,0,NORMAL
9799,9799,30,EMP1043,EMP1056,58774,58774,20,"04","3",0,0,2,0,NORMAL
793,793,30,EMP1043,EMP1056,4758,4758,30,"04","3",0,0,0,0,NORMAL
755,755,30,EMP1043,EMP1056,4530,4530,30,"04","3",0,0,0,0,NORMAL
975,975,30,EMP1043,EMP1056,5850,5850,30,"04","3",0,0,0,0,NORMAL
907,907,30,EMP1043,EMP1056,5442,5442,30,"04","3",0,0,0,0,NORMAL
50000,50000,30,EMP1046,EMP1055,250000,250000,20,"04","4",0,0,2,0,NORMAL
65712,65712,30,EMP1046,EMP1055,328563,328563,20,"04","4",0,0,2,0,NORMAL
88025,88025,30,EMP1046,EMP1055,440125,440125,20,"04","4",0,0,2,0,NORMAL
102112,102112,30,EMP1046,EMP1055,510563,510563,20,"04","4",0,0,2,0,NORMAL
94150,94150,30,EMP1046,EMP1055,470750,470750,20,"04","4",0,0,2,0,NORMAL
8636,8636,30,EMP1046,EMP1055,43183,43183,20,"04","4",0,0,2,0,NORMAL
11569,11569,30,EMP1046,EMP1055,57845,57845,20,"04","4",0,0,2,0,NORMAL
13420,13420,30,EMP1046,EMP1055,67103,67103,20,"04","4",0,0,2,0,DELAY
12374,12374,30,EMP1046,EMP1055,61870,61870,20,"04","4",0,0,2,0,NORMAL
8110,8110,30,EMP1046,EMP1055,40554,40554,20,"04","4",0,0,2,0,NORMAL
10864,10864,30,EMP1046,EMP1055,54324,54324,20,"04","4",0,0,2,0,NORMAL
12603,12603,30,EMP1046,EMP1055,63018,63018,20,"04","4",0,0,2,0,NORMAL
11620,11620,30,EMP1046,EMP1055,58104,58104,20,"04","4",0,0,2,0,NORMAL
751,751,30,EMP1046,EMP1055,3755,3755,30,"04","4",0,0,0,0,NORMAL
1006,1006,30,EMP1046,EMP1055,5030,5030,30,"04","4",0,0,0,0,NORMAL
1167,1167,30,EMP1046,EMP1055,5835,5835,30,"04","4",0,0,0,0,NORMAL
1076,1076,30,EMP1046,EMP1055,5380,5380,30,"04","4",0,0,0,0,NORMAL
50000,50000,30,EMP1057,EMP1050,250000,250000,20,"04","5",0,0,2,0,NORMAL
65712,65712,30,EMP1057,EMP1050,328563,328563,20,"04","5",0,0,2,0,DELAY
88025,88025,30,EMP1057,EMP1050,440125,440125,20,"04","5",0,0,2,0,NORMAL
102112,102112,30,EMP1057,EMP1050,510563,510563,20,"04","5",0,0,2,0,NORMAL
94150,94150,30,EMP1057,EMP1050,470750,470750,20,"04","5",0,0,2,0,NORMAL
8636,8636,30,EMP1057,EMP1050,43183,43183,20,"04","5",0,0,2,0,NORMAL
11569,11569,30,EMP1057,EMP1050,57845,57845,20,"04","5",0,0,2,0,NORMAL
13420,13420,30,EMP1057,EMP1050,67103,67103,20,"04","5",0,0,2,0,DELAY
12374,12374,30,EMP1057,EMP1050,61870,61870,20,"04","5",0,0,2,0,NORMAL
8110,8110,30,EMP1057,EMP1050,40554,40554,20,"04","5",0,0,2,0,NORMAL
10864,10864,30,EMP1057,EMP1050,54324,54324,20,"04","5",0,0,2,0,NORMAL
12603,12603,30,EMP1057,EMP1050,63018,63018,20,"04","5",0,0,2,0,NORMAL
11620,11620,30,EMP1057,EMP1050,58104,58104,20,"04","5",0,0,2,0,NORMAL
751,751,30,EMP1057,EMP1050,3755,3755,30,"04","5",0,0,0,0,NORMAL
1006,1006,30,EMP1057,EMP1050,5030,5030,30,"04","5",0,0,0,0,NORMAL
1167,1167,30,EMP1057,EMP1050,5835,5835,30,"04","5",0,0,0,0,NORMAL
1076,1076,30,EMP1057,EMP1050,5380,5380,30,"04","5",0,0,0,0,NORMAL
50000,50000,30,EMP1045,EMP1007,250000,250000,20,"05","6",0,0,2,0,NORMAL
65712,65712,30,EMP1045,EMP1007,328563,328563,20,"05","6",0,0,2,0,NORMAL
88025,88025,30,EMP1045,EMP1007,440125,440125,20,"05","6",0,0,2,0,NORMAL
102112,102112,30,EMP1045,EMP1007,510563,510563,20,"05","6",0,0,2,0,NORMAL
94150,94150,30,EMP1045,EMP1007,470750,470750,20,"05","6",0,0,2,0,NORMAL
8636,8636,30,EMP1045,EMP1007,43183,43183,20,"05","6",0,0,2,0,NORMAL
11569,11569,30,EMP1045,EMP1007,57845,57845,20,"05","6",0,0,2,0,NORMAL
13420,13420,30,EMP1045,EMP1007,67103,67103,20,"05","6",0,0,2,0,NORMAL
12374,12374,30,EMP1045,EMP1007,61870,61870,20,"05","6",0,0,2,0,NORMAL
8110,8110,30,EMP1045,EMP1007,40554,40554,20,"05","6",0,0,2,0,NORMAL
10864,10864,30,EMP1045,EMP1007,54324,54324,20,"05","6",0,0,2,0,NORMAL
12603,12603,30,EMP1045,EMP1007,63018,63018,20,"05","6",0,0,2,0,NORMAL
11620,11620,30,EMP1045,EMP1007,58104,58104,20,"05","6",0,0,2,0,NORMAL
751,751,30,EMP1045,EMP1007,3755,3755,30,"05","6",0,0,0,0,NORMAL
1006,1006,30,EMP1045,EMP1007,5030,5030,30,"05","6",0,0,0,0,NORMAL
1167,1167,30,EMP1045,EMP1007,5835,5835,30,"05","6",0,0,0,0,NORMAL
1076,1076,30,EMP1045,EMP1007,5380,5380,30,"05","6",0,0,0,0,NORMAL
50000,50000,30,EMP1049,EMP1042,250000,250000,20,"05","2",0,0,2,0,NORMAL
65712,65712,30,EMP1049,EMP1042,328563,328563,20,"05","2",0,0,2,0,NORMAL
88025,88025,30,EMP1049,EMP1042,440125,440125,20,"05","2",0,0,2,0,NORMAL
102112,102112,30,EMP1049,EMP1042,510563,510563,20,"05","2",0,0,2,0,NORMAL
94150,94150,30,EMP1049,EMP1042,470750,470750,20,"05","2",0,0,2,0,NORMAL
8636,8636,30,EMP1049,EMP1042,43183,43183,20,"05","2",0,0,2,0,NORMAL
11569,11569,30,EMP1049,EMP1042,57845,57845,20,"05","2",0,0,2,0,NORMAL
13420,13420,30,EMP1049,EMP1042,67103,67103,20,"05","2",0,0,2,0,NORMAL
12374,12374,30,EMP1049,EMP1042,61870,61870,20,"05","2",0,0,2,0,NORMAL
8110,8110,30,EMP1049,EMP1042,40554,40554,20,"05","2",0,0,2,0,NORMAL
10864,10864,30,EMP1049,EMP1042,54324,54324,20,"05","2",0,0,2,0,NORMAL
12603,12603,30,EMP1049,EMP1042,63018,63018,20,"05","2",0,0,2,0,NORMAL
11620,11620,30,EMP1049,EMP1042,58104,58104,20,"05","2",0,0,2,0,DELAY
751,751,30,EMP1049,EMP1042,3755,3755,30,"05","2",0,0,0,0,NORMAL
1006,1006,30,EMP1049,EMP1042,5030,5030,30,"05","2",0,0,0,0,NORMAL
1167,1167,30,EMP1049,EMP1042,5835,5835,30,"05","2",0,0,0,0,NORMAL
1076,1076,30,EMP1049,EMP1042,5380,5380,30,"05","2",0,0,0,0,NORMAL
50000,50000,30,EMP1042,EMP1050,250000,250000,20,"05","3",0,0,2,0,DELAY
65715,65715,30,EMP1042,EMP1050,328563,328563,20,"05","3",0,0,2,0,NORMAL
88025,88025,30,EMP1042,EMP1050,440125,440125,20,"05","3",0,0,2,0,NORMAL
102115,102115,30,EMP1042,EMP1050,510563,510563,20,"05","3",0,0,2,0,NORMAL
94150,94150,30,EMP1042,EMP1050,470750,470750,20,"05","3",0,0,2,0,NORMAL
8639,8639,30,EMP1042,EMP1050,43183,43183,20,"05","3",0,0,2,0,NORMAL
11569,11569,30,EMP1042,EMP1050,57845,57845,20,"05","3",0,0,2,0,NORMAL
13423,13423,30,EMP1042,EMP1050,67103,67103,20,"05","3",0,0,2,0,NORMAL
12374,12374,30,EMP1042,EMP1050,61870,61870,20,"05","3",0,0,2,0,NORMAL
8114,8114,30,EMP1042,EMP1050,40554,40554,20,"05","3",0,0,2,0,NORMAL
10868,10868,30,EMP1042,EMP1050,54324,54324,20,"05","3",0,0,2,0,NORMAL
12606,12606,30,EMP1042,EMP1050,63018,63018,20,"05","3",0,0,2,0,NORMAL
11624,11624,30,EMP1042,EMP1050,58104,58104,20,"05","3",0,0,2,0,NORMAL
751,751,30,EMP1042,EMP1050,3755,3755,30,"05","3",0,0,0,0,NORMAL
1006,1006,30,EMP1042,EMP1050,5030,5030,30,"05","3",0,0,0,0,NORMAL
1167,1167,30,EMP1042,EMP1050,5835,5835,30,"05","3",0,0,0,0,NORMAL
107362,107362,30,EMP1041,EMP1021,644175,644175,20,"05","4",0,0,2,0,NORMAL
74550,74550,30,EMP1041,EMP1021,447300,447300,20,"05","4",0,0,2,0,NORMAL
80762,80762,30,EMP1041,EMP1021,484575,484575,20,"05","4",0,0,2,0,NORMAL
74812,74812,30,EMP1041,EMP1021,448875,448875,20,"05","4",0,0,2,0,NORMAL
14110,14110,30,EMP1041,EMP1021,84663,84663,20,"05","4",0,0,2,0,NORMAL
9798,9798,30,EMP1041,EMP1021,58788,58788,20,"05","4",0,0,2,0,NORMAL
10614,10614,30,EMP1041,EMP1021,63687,63687,20,"05","4",0,0,2,0,NORMAL
9832,9832,30,EMP1041,EMP1021,58995,58995,20,"05","4",0,0,2,0,NORMAL
13251,13251,30,EMP1041,EMP1021,79510,79510,20,"05","4",0,0,2,0,NORMAL
9201,9201,30,EMP1041,EMP1021,55210,55210,20,"05","4",0,0,2,0,NORMAL
9968,9968,30,EMP1041,EMP1021,59811,59811,20,"05","4",0,0,2,0,DELAY
9234,9234,30,EMP1041,EMP1021,55404,55404,20,"05","4",0,0,2,0,NORMAL
1227,1227,30,EMP1041,EMP1021,7362,7362,30,"05","4",0,0,0,0,NORMAL
852,852,30,EMP1041,EMP1021,5112,5112,30,"05","4",0,0,0,0,NORMAL
923,923,30,EMP1041,EMP1021,5538,5538,30,"05","4",0,0,0,0,NORMAL
855,855,30,EMP1041,EMP1021,5130,5130,30,"05","4",0,0,0,0,NORMAL
48212,48212,30,EMP1046,EMP1054,289275,289275,20,"05","5",0,0,2,0,NORMAL
107362,107362,30,EMP1046,EMP1054,644175,644175,20,"05","5",0,0,2,0,NORMAL
74550,74550,30,EMP1046,EMP1054,447300,447300,20,"05","5",0,0,2,0,NORMAL
80762,80762,30,EMP1046,EMP1054,484575,484575,20,"05","5",0,0,2,0,NORMAL
74812,74812,30,EMP1046,EMP1054,448875,448875,20,"05","5",0,0,2,0,NORMAL
14110,14110,30,EMP1046,EMP1054,84663,84663,20,"05","5",0,0,2,0,NORMAL
9798,9798,30,EMP1046,EMP1054,58788,58788,20,"05","5",0,0,2,0,NORMAL
10614,10614,30,EMP1046,EMP1054,63687,63687,20,"05","5",0,0,2,0,NORMAL
9832,9832,30,EMP1046,EMP1054,58995,58995,20,"05","5",0,0,2,0,NORMAL
13251,13251,30,EMP1046,EMP1054,79510,79510,20,"05","5",0,0,2,0,NORMAL
9201,9201,30,EMP1046,EMP1054,55210,55210,20,"05","5",0,0,2,0,NORMAL
9968,9968,30,EMP1046,EMP1054,59811,59811,20,"05","5",0,0,2,0,NORMAL
1076,1076,30,EMP1042,EMP1050,5380,5380,30,"05","3",0,0,0,0,NORMAL
48212,48212,30,EMP1041,EMP1021,289275,289275,20,"05","4",0,0,2,0,NORMAL
9234,9234,30,EMP1046,EMP1054,55404,55404,20,"05","5",0,0,2,0,NORMAL
1227,1227,30,EMP1046,EMP1054,7362,7362,30,"05","5",0,0,0,0,NORMAL
852,852,30,EMP1046,EMP1054,5112,5112,30,"05","5",0,0,0,0,NORMAL
923,923,30,EMP1046,EMP1054,5538,5538,30,"05","5",0,0,0,0,NORMAL
855,855,30,EMP1046,EMP1054,5130,5130,30,"05","5",0,0,0,0,NORMAL
48212,48212,30,EMP1041,EMP1004,289275,289275,20,"05","6",0,0,2,0,NORMAL
107362,107362,30,EMP1041,EMP1004,644175,644175,20,"05","6",0,0,2,0,NORMAL
74550,74550,30,EMP1041,EMP1004,447300,447300,20,"05","6",0,0,2,0,NORMAL
80762,80762,30,EMP1041,EMP1004,484575,484575,20,"05","6",0,0,2,0,NORMAL
74812,74812,30,EMP1041,EMP1004,448875,448875,20,"05","6",0,0,2,0,NORMAL
14110,14110,30,EMP1041,EMP1004,84663,84663,20,"05","6",0,0,2,0,NORMAL
9798,9798,30,EMP1041,EMP1004,58788,58788,20,"05","6",0,0,2,0,NORMAL
10614,10614,30,EMP1041,EMP1004,63687,63687,20,"05","6",0,0,2,0,NORMAL
9832,9832,30,EMP1041,EMP1004,58995,58995,20,"05","6",0,0,2,0,NORMAL
13251,13251,30,EMP1041,EMP1004,79510,79510,20,"05","6",0,0,2,0,NORMAL
9201,9201,30,EMP1041,EMP1004,55210,55210,20,"05","6",0,0,2,0,NORMAL
9968,9968,30,EMP1041,EMP1004,59811,59811,20,"05","6",0,0,2,0,NORMAL
9234,9234,30,EMP1041,EMP1004,55404,55404,20,"05","6",0,0,2,0,NORMAL
1227,1227,30,EMP1041,EMP1004,7362,7362,30,"05","6",0,0,0,0,NORMAL
852,852,30,EMP1041,EMP1004,5112,5112,30,"05","6",0,0,0,0,NORMAL
923,923,30,EMP1041,EMP1004,5538,5538,30,"05","6",0,0,0,0,NORMAL
855,855,30,EMP1041,EMP1004,5130,5130,30,"05","6",0,0,0,0,NORMAL
48212,48212,30,EMP1003,EMP1021,289275,289275,20,"05","7",0,0,2,0,NORMAL
107362,107362,30,EMP1003,EMP1021,644175,644175,20,"05","7",0,0,2,0,NORMAL
74550,74550,30,EMP1003,EMP1021,447300,447300,20,"05","7",0,0,2,0,NORMAL
80762,80762,30,EMP1003,EMP1021,484575,484575,20,"05","7",0,0,2,0,NORMAL
74812,74812,30,EMP1003,EMP1021,448875,448875,20,"05","7",0,0,2,0,DELAY
14110,14110,30,EMP1003,EMP1021,84663,84663,20,"05","7",0,0,2,0,NORMAL
9798,9798,30,EMP1003,EMP1021,58788,58788,20,"05","7",0,0,2,0,NORMAL
10614,10614,30,EMP1003,EMP1021,63687,63687,20,"05","7",0,0,2,0,NORMAL
9832,9832,30,EMP1003,EMP1021,58995,58995,20,"05","7",0,0,2,0,NORMAL
13251,13251,30,EMP1003,EMP1021,79510,79510,20,"05","7",0,0,2,0,DELAY
9201,9201,30,EMP1003,EMP1021,55210,55210,20,"05","7",0,0,2,0,NORMAL
9968,9968,30,EMP1003,EMP1021,59811,59811,20,"05","7",0,0,2,0,NORMAL
9234,9234,30,EMP1003,EMP1021,55404,55404,20,"05","7",0,0,2,0,NORMAL
1227,1227,30,EMP1003,EMP1021,7362,7362,30,"05","7",0,0,0,0,NORMAL
852,852,30,EMP1003,EMP1021,5112,5112,30,"05","7",0,0,0,0,NORMAL
923,923,30,EMP1003,EMP1021,5538,5538,30,"05","7",0,0,0,0,NORMAL
855,855,30,EMP1003,EMP1021,5130,5130,30,"05","7",0,0,0,0,NORMAL
48212,48212,30,EMP1055,EMP1042,289275,289275,20,"05","2",0,0,2,0,NORMAL
107362,107362,30,EMP1055,EMP1042,644175,644175,20,"05","2",0,0,2,0,NORMAL
74550,74550,30,EMP1055,EMP1042,447300,447300,20,"05","2",0,0,2,0,NORMAL
80762,80762,30,EMP1055,EMP1042,484575,484575,20,"05","2",0,0,2,0,NORMAL
74812,74812,30,EMP1055,EMP1042,448875,448875,20,"05","2",0,0,2,0,NORMAL
14110,14110,30,EMP1055,EMP1042,84663,84663,20,"05","2",0,0,2,0,NORMAL
9798,9798,30,EMP1055,EMP1042,58788,58788,20,"05","2",0,0,2,0,NORMAL
10614,10614,30,EMP1055,EMP1042,63687,63687,20,"05","2",0,0,2,0,NORMAL
9832,9832,30,EMP1055,EMP1042,58995,58995,20,"05","2",0,0,2,0,NORMAL
13251,13251,30,EMP1055,EMP1042,79510,79510,20,"05","2",0,0,2,0,NORMAL
9201,9201,30,EMP1055,EMP1042,55210,55210,20,"05","2",0,0,2,0,NORMAL
9968,9968,30,EMP1055,EMP1042,59811,59811,20,"05","2",0,0,2,0,NORMAL
9234,9234,30,EMP1055,EMP1042,55404,55404,20,"05","2",0,0,2,0,NORMAL
1227,1227,30,EMP1055,EMP1042,7362,7362,30,"05","2",0,0,0,0,NORMAL
852,852,30,EMP1055,EMP1042,5112,5112,30,"05","2",0,0,0,0,NORMAL
923,923,30,EMP1055,EMP1042,5538,5538,30,"05","2",0,0,0,0,NORMAL
855,855,30,EMP1055,EMP1042,5130,5130,30,"05","2",0,0,0,0,NORMAL
48215,48215,30,EMP1007,EMP1001,289275,289275,20,"05","3",0,0,2,0,NORMAL
107365,107365,30,EMP1007,EMP1001,644175,644175,20,"05","3",0,0,2,0,NORMAL
74550,74550,30,EMP1007,EMP1001,447300,447300,20,"05","3",0,0,2,0,NORMAL
80765,80765,30,EMP1007,EMP1001,484575,484575,20,"05","3",0,0,2,0,NORMAL
74815,74815,30,EMP1007,EMP1001,448875,448875,20,"05","3",0,0,2,0,NORMAL
14113,14113,30,EMP1007,EMP1001,84663,84663,20,"05","3",0,0,2,0,NORMAL
9798,9798,30,EMP1007,EMP1001,58788,58788,20,"05","3",0,0,2,0,NORMAL
10617,10617,30,EMP1007,EMP1001,63687,63687,20,"05","3",0,0,2,0,NORMAL
9835,9835,30,EMP1007,EMP1001,58995,58995,20,"05","3",0,0,2,0,NORMAL
13255,13255,30,EMP1007,EMP1001,79510,79510,20,"05","3",0,0,2,0,NORMAL
9205,9205,30,EMP1007,EMP1001,55210,55210,20,"05","3",0,0,2,0,NORMAL
9971,9971,30,EMP1007,EMP1001,59811,59811,20,"05","3",0,0,2,0,NORMAL
9234,9234,30,EMP1007,EMP1001,55404,55404,20,"05","3",0,0,2,0,NORMAL
1227,1227,30,EMP1007,EMP1001,7362,7362,30,"05","3",0,0,0,0,NORMAL
852,852,30,EMP1007,EMP1001,5112,5112,30,"05","3",0,0,0,0,NORMAL
923,923,30,EMP1007,EMP1001,5538,5538,30,"05","3",0,0,0,0,NORMAL
855,855,30,EMP1007,EMP1001,5130,5130,30,"05","3",0,0,0,0,NORMAL
53725,53725,30,EMP1053,EMP1045,268625,268625,20,"05","4",0,0,2,0,NORMAL
96250,96250,30,EMP1053,EMP1045,481250,481250,20,"05","4",0,0,2,0,NORMAL
112350,112350,30,EMP1053,EMP1045,561750,561750,20,"05","4",0,0,2,0,NORMAL
85400,85400,30,EMP1053,EMP1045,427000,427000,20,"05","4",0,0,2,0,NORMAL
82075,82075,30,EMP1053,EMP1045,410375,410375,20,"05","4",0,0,2,0,NORMAL
12650,12650,30,EMP1053,EMP1045,63250,63250,20,"05","4",0,0,2,0,NORMAL
14766,14766,30,EMP1053,EMP1045,73830,73830,20,"05","4",0,0,2,0,NORMAL
11224,11224,30,EMP1053,EMP1045,56120,56120,20,"05","4",0,0,2,0,NORMAL
10787,10787,30,EMP1053,EMP1045,53935,53935,20,"05","4",0,0,2,0,NORMAL
11880,11880,30,EMP1053,EMP1045,59400,59400,20,"05","4",0,0,2,0,NORMAL
13867,13867,30,EMP1053,EMP1045,69336,69336,20,"05","4",0,0,2,0,NORMAL
10540,10540,30,EMP1053,EMP1045,52704,52704,20,"05","4",0,0,2,0,NORMAL
10130,10130,30,EMP1053,EMP1045,50652,50652,20,"05","4",0,0,2,0,NORMAL
1100,1100,30,EMP1053,EMP1045,5500,5500,30,"05","4",0,0,0,0,NORMAL
1284,1284,30,EMP1053,EMP1045,6420,6420,30,"05","4",0,0,0,0,NORMAL
976,976,30,EMP1053,EMP1045,4880,4880,30,"05","4",0,0,0,0,NORMAL
938,938,30,EMP1053,EMP1045,4690,4690,30,"05","4",0,0,0,0,NORMAL
53725,53725,30,EMP1053,EMP1045,268625,268625,20,"05","5",0,0,2,0,NORMAL
96250,96250,30,EMP1053,EMP1045,481250,481250,20,"05","5",0,0,2,0,NORMAL
112350,112350,30,EMP1053,EMP1045,561750,561750,20,"05","5",0,0,2,0,NORMAL
85400,85400,30,EMP1053,EMP1045,427000,427000,20,"05","5",0,0,2,0,NORMAL
82075,82075,30,EMP1053,EMP1045,410375,410375,20,"05","5",0,0,2,0,NORMAL
12650,12650,30,EMP1053,EMP1045,63250,63250,20,"05","5",0,0,2,0,NORMAL
14766,14766,30,EMP1053,EMP1045,73830,73830,20,"05","5",0,0,2,0,NORMAL
11224,11224,30,EMP1053,EMP1045,56120,56120,20,"05","5",0,0,2,0,NORMAL
10787,10787,30,EMP1053,EMP1045,53935,53935,20,"05","5",0,0,2,0,NORMAL
11880,11880,30,EMP1053,EMP1045,59400,59400,20,"05","5",0,0,2,0,NORMAL
13867,13867,30,EMP1053,EMP1045,69336,69336,20,"05","5",0,0,2,0,NORMAL
10540,10540,30,EMP1053,EMP1045,52704,52704,20,"05","5",0,0,2,0,NORMAL
10130,10130,30,EMP1053,EMP1045,50652,50652,20,"05","5",0,0,2,0,NORMAL
1100,1100,30,EMP1053,EMP1045,5500,5500,30,"05","5",0,0,0,0,NORMAL
1284,1284,30,EMP1053,EMP1045,6420,6420,30,"05","5",0,0,0,0,NORMAL
976,976,30,EMP1053,EMP1045,4880,4880,30,"05","5",0,0,0,0,NORMAL
938,938,30,EMP1053,EMP1045,4690,4690,30,"05","5",0,0,0,0,NORMAL
53725,53725,30,EMP1051,EMP1044,268625,268625,20,"05","6",0,0,2,0,NORMAL
96250,96250,30,EMP1051,EMP1044,481250,481250,20,"05","6",0,0,2,0,NORMAL
112350,112350,30,EMP1051,EMP1044,561750,561750,20,"05","6",0,0,2,0,NORMAL
85400,85400,30,EMP1051,EMP1044,427000,427000,20,"05","6",0,0,2,0,NORMAL
82075,82075,30,EMP1051,EMP1044,410375,410375,20,"05","6",0,0,2,0,NORMAL
12650,12650,30,EMP1051,EMP1044,63250,63250,20,"05","6",0,0,2,0,NORMAL
14766,14766,30,EMP1051,EMP1044,73830,73830,20,"05","6",0,0,2,0,NORMAL
11224,11224,30,EMP1051,EMP1044,56120,56120,20,"05","6",0,0,2,0,NORMAL
10787,10787,30,EMP1051,EMP1044,53935,53935,20,"05","6",0,0,2,0,NORMAL
11880,11880,30,EMP1051,EMP1044,59400,59400,20,"05","6",0,0,2,0,NORMAL
13867,13867,30,EMP1051,EMP1044,69336,69336,20,"05","6",0,0,2,0,NORMAL
10540,10540,30,EMP1051,EMP1044,52704,52704,20,"05","6",0,0,2,0,NORMAL
10130,10130,30,EMP1051,EMP1044,50652,50652,20,"05","6",0,0,2,0,NORMAL
1100,1100,30,EMP1051,EMP1044,5500,5500,30,"05","6",0,0,0,0,NORMAL
1284,1284,30,EMP1051,EMP1044,6420,6420,30,"05","6",0,0,0,0,NORMAL
976,976,30,EMP1051,EMP1044,4880,4880,30,"05","6",0,0,0,0,NORMAL
938,938,30,EMP1051,EMP1044,4690,4690,30,"05","6",0,0,0,0,NORMAL
53725,53725,30,EMP1003,EMP1057,268625,268625,20,"05","2",0,0,2,0,NORMAL
96250,96250,30,EMP1003,EMP1057,481250,481250,20,"05","2",0,0,2,0,NORMAL
112350,112350,30,EMP1003,EMP1057,561750,561750,20,"05","2",0,0,2,0,NORMAL
85400,85400,30,EMP1003,EMP1057,427000,427000,20,"05","2",0,0,2,0,DELAY
82075,82075,30,EMP1003,EMP1057,410375,410375,20,"05","2",0,0,2,0,NORMAL
12650,12650,30,EMP1003,EMP1057,63250,63250,20,"05","2",0,0,2,0,NORMAL
14766,14766,30,EMP1003,EMP1057,73830,73830,20,"05","2",0,0,2,0,NORMAL
11224,11224,30,EMP1003,EMP1057,56120,56120,20,"05","2",0,0,2,0,NORMAL
10787,10787,30,EMP1003,EMP1057,53935,53935,20,"05","2",0,0,2,0,NORMAL
11880,11880,30,EMP1003,EMP1057,59400,59400,20,"05","2",0,0,2,0,NORMAL
13867,13867,30,EMP1003,EMP1057,69336,69336,20,"05","2",0,0,2,0,NORMAL
10540,10540,30,EMP1003,EMP1057,52704,52704,20,"05","2",0,0,2,0,NORMAL
10130,10130,30,EMP1003,EMP1057,50652,50652,20,"05","2",0,0,2,0,NORMAL
1100,1100,30,EMP1003,EMP1057,5500,5500,30,"05","2",0,0,0,0,NORMAL
1284,1284,30,EMP1003,EMP1057,6420,6420,30,"05","2",0,0,0,0,NORMAL
976,976,30,EMP1003,EMP1057,4880,4880,30,"05","2",0,0,0,0,NORMAL
938,938,30,EMP1003,EMP1057,4690,4690,30,"05","2",0,0,0,0,NORMAL
53725,53725,30,EMP1041,EMP1001,268625,268625,20,"05","3",0,0,2,0,NORMAL
96250,96250,30,EMP1041,EMP1001,481250,481250,20,"05","3",0,0,2,0,NORMAL
112350,112350,30,EMP1041,EMP1001,561750,561750,20,"05","3",0,0,2,0,NORMAL
85400,85400,30,EMP1041,EMP1001,427000,427000,20,"05","3",0,0,2,0,NORMAL
82075,82075,30,EMP1041,EMP1001,410375,410375,20,"05","3",0,0,2,0,NORMAL
12650,12650,30,EMP1041,EMP1001,63250,63250,20,"05","3",0,0,2,0,NORMAL
14766,14766,30,EMP1041,EMP1001,73830,73830,20,"05","3",0,0,2,0,NORMAL
11224,11224,30,EMP1041,EMP1001,56120,56120,20,"05","3",0,0,2,0,NORMAL
10787,10787,30,EMP1041,EMP1001,53935,53935,20,"05","3",0,0,2,0,NORMAL
11880,11880,30,EMP1041,EMP1001,59400,59400,20,"05","3",0,0,2,0,NORMAL
13868,13868,30,EMP1041,EMP1001,69336,69336,20,"05","3",0,0,2,0,NORMAL
10544,10544,30,EMP1041,EMP1001,52704,52704,20,"05","3",0,0,2,0,NORMAL
10132,10132,30,EMP1041,EMP1001,50652,50652,20,"05","3",0,0,2,0,DELAY
1100,1100,30,EMP1041,EMP1001,5500,5500,30,"05","3",0,0,0,0,NORMAL
1284,1284,30,EMP1041,EMP1001,6420,6420,30,"05","3",0,0,0,0,NORMAL
976,976,30,EMP1041,EMP1001,4880,4880,30,"05","3",0,0,0,0,NORMAL
938,938,30,EMP1041,EMP1001,4690,4690,30,"05","3",0,0,0,0,NORMAL
49125,49125,30,EMP1054,EMP1007,294750,294750,20,"05","4",0,0,2,0,NORMAL
102637,102637,30,EMP1054,EMP1007,615825,615825,20,"05","4",0,0,2,0,NORMAL
79362,79362,30,EMP1054,EMP1007,476175,476175,20,"05","4",0,0,2,0,NORMAL
84350,84350,30,EMP1054,EMP1007,506100,506100,20,"05","4",0,0,2,0,NORMAL
77525,77525,30,EMP1054,EMP1007,465150,465150,20,"05","4",0,0,2,0,NORMAL
13489,13489,30,EMP1054,EMP1007,80937,80937,20,"05","4",0,0,2,0,NORMAL
10430,10430,30,EMP1054,EMP1007,62583,62583,20,"05","4",0,0,2,0,NORMAL
11086,11086,30,EMP1054,EMP1007,66516,66516,20,"05","4",0,0,2,0,NORMAL
10189,10189,30,EMP1054,EMP1007,61134,61134,20,"05","4",0,0,2,0,NORMAL
12668,12668,30,EMP1054,EMP1007,76011,76011,20,"05","4",0,0,2,0,NORMAL
9795,9795,30,EMP1054,EMP1007,58774,58774,20,"05","4",0,0,2,0,NORMAL
10411,10411,30,EMP1054,EMP1007,62468,62468,20,"05","4",0,0,2,0,NORMAL
9568,9568,30,EMP1054,EMP1007,57413,57413,20,"05","4",0,0,2,0,NORMAL
1173,1173,30,EMP1054,EMP1007,7038,7038,30,"05","4",0,0,0,0,NORMAL
907,907,30,EMP1054,EMP1007,5442,5442,30,"05","4",0,0,0,0,NORMAL
964,964,30,EMP1054,EMP1007,5784,5784,30,"05","4",0,0,0,0,NORMAL
886,886,30,EMP1054,EMP1007,5316,5316,30,"05","4",0,0,0,0,NORMAL
49125,49125,30,EMP1021,EMP1059,294750,294750,20,"05","5",0,0,2,0,DELAY
102637,102637,30,EMP1021,EMP1059,615825,615825,20,"05","5",0,0,2,0,NORMAL
79362,79362,30,EMP1021,EMP1059,476175,476175,20,"05","5",0,0,2,0,NORMAL
84350,84350,30,EMP1021,EMP1059,506100,506100,20,"05","5",0,0,2,0,NORMAL
77525,77525,30,EMP1021,EMP1059,465150,465150,20,"05","5",0,0,2,0,NORMAL
13489,13489,30,EMP1021,EMP1059,80937,80937,20,"05","5",0,0,2,0,NORMAL
10430,10430,30,EMP1021,EMP1059,62583,62583,20,"05","5",0,0,2,0,NORMAL
11086,11086,30,EMP1021,EMP1059,66516,66516,20,"05","5",0,0,2,0,NORMAL
10189,10189,30,EMP1021,EMP1059,61134,61134,20,"05","5",0,0,2,0,NORMAL
12668,12668,30,EMP1021,EMP1059,76011,76011,20,"05","5",0,0,2,0,NORMAL
9795,9795,30,EMP1021,EMP1059,58774,58774,20,"05","5",0,0,2,0,NORMAL
10411,10411,30,EMP1021,EMP1059,62468,62468,20,"05","5",0,0,2,0,NORMAL
9568,9568,30,EMP1021,EMP1059,57413,57413,20,"05","5",0,0,2,0,NORMAL
1173,1173,30,EMP1021,EMP1059,7038,7038,30,"05","5",0,0,0,0,NORMAL
907,907,30,EMP1021,EMP1059,5442,5442,30,"05","5",0,0,0,0,NORMAL
964,964,30,EMP1021,EMP1059,5784,5784,30,"05","5",0,0,0,0,NORMAL
886,886,30,EMP1021,EMP1059,5316,5316,30,"05","5",0,0,0,0,NORMAL
49125,49125,30,EMP1059,EMP1001,294750,294750,20,"05","6",0,0,2,0,NORMAL
102637,102637,30,EMP1059,EMP1001,615825,615825,20,"05","6",0,0,2,0,NORMAL
79362,79362,30,EMP1059,EMP1001,476175,476175,20,"05","6",0,0,2,0,NORMAL
84350,84350,30,EMP1059,EMP1001,506100,506100,20,"05","6",0,0,2,0,NORMAL
77525,77525,30,EMP1059,EMP1001,465150,465150,20,"05","6",0,0,2,0,NORMAL
13489,13489,30,EMP1059,EMP1001,80937,80937,20,"05","6",0,0,2,0,NORMAL
10430,10430,30,EMP1059,EMP1001,62583,62583,20,"05","6",0,0,2,0,NORMAL
11086,11086,30,EMP1059,EMP1001,66516,66516,20,"05","6",0,0,2,0,NORMAL
10189,10189,30,EMP1059,EMP1001,61134,61134,20,"05","6",0,0,2,0,NORMAL
12668,12668,30,EMP1059,EMP1001,76011,76011,20,"05","6",0,0,2,0,NORMAL
9795,9795,30,EMP1059,EMP1001,58774,58774,20,"05","6",0,0,2,0,NORMAL
10411,10411,30,EMP1059,EMP1001,62468,62468,20,"05","6",0,0,2,0,NORMAL
9568,9568,30,EMP1059,EMP1001,57413,57413,20,"05","6",0,0,2,0,NORMAL
1173,1173,30,EMP1059,EMP1001,7038,7038,30,"05","6",0,0,0,0,NORMAL
907,907,30,EMP1059,EMP1001,5442,5442,30,"05","6",0,0,0,0,NORMAL
964,964,30,EMP1059,EMP1001,5784,5784,30,"05","6",0,0,0,0,NORMAL
886,886,30,EMP1059,EMP1001,5316,5316,30,"05","6",0,0,0,0,NORMAL
49125,49125,30,EMP1046,EMP1048,294750,294750,20,"05","7",0,0,2,0,NORMAL
102637,102637,30,EMP1046,EMP1048,615825,615825,20,"05","7",0,0,2,0,NORMAL
79362,79362,30,EMP1046,EMP1048,476175,476175,20,"05","7",0,0,2,0,NORMAL
84350,84350,30,EMP1046,EMP1048,506100,506100,20,"05","7",0,0,2,0,NORMAL
77525,77525,30,EMP1046,EMP1048,465150,465150,20,"05","7",0,0,2,0,NORMAL
13489,13489,30,EMP1046,EMP1048,80937,80937,20,"05","7",0,0,2,0,NORMAL
10430,10430,30,EMP1046,EMP1048,62583,62583,20,"05","7",0,0,2,0,NORMAL
11086,11086,30,EMP1046,EMP1048,66516,66516,20,"05","7",0,0,2,0,DELAY
10189,10189,30,EMP1046,EMP1048,61134,61134,20,"05","7",0,0,2,0,NORMAL
12668,12668,30,EMP1046,EMP1048,76011,76011,20,"05","7",0,0,2,0,NORMAL
9795,9795,30,EMP1046,EMP1048,58774,58774,20,"05","7",0,0,2,0,NORMAL
10411,10411,30,EMP1046,EMP1048,62468,62468,20,"05","7",0,0,2,0,NORMAL
9568,9568,30,EMP1046,EMP1048,57413,57413,20,"05","7",0,0,2,0,NORMAL
1173,1173,30,EMP1046,EMP1048,7038,7038,30,"05","7",0,0,0,0,NORMAL
907,907,30,EMP1046,EMP1048,5442,5442,30,"05","7",0,0,0,0,NORMAL
964,964,30,EMP1046,EMP1048,5784,5784,30,"05","7",0,0,0,0,NORMAL
886,886,30,EMP1046,EMP1048,5316,5316,30,"05","7",0,0,0,0,NORMAL
49125,49125,30,EMP1043,EMP1056,294750,294750,20,"05","2",0,0,2,0,NORMAL
102637,102637,30,EMP1043,EMP1056,615825,615825,20,"05","2",0,0,2,0,NORMAL
79362,79362,30,EMP1043,EMP1056,476175,476175,20,"05","2",0,0,2,0,NORMAL
84350,84350,30,EMP1043,EMP1056,506100,506100,20,"05","2",0,0,2,0,NORMAL
77525,77525,30,EMP1043,EMP1056,465150,465150,20,"05","2",0,0,2,0,NORMAL
13489,13489,30,EMP1043,EMP1056,80937,80937,20,"05","2",0,0,2,0,NORMAL
10430,10430,30,EMP1043,EMP1056,62583,62583,20,"05","2",0,0,2,0,NORMAL
11086,11086,30,EMP1043,EMP1056,66516,66516,20,"05","2",0,0,2,0,NORMAL
10189,10189,30,EMP1043,EMP1056,61134,61134,20,"05","2",0,0,2,0,NORMAL
12668,12668,30,EMP1043,EMP1056,76011,76011,20,"05","2",0,0,2,0,NORMAL
9795,9795,30,EMP1043,EMP1056,58774,58774,20,"05","2",0,0,2,0,DELAY
10411,10411,30,EMP1043,EMP1056,62468,62468,20,"05","2",0,0,2,0,NORMAL
9568,9568,30,EMP1043,EMP1056,57413,57413,20,"05","2",0,0,2,0,NORMAL
1173,1173,30,EMP1043,EMP1056,7038,7038,30,"05","2",0,0,0,0,NORMAL
907,907,30,EMP1043,EMP1056,5442,5442,30,"05","2",0,0,0,0,NORMAL
964,964,30,EMP1043,EMP1056,5784,5784,30,"05","2",0,0,0,0,NORMAL
886,886,30,EMP1043,EMP1056,5316,5316,30,"05","2",0,0,0,0,NORMAL
49125,49125,30,EMP1042,EMP1045,294750,294750,20,"05","3",0,0,2,0,NORMAL
102640,102640,30,EMP1042,EMP1045,615825,615825,20,"05","3",0,0,2,0,NORMAL
79365,79365,30,EMP1042,EMP1045,476175,476175,20,"05","3",0,0,2,0,NORMAL
84350,84350,30,EMP1042,EMP1045,506100,506100,20,"05","3",0,0,2,0,NORMAL
77525,77525,30,EMP1042,EMP1045,465150,465150,20,"05","3",0,0,2,0,NORMAL
13492,13492,30,EMP1042,EMP1045,80937,80937,20,"05","3",0,0,2,0,NORMAL
10433,10433,30,EMP1042,EMP1045,62583,62583,20,"05","3",0,0,2,0,NORMAL
11086,11086,30,EMP1042,EMP1045,66516,66516,20,"05","3",0,0,2,0,NORMAL
10189,10189,30,EMP1042,EMP1045,61134,61134,20,"05","3",0,0,2,0,NORMAL
12671,12671,30,EMP1042,EMP1045,76011,76011,20,"05","3",0,0,2,0,NORMAL
9799,9799,30,EMP1042,EMP1045,58774,58774,20,"05","3",0,0,2,0,NORMAL
10413,10413,30,EMP1042,EMP1045,62468,62468,20,"05","3",0,0,2,0,NORMAL
9573,9573,30,EMP1042,EMP1045,57413,57413,20,"05","3",0,0,2,0,NORMAL
1173,1173,30,EMP1042,EMP1045,7038,7038,30,"05","3",0,0,0,0,NORMAL
907,907,30,EMP1042,EMP1045,5442,5442,30,"05","3",0,0,0,0,NORMAL
964,964,30,EMP1042,EMP1045,5784,5784,30,"05","3",0,0,0,0,NORMAL
886,886,30,EMP1042,EMP1045,5316,5316,30,"05","3",0,0,0,0,NORMAL
42687,42687,30,EMP1021,EMP1002,128063,128063,20,"05","4",0,0,2,0,NORMAL
90475,90475,30,EMP1021,EMP1002,271425,271425,20,"05","4",0,0,2,0,NORMAL
61950,61950,30,EMP1021,EMP1002,185850,185850,20,"05","4",0,0,2,0,DELAY
62212,62212,30,EMP1021,EMP1002,186638,186638,20,"05","4",0,0,2,0,NORMAL
84175,84175,30,EMP1021,EMP1002,252525,252525,20,"05","4",0,0,2,0,NORMAL
11891,11891,30,EMP1021,EMP1002,35673,35673,20,"05","4",0,0,2,0,NORMAL
8142,8142,30,EMP1021,EMP1002,24426,24426,20,"05","4",0,0,2,0,NORMAL
8176,8176,30,EMP1021,EMP1002,24530,24530,20,"05","4",0,0,2,0,NORMAL
11063,11063,30,EMP1021,EMP1002,33189,33189,20,"05","4",0,0,2,0,NORMAL
11167,11167,30,EMP1021,EMP1002,33502,33502,20,"05","4",0,0,2,0,NORMAL
7646,7646,30,EMP1021,EMP1002,22940,22940,20,"05","4",0,0,2,0,NORMAL
7679,7679,30,EMP1021,EMP1002,23037,23037,20,"05","4",0,0,2,0,NORMAL
10389,10389,30,EMP1021,EMP1002,31169,31169,20,"05","4",0,0,2,0,NORMAL
1034,1034,30,EMP1021,EMP1002,3102,3102,30,"05","4",0,0,0,0,NORMAL
708,708,30,EMP1021,EMP1002,2124,2124,30,"05","4",0,0,0,0,NORMAL
711,711,30,EMP1021,EMP1002,2133,2133,30,"05","4",0,0,0,0,NORMAL
962,962,30,EMP1021,EMP1002,2886,2886,30,"05","4",0,0,0,0,NORMAL
42687,42687,30,EMP1045,EMP1055,128063,128063,20,"05","5",0,0,2,0,NORMAL
90475,90475,30,EMP1045,EMP1055,271425,271425,20,"05","5",0,0,2,0,NORMAL
61950,61950,30,EMP1045,EMP1055,185850,185850,20,"05","5",0,0,2,0,NORMAL
62212,62212,30,EMP1045,EMP1055,186638,186638,20,"05","5",0,0,2,0,NORMAL
84175,84175,30,EMP1045,EMP1055,252525,252525,20,"05","5",0,0,2,0,NORMAL
11891,11891,30,EMP1045,EMP1055,35673,35673,20,"05","5",0,0,2,0,NORMAL
8142,8142,30,EMP1045,EMP1055,24426,24426,20,"05","5",0,0,2,0,NORMAL
8176,8176,30,EMP1045,EMP1055,24530,24530,20,"05","5",0,0,2,0,NORMAL
11063,11063,30,EMP1045,EMP1055,33189,33189,20,"05","5",0,0,2,0,NORMAL
11167,11167,30,EMP1045,EMP1055,33502,33502,20,"05","5",0,0,2,0,NORMAL
7646,7646,30,EMP1045,EMP1055,22940,22940,20,"05","5",0,0,2,0,NORMAL
7679,7679,30,EMP1045,EMP1055,23037,23037,20,"05","5",0,0,2,0,NORMAL
10389,10389,30,EMP1045,EMP1055,31169,31169,20,"05","5",0,0,2,0,NORMAL
1034,1034,30,EMP1045,EMP1055,3102,3102,30,"05","5",0,0,0,0,NORMAL
708,708,30,EMP1045,EMP1055,2124,2124,30,"05","5",0,0,0,0,NORMAL
711,711,30,EMP1045,EMP1055,2133,2133,30,"05","5",0,0,0,0,NORMAL
962,962,30,EMP1045,EMP1055,2886,2886,30,"05","5",0,0,0,0,NORMAL
42689,42689,30,EMP1048,EMP1005,128063,128063,20,"05","6",0,0,2,0,NORMAL
90475,90475,30,EMP1048,EMP1005,271425,271425,20,"05","6",0,0,2,0,NORMAL
61950,61950,30,EMP1048,EMP1005,185850,185850,20,"05","6",0,0,2,0,NORMAL
62214,62214,30,EMP1048,EMP1005,186638,186638,20,"05","6",0,0,2,0,DELAY
84175,84175,30,EMP1048,EMP1005,252525,252525,20,"05","6",0,0,2,0,NORMAL
11891,11891,30,EMP1048,EMP1005,35673,35673,20,"05","6",0,0,2,0,NORMAL
8142,8142,30,EMP1048,EMP1005,24426,24426,20,"05","6",0,0,2,0,NORMAL
8178,8178,30,EMP1048,EMP1005,24530,24530,20,"05","6",0,0,2,0,NORMAL
11063,11063,30,EMP1048,EMP1005,33189,33189,20,"05","6",0,0,2,0,NORMAL
11168,11168,30,EMP1048,EMP1005,33502,33502,20,"05","6",0,0,2,0,DELAY
7648,7648,30,EMP1048,EMP1005,22940,22940,20,"05","6",0,0,2,0,NORMAL
7679,7679,30,EMP1048,EMP1005,23037,23037,20,"05","6",0,0,2,0,NORMAL
10391,10391,30,EMP1048,EMP1005,31169,31169,20,"05","6",0,0,2,0,NORMAL
1034,1034,30,EMP1048,EMP1005,3102,3102,30,"05","6",0,0,0,0,NORMAL
708,708,30,EMP1048,EMP1005,2124,2124,30,"05","6",0,0,0,0,NORMAL
711,711,30,EMP1048,EMP1005,2133,2133,30,"05","6",0,0,0,0,NORMAL
962,962,30,EMP1048,EMP1005,2886,2886,30,"05","6",0,0,0,0,NORMAL
12916,12916,30,EMP1053,EMP1001,64584,64584,20,"10","2",0,0,2,0,NORMAL
8726,8726,30,EMP1053,EMP1001,43632,43632,20,"10","2",0,0,2,0,NORMAL
8618,8618,30,EMP1053,EMP1001,43092,43092,20,"10","2",0,0,2,0,NORMAL
10962,10962,30,EMP1053,EMP1001,54810,54810,20,"10","2",0,0,2,0,NORMAL
1196,1196,30,EMP1053,EMP1001,5980,5980,30,"10","2",0,0,0,0,NORMAL
808,808,30,EMP1053,EMP1001,4040,4040,30,"10","2",0,0,0,0,NORMAL
798,798,30,EMP1053,EMP1001,3990,3990,30,"10","2",0,0,0,0,NORMAL
1015,1015,30,EMP1053,EMP1001,5075,5075,30,"10","2",0,0,0,0,NORMAL
47715,47715,30,EMP1054,EMP1059,238563,238563,20,"10","3",0,0,2,0,NORMAL
104650,104650,30,EMP1054,EMP1059,523250,523250,20,"10","3",0,0,2,0,NORMAL
70700,70700,30,EMP1054,EMP1059,353500,353500,20,"10","3",0,0,2,0,NORMAL
69825,69825,30,EMP1054,EMP1059,349125,349125,20,"10","3",0,0,2,0,NORMAL
88815,88815,30,EMP1054,EMP1059,444063,444063,20,"10","3",0,0,2,0,NORMAL
13754,13754,30,EMP1054,EMP1059,68770,68770,20,"10","3",0,0,2,0,NORMAL
9292,9292,30,EMP1054,EMP1059,46460,46460,20,"10","3",0,0,2,0,NORMAL
9177,9177,30,EMP1054,EMP1059,45885,45885,20,"10","3",0,0,2,0,NORMAL
11675,11675,30,EMP1054,EMP1059,58363,58363,20,"10","3",0,0,2,0,NORMAL
12920,12920,30,EMP1054,EMP1059,64584,64584,20,"10","3",0,0,2,0,NORMAL
8728,8728,30,EMP1054,EMP1059,43632,43632,20,"10","3",0,0,2,0,NORMAL
8620,8620,30,EMP1054,EMP1059,43092,43092,20,"10","3",0,0,2,0,NORMAL
10962,10962,30,EMP1054,EMP1059,54810,54810,20,"10","3",0,0,2,0,NORMAL
1196,1196,30,EMP1054,EMP1059,5980,5980,30,"10","3",0,0,0,0,NORMAL
808,808,30,EMP1054,EMP1059,4040,4040,30,"10","3",0,0,0,0,NORMAL
798,798,30,EMP1054,EMP1059,3990,3990,30,"10","3",0,0,0,0,NORMAL
1015,1015,30,EMP1054,EMP1059,5075,5075,30,"10","3",0,0,0,0,NORMAL
48237,48237,30,EMP1052,EMP1052,241188,241188,20,"10","4",0,0,2,0,NORMAL
65712,65712,30,EMP1052,EMP1052,328563,328563,20,"10","4",0,0,2,0,NORMAL
65275,65275,30,EMP1052,EMP1052,326375,326375,20,"10","4",0,0,2,0,NORMAL
94937,94937,30,EMP1052,EMP1052,474688,474688,20,"10","4",0,0,2,0,NORMAL
111737,111737,30,EMP1052,EMP1052,558688,558688,20,"10","4",0,0,2,0,NORMAL
8636,8636,30,EMP1052,EMP1052,43183,43183,20,"10","4",0,0,2,0,NORMAL
8579,8579,30,EMP1052,EMP1052,42895,42895,20,"10","4",0,0,2,0,NORMAL
12477,12477,30,EMP1052,EMP1052,62388,62388,20,"10","4",0,0,2,0,NORMAL
14685,14685,30,EMP1052,EMP1052,73428,73428,20,"10","4",0,0,2,0,NORMAL
8110,8110,30,EMP1052,EMP1052,40554,40554,20,"10","4",0,0,2,0,NORMAL
8056,8056,30,EMP1052,EMP1052,40284,40284,20,"10","4",0,0,2,0,NORMAL
11718,11718,30,EMP1052,EMP1052,58590,58590,20,"10","4",0,0,2,0,NORMAL
13791,13791,30,EMP1052,EMP1052,68958,68958,20,"10","4",0,0,2,0,DELAY
751,751,30,EMP1052,EMP1052,3755,3755,30,"10","4",0,0,0,0,NORMAL
746,746,30,EMP1052,EMP1052,3730,3730,30,"10","4",0,0,0,0,NORMAL
1085,1085,30,EMP1052,EMP1052,5425,5425,30,"10","4",0,0,0,0,NORMAL
1277,1277,30,EMP1052,EMP1052,6385,6385,30,"10","4",0,0,0,0,NORMAL
48237,48237,30,EMP1004,EMP1043,241188,241188,20,"10","5",0,0,2,0,NORMAL
65712,65712,30,EMP1004,EMP1043,328563,328563,20,"10","5",0,0,2,0,NORMAL
65275,65275,30,EMP1004,EMP1043,326375,326375,20,"10","5",0,0,2,0,NORMAL
94937,94937,30,EMP1004,EMP1043,474688,474688,20,"10","5",0,0,2,0,NORMAL
111737,111737,30,EMP1004,EMP1043,558688,558688,20,"10","5",0,0,2,0,NORMAL
8636,8636,30,EMP1004,EMP1043,43183,43183,20,"10","5",0,0,2,0,NORMAL
8579,8579,30,EMP1004,EMP1043,42895,42895,20,"10","5",0,0,2,0,NORMAL
12477,12477,30,EMP1004,EMP1043,62388,62388,20,"10","5",0,0,2,0,NORMAL
8726,8726,30,EMP1021,EMP1048,43632,43632,20,"10","4",0,0,2,0,NORMAL
8618,8618,30,EMP1021,EMP1048,43092,43092,20,"10","4",0,0,2,0,NORMAL
10962,10962,30,EMP1021,EMP1048,54810,54810,20,"10","4",0,0,2,0,NORMAL
1196,1196,30,EMP1021,EMP1048,5980,5980,30,"10","4",0,0,0,0,NORMAL
808,808,30,EMP1021,EMP1048,4040,4040,30,"10","4",0,0,0,0,NORMAL
798,798,30,EMP1021,EMP1048,3990,3990,30,"10","4",0,0,0,0,NORMAL
1015,1015,30,EMP1021,EMP1048,5075,5075,30,"10","4",0,0,0,0,NORMAL
47712,47712,30,EMP1044,EMP1042,238563,238563,20,"10","5",0,0,2,0,NORMAL
104650,104650,30,EMP1044,EMP1042,523250,523250,20,"10","5",0,0,2,0,NORMAL
70700,70700,30,EMP1044,EMP1042,353500,353500,20,"10","5",0,0,2,0,NORMAL
69825,69825,30,EMP1044,EMP1042,349125,349125,20,"10","5",0,0,2,0,NORMAL
88812,88812,30,EMP1044,EMP1042,444063,444063,20,"10","5",0,0,2,0,NORMAL
13754,13754,30,EMP1044,EMP1042,68770,68770,20,"10","5",0,0,2,0,NORMAL
9292,9292,30,EMP1044,EMP1042,46460,46460,20,"10","5",0,0,2,0,NORMAL
9177,9177,30,EMP1044,EMP1042,45885,45885,20,"10","5",0,0,2,0,NORMAL
11672,11672,30,EMP1044,EMP1042,58363,58363,20,"10","5",0,0,2,0,NORMAL
12916,12916,30,EMP1044,EMP1042,64584,64584,20,"10","5",0,0,2,0,DELAY
8726,8726,30,EMP1044,EMP1042,43632,43632,20,"10","5",0,0,2,0,NORMAL
8618,8618,30,EMP1044,EMP1042,43092,43092,20,"10","5",0,0,2,0,NORMAL
10962,10962,30,EMP1044,EMP1042,54810,54810,20,"10","5",0,0,2,0,NORMAL
1196,1196,30,EMP1044,EMP1042,5980,5980,30,"10","5",0,0,0,0,NORMAL
808,808,30,EMP1044,EMP1042,4040,4040,30,"10","5",0,0,0,0,NORMAL
798,798,30,EMP1044,EMP1042,3990,3990,30,"10","5",0,0,0,0,NORMAL
1015,1015,30,EMP1044,EMP1042,5075,5075,30,"10","5",0,0,0,0,NORMAL
47712,47712,30,EMP1047,EMP1004,238563,238563,20,"10","6",0,0,2,0,NORMAL
104650,104650,30,EMP1047,EMP1004,523250,523250,20,"10","6",0,0,2,0,NORMAL
70700,70700,30,EMP1047,EMP1004,353500,353500,20,"10","6",0,0,2,0,NORMAL
69825,69825,30,EMP1047,EMP1004,349125,349125,20,"10","6",0,0,2,0,NORMAL
88812,88812,30,EMP1047,EMP1004,444063,444063,20,"10","6",0,0,2,0,NORMAL
13754,13754,30,EMP1047,EMP1004,68770,68770,20,"10","6",0,0,2,0,NORMAL
9292,9292,30,EMP1047,EMP1004,46460,46460,20,"10","6",0,0,2,0,NORMAL
9177,9177,30,EMP1047,EMP1004,45885,45885,20,"10","6",0,0,2,0,NORMAL
11672,11672,30,EMP1047,EMP1004,58363,58363,20,"10","6",0,0,2,0,NORMAL
12916,12916,30,EMP1047,EMP1004,64584,64584,20,"10","6",0,0,2,0,NORMAL
8726,8726,30,EMP1047,EMP1004,43632,43632,20,"10","6",0,0,2,0,NORMAL
8618,8618,30,EMP1047,EMP1004,43092,43092,20,"10","6",0,0,2,0,NORMAL
10962,10962,30,EMP1047,EMP1004,54810,54810,20,"10","6",0,0,2,0,NORMAL
1196,1196,30,EMP1047,EMP1004,5980,5980,30,"10","6",0,0,0,0,NORMAL
808,808,30,EMP1047,EMP1004,4040,4040,30,"10","6",0,0,0,0,NORMAL
798,798,30,EMP1047,EMP1004,3990,3990,30,"10","6",0,0,0,0,NORMAL
1015,1015,30,EMP1047,EMP1004,5075,5075,30,"10","6",0,0,0,0,NORMAL
47712,47712,30,EMP1053,EMP1001,238563,238563,20,"10","2",0,0,2,0,NORMAL
104650,104650,30,EMP1053,EMP1001,523250,523250,20,"10","2",0,0,2,0,NORMAL
70700,70700,30,EMP1053,EMP1001,353500,353500,20,"10","2",0,0,2,0,NORMAL
69825,69825,30,EMP1053,EMP1001,349125,349125,20,"10","2",0,0,2,0,NORMAL
88812,88812,30,EMP1053,EMP1001,444063,444063,20,"10","2",0,0,2,0,NORMAL
13754,13754,30,EMP1053,EMP1001,68770,68770,20,"10","2",0,0,2,0,NORMAL
9292,9292,30,EMP1053,EMP1001,46460,46460,20,"10","2",0,0,2,0,NORMAL
9177,9177,30,EMP1053,EMP1001,45885,45885,20,"10","2",0,0,2,0,NORMAL
11672,11672,30,EMP1053,EMP1001,58363,58363,20,"10","2",0,0,2,0,DELAY
12657,12657,30,EMP1051,EMP1045,75946,75946,20,"10","7",0,0,2,0,NORMAL
12474,12474,30,EMP1051,EMP1045,74844,74844,20,"10","7",0,0,2,0,NORMAL
1230,1230,30,EMP1051,EMP1045,7380,7380,30,"10","7",0,0,0,0,NORMAL
1264,1264,30,EMP1051,EMP1045,7584,7584,30,"10","7",0,0,0,0,NORMAL
1172,1172,30,EMP1051,EMP1045,7032,7032,30,"10","7",0,0,0,0,NORMAL
1155,1155,30,EMP1051,EMP1045,6930,6930,30,"10","7",0,0,0,0,NORMAL
60262,60262,30,EMP1057,EMP1057,361575,361575,20,"10","2",0,0,2,0,NORMAL
107625,107625,30,EMP1057,EMP1057,645750,645750,20,"10","2",0,0,2,0,DELAY
110600,110600,30,EMP1057,EMP1057,663600,663600,20,"10","2",0,0,2,0,NORMAL
102550,102550,30,EMP1057,EMP1057,615300,615300,20,"10","2",0,0,2,0,NORMAL
101062,101062,30,EMP1057,EMP1057,606375,606375,20,"10","2",0,0,2,0,NORMAL
14145,14145,30,EMP1057,EMP1057,84870,84870,20,"10","2",0,0,2,0,NORMAL
14536,14536,30,EMP1057,EMP1057,87216,87216,20,"10","2",0,0,2,0,NORMAL
13478,13478,30,EMP1057,EMP1057,80868,80868,20,"10","2",0,0,2,0,NORMAL
13282,13282,30,EMP1057,EMP1057,79695,79695,20,"10","2",0,0,2,0,NORMAL
13284,13284,30,EMP1057,EMP1057,79704,79704,20,"10","2",0,0,2,0,NORMAL
13651,13651,30,EMP1057,EMP1057,81908,81908,20,"10","2",0,0,2,0,NORMAL
12657,12657,30,EMP1057,EMP1057,75946,75946,20,"10","2",0,0,2,0,NORMAL
12474,12474,30,EMP1057,EMP1057,74844,74844,20,"10","2",0,0,2,0,DELAY
1230,1230,30,EMP1057,EMP1057,7380,7380,30,"10","2",0,0,0,0,NORMAL
1264,1264,30,EMP1057,EMP1057,7584,7584,30,"10","2",0,0,0,0,NORMAL
1172,1172,30,EMP1057,EMP1057,7032,7032,30,"10","2",0,0,0,0,NORMAL
1155,1155,30,EMP1057,EMP1057,6930,6930,30,"10","2",0,0,0,0,NORMAL
60265,60265,30,EMP1004,EMP1052,361575,361575,20,"10","3",0,0,2,0,NORMAL
107625,107625,30,EMP1004,EMP1052,645750,645750,20,"10","3",0,0,2,0,NORMAL
110600,110600,30,EMP1004,EMP1052,663600,663600,20,"10","3",0,0,2,0,NORMAL
102550,102550,30,EMP1004,EMP1052,615300,615300,20,"10","3",0,0,2,0,NORMAL
101065,101065,30,EMP1004,EMP1052,606375,606375,20,"10","3",0,0,2,0,NORMAL
14145,14145,30,EMP1004,EMP1052,84870,84870,20,"10","3",0,0,2,0,NORMAL
14536,14536,30,EMP1004,EMP1052,87216,87216,20,"10","3",0,0,2,0,NORMAL
13478,13478,30,EMP1004,EMP1052,80868,80868,20,"10","3",0,0,2,0,NORMAL
13285,13285,30,EMP1004,EMP1052,79695,79695,20,"10","3",0,0,2,0,NORMAL
13284,13284,30,EMP1004,EMP1052,79704,79704,20,"10","3",0,0,2,0,NORMAL
13653,13653,30,EMP1004,EMP1052,81908,81908,20,"10","3",0,0,2,0,NORMAL
12661,12661,30,EMP1004,EMP1052,75946,75946,20,"10","3",0,0,2,0,NORMAL
12474,12474,30,EMP1004,EMP1052,74844,74844,20,"10","3",0,0,2,0,NORMAL
1230,1230,30,EMP1004,EMP1052,7380,7380,30,"10","3",0,0,0,0,NORMAL
1264,1264,30,EMP1004,EMP1052,7584,7584,30,"10","3",0,0,0,0,NORMAL
1172,1172,30,EMP1004,EMP1052,7032,7032,30,"10","3",0,0,0,0,NORMAL
1155,1155,30,EMP1004,EMP1052,6930,6930,30,"10","3",0,0,0,0,NORMAL
47712,47712,30,EMP1021,EMP1048,238563,238563,20,"10","4",0,0,2,0,NORMAL
104650,104650,30,EMP1021,EMP1048,523250,523250,20,"10","4",0,0,2,0,NORMAL
70700,70700,30,EMP1021,EMP1048,353500,353500,20,"10","4",0,0,2,0,NORMAL
69825,69825,30,EMP1021,EMP1048,349125,349125,20,"10","4",0,0,2,0,NORMAL
88812,88812,30,EMP1021,EMP1048,444063,444063,20,"10","4",0,0,2,0,NORMAL
13754,13754,30,EMP1021,EMP1048,68770,68770,20,"10","4",0,0,2,0,DELAY
9292,9292,30,EMP1021,EMP1048,46460,46460,20,"10","4",0,0,2,0,NORMAL
9177,9177,30,EMP1021,EMP1048,45885,45885,20,"10","4",0,0,2,0,NORMAL
11672,11672,30,EMP1021,EMP1048,58363,58363,20,"10","4",0,0,2,0,NORMAL
12916,12916,30,EMP1021,EMP1048,64584,64584,20,"10","4",0,0,2,0,NORMAL
12474,12474,30,EMP1004,EMP1046,74844,74844,20,"10","4",0,0,2,0,NORMAL
1230,1230,30,EMP1004,EMP1046,7380,7380,30,"10","4",0,0,0,0,NORMAL
1264,1264,30,EMP1004,EMP1046,7584,7584,30,"10","4",0,0,0,0,NORMAL
1172,1172,30,EMP1004,EMP1046,7032,7032,30,"10","4",0,0,0,0,NORMAL
1155,1155,30,EMP1004,EMP1046,6930,6930,30,"10","4",0,0,0,0,NORMAL
60262,60262,30,EMP1043,EMP1042,361575,361575,20,"10","5",0,0,2,0,NORMAL
107625,107625,30,EMP1043,EMP1042,645750,645750,20,"10","5",0,0,2,0,NORMAL
110600,110600,30,EMP1043,EMP1042,663600,663600,20,"10","5",0,0,2,0,NORMAL
102550,102550,30,EMP1043,EMP1042,615300,615300,20,"10","5",0,0,2,0,NORMAL
101062,101062,30,EMP1043,EMP1042,606375,606375,20,"10","5",0,0,2,0,NORMAL
14145,14145,30,EMP1043,EMP1042,84870,84870,20,"10","5",0,0,2,0,NORMAL
14536,14536,30,EMP1043,EMP1042,87216,87216,20,"10","5",0,0,2,0,NORMAL
13478,13478,30,EMP1043,EMP1042,80868,80868,20,"10","5",0,0,2,0,NORMAL
13282,13282,30,EMP1043,EMP1042,79695,79695,20,"10","5",0,0,2,0,NORMAL
13284,13284,30,EMP1043,EMP1042,79704,79704,20,"10","5",0,0,2,0,NORMAL
13651,13651,30,EMP1043,EMP1042,81908,81908,20,"10","5",0,0,2,0,NORMAL
12657,12657,30,EMP1043,EMP1042,75946,75946,20,"10","5",0,0,2,0,NORMAL
12474,12474,30,EMP1043,EMP1042,74844,74844,20,"10","5",0,0,2,0,NORMAL
1230,1230,30,EMP1043,EMP1042,7380,7380,30,"10","5",0,0,0,0,NORMAL
1264,1264,30,EMP1043,EMP1042,7584,7584,30,"10","5",0,0,0,0,NORMAL
1172,1172,30,EMP1043,EMP1042,7032,7032,30,"10","5",0,0,0,0,NORMAL
1155,1155,30,EMP1043,EMP1042,6930,6930,30,"10","5",0,0,0,0,NORMAL
60262,60262,30,EMP1047,EMP1004,361575,361575,20,"10","6",0,0,2,0,NORMAL
107625,107625,30,EMP1047,EMP1004,645750,645750,20,"10","6",0,0,2,0,DELAY
110600,110600,30,EMP1047,EMP1004,663600,663600,20,"10","6",0,0,2,0,DELAY
102550,102550,30,EMP1047,EMP1004,615300,615300,20,"10","6",0,0,2,0,NORMAL
101062,101062,30,EMP1047,EMP1004,606375,606375,20,"10","6",0,0,2,0,NORMAL
14145,14145,30,EMP1047,EMP1004,84870,84870,20,"10","6",0,0,2,0,NORMAL
14536,14536,30,EMP1047,EMP1004,87216,87216,20,"10","6",0,0,2,0,NORMAL
13478,13478,30,EMP1047,EMP1004,80868,80868,20,"10","6",0,0,2,0,NORMAL
13282,13282,30,EMP1047,EMP1004,79695,79695,20,"10","6",0,0,2,0,NORMAL
13284,13284,30,EMP1047,EMP1004,79704,79704,20,"10","6",0,0,2,0,NORMAL
13651,13651,30,EMP1047,EMP1004,81908,81908,20,"10","6",0,0,2,0,NORMAL
12657,12657,30,EMP1047,EMP1004,75946,75946,20,"10","6",0,0,2,0,NORMAL
12474,12474,30,EMP1047,EMP1004,74844,74844,20,"10","6",0,0,2,0,NORMAL
1230,1230,30,EMP1047,EMP1004,7380,7380,30,"10","6",0,0,0,0,NORMAL
1264,1264,30,EMP1047,EMP1004,7584,7584,30,"10","6",0,0,0,0,NORMAL
1172,1172,30,EMP1047,EMP1004,7032,7032,30,"10","6",0,0,0,0,NORMAL
1155,1155,30,EMP1047,EMP1004,6930,6930,30,"10","6",0,0,0,0,NORMAL
60262,60262,30,EMP1051,EMP1045,361575,361575,20,"10","7",0,0,2,0,NORMAL
107625,107625,30,EMP1051,EMP1045,645750,645750,20,"10","7",0,0,2,0,NORMAL
110600,110600,30,EMP1051,EMP1045,663600,663600,20,"10","7",0,0,2,0,NORMAL
102550,102550,30,EMP1051,EMP1045,615300,615300,20,"10","7",0,0,2,0,NORMAL
101062,101062,30,EMP1051,EMP1045,606375,606375,20,"10","7",0,0,2,0,NORMAL
14145,14145,30,EMP1051,EMP1045,84870,84870,20,"10","7",0,0,2,0,NORMAL
14536,14536,30,EMP1051,EMP1045,87216,87216,20,"10","7",0,0,2,0,NORMAL
13478,13478,30,EMP1051,EMP1045,80868,80868,20,"10","7",0,0,2,0,NORMAL
13282,13282,30,EMP1051,EMP1045,79695,79695,20,"10","7",0,0,2,0,NORMAL
13284,13284,30,EMP1051,EMP1045,79704,79704,20,"10","7",0,0,2,0,NORMAL
13651,13651,30,EMP1051,EMP1045,81908,81908,20,"10","7",0,0,2,0,NORMAL
988,988,30,EMP1044,EMP1021,4940,4940,30,"10","6",0,0,0,0,NORMAL
1206,1206,30,EMP1044,EMP1021,6030,6030,30,"10","6",0,0,0,0,NORMAL
1103,1103,30,EMP1044,EMP1021,5515,5515,30,"10","6",0,0,0,0,NORMAL
1240,1240,30,EMP1044,EMP1021,6200,6200,30,"10","6",0,0,0,0,NORMAL
56712,56712,30,EMP1001,EMP1041,283563,283563,20,"10","2",0,0,2,0,NORMAL
86450,86450,30,EMP1001,EMP1041,432250,432250,20,"10","2",0,0,2,0,NORMAL
105525,105525,30,EMP1001,EMP1041,527625,527625,20,"10","2",0,0,2,0,NORMAL
96512,96512,30,EMP1001,EMP1041,482563,482563,20,"10","2",0,0,2,0,NORMAL
108500,108500,30,EMP1001,EMP1041,542500,542500,20,"10","2",0,0,2,0,NORMAL
11362,11362,30,EMP1001,EMP1041,56810,56810,20,"10","2",0,0,2,0,NORMAL
13869,13869,30,EMP1001,EMP1041,69345,69345,20,"10","2",0,0,2,0,NORMAL
12684,12684,30,EMP1001,EMP1041,63423,63423,20,"10","2",0,0,2,0,NORMAL
14260,14260,30,EMP1001,EMP1041,71300,71300,20,"10","2",0,0,2,0,NORMAL
10670,10670,30,EMP1001,EMP1041,53352,53352,20,"10","2",0,0,2,0,NORMAL
13024,13024,30,EMP1001,EMP1041,65124,65124,20,"10","2",0,0,2,0,NORMAL
11912,11912,30,EMP1001,EMP1041,59562,59562,20,"10","2",0,0,2,0,NORMAL
13392,13392,30,EMP1001,EMP1041,66960,66960,20,"10","2",0,0,2,0,NORMAL
988,988,30,EMP1001,EMP1041,4940,4940,30,"10","2",0,0,0,0,NORMAL
1206,1206,30,EMP1001,EMP1041,6030,6030,30,"10","2",0,0,0,0,NORMAL
1103,1103,30,EMP1001,EMP1041,5515,5515,30,"10","2",0,0,0,0,NORMAL
1240,1240,30,EMP1001,EMP1041,6200,6200,30,"10","2",0,0,0,0,NORMAL
56715,56715,30,EMP1051,EMP1044,283563,283563,20,"10","3",0,0,2,0,NORMAL
86450,86450,30,EMP1051,EMP1044,432250,432250,20,"10","3",0,0,2,0,NORMAL
105525,105525,30,EMP1051,EMP1044,527625,527625,20,"10","3",0,0,2,0,NORMAL
96515,96515,30,EMP1051,EMP1044,482563,482563,20,"10","3",0,0,2,0,NORMAL
108500,108500,30,EMP1051,EMP1044,542500,542500,20,"10","3",0,0,2,0,NORMAL
11362,11362,30,EMP1051,EMP1044,56810,56810,20,"10","3",0,0,2,0,NORMAL
13869,13869,30,EMP1051,EMP1044,69345,69345,20,"10","3",0,0,2,0,NORMAL
12687,12687,30,EMP1051,EMP1044,63423,63423,20,"10","3",0,0,2,0,NORMAL
14260,14260,30,EMP1051,EMP1044,71300,71300,20,"10","3",0,0,2,0,NORMAL
10672,10672,30,EMP1051,EMP1044,53352,53352,20,"10","3",0,0,2,0,NORMAL
13028,13028,30,EMP1051,EMP1044,65124,65124,20,"10","3",0,0,2,0,NORMAL
11914,11914,30,EMP1051,EMP1044,59562,59562,20,"10","3",0,0,2,0,NORMAL
13392,13392,30,EMP1051,EMP1044,66960,66960,20,"10","3",0,0,2,0,NORMAL
988,988,30,EMP1051,EMP1044,4940,4940,30,"10","3",0,0,0,0,NORMAL
1206,1206,30,EMP1051,EMP1044,6030,6030,30,"10","3",0,0,0,0,NORMAL
1103,1103,30,EMP1051,EMP1044,5515,5515,30,"10","3",0,0,0,0,NORMAL
1240,1240,30,EMP1051,EMP1044,6200,6200,30,"10","3",0,0,0,0,NORMAL
60262,60262,30,EMP1004,EMP1046,361575,361575,20,"10","4",0,0,2,0,NORMAL
107625,107625,30,EMP1004,EMP1046,645750,645750,20,"10","4",0,0,2,0,NORMAL
110600,110600,30,EMP1004,EMP1046,663600,663600,20,"10","4",0,0,2,0,NORMAL
102550,102550,30,EMP1004,EMP1046,615300,615300,20,"10","4",0,0,2,0,NORMAL
101062,101062,30,EMP1004,EMP1046,606375,606375,20,"10","4",0,0,2,0,NORMAL
14145,14145,30,EMP1004,EMP1046,84870,84870,20,"10","4",0,0,2,0,NORMAL
14536,14536,30,EMP1004,EMP1046,87216,87216,20,"10","4",0,0,2,0,NORMAL
13478,13478,30,EMP1004,EMP1046,80868,80868,20,"10","4",0,0,2,0,NORMAL
13282,13282,30,EMP1004,EMP1046,79695,79695,20,"10","4",0,0,2,0,NORMAL
13284,13284,30,EMP1004,EMP1046,79704,79704,20,"10","4",0,0,2,0,NORMAL
13651,13651,30,EMP1004,EMP1046,81908,81908,20,"10","4",0,0,2,0,NORMAL
12657,12657,30,EMP1004,EMP1046,75946,75946,20,"10","4",0,0,2,0,NORMAL
1172,1172,30,EMP1021,EMP1059,5860,5860,30,"10","3",0,0,0,0,NORMAL
719,719,30,EMP1021,EMP1059,3595,3595,30,"10","3",0,0,0,0,NORMAL
56712,56712,30,EMP1042,EMP1003,283563,283563,20,"10","4",0,0,2,0,NORMAL
86450,86450,30,EMP1042,EMP1003,432250,432250,20,"10","4",0,0,2,0,NORMAL
105525,105525,30,EMP1042,EMP1003,527625,527625,20,"10","4",0,0,2,0,NORMAL
96512,96512,30,EMP1042,EMP1003,482563,482563,20,"10","4",0,0,2,0,NORMAL
108500,108500,30,EMP1042,EMP1003,542500,542500,20,"10","4",0,0,2,0,NORMAL
11362,11362,30,EMP1042,EMP1003,56810,56810,20,"10","4",0,0,2,0,NORMAL
13869,13869,30,EMP1042,EMP1003,69345,69345,20,"10","4",0,0,2,0,NORMAL
12684,12684,30,EMP1042,EMP1003,63423,63423,20,"10","4",0,0,2,0,NORMAL
14260,14260,30,EMP1042,EMP1003,71300,71300,20,"10","4",0,0,2,0,NORMAL
10670,10670,30,EMP1042,EMP1003,53352,53352,20,"10","4",0,0,2,0,NORMAL
13024,13024,30,EMP1042,EMP1003,65124,65124,20,"10","4",0,0,2,0,NORMAL
11912,11912,30,EMP1042,EMP1003,59562,59562,20,"10","4",0,0,2,0,NORMAL
13392,13392,30,EMP1042,EMP1003,66960,66960,20,"10","4",0,0,2,0,NORMAL
988,988,30,EMP1042,EMP1003,4940,4940,30,"10","4",0,0,0,0,NORMAL
1206,1206,30,EMP1042,EMP1003,6030,6030,30,"10","4",0,0,0,0,NORMAL
1103,1103,30,EMP1042,EMP1003,5515,5515,30,"10","4",0,0,0,0,NORMAL
1240,1240,30,EMP1042,EMP1003,6200,6200,30,"10","4",0,0,0,0,NORMAL
56712,56712,30,EMP1006,EMP1001,283563,283563,20,"10","5",0,0,2,0,NORMAL
86450,86450,30,EMP1006,EMP1001,432250,432250,20,"10","5",0,0,2,0,NORMAL
105525,105525,30,EMP1006,EMP1001,527625,527625,20,"10","5",0,0,2,0,NORMAL
96512,96512,30,EMP1006,EMP1001,482563,482563,20,"10","5",0,0,2,0,NORMAL
108500,108500,30,EMP1006,EMP1001,542500,542500,20,"10","5",0,0,2,0,NORMAL
11362,11362,30,EMP1006,EMP1001,56810,56810,20,"10","5",0,0,2,0,NORMAL
13869,13869,30,EMP1006,EMP1001,69345,69345,20,"10","5",0,0,2,0,NORMAL
12684,12684,30,EMP1006,EMP1001,63423,63423,20,"10","5",0,0,2,0,NORMAL
14260,14260,30,EMP1006,EMP1001,71300,71300,20,"10","5",0,0,2,0,NORMAL
10670,10670,30,EMP1006,EMP1001,53352,53352,20,"10","5",0,0,2,0,NORMAL
13024,13024,30,EMP1006,EMP1001,65124,65124,20,"10","5",0,0,2,0,NORMAL
11912,11912,30,EMP1006,EMP1001,59562,59562,20,"10","5",0,0,2,0,NORMAL
13392,13392,30,EMP1006,EMP1001,66960,66960,20,"10","5",0,0,2,0,NORMAL
988,988,30,EMP1006,EMP1001,4940,4940,30,"10","5",0,0,0,0,NORMAL
1206,1206,30,EMP1006,EMP1001,6030,6030,30,"10","5",0,0,0,0,NORMAL
1103,1103,30,EMP1006,EMP1001,5515,5515,30,"10","5",0,0,0,0,NORMAL
1240,1240,30,EMP1006,EMP1001,6200,6200,30,"10","5",0,0,0,0,NORMAL
56712,56712,30,EMP1044,EMP1021,283563,283563,20,"10","6",0,0,2,0,NORMAL
86450,86450,30,EMP1044,EMP1021,432250,432250,20,"10","6",0,0,2,0,NORMAL
105525,105525,30,EMP1044,EMP1021,527625,527625,20,"10","6",0,0,2,0,NORMAL
96512,96512,30,EMP1044,EMP1021,482563,482563,20,"10","6",0,0,2,0,NORMAL
108500,108500,30,EMP1044,EMP1021,542500,542500,20,"10","6",0,0,2,0,NORMAL
11362,11362,30,EMP1044,EMP1021,56810,56810,20,"10","6",0,0,2,0,NORMAL
1221,1221,30,EMP1021,EMP1059,6105,6105,30,"10","3",0,0,0,0,NORMAL
13869,13869,30,EMP1044,EMP1021,69345,69345,20,"10","6",0,0,2,0,NORMAL
12684,12684,30,EMP1044,EMP1021,63423,63423,20,"10","6",0,0,2,0,NORMAL
14260,14260,30,EMP1044,EMP1021,71300,71300,20,"10","6",0,0,2,0,NORMAL
10670,10670,30,EMP1044,EMP1021,53352,53352,20,"10","6",0,0,2,0,NORMAL
13024,13024,30,EMP1044,EMP1021,65124,65124,20,"10","6",0,0,2,0,NORMAL
11912,11912,30,EMP1044,EMP1021,59562,59562,20,"10","6",0,0,2,0,NORMAL
13392,13392,30,EMP1044,EMP1021,66960,66960,20,"10","6",0,0,2,0,NORMAL
1172,1172,30,EMP1052,EMP1053,5860,5860,30,"09","5",0,0,0,0,NORMAL
719,719,30,EMP1052,EMP1053,3595,3595,30,"09","5",0,0,0,0,NORMAL
50587,50587,30,EMP1041,EMP1059,252938,252938,20,"09","6",0,0,2,0,NORMAL
81812,81812,30,EMP1041,EMP1059,409063,409063,20,"09","6",0,0,2,0,NORMAL
106837,106837,30,EMP1041,EMP1059,534188,534188,20,"09","6",0,0,2,0,NORMAL
102550,102550,30,EMP1041,EMP1059,512750,512750,20,"09","6",0,0,2,0,NORMAL
62912,62912,30,EMP1041,EMP1059,314563,314563,20,"09","6",0,0,2,0,NORMAL
10752,10752,30,EMP1041,EMP1059,53763,53763,20,"09","6",0,0,2,0,NORMAL
14041,14041,30,EMP1041,EMP1059,70208,70208,20,"09","6",0,0,2,0,NORMAL
13478,13478,30,EMP1041,EMP1059,67390,67390,20,"09","6",0,0,2,0,NORMAL
8268,8268,30,EMP1041,EMP1059,41343,41343,20,"09","6",0,0,2,0,NORMAL
10098,10098,30,EMP1041,EMP1059,50490,50490,20,"09","6",0,0,2,0,DELAY
13186,13186,30,EMP1041,EMP1059,65934,65934,20,"09","6",0,0,2,0,NORMAL
12657,12657,30,EMP1041,EMP1059,63288,63288,20,"09","6",0,0,2,0,NORMAL
7765,7765,30,EMP1041,EMP1059,38826,38826,20,"09","6",0,0,2,0,NORMAL
935,935,30,EMP1041,EMP1059,4675,4675,30,"09","6",0,0,0,0,NORMAL
1221,1221,30,EMP1041,EMP1059,6105,6105,30,"09","6",0,0,0,0,NORMAL
1172,1172,30,EMP1041,EMP1059,5860,5860,30,"09","6",0,0,0,0,NORMAL
719,719,30,EMP1041,EMP1059,3595,3595,30,"09","6",0,0,0,0,NORMAL
50587,50587,30,EMP1057,EMP1055,252938,252938,20,"09","2",0,0,2,0,NORMAL
81812,81812,30,EMP1057,EMP1055,409063,409063,20,"09","2",0,0,2,0,NORMAL
106837,106837,30,EMP1057,EMP1055,534188,534188,20,"09","2",0,0,2,0,NORMAL
102550,102550,30,EMP1057,EMP1055,512750,512750,20,"09","2",0,0,2,0,NORMAL
62912,62912,30,EMP1057,EMP1055,314563,314563,20,"09","2",0,0,2,0,NORMAL
10752,10752,30,EMP1057,EMP1055,53763,53763,20,"09","2",0,0,2,0,NORMAL
14041,14041,30,EMP1057,EMP1055,70208,70208,20,"09","2",0,0,2,0,NORMAL
13478,13478,30,EMP1057,EMP1055,67390,67390,20,"09","2",0,0,2,0,NORMAL
8268,8268,30,EMP1057,EMP1055,41343,41343,20,"09","2",0,0,2,0,NORMAL
10098,10098,30,EMP1057,EMP1055,50490,50490,20,"09","2",0,0,2,0,NORMAL
13186,13186,30,EMP1057,EMP1055,65934,65934,20,"09","2",0,0,2,0,NORMAL
12657,12657,30,EMP1057,EMP1055,63288,63288,20,"09","2",0,0,2,0,NORMAL
7765,7765,30,EMP1057,EMP1055,38826,38826,20,"09","2",0,0,2,0,NORMAL
935,935,30,EMP1057,EMP1055,4675,4675,30,"09","2",0,0,0,0,NORMAL
1221,1221,30,EMP1057,EMP1055,6105,6105,30,"09","2",0,0,0,0,NORMAL
1172,1172,30,EMP1057,EMP1055,5860,5860,30,"09","2",0,0,0,0,NORMAL
719,719,30,EMP1057,EMP1055,3595,3595,30,"09","2",0,0,0,0,NORMAL
50590,50590,30,EMP1021,EMP1059,252938,252938,20,"10","3",0,0,2,0,NORMAL
81815,81815,30,EMP1021,EMP1059,409063,409063,20,"10","3",0,0,2,0,NORMAL
106840,106840,30,EMP1021,EMP1059,534188,534188,20,"10","3",0,0,2,0,NORMAL
102550,102550,30,EMP1021,EMP1059,512750,512750,20,"10","3",0,0,2,0,NORMAL
62915,62915,30,EMP1021,EMP1059,314563,314563,20,"10","3",0,0,2,0,NORMAL
10755,10755,30,EMP1021,EMP1059,53763,53763,20,"10","3",0,0,2,0,NORMAL
14044,14044,30,EMP1021,EMP1059,70208,70208,20,"10","3",0,0,2,0,NORMAL
13478,13478,30,EMP1021,EMP1059,67390,67390,20,"10","3",0,0,2,0,NORMAL
8271,8271,30,EMP1021,EMP1059,41343,41343,20,"10","3",0,0,2,0,NORMAL
10098,10098,30,EMP1021,EMP1059,50490,50490,20,"10","3",0,0,2,0,NORMAL
13190,13190,30,EMP1021,EMP1059,65934,65934,20,"10","3",0,0,2,0,NORMAL
12660,12660,30,EMP1021,EMP1059,63288,63288,20,"10","3",0,0,2,0,NORMAL
7766,7766,30,EMP1021,EMP1059,38826,38826,20,"10","3",0,0,2,0,NORMAL
935,935,30,EMP1021,EMP1059,4675,4675,30,"10","3",0,0,0,0,NORMAL
57625,57625,30,EMP1041,EMP1045,345750,345750,20,"09","3",0,0,2,0,NORMAL
82775,82775,30,EMP1041,EMP1045,496650,496650,20,"09","3",0,0,2,0,NORMAL
104390,104390,30,EMP1041,EMP1045,626325,626325,20,"09","3",0,0,2,0,NORMAL
103950,103950,30,EMP1041,EMP1045,623700,623700,20,"09","3",0,0,2,0,NORMAL
112265,112265,30,EMP1041,EMP1045,673575,673575,20,"09","3",0,0,2,0,NORMAL
10879,10879,30,EMP1041,EMP1045,65274,65274,20,"09","3",0,0,2,0,NORMAL
13722,13722,30,EMP1041,EMP1045,82317,82317,20,"09","3",0,0,2,0,NORMAL
13662,13662,30,EMP1041,EMP1045,81972,81972,20,"09","3",0,0,2,0,NORMAL
14757,14757,30,EMP1041,EMP1045,88527,88527,20,"09","3",0,0,2,0,NORMAL
10221,10221,30,EMP1041,EMP1045,61301,61301,20,"09","3",0,0,2,0,NORMAL
12887,12887,30,EMP1041,EMP1045,77307,77307,20,"09","3",0,0,2,0,NORMAL
12833,12833,30,EMP1041,EMP1045,76983,76983,20,"09","3",0,0,2,0,NORMAL
13859,13859,30,EMP1041,EMP1045,83139,83139,20,"09","3",0,0,2,0,NORMAL
946,946,30,EMP1041,EMP1045,5676,5676,30,"09","3",0,0,0,0,NORMAL
1193,1193,30,EMP1041,EMP1045,7158,7158,30,"09","3",0,0,0,0,NORMAL
1188,1188,30,EMP1041,EMP1045,7128,7128,30,"09","3",0,0,0,0,NORMAL
1283,1283,30,EMP1041,EMP1045,7698,7698,30,"09","3",0,0,0,0,NORMAL
50587,50587,30,EMP1057,EMP1046,252938,252938,20,"09","4",0,0,2,0,NORMAL
81812,81812,30,EMP1057,EMP1046,409063,409063,20,"09","4",0,0,2,0,NORMAL
106837,106837,30,EMP1057,EMP1046,534188,534188,20,"09","4",0,0,2,0,NORMAL
102550,102550,30,EMP1057,EMP1046,512750,512750,20,"09","4",0,0,2,0,NORMAL
62912,62912,30,EMP1057,EMP1046,314563,314563,20,"09","4",0,0,2,0,NORMAL
10752,10752,30,EMP1057,EMP1046,53763,53763,20,"09","4",0,0,2,0,NORMAL
14041,14041,30,EMP1057,EMP1046,70208,70208,20,"09","4",0,0,2,0,NORMAL
13478,13478,30,EMP1057,EMP1046,67390,67390,20,"09","4",0,0,2,0,NORMAL
8268,8268,30,EMP1057,EMP1046,41343,41343,20,"09","4",0,0,2,0,NORMAL
10098,10098,30,EMP1057,EMP1046,50490,50490,20,"09","4",0,0,2,0,NORMAL
13186,13186,30,EMP1057,EMP1046,65934,65934,20,"09","4",0,0,2,0,NORMAL
12657,12657,30,EMP1057,EMP1046,63288,63288,20,"09","4",0,0,2,0,NORMAL
7765,7765,30,EMP1057,EMP1046,38826,38826,20,"09","4",0,0,2,0,NORMAL
935,935,30,EMP1057,EMP1046,4675,4675,30,"09","4",0,0,0,0,NORMAL
1221,1221,30,EMP1057,EMP1046,6105,6105,30,"09","4",0,0,0,0,NORMAL
1172,1172,30,EMP1057,EMP1046,5860,5860,30,"09","4",0,0,0,0,NORMAL
719,719,30,EMP1057,EMP1046,3595,3595,30,"09","4",0,0,0,0,NORMAL
50587,50587,30,EMP1052,EMP1053,252938,252938,20,"09","5",0,0,2,0,DELAY
81812,81812,30,EMP1052,EMP1053,409063,409063,20,"09","5",0,0,2,0,NORMAL
106837,106837,30,EMP1052,EMP1053,534188,534188,20,"09","5",0,0,2,0,NORMAL
102550,102550,30,EMP1052,EMP1053,512750,512750,20,"09","5",0,0,2,0,NORMAL
62912,62912,30,EMP1052,EMP1053,314563,314563,20,"09","5",0,0,2,0,NORMAL
10752,10752,30,EMP1052,EMP1053,53763,53763,20,"09","5",0,0,2,0,NORMAL
14041,14041,30,EMP1052,EMP1053,70208,70208,20,"09","5",0,0,2,0,NORMAL
1283,1283,30,EMP1048,EMP1051,7698,7698,30,"09","2",0,0,0,0,NORMAL
13478,13478,30,EMP1052,EMP1053,67390,67390,20,"09","5",0,0,2,0,DELAY
8268,8268,30,EMP1052,EMP1053,41343,41343,20,"09","5",0,0,2,0,NORMAL
10098,10098,30,EMP1052,EMP1053,50490,50490,20,"09","5",0,0,2,0,NORMAL
13186,13186,30,EMP1052,EMP1053,65934,65934,20,"09","5",0,0,2,0,NORMAL
12657,12657,30,EMP1052,EMP1053,63288,63288,20,"09","5",0,0,2,0,DELAY
7765,7765,30,EMP1052,EMP1053,38826,38826,20,"09","5",0,0,2,0,NORMAL
935,935,30,EMP1052,EMP1053,4675,4675,30,"09","5",0,0,0,0,NORMAL
1221,1221,30,EMP1052,EMP1053,6105,6105,30,"09","5",0,0,0,0,NORMAL
82775,82775,30,EMP1041,EMP1046,496650,496650,20,"09","6",0,0,2,0,NORMAL
104387,104387,30,EMP1041,EMP1046,626325,626325,20,"09","6",0,0,2,0,NORMAL
103950,103950,30,EMP1041,EMP1046,623700,623700,20,"09","6",0,0,2,0,NORMAL
112262,112262,30,EMP1041,EMP1046,673575,673575,20,"09","6",0,0,2,0,NORMAL
10879,10879,30,EMP1041,EMP1046,65274,65274,20,"09","6",0,0,2,0,NORMAL
13719,13719,30,EMP1041,EMP1046,82317,82317,20,"09","6",0,0,2,0,NORMAL
13662,13662,30,EMP1041,EMP1046,81972,81972,20,"09","6",0,0,2,0,NORMAL
14754,14754,30,EMP1041,EMP1046,88527,88527,20,"09","6",0,0,2,0,NORMAL
10216,10216,30,EMP1041,EMP1046,61301,61301,20,"09","6",0,0,2,0,NORMAL
12884,12884,30,EMP1041,EMP1046,77307,77307,20,"09","6",0,0,2,0,NORMAL
12830,12830,30,EMP1041,EMP1046,76983,76983,20,"09","6",0,0,2,0,NORMAL
13856,13856,30,EMP1041,EMP1046,83139,83139,20,"09","6",0,0,2,0,NORMAL
946,946,30,EMP1041,EMP1046,5676,5676,30,"09","6",0,0,0,0,NORMAL
1193,1193,30,EMP1041,EMP1046,7158,7158,30,"09","6",0,0,0,0,NORMAL
1188,1188,30,EMP1041,EMP1046,7128,7128,30,"09","6",0,0,0,0,NORMAL
1283,1283,30,EMP1041,EMP1046,7698,7698,30,"09","6",0,0,0,0,NORMAL
57625,57625,30,EMP1047,EMP1002,345750,345750,20,"09","7",0,0,2,0,NORMAL
82775,82775,30,EMP1047,EMP1002,496650,496650,20,"09","7",0,0,2,0,NORMAL
104387,104387,30,EMP1047,EMP1002,626325,626325,20,"09","7",0,0,2,0,NORMAL
103950,103950,30,EMP1047,EMP1002,623700,623700,20,"09","7",0,0,2,0,NORMAL
112262,112262,30,EMP1047,EMP1002,673575,673575,20,"09","7",0,0,2,0,NORMAL
10879,10879,30,EMP1047,EMP1002,65274,65274,20,"09","7",0,0,2,0,NORMAL
13719,13719,30,EMP1047,EMP1002,82317,82317,20,"09","7",0,0,2,0,NORMAL
13662,13662,30,EMP1047,EMP1002,81972,81972,20,"09","7",0,0,2,0,NORMAL
14754,14754,30,EMP1047,EMP1002,88527,88527,20,"09","7",0,0,2,0,NORMAL
10216,10216,30,EMP1047,EMP1002,61301,61301,20,"09","7",0,0,2,0,NORMAL
12884,12884,30,EMP1047,EMP1002,77307,77307,20,"09","7",0,0,2,0,NORMAL
12830,12830,30,EMP1047,EMP1002,76983,76983,20,"09","7",0,0,2,0,NORMAL
13856,13856,30,EMP1047,EMP1002,83139,83139,20,"09","7",0,0,2,0,NORMAL
946,946,30,EMP1047,EMP1002,5676,5676,30,"09","7",0,0,0,0,NORMAL
1193,1193,30,EMP1047,EMP1002,7158,7158,30,"09","7",0,0,0,0,NORMAL
1188,1188,30,EMP1047,EMP1002,7128,7128,30,"09","7",0,0,0,0,NORMAL
1283,1283,30,EMP1047,EMP1002,7698,7698,30,"09","7",0,0,0,0,NORMAL
57625,57625,30,EMP1048,EMP1051,345750,345750,20,"09","2",0,0,2,0,NORMAL
82775,82775,30,EMP1048,EMP1051,496650,496650,20,"09","2",0,0,2,0,NORMAL
104387,104387,30,EMP1048,EMP1051,626325,626325,20,"09","2",0,0,2,0,NORMAL
103950,103950,30,EMP1048,EMP1051,623700,623700,20,"09","2",0,0,2,0,NORMAL
112262,112262,30,EMP1048,EMP1051,673575,673575,20,"09","2",0,0,2,0,DELAY
10879,10879,30,EMP1048,EMP1051,65274,65274,20,"09","2",0,0,2,0,NORMAL
13719,13719,30,EMP1048,EMP1051,82317,82317,20,"09","2",0,0,2,0,DELAY
13662,13662,30,EMP1048,EMP1051,81972,81972,20,"09","2",0,0,2,0,NORMAL
57625,57625,30,EMP1041,EMP1046,345750,345750,20,"09","6",0,0,2,0,NORMAL
14754,14754,30,EMP1048,EMP1051,88527,88527,20,"09","2",0,0,2,0,NORMAL
10216,10216,30,EMP1048,EMP1051,61301,61301,20,"09","2",0,0,2,0,NORMAL
12884,12884,30,EMP1048,EMP1051,77307,77307,20,"09","2",0,0,2,0,NORMAL
12830,12830,30,EMP1048,EMP1051,76983,76983,20,"09","2",0,0,2,0,NORMAL
13856,13856,30,EMP1048,EMP1051,83139,83139,20,"09","2",0,0,2,0,NORMAL
946,946,30,EMP1048,EMP1051,5676,5676,30,"09","2",0,0,0,0,NORMAL
1193,1193,30,EMP1048,EMP1051,7158,7158,30,"09","2",0,0,0,0,NORMAL
1188,1188,30,EMP1048,EMP1051,7128,7128,30,"09","2",0,0,0,0,NORMAL
65890,65890,30,EMP1056,EMP1048,329438,329438,20,"09","3",0,0,2,0,NORMAL
67725,67725,30,EMP1056,EMP1048,338625,338625,20,"09","3",0,0,2,0,NORMAL
73500,73500,30,EMP1056,EMP1048,367500,367500,20,"09","3",0,0,2,0,NORMAL
69475,69475,30,EMP1056,EMP1048,347375,347375,20,"09","3",0,0,2,0,NORMAL
8662,8662,30,EMP1056,EMP1048,43298,43298,20,"09","3",0,0,2,0,NORMAL
8901,8901,30,EMP1056,EMP1048,44505,44505,20,"09","3",0,0,2,0,NORMAL
9660,9660,30,EMP1056,EMP1048,48300,48300,20,"09","3",0,0,2,0,NORMAL
9131,9131,30,EMP1056,EMP1048,45655,45655,20,"09","3",0,0,2,0,NORMAL
8134,8134,30,EMP1056,EMP1048,40662,40662,20,"09","3",0,0,2,0,NORMAL
8360,8360,30,EMP1056,EMP1048,41796,41796,20,"09","3",0,0,2,0,NORMAL
9072,9072,30,EMP1056,EMP1048,45360,45360,20,"09","3",0,0,2,0,NORMAL
8576,8576,30,EMP1056,EMP1048,42876,42876,20,"09","3",0,0,2,0,NORMAL
753,753,30,EMP1056,EMP1048,3765,3765,30,"09","3",0,0,0,0,NORMAL
774,774,30,EMP1056,EMP1048,3870,3870,30,"09","3",0,0,0,0,NORMAL
840,840,30,EMP1056,EMP1048,4200,4200,30,"09","3",0,0,0,0,NORMAL
794,794,30,EMP1056,EMP1048,3970,3970,30,"09","3",0,0,0,0,NORMAL
57625,57625,30,EMP1047,EMP1042,345750,345750,20,"09","4",0,0,2,0,NORMAL
82775,82775,30,EMP1047,EMP1042,496650,496650,20,"09","4",0,0,2,0,NORMAL
104387,104387,30,EMP1047,EMP1042,626325,626325,20,"09","4",0,0,2,0,NORMAL
103950,103950,30,EMP1047,EMP1042,623700,623700,20,"09","4",0,0,2,0,NORMAL
112262,112262,30,EMP1047,EMP1042,673575,673575,20,"09","4",0,0,2,0,NORMAL
10879,10879,30,EMP1047,EMP1042,65274,65274,20,"09","4",0,0,2,0,NORMAL
13719,13719,30,EMP1047,EMP1042,82317,82317,20,"09","4",0,0,2,0,NORMAL
13662,13662,30,EMP1047,EMP1042,81972,81972,20,"09","4",0,0,2,0,NORMAL
14754,14754,30,EMP1047,EMP1042,88527,88527,20,"09","4",0,0,2,0,NORMAL
10216,10216,30,EMP1047,EMP1042,61301,61301,20,"09","4",0,0,2,0,NORMAL
12884,12884,30,EMP1047,EMP1042,77307,77307,20,"09","4",0,0,2,0,NORMAL
12830,12830,30,EMP1047,EMP1042,76983,76983,20,"09","4",0,0,2,0,NORMAL
13856,13856,30,EMP1047,EMP1042,83139,83139,20,"09","4",0,0,2,0,NORMAL
946,946,30,EMP1047,EMP1042,5676,5676,30,"09","4",0,0,0,0,NORMAL
1193,1193,30,EMP1047,EMP1042,7158,7158,30,"09","4",0,0,0,0,NORMAL
1188,1188,30,EMP1047,EMP1042,7128,7128,30,"09","4",0,0,0,0,NORMAL
1283,1283,30,EMP1047,EMP1042,7698,7698,30,"09","4",0,0,0,0,NORMAL
57625,57625,30,EMP1006,EMP1043,345750,345750,20,"09","5",0,0,2,0,NORMAL
82775,82775,30,EMP1006,EMP1043,496650,496650,20,"09","5",0,0,2,0,NORMAL
104387,104387,30,EMP1006,EMP1043,626325,626325,20,"09","5",0,0,2,0,NORMAL
103950,103950,30,EMP1006,EMP1043,623700,623700,20,"09","5",0,0,2,0,NORMAL
112262,112262,30,EMP1006,EMP1043,673575,673575,20,"09","5",0,0,2,0,NORMAL
10879,10879,30,EMP1006,EMP1043,65274,65274,20,"09","5",0,0,2,0,NORMAL
13719,13719,30,EMP1006,EMP1043,82317,82317,20,"09","5",0,0,2,0,NORMAL
13662,13662,30,EMP1006,EMP1043,81972,81972,20,"09","5",0,0,2,0,NORMAL
14754,14754,30,EMP1006,EMP1043,88527,88527,20,"09","5",0,0,2,0,NORMAL
10216,10216,30,EMP1006,EMP1043,61301,61301,20,"09","5",0,0,2,0,NORMAL
12884,12884,30,EMP1006,EMP1043,77307,77307,20,"09","5",0,0,2,0,NORMAL
12830,12830,30,EMP1006,EMP1043,76983,76983,20,"09","5",0,0,2,0,NORMAL
13856,13856,30,EMP1006,EMP1043,83139,83139,20,"09","5",0,0,2,0,NORMAL
946,946,30,EMP1006,EMP1043,5676,5676,30,"09","5",0,0,0,0,NORMAL
1193,1193,30,EMP1006,EMP1043,7158,7158,30,"09","5",0,0,0,0,NORMAL
1188,1188,30,EMP1006,EMP1043,7128,7128,30,"09","5",0,0,0,0,NORMAL
1283,1283,30,EMP1006,EMP1043,7698,7698,30,"09","5",0,0,0,0,NORMAL
73500,73500,30,EMP1050,EMP1044,367500,367500,20,"09","5",0,0,2,0,NORMAL
69475,69475,30,EMP1050,EMP1044,347375,347375,20,"09","5",0,0,2,0,NORMAL
8659,8659,30,EMP1050,EMP1044,43298,43298,20,"09","5",0,0,2,0,NORMAL
8901,8901,30,EMP1050,EMP1044,44505,44505,20,"09","5",0,0,2,0,NORMAL
9660,9660,30,EMP1050,EMP1044,48300,48300,20,"09","5",0,0,2,0,NORMAL
9131,9131,30,EMP1050,EMP1044,45655,45655,20,"09","5",0,0,2,0,NORMAL
8132,8132,30,EMP1050,EMP1044,40662,40662,20,"09","5",0,0,2,0,NORMAL
8359,8359,30,EMP1050,EMP1044,41796,41796,20,"09","5",0,0,2,0,NORMAL
9072,9072,30,EMP1050,EMP1044,45360,45360,20,"09","5",0,0,2,0,NORMAL
8575,8575,30,EMP1050,EMP1044,42876,42876,20,"09","5",0,0,2,0,NORMAL
753,753,30,EMP1050,EMP1044,3765,3765,30,"09","5",0,0,0,0,NORMAL
774,774,30,EMP1050,EMP1044,3870,3870,30,"09","5",0,0,0,0,NORMAL
840,840,30,EMP1050,EMP1044,4200,4200,30,"09","5",0,0,0,0,NORMAL
794,794,30,EMP1050,EMP1044,3970,3970,30,"09","5",0,0,0,0,NORMAL
39512,39512,30,EMP1046,EMP1057,197563,197563,20,"09","6",0,0,2,0,NORMAL
65887,65887,30,EMP1046,EMP1057,329438,329438,20,"09","6",0,0,2,0,DELAY
67725,67725,30,EMP1046,EMP1057,338625,338625,20,"09","6",0,0,2,0,NORMAL
73500,73500,30,EMP1046,EMP1057,367500,367500,20,"09","6",0,0,2,0,NORMAL
69475,69475,30,EMP1046,EMP1057,347375,347375,20,"09","6",0,0,2,0,NORMAL
8659,8659,30,EMP1046,EMP1057,43298,43298,20,"09","6",0,0,2,0,NORMAL
8901,8901,30,EMP1046,EMP1057,44505,44505,20,"09","6",0,0,2,0,NORMAL
9660,9660,30,EMP1046,EMP1057,48300,48300,20,"09","6",0,0,2,0,NORMAL
9131,9131,30,EMP1046,EMP1057,45655,45655,20,"09","6",0,0,2,0,NORMAL
8132,8132,30,EMP1046,EMP1057,40662,40662,20,"09","6",0,0,2,0,NORMAL
8359,8359,30,EMP1046,EMP1057,41796,41796,20,"09","6",0,0,2,0,NORMAL
9072,9072,30,EMP1046,EMP1057,45360,45360,20,"09","6",0,0,2,0,NORMAL
8575,8575,30,EMP1046,EMP1057,42876,42876,20,"09","6",0,0,2,0,NORMAL
753,753,30,EMP1046,EMP1057,3765,3765,30,"09","6",0,0,0,0,NORMAL
774,774,30,EMP1046,EMP1057,3870,3870,30,"09","6",0,0,0,0,NORMAL
840,840,30,EMP1046,EMP1057,4200,4200,30,"09","6",0,0,0,0,NORMAL
794,794,30,EMP1046,EMP1057,3970,3970,30,"09","6",0,0,0,0,NORMAL
39512,39512,30,EMP1021,EMP1041,197563,197563,20,"09","2",0,0,2,0,NORMAL
65887,65887,30,EMP1021,EMP1041,329438,329438,20,"09","2",0,0,2,0,NORMAL
67725,67725,30,EMP1021,EMP1041,338625,338625,20,"09","2",0,0,2,0,NORMAL
73500,73500,30,EMP1021,EMP1041,367500,367500,20,"09","2",0,0,2,0,NORMAL
69475,69475,30,EMP1021,EMP1041,347375,347375,20,"09","2",0,0,2,0,NORMAL
8659,8659,30,EMP1021,EMP1041,43298,43298,20,"09","2",0,0,2,0,NORMAL
8901,8901,30,EMP1021,EMP1041,44505,44505,20,"09","2",0,0,2,0,NORMAL
9660,9660,30,EMP1021,EMP1041,48300,48300,20,"09","2",0,0,2,0,NORMAL
9131,9131,30,EMP1021,EMP1041,45655,45655,20,"09","2",0,0,2,0,NORMAL
8132,8132,30,EMP1021,EMP1041,40662,40662,20,"09","2",0,0,2,0,NORMAL
67725,67725,30,EMP1050,EMP1044,338625,338625,20,"09","5",0,0,2,0,NORMAL
8359,8359,30,EMP1021,EMP1041,41796,41796,20,"09","2",0,0,2,0,NORMAL
9072,9072,30,EMP1021,EMP1041,45360,45360,20,"09","2",0,0,2,0,NORMAL
8575,8575,30,EMP1021,EMP1041,42876,42876,20,"09","2",0,0,2,0,NORMAL
753,753,30,EMP1021,EMP1041,3765,3765,30,"09","2",0,0,0,0,NORMAL
774,774,30,EMP1021,EMP1041,3870,3870,30,"09","2",0,0,0,0,NORMAL
840,840,30,EMP1021,EMP1041,4200,4200,30,"09","2",0,0,0,0,NORMAL
794,794,30,EMP1021,EMP1041,3970,3970,30,"09","2",0,0,0,0,NORMAL
39515,39515,30,EMP1056,EMP1048,197563,197563,20,"09","3",0,0,2,0,NORMAL
67725,67725,30,EMP1057,EMP1001,406350,406350,20,"09","2",0,0,2,0,NORMAL
74725,74725,30,EMP1057,EMP1001,448350,448350,20,"09","2",0,0,2,0,NORMAL
10879,10879,30,EMP1057,EMP1001,65274,65274,20,"09","2",0,0,2,0,NORMAL
10016,10016,30,EMP1057,EMP1001,60099,60099,20,"09","2",0,0,2,0,NORMAL
8901,8901,30,EMP1057,EMP1001,53406,53406,20,"09","2",0,0,2,0,NORMAL
9821,9821,30,EMP1057,EMP1001,58926,58926,20,"09","2",0,0,2,0,NORMAL
10216,10216,30,EMP1057,EMP1001,61301,61301,20,"09","2",0,0,2,0,NORMAL
9406,9406,30,EMP1057,EMP1001,56441,56441,20,"09","2",0,0,2,0,NORMAL
8359,8359,30,EMP1057,EMP1001,50156,50156,20,"09","2",0,0,2,0,NORMAL
9223,9223,30,EMP1057,EMP1001,55340,55340,20,"09","2",0,0,2,0,NORMAL
946,946,30,EMP1057,EMP1001,5676,5676,30,"09","2",0,0,0,0,NORMAL
871,871,30,EMP1057,EMP1001,5226,5226,30,"09","2",0,0,0,0,NORMAL
774,774,30,EMP1057,EMP1001,4644,4644,30,"09","2",0,0,0,0,NORMAL
854,854,30,EMP1057,EMP1001,5124,5124,30,"09","2",0,0,0,0,NORMAL
43065,43065,30,EMP1003,EMP1049,258375,258375,20,"09","3",0,0,2,0,NORMAL
82775,82775,30,EMP1003,EMP1049,496650,496650,20,"09","3",0,0,2,0,NORMAL
76215,76215,30,EMP1003,EMP1049,457275,457275,20,"09","3",0,0,2,0,NORMAL
67725,67725,30,EMP1003,EMP1049,406350,406350,20,"09","3",0,0,2,0,NORMAL
74725,74725,30,EMP1003,EMP1049,448350,448350,20,"09","3",0,0,2,0,DELAY
10879,10879,30,EMP1003,EMP1049,65274,65274,20,"09","3",0,0,2,0,NORMAL
10019,10019,30,EMP1003,EMP1049,60099,60099,20,"09","3",0,0,2,0,NORMAL
8901,8901,30,EMP1003,EMP1049,53406,53406,20,"09","3",0,0,2,0,NORMAL
9821,9821,30,EMP1003,EMP1049,58926,58926,20,"09","3",0,0,2,0,NORMAL
10221,10221,30,EMP1003,EMP1049,61301,61301,20,"09","3",0,0,2,0,NORMAL
9411,9411,30,EMP1003,EMP1049,56441,56441,20,"09","3",0,0,2,0,NORMAL
8361,8361,30,EMP1003,EMP1049,50156,50156,20,"09","3",0,0,2,0,NORMAL
9225,9225,30,EMP1003,EMP1049,55340,55340,20,"09","3",0,0,2,0,NORMAL
946,946,30,EMP1003,EMP1049,5676,5676,30,"09","3",0,0,0,0,NORMAL
871,871,30,EMP1003,EMP1049,5226,5226,30,"09","3",0,0,0,0,NORMAL
774,774,30,EMP1003,EMP1049,4644,4644,30,"09","3",0,0,0,0,NORMAL
854,854,30,EMP1003,EMP1049,5124,5124,30,"09","3",0,0,0,0,NORMAL
39512,39512,30,EMP1005,EMP1007,197563,197563,20,"09","4",0,0,2,0,NORMAL
65887,65887,30,EMP1005,EMP1007,329438,329438,20,"09","4",0,0,2,0,NORMAL
67725,67725,30,EMP1005,EMP1007,338625,338625,20,"09","4",0,0,2,0,NORMAL
73500,73500,30,EMP1005,EMP1007,367500,367500,20,"09","4",0,0,2,0,NORMAL
69475,69475,30,EMP1005,EMP1007,347375,347375,20,"09","4",0,0,2,0,NORMAL
8659,8659,30,EMP1005,EMP1007,43298,43298,20,"09","4",0,0,2,0,NORMAL
8901,8901,30,EMP1005,EMP1007,44505,44505,20,"09","4",0,0,2,0,NORMAL
9660,9660,30,EMP1005,EMP1007,48300,48300,20,"09","4",0,0,2,0,NORMAL
9131,9131,30,EMP1005,EMP1007,45655,45655,20,"09","4",0,0,2,0,NORMAL
8132,8132,30,EMP1005,EMP1007,40662,40662,20,"09","4",0,0,2,0,NORMAL
8359,8359,30,EMP1005,EMP1007,41796,41796,20,"09","4",0,0,2,0,NORMAL
9072,9072,30,EMP1005,EMP1007,45360,45360,20,"09","4",0,0,2,0,NORMAL
8575,8575,30,EMP1005,EMP1007,42876,42876,20,"09","4",0,0,2,0,NORMAL
753,753,30,EMP1005,EMP1007,3765,3765,30,"09","4",0,0,0,0,NORMAL
774,774,30,EMP1005,EMP1007,3870,3870,30,"09","4",0,0,0,0,NORMAL
840,840,30,EMP1005,EMP1007,4200,4200,30,"09","4",0,0,0,0,NORMAL
794,794,30,EMP1005,EMP1007,3970,3970,30,"09","4",0,0,0,0,NORMAL
39512,39512,30,EMP1050,EMP1044,197563,197563,20,"09","5",0,0,2,0,NORMAL
65887,65887,30,EMP1050,EMP1044,329438,329438,20,"09","5",0,0,2,0,NORMAL
74725,74725,30,EMP1005,EMP1045,448350,448350,20,"09","5",0,0,2,0,NORMAL
10879,10879,30,EMP1005,EMP1045,65274,65274,20,"09","5",0,0,2,0,NORMAL
10016,10016,30,EMP1005,EMP1045,60099,60099,20,"09","5",0,0,2,0,NORMAL
8901,8901,30,EMP1005,EMP1045,53406,53406,20,"09","5",0,0,2,0,NORMAL
9821,9821,30,EMP1005,EMP1045,58926,58926,20,"09","5",0,0,2,0,NORMAL
10216,10216,30,EMP1005,EMP1045,61301,61301,20,"09","5",0,0,2,0,NORMAL
9406,9406,30,EMP1005,EMP1045,56441,56441,20,"09","5",0,0,2,0,NORMAL
8359,8359,30,EMP1005,EMP1045,50156,50156,20,"09","5",0,0,2,0,NORMAL
9223,9223,30,EMP1005,EMP1045,55340,55340,20,"09","5",0,0,2,0,NORMAL
946,946,30,EMP1005,EMP1045,5676,5676,30,"09","5",0,0,0,0,NORMAL
871,871,30,EMP1005,EMP1045,5226,5226,30,"09","5",0,0,0,0,NORMAL
774,774,30,EMP1005,EMP1045,4644,4644,30,"09","5",0,0,0,0,NORMAL
854,854,30,EMP1005,EMP1045,5124,5124,30,"09","5",0,0,0,0,NORMAL
43062,43062,30,EMP1042,EMP1005,258375,258375,20,"09","6",0,0,2,0,NORMAL
82775,82775,30,EMP1042,EMP1005,496650,496650,20,"09","6",0,0,2,0,NORMAL
76212,76212,30,EMP1042,EMP1005,457275,457275,20,"09","6",0,0,2,0,NORMAL
67725,67725,30,EMP1042,EMP1005,406350,406350,20,"09","6",0,0,2,0,NORMAL
74725,74725,30,EMP1042,EMP1005,448350,448350,20,"09","6",0,0,2,0,NORMAL
10879,10879,30,EMP1042,EMP1005,65274,65274,20,"09","6",0,0,2,0,NORMAL
10016,10016,30,EMP1042,EMP1005,60099,60099,20,"09","6",0,0,2,0,NORMAL
8901,8901,30,EMP1042,EMP1005,53406,53406,20,"09","6",0,0,2,0,NORMAL
9821,9821,30,EMP1042,EMP1005,58926,58926,20,"09","6",0,0,2,0,NORMAL
10216,10216,30,EMP1042,EMP1005,61301,61301,20,"09","6",0,0,2,0,NORMAL
9406,9406,30,EMP1042,EMP1005,56441,56441,20,"09","6",0,0,2,0,NORMAL
8359,8359,30,EMP1042,EMP1005,50156,50156,20,"09","6",0,0,2,0,NORMAL
9223,9223,30,EMP1042,EMP1005,55340,55340,20,"09","6",0,0,2,0,NORMAL
946,946,30,EMP1042,EMP1005,5676,5676,30,"09","6",0,0,0,0,NORMAL
871,871,30,EMP1042,EMP1005,5226,5226,30,"09","6",0,0,0,0,NORMAL
774,774,30,EMP1042,EMP1005,4644,4644,30,"09","6",0,0,0,0,NORMAL
854,854,30,EMP1042,EMP1005,5124,5124,30,"09","6",0,0,0,0,NORMAL
43062,43062,30,EMP1044,EMP1053,258375,258375,20,"09","7",0,0,2,0,NORMAL
82775,82775,30,EMP1044,EMP1053,496650,496650,20,"09","7",0,0,2,0,NORMAL
76212,76212,30,EMP1044,EMP1053,457275,457275,20,"09","7",0,0,2,0,NORMAL
67725,67725,30,EMP1044,EMP1053,406350,406350,20,"09","7",0,0,2,0,NORMAL
74725,74725,30,EMP1044,EMP1053,448350,448350,20,"09","7",0,0,2,0,NORMAL
10879,10879,30,EMP1044,EMP1053,65274,65274,20,"09","7",0,0,2,0,NORMAL
10016,10016,30,EMP1044,EMP1053,60099,60099,20,"09","7",0,0,2,0,NORMAL
8901,8901,30,EMP1044,EMP1053,53406,53406,20,"09","7",0,0,2,0,NORMAL
9821,9821,30,EMP1044,EMP1053,58926,58926,20,"09","7",0,0,2,0,NORMAL
10216,10216,30,EMP1044,EMP1053,61301,61301,20,"09","7",0,0,2,0,NORMAL
9406,9406,30,EMP1044,EMP1053,56441,56441,20,"09","7",0,0,2,0,NORMAL
8359,8359,30,EMP1044,EMP1053,50156,50156,20,"09","7",0,0,2,0,DELAY
9223,9223,30,EMP1044,EMP1053,55340,55340,20,"09","7",0,0,2,0,DELAY
946,946,30,EMP1044,EMP1053,5676,5676,30,"09","7",0,0,0,0,NORMAL
871,871,30,EMP1044,EMP1053,5226,5226,30,"09","7",0,0,0,0,NORMAL
774,774,30,EMP1044,EMP1053,4644,4644,30,"09","7",0,0,0,0,NORMAL
854,854,30,EMP1044,EMP1053,5124,5124,30,"09","7",0,0,0,0,NORMAL
43062,43062,30,EMP1057,EMP1001,258375,258375,20,"09","2",0,0,2,0,NORMAL
82775,82775,30,EMP1057,EMP1001,496650,496650,20,"09","2",0,0,2,0,NORMAL
76212,76212,30,EMP1057,EMP1001,457275,457275,20,"09","2",0,0,2,0,NORMAL
12650,12650,30,EMP1044,EMP1049,63250,63250,20,"09","2",0,0,2,0,NORMAL
9211,9211,30,EMP1044,EMP1049,46058,46058,20,"09","2",0,0,2,0,NORMAL
8671,8671,30,EMP1044,EMP1049,43355,43355,20,"09","2",0,0,2,0,NORMAL
14536,14536,30,EMP1044,EMP1049,72680,72680,20,"09","2",0,0,2,0,DELAY
11880,11880,30,EMP1044,EMP1049,59400,59400,20,"09","2",0,0,2,0,NORMAL
8650,8650,30,EMP1044,EMP1049,43254,43254,20,"09","2",0,0,2,0,NORMAL
8143,8143,30,EMP1044,EMP1049,40716,40716,20,"09","2",0,0,2,0,NORMAL
13651,13651,30,EMP1044,EMP1049,68256,68256,20,"09","2",0,0,2,0,NORMAL
1100,1100,30,EMP1044,EMP1049,5500,5500,30,"09","2",0,0,0,0,NORMAL
801,801,30,EMP1044,EMP1049,4005,4005,30,"09","2",0,0,0,0,NORMAL
754,754,30,EMP1044,EMP1049,3770,3770,30,"09","2",0,0,0,0,NORMAL
1264,1264,30,EMP1044,EMP1049,6320,6320,30,"09","2",0,0,0,0,NORMAL
48990,48990,30,EMP1007,EMP1042,244938,244938,20,"09","3",0,0,2,0,NORMAL
96250,96250,30,EMP1007,EMP1042,481250,481250,20,"09","3",0,0,2,0,NORMAL
70090,70090,30,EMP1007,EMP1042,350438,350438,20,"09","3",0,0,2,0,NORMAL
65975,65975,30,EMP1007,EMP1042,329875,329875,20,"09","3",0,0,2,0,NORMAL
110600,110600,30,EMP1007,EMP1042,553000,553000,20,"09","3",0,0,2,0,NORMAL
12650,12650,30,EMP1007,EMP1042,63250,63250,20,"09","3",0,0,2,0,NORMAL
9214,9214,30,EMP1007,EMP1042,46058,46058,20,"09","3",0,0,2,0,NORMAL
8671,8671,30,EMP1007,EMP1042,43355,43355,20,"09","3",0,0,2,0,NORMAL
14536,14536,30,EMP1007,EMP1042,72680,72680,20,"09","3",0,0,2,0,NORMAL
11880,11880,30,EMP1007,EMP1042,59400,59400,20,"09","3",0,0,2,0,NORMAL
8654,8654,30,EMP1007,EMP1042,43254,43254,20,"09","3",0,0,2,0,NORMAL
8144,8144,30,EMP1007,EMP1042,40716,40716,20,"09","3",0,0,2,0,NORMAL
13652,13652,30,EMP1007,EMP1042,68256,68256,20,"09","3",0,0,2,0,NORMAL
1100,1100,30,EMP1007,EMP1042,5500,5500,30,"09","3",0,0,0,0,NORMAL
801,801,30,EMP1007,EMP1042,4005,4005,30,"09","3",0,0,0,0,NORMAL
754,754,30,EMP1007,EMP1042,3770,3770,30,"09","3",0,0,0,0,NORMAL
1264,1264,30,EMP1007,EMP1042,6320,6320,30,"09","3",0,0,0,0,NORMAL
43062,43062,30,EMP1041,EMP1059,258375,258375,20,"09","4",0,0,2,0,NORMAL
82775,82775,30,EMP1041,EMP1059,496650,496650,20,"09","4",0,0,2,0,NORMAL
76212,76212,30,EMP1041,EMP1059,457275,457275,20,"09","4",0,0,2,0,NORMAL
67725,67725,30,EMP1041,EMP1059,406350,406350,20,"09","4",0,0,2,0,NORMAL
74725,74725,30,EMP1041,EMP1059,448350,448350,20,"09","4",0,0,2,0,NORMAL
10879,10879,30,EMP1041,EMP1059,65274,65274,20,"09","4",0,0,2,0,NORMAL
10016,10016,30,EMP1041,EMP1059,60099,60099,20,"09","4",0,0,2,0,DELAY
8901,8901,30,EMP1041,EMP1059,53406,53406,20,"09","4",0,0,2,0,NORMAL
9821,9821,30,EMP1041,EMP1059,58926,58926,20,"09","4",0,0,2,0,NORMAL
10216,10216,30,EMP1041,EMP1059,61301,61301,20,"09","4",0,0,2,0,NORMAL
9406,9406,30,EMP1041,EMP1059,56441,56441,20,"09","4",0,0,2,0,NORMAL
8359,8359,30,EMP1041,EMP1059,50156,50156,20,"09","4",0,0,2,0,NORMAL
9223,9223,30,EMP1041,EMP1059,55340,55340,20,"09","4",0,0,2,0,NORMAL
946,946,30,EMP1041,EMP1059,5676,5676,30,"09","4",0,0,0,0,NORMAL
871,871,30,EMP1041,EMP1059,5226,5226,30,"09","4",0,0,0,0,NORMAL
774,774,30,EMP1041,EMP1059,4644,4644,30,"09","4",0,0,0,0,NORMAL
854,854,30,EMP1041,EMP1059,5124,5124,30,"09","4",0,0,0,0,NORMAL
43062,43062,30,EMP1005,EMP1045,258375,258375,20,"09","5",0,0,2,0,NORMAL
82775,82775,30,EMP1005,EMP1045,496650,496650,20,"09","5",0,0,2,0,NORMAL
76212,76212,30,EMP1005,EMP1045,457275,457275,20,"09","5",0,0,2,0,NORMAL
67725,67725,30,EMP1005,EMP1045,406350,406350,20,"09","5",0,0,2,0,NORMAL
13651,13651,30,EMP1046,EMP1051,68256,68256,20,"08","4",1,0,2,1,DELAY
1100,1100,30,EMP1046,EMP1051,5500,5500,30,"08","4",1,0,0,1,NORMAL
801,801,30,EMP1046,EMP1051,4005,4005,30,"08","4",1,0,0,1,NORMAL
754,754,30,EMP1046,EMP1051,3770,3770,30,"08","4",1,0,0,1,DELAY
1264,1264,30,EMP1046,EMP1051,6320,6320,30,"08","4",1,0,0,1,DELAY
48987,48987,30,EMP1046,EMP1056,244938,244938,20,"08","5",1,0,2,1,DELAY
96250,96250,30,EMP1046,EMP1056,481250,481250,20,"08","5",1,0,2,1,DELAY
70087,70087,30,EMP1046,EMP1056,350438,350438,20,"08","5",1,0,2,1,DELAY
65975,65975,30,EMP1046,EMP1056,329875,329875,20,"08","5",1,0,2,1,DELAY
110600,110600,30,EMP1046,EMP1056,553000,553000,20,"08","5",1,0,2,1,RISK
12650,12650,30,EMP1046,EMP1056,63250,63250,20,"08","5",1,0,2,1,DELAY
9211,9211,30,EMP1046,EMP1056,46058,46058,20,"08","5",1,0,2,1,DELAY
8671,8671,30,EMP1046,EMP1056,43355,43355,20,"08","5",1,0,2,1,DELAY
14536,14536,30,EMP1046,EMP1056,72680,72680,20,"08","5",1,0,2,1,DELAY
11880,11880,30,EMP1046,EMP1056,59400,59400,20,"08","5",1,0,2,1,DELAY
8650,8650,30,EMP1046,EMP1056,43254,43254,20,"08","5",1,0,2,1,DELAY
8143,8143,30,EMP1046,EMP1056,40716,40716,20,"08","5",1,0,2,1,DELAY
13651,13651,30,EMP1046,EMP1056,68256,68256,20,"08","5",1,0,2,1,DELAY
1100,1100,30,EMP1046,EMP1056,5500,5500,30,"08","5",1,0,0,1,NORMAL
801,801,30,EMP1046,EMP1056,4005,4005,30,"08","5",1,0,0,1,NORMAL
754,754,30,EMP1046,EMP1056,3770,3770,30,"08","5",1,0,0,1,NORMAL
1264,1264,30,EMP1046,EMP1056,6320,6320,30,"08","5",1,0,0,1,DELAY
48987,48987,30,EMP1046,EMP1007,244938,244938,20,"08","6",1,0,2,1,DELAY
96250,96250,30,EMP1046,EMP1007,481250,481250,20,"08","6",1,0,2,1,DELAY
70087,70087,30,EMP1046,EMP1007,350438,350438,20,"08","6",1,0,2,1,DELAY
65975,65975,30,EMP1046,EMP1007,329875,329875,20,"08","6",1,0,2,1,DELAY
110600,110600,30,EMP1046,EMP1007,553000,553000,20,"08","6",1,0,2,1,DELAY
12650,12650,30,EMP1046,EMP1007,63250,63250,20,"08","6",1,0,2,1,DELAY
9211,9211,30,EMP1046,EMP1007,46058,46058,20,"08","6",1,0,2,1,RISK
8671,8671,30,EMP1046,EMP1007,43355,43355,20,"08","6",1,0,2,1,DELAY
14536,14536,30,EMP1046,EMP1007,72680,72680,20,"08","6",1,0,2,1,DELAY
11880,11880,30,EMP1046,EMP1007,59400,59400,20,"08","6",1,0,2,1,DELAY
8650,8650,30,EMP1046,EMP1007,43254,43254,20,"08","6",1,0,2,1,DELAY
8143,8143,30,EMP1046,EMP1007,40716,40716,20,"08","6",1,0,2,1,DELAY
13651,13651,30,EMP1046,EMP1007,68256,68256,20,"08","6",1,0,2,1,DELAY
1100,1100,30,EMP1046,EMP1007,5500,5500,30,"08","6",1,0,0,1,NORMAL
801,801,30,EMP1046,EMP1007,4005,4005,30,"08","6",1,0,0,1,NORMAL
754,754,30,EMP1046,EMP1007,3770,3770,30,"08","6",1,0,0,1,NORMAL
1264,1264,30,EMP1046,EMP1007,6320,6320,30,"08","6",1,0,0,1,NORMAL
48987,48987,30,EMP1044,EMP1049,244938,244938,20,"09","2",0,0,2,0,NORMAL
96250,96250,30,EMP1044,EMP1049,481250,481250,20,"09","2",0,0,2,0,NORMAL
70087,70087,30,EMP1044,EMP1049,350438,350438,20,"09","2",0,0,2,0,NORMAL
65975,65975,30,EMP1044,EMP1049,329875,329875,20,"09","2",0,0,2,0,NORMAL
110600,110600,30,EMP1044,EMP1049,553000,553000,20,"09","2",0,0,2,0,NORMAL
66062,66062,30,EMP1056,EMP1042,330313,330313,20,"08","2",1,0,2,1,DELAY
86712,86712,30,EMP1056,EMP1042,433563,433563,20,"08","2",1,0,2,1,DELAY
14145,14145,30,EMP1056,EMP1042,70725,70725,20,"08","2",1,0,2,1,DELAY
14053,14053,30,EMP1056,EMP1042,70265,70265,20,"08","2",1,0,2,1,DELAY
8682,8682,30,EMP1056,EMP1042,43413,43413,20,"08","2",1,0,2,1,DELAY
11396,11396,30,EMP1056,EMP1042,56983,56983,20,"08","2",1,0,2,1,DELAY
13284,13284,30,EMP1056,EMP1042,66420,66420,20,"08","2",1,0,2,1,DELAY
13197,13197,30,EMP1056,EMP1042,65988,65988,20,"08","2",1,0,2,1,DELAY
8154,8154,30,EMP1056,EMP1042,40770,40770,20,"08","2",1,0,2,1,DELAY
10702,10702,30,EMP1056,EMP1042,53514,53514,20,"08","2",1,0,2,1,DELAY
1230,1230,30,EMP1056,EMP1042,6150,6150,30,"08","2",1,0,0,1,NORMAL
1222,1222,30,EMP1056,EMP1042,6110,6110,30,"08","2",1,0,0,1,DELAY
755,755,30,EMP1056,EMP1042,3775,3775,30,"08","2",1,0,0,1,NORMAL
991,991,30,EMP1056,EMP1042,4955,4955,30,"08","2",1,0,0,1,NORMAL
52475,52475,30,EMP1050,EMP1043,262375,262375,20,"08","3",1,0,2,1,DELAY
107625,107625,30,EMP1050,EMP1043,538125,538125,20,"08","3",1,0,2,1,DELAY
106925,106925,30,EMP1050,EMP1043,534625,534625,20,"08","3",1,0,2,1,DELAY
66065,66065,30,EMP1050,EMP1043,330313,330313,20,"08","3",1,0,2,1,DELAY
86715,86715,30,EMP1050,EMP1043,433563,433563,20,"08","3",1,0,2,1,DELAY
14145,14145,30,EMP1050,EMP1043,70725,70725,20,"08","3",1,0,2,1,DELAY
14053,14053,30,EMP1050,EMP1043,70265,70265,20,"08","3",1,0,2,1,DELAY
8685,8685,30,EMP1050,EMP1043,43413,43413,20,"08","3",1,0,2,1,DELAY
11399,11399,30,EMP1050,EMP1043,56983,56983,20,"08","3",1,0,2,1,DELAY
13284,13284,30,EMP1050,EMP1043,66420,66420,20,"08","3",1,0,2,1,DELAY
13200,13200,30,EMP1050,EMP1043,65988,65988,20,"08","3",1,0,2,1,DELAY
8154,8154,30,EMP1050,EMP1043,40770,40770,20,"08","3",1,0,2,1,DELAY
10706,10706,30,EMP1050,EMP1043,53514,53514,20,"08","3",1,0,2,1,DELAY
1230,1230,30,EMP1050,EMP1043,6150,6150,30,"08","3",1,0,0,1,NORMAL
1222,1222,30,EMP1050,EMP1043,6110,6110,30,"08","3",1,0,0,1,NORMAL
755,755,30,EMP1050,EMP1043,3775,3775,30,"08","3",1,0,0,1,NORMAL
991,991,30,EMP1050,EMP1043,4955,4955,30,"08","3",1,0,0,1,NORMAL
48987,48987,30,EMP1046,EMP1051,244938,244938,20,"08","4",1,0,2,1,DELAY
96250,96250,30,EMP1046,EMP1051,481250,481250,20,"08","4",1,0,2,1,DELAY
70087,70087,30,EMP1046,EMP1051,350438,350438,20,"08","4",1,0,2,1,DELAY
65975,65975,30,EMP1046,EMP1051,329875,329875,20,"08","4",1,0,2,1,DELAY
110600,110600,30,EMP1046,EMP1051,553000,553000,20,"08","4",1,0,2,1,DELAY
12650,12650,30,EMP1046,EMP1051,63250,63250,20,"08","4",1,0,2,1,DELAY
9211,9211,30,EMP1046,EMP1051,46058,46058,20,"08","4",1,0,2,1,RISK
8671,8671,30,EMP1046,EMP1051,43355,43355,20,"08","4",1,0,2,1,DELAY
14536,14536,30,EMP1046,EMP1051,72680,72680,20,"08","4",1,0,2,1,DELAY
11880,11880,30,EMP1046,EMP1051,59400,59400,20,"08","4",1,0,2,1,DELAY
8650,8650,30,EMP1046,EMP1051,43254,43254,20,"08","4",1,0,2,1,DELAY
8143,8143,30,EMP1046,EMP1051,40716,40716,20,"08","4",1,0,2,1,DELAY
8154,8154,30,EMP1049,EMP1007,40770,40770,20,"08","4",1,0,2,1,DELAY
10702,10702,30,EMP1049,EMP1007,53514,53514,20,"08","4",1,0,2,1,DELAY
1230,1230,30,EMP1049,EMP1007,6150,6150,30,"08","4",1,0,0,1,NORMAL
1222,1222,30,EMP1049,EMP1007,6110,6110,30,"08","4",1,0,0,1,NORMAL
755,755,30,EMP1049,EMP1007,3775,3775,30,"08","4",1,0,0,1,NORMAL
991,991,30,EMP1049,EMP1007,4955,4955,30,"08","4",1,0,0,1,NORMAL
52475,52475,30,EMP1054,EMP1042,262375,262375,20,"08","5",1,0,2,1,DELAY
107625,107625,30,EMP1054,EMP1042,538125,538125,20,"08","5",1,0,2,1,DELAY
106925,106925,30,EMP1054,EMP1042,534625,534625,20,"08","5",1,0,2,1,DELAY
66062,66062,30,EMP1054,EMP1042,330313,330313,20,"08","5",1,0,2,1,DELAY
86712,86712,30,EMP1054,EMP1042,433563,433563,20,"08","5",1,0,2,1,DELAY
14145,14145,30,EMP1054,EMP1042,70725,70725,20,"08","5",1,0,2,1,DELAY
14053,14053,30,EMP1054,EMP1042,70265,70265,20,"08","5",1,0,2,1,DELAY
8682,8682,30,EMP1054,EMP1042,43413,43413,20,"08","5",1,0,2,1,DELAY
11396,11396,30,EMP1054,EMP1042,56983,56983,20,"08","5",1,0,2,1,DELAY
13284,13284,30,EMP1054,EMP1042,66420,66420,20,"08","5",1,0,2,1,DELAY
13197,13197,30,EMP1054,EMP1042,65988,65988,20,"08","5",1,0,2,1,DELAY
8154,8154,30,EMP1054,EMP1042,40770,40770,20,"08","5",1,0,2,1,DELAY
10702,10702,30,EMP1054,EMP1042,53514,53514,20,"08","5",1,0,2,1,DELAY
1230,1230,30,EMP1054,EMP1042,6150,6150,30,"08","5",1,0,0,1,NORMAL
1222,1222,30,EMP1054,EMP1042,6110,6110,30,"08","5",1,0,0,1,NORMAL
755,755,30,EMP1054,EMP1042,3775,3775,30,"08","5",1,0,0,1,NORMAL
991,991,30,EMP1054,EMP1042,4955,4955,30,"08","5",1,0,0,1,NORMAL
52475,52475,30,EMP1049,EMP1052,262375,262375,20,"08","6",1,0,2,1,DELAY
107625,107625,30,EMP1049,EMP1052,538125,538125,20,"08","6",1,0,2,1,DELAY
106925,106925,30,EMP1049,EMP1052,534625,534625,20,"08","6",1,0,2,1,DELAY
66062,66062,30,EMP1049,EMP1052,330313,330313,20,"08","6",1,0,2,1,DELAY
86712,86712,30,EMP1049,EMP1052,433563,433563,20,"08","6",1,0,2,1,DELAY
14145,14145,30,EMP1049,EMP1052,70725,70725,20,"08","6",1,0,2,1,DELAY
14053,14053,30,EMP1049,EMP1052,70265,70265,20,"08","6",1,0,2,1,DELAY
8682,8682,30,EMP1049,EMP1052,43413,43413,20,"08","6",1,0,2,1,DELAY
11396,11396,30,EMP1049,EMP1052,56983,56983,20,"08","6",1,0,2,1,DELAY
13284,13284,30,EMP1049,EMP1052,66420,66420,20,"08","6",1,0,2,1,DELAY
13197,13197,30,EMP1049,EMP1052,65988,65988,20,"08","6",1,0,2,1,DELAY
8154,8154,30,EMP1049,EMP1052,40770,40770,20,"08","6",1,0,2,1,DELAY
10702,10702,30,EMP1049,EMP1052,53514,53514,20,"08","6",1,0,2,1,DELAY
1230,1230,30,EMP1049,EMP1052,6150,6150,30,"08","6",1,0,0,1,NORMAL
1222,1222,30,EMP1049,EMP1052,6110,6110,30,"08","6",1,0,0,1,NORMAL
755,755,30,EMP1049,EMP1052,3775,3775,30,"08","6",1,0,0,1,NORMAL
991,991,30,EMP1049,EMP1052,4955,4955,30,"08","6",1,0,0,1,NORMAL
52475,52475,30,EMP1056,EMP1042,262375,262375,20,"08","2",1,0,2,1,DELAY
13197,13197,30,EMP1049,EMP1007,65988,65988,20,"08","4",1,0,2,1,DELAY
107625,107625,30,EMP1056,EMP1042,538125,538125,20,"08","2",1,0,2,1,DELAY
106925,106925,30,EMP1056,EMP1042,534625,534625,20,"08","2",1,0,2,1,DELAY
71225,71225,30,EMP1043,EMP1044,356125,356125,20,"08","2",1,0,2,1,DELAY
67200,67200,30,EMP1043,EMP1044,336000,336000,20,"08","2",1,0,2,1,DELAY
105262,105262,30,EMP1043,EMP1044,526313,526313,20,"08","2",1,0,2,1,DELAY
109112,109112,30,EMP1043,EMP1044,545563,545563,20,"08","2",1,0,2,1,DELAY
9361,9361,30,EMP1043,EMP1044,46805,46805,20,"08","2",1,0,2,1,DELAY
8832,8832,30,EMP1043,EMP1044,44160,44160,20,"08","2",1,0,2,1,DELAY
13834,13834,30,EMP1043,EMP1044,69173,69173,20,"08","2",1,0,2,1,DELAY
14340,14340,30,EMP1043,EMP1044,71703,71703,20,"08","2",1,0,2,1,DELAY
8791,8791,30,EMP1043,EMP1044,43956,43956,20,"08","2",1,0,2,1,DELAY
8294,8294,30,EMP1043,EMP1044,41472,41472,20,"08","2",1,0,2,1,DELAY
12992,12992,30,EMP1043,EMP1044,64962,64962,20,"08","2",1,0,2,1,DELAY
13467,13467,30,EMP1043,EMP1044,67338,67338,20,"08","2",1,0,2,1,DELAY
814,814,30,EMP1043,EMP1044,4070,4070,30,"08","2",1,0,0,1,NORMAL
768,768,30,EMP1043,EMP1044,3840,3840,30,"08","2",1,0,0,1,DELAY
1203,1203,30,EMP1043,EMP1044,6015,6015,30,"08","2",1,0,0,1,NORMAL
1247,1247,30,EMP1043,EMP1044,6235,6235,30,"08","2",1,0,0,1,DELAY
50400,50400,30,EMP1059,EMP1021,252000,252000,20,"08","3",1,0,2,1,DELAY
71225,71225,30,EMP1059,EMP1021,356125,356125,20,"08","3",1,0,2,1,DELAY
67200,67200,30,EMP1059,EMP1021,336000,336000,20,"08","3",1,0,2,1,DELAY
105265,105265,30,EMP1059,EMP1021,526313,526313,20,"08","3",1,0,2,1,DELAY
109115,109115,30,EMP1059,EMP1021,545563,545563,20,"08","3",1,0,2,1,RISK
9361,9361,30,EMP1059,EMP1021,46805,46805,20,"08","3",1,0,2,1,DELAY
8832,8832,30,EMP1059,EMP1021,44160,44160,20,"08","3",1,0,2,1,DELAY
13837,13837,30,EMP1059,EMP1021,69173,69173,20,"08","3",1,0,2,1,DELAY
14343,14343,30,EMP1059,EMP1021,71703,71703,20,"08","3",1,0,2,1,DELAY
8792,8792,30,EMP1059,EMP1021,43956,43956,20,"08","3",1,0,2,1,DELAY
8296,8296,30,EMP1059,EMP1021,41472,41472,20,"08","3",1,0,2,1,DELAY
12994,12994,30,EMP1059,EMP1021,64962,64962,20,"08","3",1,0,2,1,RISK
13470,13470,30,EMP1059,EMP1021,67338,67338,20,"08","3",1,0,2,1,DELAY
814,814,30,EMP1059,EMP1021,4070,4070,30,"08","3",1,0,0,1,NORMAL
768,768,30,EMP1059,EMP1021,3840,3840,30,"08","3",1,0,0,1,NORMAL
1203,1203,30,EMP1059,EMP1021,6015,6015,30,"08","3",1,0,0,1,DELAY
1247,1247,30,EMP1059,EMP1021,6235,6235,30,"08","3",1,0,0,1,NORMAL
52475,52475,30,EMP1049,EMP1007,262375,262375,20,"08","4",1,0,2,1,DELAY
107625,107625,30,EMP1049,EMP1007,538125,538125,20,"08","4",1,0,2,1,DELAY
106925,106925,30,EMP1049,EMP1007,534625,534625,20,"08","4",1,0,2,1,DELAY
66062,66062,30,EMP1049,EMP1007,330313,330313,20,"08","4",1,0,2,1,DELAY
86712,86712,30,EMP1049,EMP1007,433563,433563,20,"08","4",1,0,2,1,DELAY
14145,14145,30,EMP1049,EMP1007,70725,70725,20,"08","4",1,0,2,1,DELAY
14053,14053,30,EMP1049,EMP1007,70265,70265,20,"08","4",1,0,2,1,DELAY
8682,8682,30,EMP1049,EMP1007,43413,43413,20,"08","4",1,0,2,1,DELAY
11396,11396,30,EMP1049,EMP1007,56983,56983,20,"08","4",1,0,2,1,DELAY
13284,13284,30,EMP1049,EMP1007,66420,66420,20,"08","4",1,0,2,1,DELAY
8791,8791,30,EMP1021,EMP1045,43956,43956,20,"08","4",1,0,2,1,DELAY
8294,8294,30,EMP1021,EMP1045,41472,41472,20,"08","4",1,0,2,1,RISK
12992,12992,30,EMP1021,EMP1045,64962,64962,20,"08","4",1,0,2,1,DELAY
13467,13467,30,EMP1021,EMP1045,67338,67338,20,"08","4",1,0,2,1,DELAY
814,814,30,EMP1021,EMP1045,4070,4070,30,"08","4",1,0,0,1,NORMAL
768,768,30,EMP1021,EMP1045,3840,3840,30,"08","4",1,0,0,1,NORMAL
1203,1203,30,EMP1021,EMP1045,6015,6015,30,"08","4",1,0,0,1,DELAY
1247,1247,30,EMP1021,EMP1045,6235,6235,30,"08","4",1,0,0,1,NORMAL
50400,50400,30,EMP1056,EMP1006,252000,252000,20,"08","5",1,0,2,1,DELAY
71225,71225,30,EMP1056,EMP1006,356125,356125,20,"08","5",1,0,2,1,DELAY
67200,67200,30,EMP1056,EMP1006,336000,336000,20,"08","5",1,0,2,1,DELAY
105262,105262,30,EMP1056,EMP1006,526313,526313,20,"08","5",1,0,2,1,DELAY
109112,109112,30,EMP1056,EMP1006,545563,545563,20,"08","5",1,0,2,1,DELAY
9361,9361,30,EMP1056,EMP1006,46805,46805,20,"08","5",1,0,2,1,DELAY
8832,8832,30,EMP1056,EMP1006,44160,44160,20,"08","5",1,0,2,1,DELAY
13834,13834,30,EMP1056,EMP1006,69173,69173,20,"08","5",1,0,2,1,DELAY
14340,14340,30,EMP1056,EMP1006,71703,71703,20,"08","5",1,0,2,1,DELAY
8791,8791,30,EMP1056,EMP1006,43956,43956,20,"08","5",1,0,2,1,DELAY
8294,8294,30,EMP1056,EMP1006,41472,41472,20,"08","5",1,0,2,1,DELAY
12992,12992,30,EMP1056,EMP1006,64962,64962,20,"08","5",1,0,2,1,RISK
13467,13467,30,EMP1056,EMP1006,67338,67338,20,"08","5",1,0,2,1,DELAY
814,814,30,EMP1056,EMP1006,4070,4070,30,"08","5",1,0,0,1,NORMAL
768,768,30,EMP1056,EMP1006,3840,3840,30,"08","5",1,0,0,1,DELAY
1203,1203,30,EMP1056,EMP1006,6015,6015,30,"08","5",1,0,0,1,NORMAL
1247,1247,30,EMP1056,EMP1006,6235,6235,30,"08","5",1,0,0,1,NORMAL
50400,50400,30,EMP1050,EMP1004,252000,252000,20,"08","6",1,0,2,1,DELAY
71225,71225,30,EMP1050,EMP1004,356125,356125,20,"08","6",1,0,2,1,RISK
67200,67200,30,EMP1050,EMP1004,336000,336000,20,"08","6",1,0,2,1,DELAY
105262,105262,30,EMP1050,EMP1004,526313,526313,20,"08","6",1,0,2,1,DELAY
109112,109112,30,EMP1050,EMP1004,545563,545563,20,"08","6",1,0,2,1,RISK
9361,9361,30,EMP1050,EMP1004,46805,46805,20,"08","6",1,0,2,1,DELAY
8832,8832,30,EMP1050,EMP1004,44160,44160,20,"08","6",1,0,2,1,DELAY
13834,13834,30,EMP1050,EMP1004,69173,69173,20,"08","6",1,0,2,1,DELAY
14340,14340,30,EMP1050,EMP1004,71703,71703,20,"08","6",1,0,2,1,DELAY
8791,8791,30,EMP1050,EMP1004,43956,43956,20,"08","6",1,0,2,1,DELAY
8294,8294,30,EMP1050,EMP1004,41472,41472,20,"08","6",1,0,2,1,DELAY
12992,12992,30,EMP1050,EMP1004,64962,64962,20,"08","6",1,0,2,1,DELAY
13467,13467,30,EMP1050,EMP1004,67338,67338,20,"08","6",1,0,2,1,DELAY
814,814,30,EMP1050,EMP1004,4070,4070,30,"08","6",1,0,0,1,NORMAL
768,768,30,EMP1050,EMP1004,3840,3840,30,"08","6",1,0,0,1,DELAY
1203,1203,30,EMP1050,EMP1004,6015,6015,30,"08","6",1,0,0,1,NORMAL
1247,1247,30,EMP1050,EMP1004,6235,6235,30,"08","6",1,0,0,1,NORMAL
50400,50400,30,EMP1043,EMP1044,252000,252000,20,"08","2",1,0,2,1,DELAY
49925,49925,30,EMP1051,EMP1043,249625,249625,20,"08","2",1,0,2,1,DELAY
61862,61862,30,EMP1051,EMP1043,309313,309313,20,"08","2",1,0,2,1,RISK
104650,104650,30,EMP1051,EMP1043,523250,523250,20,"08","2",1,0,2,1,DELAY
81462,81462,30,EMP1051,EMP1043,407313,407313,20,"08","2",1,0,2,1,DELAY
101500,101500,30,EMP1051,EMP1043,507500,507500,20,"08","2",1,0,2,1,DELAY
8130,8130,30,EMP1051,EMP1043,40653,40653,20,"08","2",1,0,2,1,DELAY
13754,13754,30,EMP1051,EMP1043,68770,68770,20,"08","2",1,0,2,1,DELAY
10706,10706,30,EMP1051,EMP1043,53533,53533,20,"08","2",1,0,2,1,DELAY
13340,13340,30,EMP1051,EMP1043,66700,66700,20,"08","2",1,0,2,1,DELAY
7635,7635,30,EMP1051,EMP1043,38178,38178,20,"08","2",1,0,2,1,DELAY
12916,12916,30,EMP1051,EMP1043,64584,64584,20,"08","2",1,0,2,1,DELAY
10054,10054,30,EMP1051,EMP1043,50274,50274,20,"08","2",1,0,2,1,DELAY
12528,12528,30,EMP1051,EMP1043,62640,62640,20,"08","2",1,0,2,1,DELAY
707,707,30,EMP1051,EMP1043,3535,3535,30,"08","2",1,0,0,1,DELAY
1196,1196,30,EMP1051,EMP1043,5980,5980,30,"08","2",1,0,0,1,NORMAL
931,931,30,EMP1051,EMP1043,4655,4655,30,"08","2",1,0,0,1,NORMAL
1160,1160,30,EMP1051,EMP1043,5800,5800,30,"08","2",1,0,0,1,NORMAL
49925,49925,30,EMP1059,EMP1055,249625,249625,20,"08","3",1,0,2,1,DELAY
61865,61865,30,EMP1059,EMP1055,309313,309313,20,"08","3",1,0,2,1,DELAY
104650,104650,30,EMP1059,EMP1055,523250,523250,20,"08","3",1,0,2,1,DELAY
81465,81465,30,EMP1059,EMP1055,407313,407313,20,"08","3",1,0,2,1,DELAY
101500,101500,30,EMP1059,EMP1055,507500,507500,20,"08","3",1,0,2,1,DELAY
8133,8133,30,EMP1059,EMP1055,40653,40653,20,"08","3",1,0,2,1,DELAY
13754,13754,30,EMP1059,EMP1055,68770,68770,20,"08","3",1,0,2,1,DELAY
10709,10709,30,EMP1059,EMP1055,53533,53533,20,"08","3",1,0,2,1,DELAY
13340,13340,30,EMP1059,EMP1055,66700,66700,20,"08","3",1,0,2,1,DELAY
7638,7638,30,EMP1059,EMP1055,38178,38178,20,"08","3",1,0,2,1,RISK
12920,12920,30,EMP1059,EMP1055,64584,64584,20,"08","3",1,0,2,1,DELAY
10058,10058,30,EMP1059,EMP1055,50274,50274,20,"08","3",1,0,2,1,DELAY
12528,12528,30,EMP1059,EMP1055,62640,62640,20,"08","3",1,0,2,1,DELAY
707,707,30,EMP1059,EMP1055,3535,3535,30,"08","3",1,0,0,1,NORMAL
1196,1196,30,EMP1059,EMP1055,5980,5980,30,"08","3",1,0,0,1,NORMAL
931,931,30,EMP1059,EMP1055,4655,4655,30,"08","3",1,0,0,1,NORMAL
1160,1160,30,EMP1059,EMP1055,5800,5800,30,"08","3",1,0,0,1,NORMAL
50400,50400,30,EMP1021,EMP1045,252000,252000,20,"08","4",1,0,2,1,DELAY
71225,71225,30,EMP1021,EMP1045,356125,356125,20,"08","4",1,0,2,1,DELAY
67200,67200,30,EMP1021,EMP1045,336000,336000,20,"08","4",1,0,2,1,DELAY
105262,105262,30,EMP1021,EMP1045,526313,526313,20,"08","4",1,0,2,1,RISK
109112,109112,30,EMP1021,EMP1045,545563,545563,20,"08","4",1,0,2,1,DELAY
9361,9361,30,EMP1021,EMP1045,46805,46805,20,"08","4",1,0,2,1,DELAY
8832,8832,30,EMP1021,EMP1045,44160,44160,20,"08","4",1,0,2,1,DELAY
13834,13834,30,EMP1021,EMP1045,69173,69173,20,"08","4",1,0,2,1,DELAY
14340,14340,30,EMP1021,EMP1045,71703,71703,20,"08","4",1,0,2,1,DELAY
13340,13340,30,EMP1057,EMP1003,66700,66700,20,"08","4",1,0,2,1,DELAY
7635,7635,30,EMP1057,EMP1003,38178,38178,20,"08","4",1,0,2,1,RISK
12916,12916,30,EMP1057,EMP1003,64584,64584,20,"08","4",1,0,2,1,DELAY
10054,10054,30,EMP1057,EMP1003,50274,50274,20,"08","4",1,0,2,1,DELAY
12528,12528,30,EMP1057,EMP1003,62640,62640,20,"08","4",1,0,2,1,DELAY
707,707,30,EMP1057,EMP1003,3535,3535,30,"08","4",1,0,0,1,NORMAL
1196,1196,30,EMP1057,EMP1003,5980,5980,30,"08","4",1,0,0,1,DELAY
931,931,30,EMP1057,EMP1003,4655,4655,30,"08","4",1,0,0,1,DELAY
1160,1160,30,EMP1057,EMP1003,5800,5800,30,"08","4",1,0,0,1,DELAY
49925,49925,30,EMP1059,EMP1007,249625,249625,20,"08","5",1,0,2,1,DELAY
61862,61862,30,EMP1059,EMP1007,309313,309313,20,"08","5",1,0,2,1,DELAY
104650,104650,30,EMP1059,EMP1007,523250,523250,20,"08","5",1,0,2,1,DELAY
81462,81462,30,EMP1059,EMP1007,407313,407313,20,"08","5",1,0,2,1,DELAY
101500,101500,30,EMP1059,EMP1007,507500,507500,20,"08","5",1,0,2,1,DELAY
8130,8130,30,EMP1059,EMP1007,40653,40653,20,"08","5",1,0,2,1,DELAY
13754,13754,30,EMP1059,EMP1007,68770,68770,20,"08","5",1,0,2,1,DELAY
10706,10706,30,EMP1059,EMP1007,53533,53533,20,"08","5",1,0,2,1,DELAY
13340,13340,30,EMP1059,EMP1007,66700,66700,20,"08","5",1,0,2,1,DELAY
7635,7635,30,EMP1059,EMP1007,38178,38178,20,"08","5",1,0,2,1,DELAY
12916,12916,30,EMP1059,EMP1007,64584,64584,20,"08","5",1,0,2,1,DELAY
10054,10054,30,EMP1059,EMP1007,50274,50274,20,"08","5",1,0,2,1,DELAY
12528,12528,30,EMP1059,EMP1007,62640,62640,20,"08","5",1,0,2,1,DELAY
707,707,30,EMP1059,EMP1007,3535,3535,30,"08","5",1,0,0,1,NORMAL
1196,1196,30,EMP1059,EMP1007,5980,5980,30,"08","5",1,0,0,1,DELAY
931,931,30,EMP1059,EMP1007,4655,4655,30,"08","5",1,0,0,1,NORMAL
1160,1160,30,EMP1059,EMP1007,5800,5800,30,"08","5",1,0,0,1,DELAY
49925,49925,30,EMP1006,EMP1043,249625,249625,20,"08","6",1,0,2,1,DELAY
61862,61862,30,EMP1006,EMP1043,309313,309313,20,"08","6",1,0,2,1,DELAY
104650,104650,30,EMP1006,EMP1043,523250,523250,20,"08","6",1,0,2,1,DELAY
81462,81462,30,EMP1006,EMP1043,407313,407313,20,"08","6",1,0,2,1,DELAY
101500,101500,30,EMP1006,EMP1043,507500,507500,20,"08","6",1,0,2,1,DELAY
8130,8130,30,EMP1006,EMP1043,40653,40653,20,"08","6",1,0,2,1,DELAY
13754,13754,30,EMP1006,EMP1043,68770,68770,20,"08","6",1,0,2,1,DELAY
10706,10706,30,EMP1006,EMP1043,53533,53533,20,"08","6",1,0,2,1,DELAY
13340,13340,30,EMP1006,EMP1043,66700,66700,20,"08","6",1,0,2,1,DELAY
7635,7635,30,EMP1006,EMP1043,38178,38178,20,"08","6",1,0,2,1,DELAY
12916,12916,30,EMP1006,EMP1043,64584,64584,20,"08","6",1,0,2,1,DELAY
10054,10054,30,EMP1006,EMP1043,50274,50274,20,"08","6",1,0,2,1,DELAY
12528,12528,30,EMP1006,EMP1043,62640,62640,20,"08","6",1,0,2,1,DELAY
707,707,30,EMP1006,EMP1043,3535,3535,30,"08","6",1,0,0,1,NORMAL
1196,1196,30,EMP1006,EMP1043,5980,5980,30,"08","6",1,0,0,1,DELAY
931,931,30,EMP1006,EMP1043,4655,4655,30,"08","6",1,0,0,1,DELAY
1160,1160,30,EMP1006,EMP1043,5800,5800,30,"08","6",1,0,0,1,NORMAL
1271,1271,30,EMP1048,EMP1055,6355,6355,30,"08","6",1,0,0,1,NORMAL
54787,54787,30,EMP1044,EMP1056,273938,273938,20,"08","2",1,0,2,1,DELAY
109812,109812,30,EMP1044,EMP1056,549063,549063,20,"08","2",1,0,2,1,DELAY
65712,65712,30,EMP1044,EMP1056,328563,328563,20,"08","2",1,0,2,1,DELAY
96775,96775,30,EMP1044,EMP1056,483875,483875,20,"08","2",1,0,2,1,DELAY
111212,111212,30,EMP1044,EMP1056,556063,556063,20,"08","2",1,0,2,1,DELAY
14432,14432,30,EMP1044,EMP1056,72163,72163,20,"08","2",1,0,2,1,DELAY
8636,8636,30,EMP1044,EMP1056,43183,43183,20,"08","2",1,0,2,1,DELAY
12719,12719,30,EMP1044,EMP1056,63595,63595,20,"08","2",1,0,2,1,DELAY
14616,14616,30,EMP1044,EMP1056,73083,73083,20,"08","2",1,0,2,1,DELAY
13554,13554,30,EMP1044,EMP1056,67770,67770,20,"08","2",1,0,2,1,DELAY
8110,8110,30,EMP1044,EMP1056,40554,40554,20,"08","2",1,0,2,1,DELAY
11944,11944,30,EMP1044,EMP1056,59724,59724,20,"08","2",1,0,2,1,DELAY
13726,13726,30,EMP1044,EMP1056,68634,68634,20,"08","2",1,0,2,1,DELAY
1255,1255,30,EMP1044,EMP1056,6275,6275,30,"08","2",1,0,0,1,NORMAL
751,751,30,EMP1044,EMP1056,3755,3755,30,"08","2",1,0,0,1,NORMAL
1106,1106,30,EMP1044,EMP1056,5530,5530,30,"08","2",1,0,0,1,NORMAL
1271,1271,30,EMP1044,EMP1056,6355,6355,30,"08","2",1,0,0,1,DELAY
54790,54790,30,EMP1041,EMP1046,273938,273938,20,"08","3",1,0,2,1,DELAY
109815,109815,30,EMP1041,EMP1046,549063,549063,20,"08","3",1,0,2,1,DELAY
65715,65715,30,EMP1041,EMP1046,328563,328563,20,"08","3",1,0,2,1,DELAY
96775,96775,30,EMP1041,EMP1046,483875,483875,20,"08","3",1,0,2,1,DELAY
111215,111215,30,EMP1041,EMP1046,556063,556063,20,"08","3",1,0,2,1,RISK
14435,14435,30,EMP1041,EMP1046,72163,72163,20,"08","3",1,0,2,1,DELAY
8639,8639,30,EMP1041,EMP1046,43183,43183,20,"08","3",1,0,2,1,DELAY
12719,12719,30,EMP1041,EMP1046,63595,63595,20,"08","3",1,0,2,1,DELAY
14619,14619,30,EMP1041,EMP1046,73083,73083,20,"08","3",1,0,2,1,DELAY
13554,13554,30,EMP1041,EMP1046,67770,67770,20,"08","3",1,0,2,1,DELAY
8114,8114,30,EMP1041,EMP1046,40554,40554,20,"08","3",1,0,2,1,DELAY
11948,11948,30,EMP1041,EMP1046,59724,59724,20,"08","3",1,0,2,1,DELAY
13730,13730,30,EMP1041,EMP1046,68634,68634,20,"08","3",1,0,2,1,DELAY
1255,1255,30,EMP1041,EMP1046,6275,6275,30,"08","3",1,0,0,1,NORMAL
751,751,30,EMP1041,EMP1046,3755,3755,30,"08","3",1,0,0,1,NORMAL
1106,1106,30,EMP1041,EMP1046,5530,5530,30,"08","3",1,0,0,1,NORMAL
1271,1271,30,EMP1041,EMP1046,6355,6355,30,"08","3",1,0,0,1,NORMAL
49925,49925,30,EMP1057,EMP1003,249625,249625,20,"08","4",1,0,2,1,DELAY
61862,61862,30,EMP1057,EMP1003,309313,309313,20,"08","4",1,0,2,1,DELAY
104650,104650,30,EMP1057,EMP1003,523250,523250,20,"08","4",1,0,2,1,DELAY
81462,81462,30,EMP1057,EMP1003,407313,407313,20,"08","4",1,0,2,1,DELAY
101500,101500,30,EMP1057,EMP1003,507500,507500,20,"08","4",1,0,2,1,DELAY
8130,8130,30,EMP1057,EMP1003,40653,40653,20,"08","4",1,0,2,1,DELAY
13754,13754,30,EMP1057,EMP1003,68770,68770,20,"08","4",1,0,2,1,DELAY
10706,10706,30,EMP1057,EMP1003,53533,53533,20,"08","4",1,0,2,1,DELAY
12719,12719,30,EMP1041,EMP1049,63595,63595,20,"07","4",1,0,2,2,RISK
14616,14616,30,EMP1041,EMP1049,73083,73083,20,"07","4",1,0,2,2,RISK
13554,13554,30,EMP1041,EMP1049,67770,67770,20,"07","4",1,0,2,2,RISK
8110,8110,30,EMP1041,EMP1049,40554,40554,20,"07","4",1,0,2,2,DELAY
11944,11944,30,EMP1041,EMP1049,59724,59724,20,"07","4",1,0,2,2,DELAY
13726,13726,30,EMP1041,EMP1049,68634,68634,20,"07","4",1,0,2,2,RISK
1255,1255,30,EMP1041,EMP1049,6275,6275,30,"07","4",1,0,0,2,NORMAL
751,751,30,EMP1041,EMP1049,3755,3755,30,"07","4",1,0,0,2,NORMAL
1106,1106,30,EMP1041,EMP1049,5530,5530,30,"07","4",1,0,0,2,NORMAL
1271,1271,30,EMP1041,EMP1049,6355,6355,30,"07","4",1,0,0,2,DELAY
54787,54787,30,EMP1059,EMP1048,273938,273938,20,"08","5",1,0,2,1,DELAY
109812,109812,30,EMP1059,EMP1048,549063,549063,20,"08","5",1,0,2,1,DELAY
65712,65712,30,EMP1059,EMP1048,328563,328563,20,"08","5",1,0,2,1,RISK
96775,96775,30,EMP1059,EMP1048,483875,483875,20,"08","5",1,0,2,1,DELAY
111212,111212,30,EMP1059,EMP1048,556063,556063,20,"08","5",1,0,2,1,DELAY
14432,14432,30,EMP1059,EMP1048,72163,72163,20,"08","5",1,0,2,1,DELAY
8636,8636,30,EMP1059,EMP1048,43183,43183,20,"08","5",1,0,2,1,DELAY
12719,12719,30,EMP1059,EMP1048,63595,63595,20,"08","5",1,0,2,1,DELAY
14616,14616,30,EMP1059,EMP1048,73083,73083,20,"08","5",1,0,2,1,DELAY
13554,13554,30,EMP1059,EMP1048,67770,67770,20,"08","5",1,0,2,1,DELAY
8110,8110,30,EMP1059,EMP1048,40554,40554,20,"08","5",1,0,2,1,DELAY
11944,11944,30,EMP1059,EMP1048,59724,59724,20,"08","5",1,0,2,1,DELAY
13726,13726,30,EMP1059,EMP1048,68634,68634,20,"08","5",1,0,2,1,RISK
1255,1255,30,EMP1059,EMP1048,6275,6275,30,"08","5",1,0,0,1,NORMAL
751,751,30,EMP1059,EMP1048,3755,3755,30,"08","5",1,0,0,1,NORMAL
1106,1106,30,EMP1059,EMP1048,5530,5530,30,"08","5",1,0,0,1,NORMAL
1271,1271,30,EMP1059,EMP1048,6355,6355,30,"08","5",1,0,0,1,DELAY
54787,54787,30,EMP1048,EMP1055,273938,273938,20,"08","6",1,0,2,1,DELAY
109812,109812,30,EMP1048,EMP1055,549063,549063,20,"08","6",1,0,2,1,DELAY
65712,65712,30,EMP1048,EMP1055,328563,328563,20,"08","6",1,0,2,1,DELAY
96775,96775,30,EMP1048,EMP1055,483875,483875,20,"08","6",1,0,2,1,DELAY
111212,111212,30,EMP1048,EMP1055,556063,556063,20,"08","6",1,0,2,1,DELAY
14432,14432,30,EMP1048,EMP1055,72163,72163,20,"08","6",1,0,2,1,DELAY
8636,8636,30,EMP1048,EMP1055,43183,43183,20,"08","6",1,0,2,1,DELAY
12719,12719,30,EMP1048,EMP1055,63595,63595,20,"08","6",1,0,2,1,DELAY
14616,14616,30,EMP1048,EMP1055,73083,73083,20,"08","6",1,0,2,1,DELAY
13554,13554,30,EMP1048,EMP1055,67770,67770,20,"08","6",1,0,2,1,DELAY
8110,8110,30,EMP1048,EMP1055,40554,40554,20,"08","6",1,0,2,1,DELAY
11944,11944,30,EMP1048,EMP1055,59724,59724,20,"08","6",1,0,2,1,DELAY
13726,13726,30,EMP1048,EMP1055,68634,68634,20,"08","6",1,0,2,1,DELAY
1255,1255,30,EMP1048,EMP1055,6275,6275,30,"08","6",1,0,0,1,NORMAL
751,751,30,EMP1048,EMP1055,3755,3755,30,"08","6",1,0,0,1,NORMAL
1106,1106,30,EMP1048,EMP1055,5530,5530,30,"08","6",1,0,0,1,DELAY
1135,1135,30,EMP1006,EMP1049,6810,6810,30,"07","7",1,0,0,2,NORMAL
1148,1148,30,EMP1006,EMP1049,6888,6888,30,"07","7",1,0,0,2,NORMAL
53000,53000,30,EMP1050,EMP1048,318000,318000,20,"07","2",1,0,2,2,RISK
95900,95900,30,EMP1050,EMP1048,575400,575400,20,"07","2",1,0,2,2,DELAY
75337,75337,30,EMP1050,EMP1048,452025,452025,20,"07","2",1,0,2,2,DELAY
99312,99312,30,EMP1050,EMP1048,595875,595875,20,"07","2",1,0,2,2,DELAY
100450,100450,30,EMP1050,EMP1048,602700,602700,20,"07","2",1,0,2,2,DELAY
12604,12604,30,EMP1050,EMP1048,75624,75624,20,"07","2",1,0,2,2,DELAY
9901,9901,30,EMP1050,EMP1048,59409,59409,20,"07","2",1,0,2,2,DELAY
13052,13052,30,EMP1050,EMP1048,78315,78315,20,"07","2",1,0,2,2,DELAY
13202,13202,30,EMP1050,EMP1048,79212,79212,20,"07","2",1,0,2,2,DELAY
11836,11836,30,EMP1050,EMP1048,71021,71021,20,"07","2",1,0,2,2,DELAY
9298,9298,30,EMP1050,EMP1048,55793,55793,20,"07","2",1,0,2,2,DELAY
12258,12258,30,EMP1050,EMP1048,73548,73548,20,"07","2",1,0,2,2,DELAY
12398,12398,30,EMP1050,EMP1048,74391,74391,20,"07","2",1,0,2,2,DELAY
1096,1096,30,EMP1050,EMP1048,6576,6576,30,"07","2",1,0,0,2,DELAY
861,861,30,EMP1050,EMP1048,5166,5166,30,"07","2",1,0,0,2,NORMAL
1135,1135,30,EMP1050,EMP1048,6810,6810,30,"07","2",1,0,0,2,NORMAL
1148,1148,30,EMP1050,EMP1048,6888,6888,30,"07","2",1,0,0,2,RISK
53000,53000,30,EMP1047,EMP1054,318000,318000,20,"07","3",1,0,2,2,DELAY
95900,95900,30,EMP1047,EMP1054,575400,575400,20,"07","3",1,0,2,2,DELAY
75340,75340,30,EMP1047,EMP1054,452025,452025,20,"07","3",1,0,2,2,RISK
99315,99315,30,EMP1047,EMP1054,595875,595875,20,"07","3",1,0,2,2,DELAY
100450,100450,30,EMP1047,EMP1054,602700,602700,20,"07","3",1,0,2,2,RISK
12604,12604,30,EMP1047,EMP1054,75624,75624,20,"07","3",1,0,2,2,DELAY
9904,9904,30,EMP1047,EMP1054,59409,59409,20,"07","3",1,0,2,2,RISK
13055,13055,30,EMP1047,EMP1054,78315,78315,20,"07","3",1,0,2,2,RISK
13202,13202,30,EMP1047,EMP1054,79212,79212,20,"07","3",1,0,2,2,DELAY
11841,11841,30,EMP1047,EMP1054,71021,71021,20,"07","3",1,0,2,2,DELAY
9303,9303,30,EMP1047,EMP1054,55793,55793,20,"07","3",1,0,2,2,RISK
12258,12258,30,EMP1047,EMP1054,73548,73548,20,"07","3",1,0,2,2,DELAY
12401,12401,30,EMP1047,EMP1054,74391,74391,20,"07","3",1,0,2,2,DELAY
1096,1096,30,EMP1047,EMP1054,6576,6576,30,"07","3",1,0,0,2,NORMAL
861,861,30,EMP1047,EMP1054,5166,5166,30,"07","3",1,0,0,2,DELAY
1135,1135,30,EMP1047,EMP1054,6810,6810,30,"07","3",1,0,0,2,NORMAL
1148,1148,30,EMP1047,EMP1054,6888,6888,30,"07","3",1,0,0,2,NORMAL
54787,54787,30,EMP1041,EMP1049,273938,273938,20,"07","4",1,0,2,2,DELAY
109812,109812,30,EMP1041,EMP1049,549063,549063,20,"07","4",1,0,2,2,DELAY
65712,65712,30,EMP1041,EMP1049,328563,328563,20,"07","4",1,0,2,2,DELAY
96775,96775,30,EMP1041,EMP1049,483875,483875,20,"07","4",1,0,2,2,RISK
111212,111212,30,EMP1041,EMP1049,556063,556063,20,"07","4",1,0,2,2,DELAY
14432,14432,30,EMP1041,EMP1049,72163,72163,20,"07","4",1,0,2,2,RISK
8636,8636,30,EMP1041,EMP1049,43183,43183,20,"07","4",1,0,2,2,DELAY
13052,13052,30,EMP1048,EMP1021,78315,78315,20,"07","5",1,0,2,2,DELAY
13202,13202,30,EMP1048,EMP1021,79212,79212,20,"07","5",1,0,2,2,RISK
11836,11836,30,EMP1048,EMP1021,71021,71021,20,"07","5",1,0,2,2,DELAY
9298,9298,30,EMP1048,EMP1021,55793,55793,20,"07","5",1,0,2,2,DELAY
12258,12258,30,EMP1048,EMP1021,73548,73548,20,"07","5",1,0,2,2,RISK
12398,12398,30,EMP1048,EMP1021,74391,74391,20,"07","5",1,0,2,2,DELAY
1096,1096,30,EMP1048,EMP1021,6576,6576,30,"07","5",1,0,0,2,NORMAL
861,861,30,EMP1048,EMP1021,5166,5166,30,"07","5",1,0,0,2,DELAY
1135,1135,30,EMP1048,EMP1021,6810,6810,30,"07","5",1,0,0,2,NORMAL
1148,1148,30,EMP1048,EMP1021,6888,6888,30,"07","5",1,0,0,2,RISK
53000,53000,30,EMP1002,EMP1054,318000,318000,20,"07","6",1,0,2,2,DELAY
95900,95900,30,EMP1002,EMP1054,575400,575400,20,"07","6",1,0,2,2,DELAY
75337,75337,30,EMP1002,EMP1054,452025,452025,20,"07","6",1,0,2,2,DELAY
99312,99312,30,EMP1002,EMP1054,595875,595875,20,"07","6",1,0,2,2,DELAY
100450,100450,30,EMP1002,EMP1054,602700,602700,20,"07","6",1,0,2,2,DELAY
12604,12604,30,EMP1002,EMP1054,75624,75624,20,"07","6",1,0,2,2,RISK
9901,9901,30,EMP1002,EMP1054,59409,59409,20,"07","6",1,0,2,2,RISK
13052,13052,30,EMP1002,EMP1054,78315,78315,20,"07","6",1,0,2,2,RISK
13202,13202,30,EMP1002,EMP1054,79212,79212,20,"07","6",1,0,2,2,DELAY
11836,11836,30,EMP1002,EMP1054,71021,71021,20,"07","6",1,0,2,2,RISK
9298,9298,30,EMP1002,EMP1054,55793,55793,20,"07","6",1,0,2,2,RISK
12258,12258,30,EMP1002,EMP1054,73548,73548,20,"07","6",1,0,2,2,DELAY
12398,12398,30,EMP1002,EMP1054,74391,74391,20,"07","6",1,0,2,2,RISK
1096,1096,30,EMP1002,EMP1054,6576,6576,30,"07","6",1,0,0,2,RISK
861,861,30,EMP1002,EMP1054,5166,5166,30,"07","6",1,0,0,2,DELAY
1135,1135,30,EMP1002,EMP1054,6810,6810,30,"07","6",1,0,0,2,DELAY
1148,1148,30,EMP1002,EMP1054,6888,6888,30,"07","6",1,0,0,2,NORMAL
53000,53000,30,EMP1006,EMP1049,318000,318000,20,"07","7",1,0,2,2,RISK
95900,95900,30,EMP1006,EMP1049,575400,575400,20,"07","7",1,0,2,2,DELAY
75337,75337,30,EMP1006,EMP1049,452025,452025,20,"07","7",1,0,2,2,DELAY
99312,99312,30,EMP1006,EMP1049,595875,595875,20,"07","7",1,0,2,2,DELAY
100450,100450,30,EMP1006,EMP1049,602700,602700,20,"07","7",1,0,2,2,DELAY
12604,12604,30,EMP1006,EMP1049,75624,75624,20,"07","7",1,0,2,2,RISK
9901,9901,30,EMP1006,EMP1049,59409,59409,20,"07","7",1,0,2,2,DELAY
13052,13052,30,EMP1006,EMP1049,78315,78315,20,"07","7",1,0,2,2,DELAY
13202,13202,30,EMP1006,EMP1049,79212,79212,20,"07","7",1,0,2,2,DELAY
11836,11836,30,EMP1006,EMP1049,71021,71021,20,"07","7",1,0,2,2,DELAY
9298,9298,30,EMP1006,EMP1049,55793,55793,20,"07","7",1,0,2,2,RISK
12258,12258,30,EMP1006,EMP1049,73548,73548,20,"07","7",1,0,2,2,RISK
12398,12398,30,EMP1006,EMP1049,74391,74391,20,"07","7",1,0,2,2,RISK
1096,1096,30,EMP1006,EMP1049,6576,6576,30,"07","7",1,0,0,2,NORMAL
861,861,30,EMP1006,EMP1049,5166,5166,30,"07","7",1,0,0,2,NORMAL
1247,1247,30,EMP1054,EMP1046,7482,7482,30,"07","2",1,0,0,2,NORMAL
46165,46165,30,EMP1049,EMP1051,276975,276975,20,"07","3",1,0,2,2,DELAY
65800,65800,30,EMP1049,EMP1051,394800,394800,20,"07","3",1,0,2,2,RISK
82250,82250,30,EMP1049,EMP1051,493500,493500,20,"07","3",1,0,2,2,DELAY
65975,65975,30,EMP1049,EMP1051,395850,395850,20,"07","3",1,0,2,2,DELAY
109115,109115,30,EMP1049,EMP1051,654675,654675,20,"07","3",1,0,2,2,RISK
8648,8648,30,EMP1049,EMP1051,51888,51888,20,"07","3",1,0,2,2,RISK
10810,10810,30,EMP1049,EMP1051,64860,64860,20,"07","3",1,0,2,2,DELAY
8671,8671,30,EMP1049,EMP1051,52026,52026,20,"07","3",1,0,2,2,DELAY
14343,14343,30,EMP1049,EMP1051,86043,86043,20,"07","3",1,0,2,2,DELAY
8125,8125,30,EMP1049,EMP1051,48730,48730,20,"07","3",1,0,2,2,DELAY
10152,10152,30,EMP1049,EMP1051,60912,60912,20,"07","3",1,0,2,2,DELAY
8145,8145,30,EMP1049,EMP1051,48860,48860,20,"07","3",1,0,2,2,DELAY
13471,13471,30,EMP1049,EMP1051,80806,80806,20,"07","3",1,0,2,2,DELAY
752,752,30,EMP1049,EMP1051,4512,4512,30,"07","3",1,0,0,2,NORMAL
940,940,30,EMP1049,EMP1051,5640,5640,30,"07","3",1,0,0,2,NORMAL
754,754,30,EMP1049,EMP1051,4524,4524,30,"07","3",1,0,0,2,DELAY
1247,1247,30,EMP1049,EMP1051,7482,7482,30,"07","3",1,0,0,2,RISK
53000,53000,30,EMP1046,EMP1059,318000,318000,20,"07","4",1,0,2,2,DELAY
95900,95900,30,EMP1046,EMP1059,575400,575400,20,"07","4",1,0,2,2,DELAY
75337,75337,30,EMP1046,EMP1059,452025,452025,20,"07","4",1,0,2,2,DELAY
99312,99312,30,EMP1046,EMP1059,595875,595875,20,"07","4",1,0,2,2,DELAY
100450,100450,30,EMP1046,EMP1059,602700,602700,20,"07","4",1,0,2,2,RISK
12604,12604,30,EMP1046,EMP1059,75624,75624,20,"07","4",1,0,2,2,DELAY
9901,9901,30,EMP1046,EMP1059,59409,59409,20,"07","4",1,0,2,2,RISK
13052,13052,30,EMP1046,EMP1059,78315,78315,20,"07","4",1,0,2,2,RISK
13202,13202,30,EMP1046,EMP1059,79212,79212,20,"07","4",1,0,2,2,RISK
11836,11836,30,EMP1046,EMP1059,71021,71021,20,"07","4",1,0,2,2,RISK
9298,9298,30,EMP1046,EMP1059,55793,55793,20,"07","4",1,0,2,2,RISK
12258,12258,30,EMP1046,EMP1059,73548,73548,20,"07","4",1,0,2,2,DELAY
12398,12398,30,EMP1046,EMP1059,74391,74391,20,"07","4",1,0,2,2,RISK
1096,1096,30,EMP1046,EMP1059,6576,6576,30,"07","4",1,0,0,2,NORMAL
861,861,30,EMP1046,EMP1059,5166,5166,30,"07","4",1,0,0,2,NORMAL
1135,1135,30,EMP1046,EMP1059,6810,6810,30,"07","4",1,0,0,2,DELAY
1148,1148,30,EMP1046,EMP1059,6888,6888,30,"07","4",1,0,0,2,NORMAL
53000,53000,30,EMP1048,EMP1021,318000,318000,20,"07","5",1,0,2,2,RISK
95900,95900,30,EMP1048,EMP1021,575400,575400,20,"07","5",1,0,2,2,DELAY
75337,75337,30,EMP1048,EMP1021,452025,452025,20,"07","5",1,0,2,2,DELAY
99312,99312,30,EMP1048,EMP1021,595875,595875,20,"07","5",1,0,2,2,DELAY
100450,100450,30,EMP1048,EMP1021,602700,602700,20,"07","5",1,0,2,2,DELAY
12604,12604,30,EMP1048,EMP1021,75624,75624,20,"07","5",1,0,2,2,DELAY
9901,9901,30,EMP1048,EMP1021,59409,59409,20,"07","5",1,0,2,2,DELAY
8671,8671,30,EMP1043,EMP1006,52026,52026,20,"07","6",1,0,2,2,RISK
14340,14340,30,EMP1043,EMP1006,86043,86043,20,"07","6",1,0,2,2,DELAY
8121,8121,30,EMP1043,EMP1006,48730,48730,20,"07","6",1,0,2,2,RISK
10152,10152,30,EMP1043,EMP1006,60912,60912,20,"07","6",1,0,2,2,DELAY
8143,8143,30,EMP1043,EMP1006,48860,48860,20,"07","6",1,0,2,2,DELAY
13467,13467,30,EMP1043,EMP1006,80806,80806,20,"07","6",1,0,2,2,RISK
752,752,30,EMP1043,EMP1006,4512,4512,30,"07","6",1,0,0,2,NORMAL
940,940,30,EMP1043,EMP1006,5640,5640,30,"07","6",1,0,0,2,NORMAL
754,754,30,EMP1043,EMP1006,4524,4524,30,"07","6",1,0,0,2,NORMAL
1247,1247,30,EMP1043,EMP1006,7482,7482,30,"07","6",1,0,0,2,NORMAL
46162,46162,30,EMP1042,EMP1054,276975,276975,20,"07","7",1,0,2,2,DELAY
65800,65800,30,EMP1042,EMP1054,394800,394800,20,"07","7",1,0,2,2,DELAY
82250,82250,30,EMP1042,EMP1054,493500,493500,20,"07","7",1,0,2,2,RISK
65975,65975,30,EMP1042,EMP1054,395850,395850,20,"07","7",1,0,2,2,DELAY
109112,109112,30,EMP1042,EMP1054,654675,654675,20,"07","7",1,0,2,2,DELAY
8648,8648,30,EMP1042,EMP1054,51888,51888,20,"07","7",1,0,2,2,DELAY
10810,10810,30,EMP1042,EMP1054,64860,64860,20,"07","7",1,0,2,2,DELAY
8671,8671,30,EMP1042,EMP1054,52026,52026,20,"07","7",1,0,2,2,DELAY
14340,14340,30,EMP1042,EMP1054,86043,86043,20,"07","7",1,0,2,2,DELAY
8121,8121,30,EMP1042,EMP1054,48730,48730,20,"07","7",1,0,2,2,DELAY
10152,10152,30,EMP1042,EMP1054,60912,60912,20,"07","7",1,0,2,2,DELAY
8143,8143,30,EMP1042,EMP1054,48860,48860,20,"07","7",1,0,2,2,DELAY
13467,13467,30,EMP1042,EMP1054,80806,80806,20,"07","7",1,0,2,2,DELAY
752,752,30,EMP1042,EMP1054,4512,4512,30,"07","7",1,0,0,2,NORMAL
940,940,30,EMP1042,EMP1054,5640,5640,30,"07","7",1,0,0,2,NORMAL
754,754,30,EMP1042,EMP1054,4524,4524,30,"07","7",1,0,0,2,NORMAL
1247,1247,30,EMP1042,EMP1054,7482,7482,30,"07","7",1,0,0,2,NORMAL
46162,46162,30,EMP1054,EMP1046,276975,276975,20,"07","2",1,0,2,2,RISK
65800,65800,30,EMP1054,EMP1046,394800,394800,20,"07","2",1,0,2,2,DELAY
82250,82250,30,EMP1054,EMP1046,493500,493500,20,"07","2",1,0,2,2,RISK
65975,65975,30,EMP1054,EMP1046,395850,395850,20,"07","2",1,0,2,2,DELAY
109112,109112,30,EMP1054,EMP1046,654675,654675,20,"07","2",1,0,2,2,DELAY
8648,8648,30,EMP1054,EMP1046,51888,51888,20,"07","2",1,0,2,2,DELAY
10810,10810,30,EMP1054,EMP1046,64860,64860,20,"07","2",1,0,2,2,DELAY
8671,8671,30,EMP1054,EMP1046,52026,52026,20,"07","2",1,0,2,2,DELAY
14340,14340,30,EMP1054,EMP1046,86043,86043,20,"07","2",1,0,2,2,RISK
8121,8121,30,EMP1054,EMP1046,48730,48730,20,"07","2",1,0,2,2,DELAY
10152,10152,30,EMP1054,EMP1046,60912,60912,20,"07","2",1,0,2,2,RISK
8143,8143,30,EMP1054,EMP1046,48860,48860,20,"07","2",1,0,2,2,DELAY
13467,13467,30,EMP1054,EMP1046,80806,80806,20,"07","2",1,0,2,2,RISK
752,752,30,EMP1054,EMP1046,4512,4512,30,"07","2",1,0,0,2,RISK
940,940,30,EMP1054,EMP1046,5640,5640,30,"07","2",1,0,0,2,NORMAL
754,754,30,EMP1054,EMP1046,4524,4524,30,"07","2",1,0,0,2,RISK
876,876,30,EMP1045,EMP1006,4380,4380,30,"07","3",1,0,0,2,NORMAL
982,982,30,EMP1045,EMP1006,4910,4910,30,"07","3",1,0,0,2,NORMAL
46162,46162,30,EMP1003,EMP1004,276975,276975,20,"07","4",1,0,2,2,RISK
65800,65800,30,EMP1003,EMP1004,394800,394800,20,"07","4",1,0,2,2,DELAY
82250,82250,30,EMP1003,EMP1004,493500,493500,20,"07","4",1,0,2,2,DELAY
65975,65975,30,EMP1003,EMP1004,395850,395850,20,"07","4",1,0,2,2,DELAY
109112,109112,30,EMP1003,EMP1004,654675,654675,20,"07","4",1,0,2,2,DELAY
8648,8648,30,EMP1003,EMP1004,51888,51888,20,"07","4",1,0,2,2,RISK
10810,10810,30,EMP1003,EMP1004,64860,64860,20,"07","4",1,0,2,2,RISK
8671,8671,30,EMP1003,EMP1004,52026,52026,20,"07","4",1,0,2,2,DELAY
14340,14340,30,EMP1003,EMP1004,86043,86043,20,"07","4",1,0,2,2,DELAY
8121,8121,30,EMP1003,EMP1004,48730,48730,20,"07","4",1,0,2,2,RISK
10152,10152,30,EMP1003,EMP1004,60912,60912,20,"07","4",1,0,2,2,RISK
8143,8143,30,EMP1003,EMP1004,48860,48860,20,"07","4",1,0,2,2,RISK
13467,13467,30,EMP1003,EMP1004,80806,80806,20,"07","4",1,0,2,2,DELAY
752,752,30,EMP1003,EMP1004,4512,4512,30,"07","4",1,0,0,2,NORMAL
940,940,30,EMP1003,EMP1004,5640,5640,30,"07","4",1,0,0,2,NORMAL
754,754,30,EMP1003,EMP1004,4524,4524,30,"07","4",1,0,0,2,DELAY
1247,1247,30,EMP1003,EMP1004,7482,7482,30,"07","4",1,0,0,2,NORMAL
46162,46162,30,EMP1005,EMP1043,276975,276975,20,"07","5",1,0,2,2,RISK
65800,65800,30,EMP1005,EMP1043,394800,394800,20,"07","5",1,0,2,2,RISK
82250,82250,30,EMP1005,EMP1043,493500,493500,20,"07","5",1,0,2,2,RISK
65975,65975,30,EMP1005,EMP1043,395850,395850,20,"07","5",1,0,2,2,DELAY
109112,109112,30,EMP1005,EMP1043,654675,654675,20,"07","5",1,0,2,2,DELAY
8648,8648,30,EMP1005,EMP1043,51888,51888,20,"07","5",1,0,2,2,DELAY
10810,10810,30,EMP1005,EMP1043,64860,64860,20,"07","5",1,0,2,2,DELAY
8671,8671,30,EMP1005,EMP1043,52026,52026,20,"07","5",1,0,2,2,RISK
14340,14340,30,EMP1005,EMP1043,86043,86043,20,"07","5",1,0,2,2,DELAY
8121,8121,30,EMP1005,EMP1043,48730,48730,20,"07","5",1,0,2,2,DELAY
10152,10152,30,EMP1005,EMP1043,60912,60912,20,"07","5",1,0,2,2,DELAY
8143,8143,30,EMP1005,EMP1043,48860,48860,20,"07","5",1,0,2,2,RISK
13467,13467,30,EMP1005,EMP1043,80806,80806,20,"07","5",1,0,2,2,DELAY
752,752,30,EMP1005,EMP1043,4512,4512,30,"07","5",1,0,0,2,NORMAL
940,940,30,EMP1005,EMP1043,5640,5640,30,"07","5",1,0,0,2,RISK
754,754,30,EMP1005,EMP1043,4524,4524,30,"07","5",1,0,0,2,NORMAL
1247,1247,30,EMP1005,EMP1043,7482,7482,30,"07","5",1,0,0,2,NORMAL
46162,46162,30,EMP1043,EMP1006,276975,276975,20,"07","6",1,0,2,2,RISK
65800,65800,30,EMP1043,EMP1006,394800,394800,20,"07","6",1,0,2,2,DELAY
82250,82250,30,EMP1043,EMP1006,493500,493500,20,"07","6",1,0,2,2,DELAY
65975,65975,30,EMP1043,EMP1006,395850,395850,20,"07","6",1,0,2,2,DELAY
109112,109112,30,EMP1043,EMP1006,654675,654675,20,"07","6",1,0,2,2,DELAY
8648,8648,30,EMP1043,EMP1006,51888,51888,20,"07","6",1,0,2,2,DELAY
10810,10810,30,EMP1043,EMP1006,64860,64860,20,"07","6",1,0,2,2,DELAY
12707,12707,30,EMP1050,EMP1044,63538,63538,20,"07","6",1,0,2,2,DELAY
10074,10074,30,EMP1050,EMP1044,50370,50370,20,"07","6",1,0,2,2,DELAY
11293,11293,30,EMP1050,EMP1044,56465,56465,20,"07","6",1,0,2,2,DELAY
11620,11620,30,EMP1050,EMP1044,58104,58104,20,"07","6",1,0,2,2,DELAY
11934,11934,30,EMP1050,EMP1044,59670,59670,20,"07","6",1,0,2,2,DELAY
9460,9460,30,EMP1050,EMP1044,47304,47304,20,"07","6",1,0,2,2,DELAY
10605,10605,30,EMP1050,EMP1044,53028,53028,20,"07","6",1,0,2,2,DELAY
1076,1076,30,EMP1050,EMP1044,5380,5380,30,"07","6",1,0,0,2,NORMAL
1105,1105,30,EMP1050,EMP1044,5525,5525,30,"07","6",1,0,0,2,RISK
876,876,30,EMP1050,EMP1044,4380,4380,30,"07","6",1,0,0,2,DELAY
982,982,30,EMP1050,EMP1044,4910,4910,30,"07","6",1,0,0,2,NORMAL
50487,50487,30,EMP1051,EMP1044,252438,252438,20,"07","2",1,0,2,2,DELAY
94150,94150,30,EMP1051,EMP1044,470750,470750,20,"07","2",1,0,2,2,DELAY
96687,96687,30,EMP1051,EMP1044,483438,483438,20,"07","2",1,0,2,2,DELAY
76650,76650,30,EMP1051,EMP1044,383250,383250,20,"07","2",1,0,2,2,DELAY
85925,85925,30,EMP1051,EMP1044,429625,429625,20,"07","2",1,0,2,2,DELAY
12374,12374,30,EMP1051,EMP1044,61870,61870,20,"07","2",1,0,2,2,RISK
12707,12707,30,EMP1051,EMP1044,63538,63538,20,"07","2",1,0,2,2,DELAY
10074,10074,30,EMP1051,EMP1044,50370,50370,20,"07","2",1,0,2,2,DELAY
11293,11293,30,EMP1051,EMP1044,56465,56465,20,"07","2",1,0,2,2,RISK
11620,11620,30,EMP1051,EMP1044,58104,58104,20,"07","2",1,0,2,2,DELAY
11934,11934,30,EMP1051,EMP1044,59670,59670,20,"07","2",1,0,2,2,DELAY
9460,9460,30,EMP1051,EMP1044,47304,47304,20,"07","2",1,0,2,2,RISK
10605,10605,30,EMP1051,EMP1044,53028,53028,20,"07","2",1,0,2,2,DELAY
1076,1076,30,EMP1051,EMP1044,5380,5380,30,"07","2",1,0,0,2,NORMAL
1105,1105,30,EMP1051,EMP1044,5525,5525,30,"07","2",1,0,0,2,NORMAL
876,876,30,EMP1051,EMP1044,4380,4380,30,"07","2",1,0,0,2,NORMAL
982,982,30,EMP1051,EMP1044,4910,4910,30,"07","2",1,0,0,2,NORMAL
50490,50490,30,EMP1045,EMP1006,252438,252438,20,"07","3",1,0,2,2,DELAY
94150,94150,30,EMP1045,EMP1006,470750,470750,20,"07","3",1,0,2,2,DELAY
96690,96690,30,EMP1045,EMP1006,483438,483438,20,"07","3",1,0,2,2,DELAY
76650,76650,30,EMP1045,EMP1006,383250,383250,20,"07","3",1,0,2,2,RISK
85925,85925,30,EMP1045,EMP1006,429625,429625,20,"07","3",1,0,2,2,RISK
12374,12374,30,EMP1045,EMP1006,61870,61870,20,"07","3",1,0,2,2,DELAY
12710,12710,30,EMP1045,EMP1006,63538,63538,20,"07","3",1,0,2,2,RISK
10074,10074,30,EMP1045,EMP1006,50370,50370,20,"07","3",1,0,2,2,RISK
11293,11293,30,EMP1045,EMP1006,56465,56465,20,"07","3",1,0,2,2,DELAY
11624,11624,30,EMP1045,EMP1006,58104,58104,20,"07","3",1,0,2,2,DELAY
11934,11934,30,EMP1045,EMP1006,59670,59670,20,"07","3",1,0,2,2,DELAY
9464,9464,30,EMP1045,EMP1006,47304,47304,20,"07","3",1,0,2,2,DELAY
10608,10608,30,EMP1045,EMP1006,53028,53028,20,"07","3",1,0,2,2,RISK
1076,1076,30,EMP1045,EMP1006,5380,5380,30,"07","3",1,0,0,2,NORMAL
1105,1105,30,EMP1045,EMP1006,5525,5525,30,"07","3",1,0,0,2,NORMAL
844,844,30,EMP1059,EMP1050,4220,4220,30,"07","3",1,0,0,2,NORMAL
1059,1059,30,EMP1059,EMP1050,5295,5295,30,"07","3",1,0,0,2,DELAY
50487,50487,30,EMP1045,EMP1051,252438,252438,20,"07","4",1,0,2,2,DELAY
94150,94150,30,EMP1045,EMP1051,470750,470750,20,"07","4",1,0,2,2,DELAY
96687,96687,30,EMP1045,EMP1051,483438,483438,20,"07","4",1,0,2,2,RISK
76650,76650,30,EMP1045,EMP1051,383250,383250,20,"07","4",1,0,2,2,DELAY
85925,85925,30,EMP1045,EMP1051,429625,429625,20,"07","4",1,0,2,2,RISK
12374,12374,30,EMP1045,EMP1051,61870,61870,20,"07","4",1,0,2,2,DELAY
12707,12707,30,EMP1045,EMP1051,63538,63538,20,"07","4",1,0,2,2,DELAY
10074,10074,30,EMP1045,EMP1051,50370,50370,20,"07","4",1,0,2,2,DELAY
11293,11293,30,EMP1045,EMP1051,56465,56465,20,"07","4",1,0,2,2,RISK
11620,11620,30,EMP1045,EMP1051,58104,58104,20,"07","4",1,0,2,2,RISK
11934,11934,30,EMP1045,EMP1051,59670,59670,20,"07","4",1,0,2,2,DELAY
9460,9460,30,EMP1045,EMP1051,47304,47304,20,"07","4",1,0,2,2,RISK
10605,10605,30,EMP1045,EMP1051,53028,53028,20,"07","4",1,0,2,2,DELAY
1076,1076,30,EMP1045,EMP1051,5380,5380,30,"07","4",1,0,0,2,NORMAL
1105,1105,30,EMP1045,EMP1051,5525,5525,30,"07","4",1,0,0,2,NORMAL
876,876,30,EMP1045,EMP1051,4380,4380,30,"07","4",1,0,0,2,RISK
982,982,30,EMP1045,EMP1051,4910,4910,30,"07","4",1,0,0,2,NORMAL
50487,50487,30,EMP1046,EMP1021,252438,252438,20,"07","5",1,0,2,2,DELAY
94150,94150,30,EMP1046,EMP1021,470750,470750,20,"07","5",1,0,2,2,DELAY
96687,96687,30,EMP1046,EMP1021,483438,483438,20,"07","5",1,0,2,2,RISK
76650,76650,30,EMP1046,EMP1021,383250,383250,20,"07","5",1,0,2,2,RISK
85925,85925,30,EMP1046,EMP1021,429625,429625,20,"07","5",1,0,2,2,RISK
12374,12374,30,EMP1046,EMP1021,61870,61870,20,"07","5",1,0,2,2,DELAY
12707,12707,30,EMP1046,EMP1021,63538,63538,20,"07","5",1,0,2,2,DELAY
10074,10074,30,EMP1046,EMP1021,50370,50370,20,"07","5",1,0,2,2,RISK
11293,11293,30,EMP1046,EMP1021,56465,56465,20,"07","5",1,0,2,2,DELAY
11620,11620,30,EMP1046,EMP1021,58104,58104,20,"07","5",1,0,2,2,DELAY
11934,11934,30,EMP1046,EMP1021,59670,59670,20,"07","5",1,0,2,2,DELAY
9460,9460,30,EMP1046,EMP1021,47304,47304,20,"07","5",1,0,2,2,DELAY
10605,10605,30,EMP1046,EMP1021,53028,53028,20,"07","5",1,0,2,2,DELAY
1076,1076,30,EMP1046,EMP1021,5380,5380,30,"07","5",1,0,0,2,DELAY
1105,1105,30,EMP1046,EMP1021,5525,5525,30,"07","5",1,0,0,2,NORMAL
876,876,30,EMP1046,EMP1021,4380,4380,30,"07","5",1,0,0,2,RISK
982,982,30,EMP1046,EMP1021,4910,4910,30,"07","5",1,0,0,2,NORMAL
50487,50487,30,EMP1050,EMP1044,252438,252438,20,"07","6",1,0,2,2,DELAY
94150,94150,30,EMP1050,EMP1044,470750,470750,20,"07","6",1,0,2,2,RISK
96687,96687,30,EMP1050,EMP1044,483438,483438,20,"07","6",1,0,2,2,DELAY
76650,76650,30,EMP1050,EMP1044,383250,383250,20,"07","6",1,0,2,2,DELAY
85925,85925,30,EMP1050,EMP1044,429625,429625,20,"07","6",1,0,2,2,RISK
12374,12374,30,EMP1050,EMP1044,61870,61870,20,"07","6",1,0,2,2,RISK
9706,9706,30,EMP1044,EMP1021,48530,48530,20,"07","6",1,0,2,2,DELAY
12178,12178,30,EMP1044,EMP1021,60893,60893,20,"07","6",1,0,2,2,DELAY
8229,8229,30,EMP1044,EMP1021,41148,41148,20,"07","6",1,0,2,2,DELAY
12798,12798,30,EMP1044,EMP1021,63990,63990,20,"07","6",1,0,2,2,DELAY
9115,9115,30,EMP1044,EMP1021,45576,45576,20,"07","6",1,0,2,2,DELAY
11437,11437,30,EMP1044,EMP1021,57186,57186,20,"07","6",1,0,2,2,DELAY
762,762,30,EMP1044,EMP1021,3810,3810,30,"07","6",1,0,0,2,NORMAL
1185,1185,30,EMP1044,EMP1021,5925,5925,30,"07","6",1,0,0,2,NORMAL
844,844,30,EMP1044,EMP1021,4220,4220,30,"07","6",1,0,0,2,NORMAL
1059,1059,30,EMP1044,EMP1021,5295,5295,30,"07","6",1,0,0,2,DELAY
48125,48125,30,EMP1001,EMP1054,240625,240625,20,"07","2",1,0,2,2,DELAY
66675,66675,30,EMP1001,EMP1054,333375,333375,20,"07","2",1,0,2,2,RISK
103687,103687,30,EMP1001,EMP1054,518438,518438,20,"07","2",1,0,2,2,RISK
73850,73850,30,EMP1001,EMP1054,369250,369250,20,"07","2",1,0,2,2,RISK
92662,92662,30,EMP1001,EMP1054,463313,463313,20,"07","2",1,0,2,2,RISK
8763,8763,30,EMP1001,EMP1054,43815,43815,20,"07","2",1,0,2,2,RISK
13627,13627,30,EMP1001,EMP1054,68138,68138,20,"07","2",1,0,2,2,DELAY
9706,9706,30,EMP1001,EMP1054,48530,48530,20,"07","2",1,0,2,2,RISK
12178,12178,30,EMP1001,EMP1054,60893,60893,20,"07","2",1,0,2,2,RISK
8229,8229,30,EMP1001,EMP1054,41148,41148,20,"07","2",1,0,2,2,DELAY
12798,12798,30,EMP1001,EMP1054,63990,63990,20,"07","2",1,0,2,2,DELAY
9115,9115,30,EMP1001,EMP1054,45576,45576,20,"07","2",1,0,2,2,DELAY
11437,11437,30,EMP1001,EMP1054,57186,57186,20,"07","2",1,0,2,2,RISK
762,762,30,EMP1001,EMP1054,3810,3810,30,"07","2",1,0,0,2,NORMAL
1185,1185,30,EMP1001,EMP1054,5925,5925,30,"07","2",1,0,0,2,DELAY
844,844,30,EMP1001,EMP1054,4220,4220,30,"07","2",1,0,0,2,RISK
1059,1059,30,EMP1001,EMP1054,5295,5295,30,"07","2",1,0,0,2,DELAY
48125,48125,30,EMP1059,EMP1050,240625,240625,20,"07","3",1,0,2,2,RISK
66675,66675,30,EMP1059,EMP1050,333375,333375,20,"07","3",1,0,2,2,RISK
103690,103690,30,EMP1059,EMP1050,518438,518438,20,"07","3",1,0,2,2,DELAY
73850,73850,30,EMP1059,EMP1050,369250,369250,20,"07","3",1,0,2,2,DELAY
92665,92665,30,EMP1059,EMP1050,463313,463313,20,"07","3",1,0,2,2,RISK
8763,8763,30,EMP1059,EMP1050,43815,43815,20,"07","3",1,0,2,2,DELAY
13630,13630,30,EMP1059,EMP1050,68138,68138,20,"07","3",1,0,2,2,RISK
9706,9706,30,EMP1059,EMP1050,48530,48530,20,"07","3",1,0,2,2,RISK
12181,12181,30,EMP1059,EMP1050,60893,60893,20,"07","3",1,0,2,2,DELAY
8232,8232,30,EMP1059,EMP1050,41148,41148,20,"07","3",1,0,2,2,DELAY
12798,12798,30,EMP1059,EMP1050,63990,63990,20,"07","3",1,0,2,2,DELAY
9116,9116,30,EMP1059,EMP1050,45576,45576,20,"07","3",1,0,2,2,DELAY
11438,11438,30,EMP1059,EMP1050,57186,57186,20,"07","3",1,0,2,2,RISK
762,762,30,EMP1059,EMP1050,3810,3810,30,"07","3",1,0,0,2,NORMAL
1185,1185,30,EMP1059,EMP1050,5925,5925,30,"07","3",1,0,0,2,DELAY
807,807,30,EMP1059,EMP1055,4842,4842,30,"07","3",1,0,0,2,NORMAL
853,853,30,EMP1059,EMP1055,5118,5118,30,"07","3",1,0,0,2,NORMAL
48125,48125,30,EMP1044,EMP1001,240625,240625,20,"07","4",1,0,2,2,DELAY
66675,66675,30,EMP1044,EMP1001,333375,333375,20,"07","4",1,0,2,2,RISK
103687,103687,30,EMP1044,EMP1001,518438,518438,20,"07","4",1,0,2,2,RISK
73850,73850,30,EMP1044,EMP1001,369250,369250,20,"07","4",1,0,2,2,RISK
92662,92662,30,EMP1044,EMP1001,463313,463313,20,"07","4",1,0,2,2,RISK
8763,8763,30,EMP1044,EMP1001,43815,43815,20,"07","4",1,0,2,2,RISK
13627,13627,30,EMP1044,EMP1001,68138,68138,20,"07","4",1,0,2,2,DELAY
9706,9706,30,EMP1044,EMP1001,48530,48530,20,"07","4",1,0,2,2,DELAY
12178,12178,30,EMP1044,EMP1001,60893,60893,20,"07","4",1,0,2,2,DELAY
8229,8229,30,EMP1044,EMP1001,41148,41148,20,"07","4",1,0,2,2,DELAY
12798,12798,30,EMP1044,EMP1001,63990,63990,20,"07","4",1,0,2,2,RISK
9115,9115,30,EMP1044,EMP1001,45576,45576,20,"07","4",1,0,2,2,DELAY
11437,11437,30,EMP1044,EMP1001,57186,57186,20,"07","4",1,0,2,2,DELAY
762,762,30,EMP1044,EMP1001,3810,3810,30,"07","4",1,0,0,2,NORMAL
1185,1185,30,EMP1044,EMP1001,5925,5925,30,"07","4",1,0,0,2,NORMAL
844,844,30,EMP1044,EMP1001,4220,4220,30,"07","4",1,0,0,2,NORMAL
1059,1059,30,EMP1044,EMP1001,5295,5295,30,"07","4",1,0,0,2,DELAY
48125,48125,30,EMP1057,EMP1003,240625,240625,20,"07","5",1,0,2,2,RISK
66675,66675,30,EMP1057,EMP1003,333375,333375,20,"07","5",1,0,2,2,DELAY
103687,103687,30,EMP1057,EMP1003,518438,518438,20,"07","5",1,0,2,2,DELAY
73850,73850,30,EMP1057,EMP1003,369250,369250,20,"07","5",1,0,2,2,RISK
92662,92662,30,EMP1057,EMP1003,463313,463313,20,"07","5",1,0,2,2,DELAY
8763,8763,30,EMP1057,EMP1003,43815,43815,20,"07","5",1,0,2,2,DELAY
13627,13627,30,EMP1057,EMP1003,68138,68138,20,"07","5",1,0,2,2,DELAY
9706,9706,30,EMP1057,EMP1003,48530,48530,20,"07","5",1,0,2,2,DELAY
12178,12178,30,EMP1057,EMP1003,60893,60893,20,"07","5",1,0,2,2,DELAY
8229,8229,30,EMP1057,EMP1003,41148,41148,20,"07","5",1,0,2,2,DELAY
12798,12798,30,EMP1057,EMP1003,63990,63990,20,"07","5",1,0,2,2,RISK
9115,9115,30,EMP1057,EMP1003,45576,45576,20,"07","5",1,0,2,2,RISK
11437,11437,30,EMP1057,EMP1003,57186,57186,20,"07","5",1,0,2,2,DELAY
762,762,30,EMP1057,EMP1003,3810,3810,30,"07","5",1,0,0,2,NORMAL
1185,1185,30,EMP1057,EMP1003,5925,5925,30,"07","5",1,0,0,2,DELAY
844,844,30,EMP1057,EMP1003,4220,4220,30,"07","5",1,0,0,2,NORMAL
1059,1059,30,EMP1057,EMP1003,5295,5295,30,"07","5",1,0,0,2,NORMAL
48125,48125,30,EMP1044,EMP1021,240625,240625,20,"07","6",1,0,2,2,DELAY
66675,66675,30,EMP1044,EMP1021,333375,333375,20,"07","6",1,0,2,2,RISK
103687,103687,30,EMP1044,EMP1021,518438,518438,20,"07","6",1,0,2,2,RISK
73850,73850,30,EMP1044,EMP1021,369250,369250,20,"07","6",1,0,2,2,RISK
92662,92662,30,EMP1044,EMP1021,463313,463313,20,"07","6",1,0,2,2,DELAY
8763,8763,30,EMP1044,EMP1021,43815,43815,20,"07","6",1,0,2,2,DELAY
13627,13627,30,EMP1044,EMP1021,68138,68138,20,"07","6",1,0,2,2,DELAY
10764,10764,30,EMP1047,EMP1004,64584,64584,20,"06","7",1,0,2,1,DELAY
9280,9280,30,EMP1047,EMP1004,55683,55683,20,"06","7",1,0,2,1,DELAY
9809,9809,30,EMP1047,EMP1004,58857,58857,20,"06","7",1,0,2,1,DELAY
8758,8758,30,EMP1047,EMP1004,52553,52553,20,"06","7",1,0,2,1,DELAY
10108,10108,30,EMP1047,EMP1004,60653,60653,20,"06","7",1,0,2,1,DELAY
8715,8715,30,EMP1047,EMP1004,52294,52294,20,"06","7",1,0,2,1,DELAY
9212,9212,30,EMP1047,EMP1004,55275,55275,20,"06","7",1,0,2,1,DELAY
811,811,30,EMP1047,EMP1004,4866,4866,30,"06","7",1,0,0,1,NORMAL
936,936,30,EMP1047,EMP1004,5616,5616,30,"06","7",1,0,0,1,NORMAL
807,807,30,EMP1047,EMP1004,4842,4842,30,"06","7",1,0,0,1,NORMAL
853,853,30,EMP1047,EMP1004,5118,5118,30,"06","7",1,0,0,1,NORMAL
42587,42587,30,EMP1053,EMP1056,255525,255525,20,"07","2",1,0,2,2,DELAY
70962,70962,30,EMP1053,EMP1056,425775,425775,20,"07","2",1,0,2,2,DELAY
81900,81900,30,EMP1053,EMP1056,491400,491400,20,"07","2",1,0,2,2,DELAY
70612,70612,30,EMP1053,EMP1056,423675,423675,20,"07","2",1,0,2,2,DELAY
74637,74637,30,EMP1053,EMP1056,447825,447825,20,"07","2",1,0,2,2,DELAY
9326,9326,30,EMP1053,EMP1056,55959,55959,20,"07","2",1,0,2,2,DELAY
10764,10764,30,EMP1053,EMP1056,64584,64584,20,"07","2",1,0,2,2,DELAY
9280,9280,30,EMP1053,EMP1056,55683,55683,20,"07","2",1,0,2,2,DELAY
9809,9809,30,EMP1053,EMP1056,58857,58857,20,"07","2",1,0,2,2,DELAY
8758,8758,30,EMP1053,EMP1056,52553,52553,20,"07","2",1,0,2,2,RISK
10108,10108,30,EMP1053,EMP1056,60653,60653,20,"07","2",1,0,2,2,RISK
8715,8715,30,EMP1053,EMP1056,52294,52294,20,"07","2",1,0,2,2,DELAY
9212,9212,30,EMP1053,EMP1056,55275,55275,20,"07","2",1,0,2,2,DELAY
811,811,30,EMP1053,EMP1056,4866,4866,30,"07","2",1,0,0,2,NORMAL
936,936,30,EMP1053,EMP1056,5616,5616,30,"07","2",1,0,0,2,DELAY
807,807,30,EMP1053,EMP1056,4842,4842,30,"07","2",1,0,0,2,NORMAL
853,853,30,EMP1053,EMP1056,5118,5118,30,"07","2",1,0,0,2,NORMAL
42590,42590,30,EMP1059,EMP1055,255525,255525,20,"07","3",1,0,2,2,DELAY
70965,70965,30,EMP1059,EMP1055,425775,425775,20,"07","3",1,0,2,2,DELAY
81900,81900,30,EMP1059,EMP1055,491400,491400,20,"07","3",1,0,2,2,RISK
70615,70615,30,EMP1059,EMP1055,423675,423675,20,"07","3",1,0,2,2,DELAY
74640,74640,30,EMP1059,EMP1055,447825,447825,20,"07","3",1,0,2,2,DELAY
9329,9329,30,EMP1059,EMP1055,55959,55959,20,"07","3",1,0,2,2,RISK
10764,10764,30,EMP1059,EMP1055,64584,64584,20,"07","3",1,0,2,2,DELAY
9283,9283,30,EMP1059,EMP1055,55683,55683,20,"07","3",1,0,2,2,DELAY
9812,9812,30,EMP1059,EMP1055,58857,58857,20,"07","3",1,0,2,2,DELAY
8763,8763,30,EMP1059,EMP1055,52553,52553,20,"07","3",1,0,2,2,RISK
10113,10113,30,EMP1059,EMP1055,60653,60653,20,"07","3",1,0,2,2,RISK
8719,8719,30,EMP1059,EMP1055,52294,52294,20,"07","3",1,0,2,2,DELAY
9215,9215,30,EMP1059,EMP1055,55275,55275,20,"07","3",1,0,2,2,DELAY
811,811,30,EMP1059,EMP1055,4866,4866,30,"07","3",1,0,0,2,NORMAL
936,936,30,EMP1059,EMP1055,5616,5616,30,"07","3",1,0,0,2,NORMAL
936,936,30,EMP1003,EMP1002,5616,5616,30,"06","4",1,0,0,1,DELAY
807,807,30,EMP1003,EMP1002,4842,4842,30,"06","4",1,0,0,1,NORMAL
853,853,30,EMP1003,EMP1002,5118,5118,30,"06","4",1,0,0,1,DELAY
42587,42587,30,EMP1050,EMP1056,255525,255525,20,"06","5",1,0,2,1,DELAY
70962,70962,30,EMP1050,EMP1056,425775,425775,20,"06","5",1,0,2,1,DELAY
81900,81900,30,EMP1050,EMP1056,491400,491400,20,"06","5",1,0,2,1,DELAY
70612,70612,30,EMP1050,EMP1056,423675,423675,20,"06","5",1,0,2,1,DELAY
74637,74637,30,EMP1050,EMP1056,447825,447825,20,"06","5",1,0,2,1,DELAY
9326,9326,30,EMP1050,EMP1056,55959,55959,20,"06","5",1,0,2,1,DELAY
10764,10764,30,EMP1050,EMP1056,64584,64584,20,"06","5",1,0,2,1,DELAY
9280,9280,30,EMP1050,EMP1056,55683,55683,20,"06","5",1,0,2,1,DELAY
9809,9809,30,EMP1050,EMP1056,58857,58857,20,"06","5",1,0,2,1,DELAY
8758,8758,30,EMP1050,EMP1056,52553,52553,20,"06","5",1,0,2,1,DELAY
10108,10108,30,EMP1050,EMP1056,60653,60653,20,"06","5",1,0,2,1,DELAY
8715,8715,30,EMP1050,EMP1056,52294,52294,20,"06","5",1,0,2,1,DELAY
9212,9212,30,EMP1050,EMP1056,55275,55275,20,"06","5",1,0,2,1,DELAY
811,811,30,EMP1050,EMP1056,4866,4866,30,"06","5",1,0,0,1,NORMAL
936,936,30,EMP1050,EMP1056,5616,5616,30,"06","5",1,0,0,1,DELAY
807,807,30,EMP1050,EMP1056,4842,4842,30,"06","5",1,0,0,1,NORMAL
853,853,30,EMP1050,EMP1056,5118,5118,30,"06","5",1,0,0,1,NORMAL
42587,42587,30,EMP1002,EMP1049,255525,255525,20,"06","6",1,0,2,1,DELAY
70962,70962,30,EMP1002,EMP1049,425775,425775,20,"06","6",1,0,2,1,DELAY
81900,81900,30,EMP1002,EMP1049,491400,491400,20,"06","6",1,0,2,1,RISK
70612,70612,30,EMP1002,EMP1049,423675,423675,20,"06","6",1,0,2,1,DELAY
74637,74637,30,EMP1002,EMP1049,447825,447825,20,"06","6",1,0,2,1,DELAY
9326,9326,30,EMP1002,EMP1049,55959,55959,20,"06","6",1,0,2,1,DELAY
10764,10764,30,EMP1002,EMP1049,64584,64584,20,"06","6",1,0,2,1,RISK
9280,9280,30,EMP1002,EMP1049,55683,55683,20,"06","6",1,0,2,1,DELAY
9809,9809,30,EMP1002,EMP1049,58857,58857,20,"06","6",1,0,2,1,DELAY
8758,8758,30,EMP1002,EMP1049,52553,52553,20,"06","6",1,0,2,1,DELAY
10108,10108,30,EMP1002,EMP1049,60653,60653,20,"06","6",1,0,2,1,RISK
8715,8715,30,EMP1002,EMP1049,52294,52294,20,"06","6",1,0,2,1,DELAY
9212,9212,30,EMP1002,EMP1049,55275,55275,20,"06","6",1,0,2,1,DELAY
811,811,30,EMP1002,EMP1049,4866,4866,30,"06","6",1,0,0,1,NORMAL
936,936,30,EMP1002,EMP1049,5616,5616,30,"06","6",1,0,0,1,NORMAL
807,807,30,EMP1002,EMP1049,4842,4842,30,"06","6",1,0,0,1,NORMAL
853,853,30,EMP1002,EMP1049,5118,5118,30,"06","6",1,0,0,1,NORMAL
42587,42587,30,EMP1047,EMP1004,255525,255525,20,"06","7",1,0,2,1,DELAY
70962,70962,30,EMP1047,EMP1004,425775,425775,20,"06","7",1,0,2,1,DELAY
81900,81900,30,EMP1047,EMP1004,491400,491400,20,"06","7",1,0,2,1,RISK
70612,70612,30,EMP1047,EMP1004,423675,423675,20,"06","7",1,0,2,1,DELAY
74637,74637,30,EMP1047,EMP1004,447825,447825,20,"06","7",1,0,2,1,DELAY
9326,9326,30,EMP1047,EMP1004,55959,55959,20,"06","7",1,0,2,1,DELAY
8958,8958,30,EMP1051,EMP1057,44793,44793,20,"06","2",1,0,2,1,DELAY
9579,9579,30,EMP1051,EMP1057,47898,47898,20,"06","2",1,0,2,1,DELAY
12259,12259,30,EMP1051,EMP1057,61295,61295,20,"06","2",1,0,2,1,DELAY
10235,10235,30,EMP1051,EMP1057,51175,51175,20,"06","2",1,0,2,1,DELAY
8413,8413,30,EMP1051,EMP1057,42066,42066,20,"06","2",1,0,2,1,DELAY
8996,8996,30,EMP1051,EMP1057,44982,44982,20,"06","2",1,0,2,1,DELAY
11512,11512,30,EMP1051,EMP1057,57564,57564,20,"06","2",1,0,2,1,DELAY
9612,9612,30,EMP1051,EMP1057,48060,48060,20,"06","2",1,0,2,1,DELAY
779,779,30,EMP1051,EMP1057,3895,3895,30,"06","2",1,0,0,1,NORMAL
833,833,30,EMP1051,EMP1057,4165,4165,30,"06","2",1,0,0,1,NORMAL
1066,1066,30,EMP1051,EMP1057,5330,5330,30,"06","2",1,0,0,1,NORMAL
890,890,30,EMP1051,EMP1057,4450,4450,30,"06","2",1,0,0,1,NORMAL
44600,44600,30,EMP1007,EMP1004,223000,223000,20,"06","3",1,0,2,1,DELAY
68165,68165,30,EMP1007,EMP1004,340813,340813,20,"06","3",1,0,2,1,RISK
72890,72890,30,EMP1007,EMP1004,364438,364438,20,"06","3",1,0,2,1,DELAY
93275,93275,30,EMP1007,EMP1004,466375,466375,20,"06","3",1,0,2,1,DELAY
77875,77875,30,EMP1007,EMP1004,389375,389375,20,"06","3",1,0,2,1,DELAY
8961,8961,30,EMP1007,EMP1004,44793,44793,20,"06","3",1,0,2,1,DELAY
9582,9582,30,EMP1007,EMP1004,47898,47898,20,"06","3",1,0,2,1,RISK
12259,12259,30,EMP1007,EMP1004,61295,61295,20,"06","3",1,0,2,1,DELAY
10235,10235,30,EMP1007,EMP1004,51175,51175,20,"06","3",1,0,2,1,DELAY
8414,8414,30,EMP1007,EMP1004,42066,42066,20,"06","3",1,0,2,1,DELAY
8998,8998,30,EMP1007,EMP1004,44982,44982,20,"06","3",1,0,2,1,DELAY
11516,11516,30,EMP1007,EMP1004,57564,57564,20,"06","3",1,0,2,1,DELAY
9612,9612,30,EMP1007,EMP1004,48060,48060,20,"06","3",1,0,2,1,DELAY
779,779,30,EMP1007,EMP1004,3895,3895,30,"06","3",1,0,0,1,NORMAL
833,833,30,EMP1007,EMP1004,4165,4165,30,"06","3",1,0,0,1,NORMAL
1066,1066,30,EMP1007,EMP1004,5330,5330,30,"06","3",1,0,0,1,DELAY
890,890,30,EMP1007,EMP1004,4450,4450,30,"06","3",1,0,0,1,NORMAL
42587,42587,30,EMP1003,EMP1002,255525,255525,20,"06","4",1,0,2,1,DELAY
70962,70962,30,EMP1003,EMP1002,425775,425775,20,"06","4",1,0,2,1,DELAY
81900,81900,30,EMP1003,EMP1002,491400,491400,20,"06","4",1,0,2,1,DELAY
70612,70612,30,EMP1003,EMP1002,423675,423675,20,"06","4",1,0,2,1,DELAY
74637,74637,30,EMP1003,EMP1002,447825,447825,20,"06","4",1,0,2,1,DELAY
9326,9326,30,EMP1003,EMP1002,55959,55959,20,"06","4",1,0,2,1,DELAY
10764,10764,30,EMP1003,EMP1002,64584,64584,20,"06","4",1,0,2,1,DELAY
9280,9280,30,EMP1003,EMP1002,55683,55683,20,"06","4",1,0,2,1,DELAY
9809,9809,30,EMP1003,EMP1002,58857,58857,20,"06","4",1,0,2,1,DELAY
8758,8758,30,EMP1003,EMP1002,52553,52553,20,"06","4",1,0,2,1,DELAY
10108,10108,30,EMP1003,EMP1002,60653,60653,20,"06","4",1,0,2,1,DELAY
8715,8715,30,EMP1003,EMP1002,52294,52294,20,"06","4",1,0,2,1,DELAY
9212,9212,30,EMP1003,EMP1002,55275,55275,20,"06","4",1,0,2,1,DELAY
811,811,30,EMP1003,EMP1002,4866,4866,30,"06","4",1,0,0,1,NORMAL
9612,9612,30,EMP1042,EMP1048,48060,48060,20,"06","4",1,0,2,1,DELAY
779,779,30,EMP1042,EMP1048,3895,3895,30,"06","4",1,0,0,1,NORMAL
833,833,30,EMP1042,EMP1048,4165,4165,30,"06","4",1,0,0,1,NORMAL
1066,1066,30,EMP1042,EMP1048,5330,5330,30,"06","4",1,0,0,1,NORMAL
890,890,30,EMP1042,EMP1048,4450,4450,30,"06","4",1,0,0,1,DELAY
44600,44600,30,EMP1055,EMP1046,223000,223000,20,"06","5",1,0,2,1,DELAY
68162,68162,30,EMP1055,EMP1046,340813,340813,20,"06","5",1,0,2,1,RISK
72887,72887,30,EMP1055,EMP1046,364438,364438,20,"06","5",1,0,2,1,DELAY
93275,93275,30,EMP1055,EMP1046,466375,466375,20,"06","5",1,0,2,1,DELAY
77875,77875,30,EMP1055,EMP1046,389375,389375,20,"06","5",1,0,2,1,DELAY
8958,8958,30,EMP1055,EMP1046,44793,44793,20,"06","5",1,0,2,1,DELAY
9579,9579,30,EMP1055,EMP1046,47898,47898,20,"06","5",1,0,2,1,DELAY
12259,12259,30,EMP1055,EMP1046,61295,61295,20,"06","5",1,0,2,1,RISK
10235,10235,30,EMP1055,EMP1046,51175,51175,20,"06","5",1,0,2,1,DELAY
8413,8413,30,EMP1055,EMP1046,42066,42066,20,"06","5",1,0,2,1,DELAY
8996,8996,30,EMP1055,EMP1046,44982,44982,20,"06","5",1,0,2,1,DELAY
11512,11512,30,EMP1055,EMP1046,57564,57564,20,"06","5",1,0,2,1,DELAY
9612,9612,30,EMP1055,EMP1046,48060,48060,20,"06","5",1,0,2,1,DELAY
779,779,30,EMP1055,EMP1046,3895,3895,30,"06","5",1,0,0,1,NORMAL
833,833,30,EMP1055,EMP1046,4165,4165,30,"06","5",1,0,0,1,NORMAL
1066,1066,30,EMP1055,EMP1046,5330,5330,30,"06","5",1,0,0,1,NORMAL
890,890,30,EMP1055,EMP1046,4450,4450,30,"06","5",1,0,0,1,NORMAL
44600,44600,30,EMP1057,EMP1004,223000,223000,20,"06","6",1,0,2,1,DELAY
68162,68162,30,EMP1057,EMP1004,340813,340813,20,"06","6",1,0,2,1,DELAY
72887,72887,30,EMP1057,EMP1004,364438,364438,20,"06","6",1,0,2,1,DELAY
93275,93275,30,EMP1057,EMP1004,466375,466375,20,"06","6",1,0,2,1,DELAY
77875,77875,30,EMP1057,EMP1004,389375,389375,20,"06","6",1,0,2,1,DELAY
8958,8958,30,EMP1057,EMP1004,44793,44793,20,"06","6",1,0,2,1,DELAY
9579,9579,30,EMP1057,EMP1004,47898,47898,20,"06","6",1,0,2,1,DELAY
12259,12259,30,EMP1057,EMP1004,61295,61295,20,"06","6",1,0,2,1,DELAY
10235,10235,30,EMP1057,EMP1004,51175,51175,20,"06","6",1,0,2,1,RISK
8413,8413,30,EMP1057,EMP1004,42066,42066,20,"06","6",1,0,2,1,DELAY
8996,8996,30,EMP1057,EMP1004,44982,44982,20,"06","6",1,0,2,1,DELAY
11512,11512,30,EMP1057,EMP1004,57564,57564,20,"06","6",1,0,2,1,DELAY
9612,9612,30,EMP1057,EMP1004,48060,48060,20,"06","6",1,0,2,1,DELAY
779,779,30,EMP1057,EMP1004,3895,3895,30,"06","6",1,0,0,1,NORMAL
833,833,30,EMP1057,EMP1004,4165,4165,30,"06","6",1,0,0,1,NORMAL
1066,1066,30,EMP1057,EMP1004,5330,5330,30,"06","6",1,0,0,1,DELAY
890,890,30,EMP1057,EMP1004,4450,4450,30,"06","6",1,0,0,1,NORMAL
44600,44600,30,EMP1051,EMP1057,223000,223000,20,"06","2",1,0,2,1,DELAY
68162,68162,30,EMP1051,EMP1057,340813,340813,20,"06","2",1,0,2,1,DELAY
72887,72887,30,EMP1051,EMP1057,364438,364438,20,"06","2",1,0,2,1,DELAY
93275,93275,30,EMP1051,EMP1057,466375,466375,20,"06","2",1,0,2,1,DELAY
77875,77875,30,EMP1051,EMP1057,389375,389375,20,"06","2",1,0,2,1,DELAY
83125,83125,30,EMP1047,EMP1048,415625,415625,20,"06","2",1,0,2,1,DELAY
84787,84787,30,EMP1047,EMP1048,423938,423938,20,"06","2",1,0,2,1,DELAY
12523,12523,30,EMP1047,EMP1048,62618,62618,20,"06","2",1,0,2,1,DELAY
14593,14593,30,EMP1047,EMP1048,72968,72968,20,"06","2",1,0,2,1,DELAY
10925,10925,30,EMP1047,EMP1048,54625,54625,20,"06","2",1,0,2,1,DELAY
11143,11143,30,EMP1047,EMP1048,55718,55718,20,"06","2",1,0,2,1,DELAY
11761,11761,30,EMP1047,EMP1048,58806,58806,20,"06","2",1,0,2,1,RISK
13705,13705,30,EMP1047,EMP1048,68526,68526,20,"06","2",1,0,2,1,DELAY
10260,10260,30,EMP1047,EMP1048,51300,51300,20,"06","2",1,0,2,1,DELAY
10465,10465,30,EMP1047,EMP1048,52326,52326,20,"06","2",1,0,2,1,DELAY
1089,1089,30,EMP1047,EMP1048,5445,5445,30,"06","2",1,0,0,1,NORMAL
1269,1269,30,EMP1047,EMP1048,6345,6345,30,"06","2",1,0,0,1,NORMAL
950,950,30,EMP1047,EMP1048,4750,4750,30,"06","2",1,0,0,1,NORMAL
969,969,30,EMP1047,EMP1048,4845,4845,30,"06","2",1,0,0,1,DELAY
53465,53465,30,EMP1005,EMP1046,267313,267313,20,"06","3",1,0,2,1,DELAY
95290,95290,30,EMP1005,EMP1046,476438,476438,20,"06","3",1,0,2,1,DELAY
111040,111040,30,EMP1005,EMP1046,555188,555188,20,"06","3",1,0,2,1,DELAY
83125,83125,30,EMP1005,EMP1046,415625,415625,20,"06","3",1,0,2,1,DELAY
84790,84790,30,EMP1005,EMP1046,423938,423938,20,"06","3",1,0,2,1,DELAY
12526,12526,30,EMP1005,EMP1046,62618,62618,20,"06","3",1,0,2,1,DELAY
14596,14596,30,EMP1005,EMP1046,72968,72968,20,"06","3",1,0,2,1,DELAY
10925,10925,30,EMP1005,EMP1046,54625,54625,20,"06","3",1,0,2,1,DELAY
11146,11146,30,EMP1005,EMP1046,55718,55718,20,"06","3",1,0,2,1,DELAY
11762,11762,30,EMP1005,EMP1046,58806,58806,20,"06","3",1,0,2,1,DELAY
13706,13706,30,EMP1005,EMP1046,68526,68526,20,"06","3",1,0,2,1,DELAY
10260,10260,30,EMP1005,EMP1046,51300,51300,20,"06","3",1,0,2,1,DELAY
10466,10466,30,EMP1005,EMP1046,52326,52326,20,"06","3",1,0,2,1,DELAY
1089,1089,30,EMP1005,EMP1046,5445,5445,30,"06","3",1,0,0,1,NORMAL
1269,1269,30,EMP1005,EMP1046,6345,6345,30,"06","3",1,0,0,1,NORMAL
950,950,30,EMP1005,EMP1046,4750,4750,30,"06","3",1,0,0,1,NORMAL
969,969,30,EMP1005,EMP1046,4845,4845,30,"06","3",1,0,0,1,NORMAL
44600,44600,30,EMP1042,EMP1048,223000,223000,20,"06","4",1,0,2,1,DELAY
68162,68162,30,EMP1042,EMP1048,340813,340813,20,"06","4",1,0,2,1,DELAY
72887,72887,30,EMP1042,EMP1048,364438,364438,20,"06","4",1,0,2,1,DELAY
93275,93275,30,EMP1042,EMP1048,466375,466375,20,"06","4",1,0,2,1,DELAY
77875,77875,30,EMP1042,EMP1048,389375,389375,20,"06","4",1,0,2,1,DELAY
8958,8958,30,EMP1042,EMP1048,44793,44793,20,"06","4",1,0,2,1,DELAY
9579,9579,30,EMP1042,EMP1048,47898,47898,20,"06","4",1,0,2,1,RISK
12259,12259,30,EMP1042,EMP1048,61295,61295,20,"06","4",1,0,2,1,DELAY
10235,10235,30,EMP1042,EMP1048,51175,51175,20,"06","4",1,0,2,1,DELAY
8413,8413,30,EMP1042,EMP1048,42066,42066,20,"06","4",1,0,2,1,DELAY
8996,8996,30,EMP1042,EMP1048,44982,44982,20,"06","4",1,0,2,1,DELAY
11512,11512,30,EMP1042,EMP1048,57564,57564,20,"06","4",1,0,2,1,DELAY
10260,10260,30,EMP1005,EMP1053,51300,51300,20,"06","4",1,0,2,1,DELAY
10465,10465,30,EMP1005,EMP1053,52326,52326,20,"06","4",1,0,2,1,DELAY
1089,1089,30,EMP1005,EMP1053,5445,5445,30,"06","4",1,0,0,1,DELAY
1269,1269,30,EMP1005,EMP1053,6345,6345,30,"06","4",1,0,0,1,NORMAL
950,950,30,EMP1005,EMP1053,4750,4750,30,"06","4",1,0,0,1,DELAY
969,969,30,EMP1005,EMP1053,4845,4845,30,"06","4",1,0,0,1,DELAY
53462,53462,30,EMP1001,EMP1021,267313,267313,20,"06","5",1,0,2,1,DELAY
95287,95287,30,EMP1001,EMP1021,476438,476438,20,"06","5",1,0,2,1,RISK
111037,111037,30,EMP1001,EMP1021,555188,555188,20,"06","5",1,0,2,1,DELAY
83125,83125,30,EMP1001,EMP1021,415625,415625,20,"06","5",1,0,2,1,DELAY
84787,84787,30,EMP1001,EMP1021,423938,423938,20,"06","5",1,0,2,1,DELAY
12523,12523,30,EMP1001,EMP1021,62618,62618,20,"06","5",1,0,2,1,DELAY
14593,14593,30,EMP1001,EMP1021,72968,72968,20,"06","5",1,0,2,1,DELAY
10925,10925,30,EMP1001,EMP1021,54625,54625,20,"06","5",1,0,2,1,DELAY
11143,11143,30,EMP1001,EMP1021,55718,55718,20,"06","5",1,0,2,1,DELAY
11761,11761,30,EMP1001,EMP1021,58806,58806,20,"06","5",1,0,2,1,DELAY
13705,13705,30,EMP1001,EMP1021,68526,68526,20,"06","5",1,0,2,1,DELAY
10260,10260,30,EMP1001,EMP1021,51300,51300,20,"06","5",1,0,2,1,DELAY
10465,10465,30,EMP1001,EMP1021,52326,52326,20,"06","5",1,0,2,1,DELAY
1089,1089,30,EMP1001,EMP1021,5445,5445,30,"06","5",1,0,0,1,DELAY
1269,1269,30,EMP1001,EMP1021,6345,6345,30,"06","5",1,0,0,1,NORMAL
950,950,30,EMP1001,EMP1021,4750,4750,30,"06","5",1,0,0,1,NORMAL
969,969,30,EMP1001,EMP1021,4845,4845,30,"06","5",1,0,0,1,NORMAL
53462,53462,30,EMP1003,EMP1050,267313,267313,20,"06","6",1,0,2,1,DELAY
95287,95287,30,EMP1003,EMP1050,476438,476438,20,"06","6",1,0,2,1,RISK
111037,111037,30,EMP1003,EMP1050,555188,555188,20,"06","6",1,0,2,1,DELAY
83125,83125,30,EMP1003,EMP1050,415625,415625,20,"06","6",1,0,2,1,DELAY
84787,84787,30,EMP1003,EMP1050,423938,423938,20,"06","6",1,0,2,1,DELAY
12523,12523,30,EMP1003,EMP1050,62618,62618,20,"06","6",1,0,2,1,DELAY
14593,14593,30,EMP1003,EMP1050,72968,72968,20,"06","6",1,0,2,1,DELAY
10925,10925,30,EMP1003,EMP1050,54625,54625,20,"06","6",1,0,2,1,DELAY
11143,11143,30,EMP1003,EMP1050,55718,55718,20,"06","6",1,0,2,1,DELAY
11761,11761,30,EMP1003,EMP1050,58806,58806,20,"06","6",1,0,2,1,DELAY
13705,13705,30,EMP1003,EMP1050,68526,68526,20,"06","6",1,0,2,1,DELAY
10260,10260,30,EMP1003,EMP1050,51300,51300,20,"06","6",1,0,2,1,DELAY
10465,10465,30,EMP1003,EMP1050,52326,52326,20,"06","6",1,0,2,1,DELAY
1089,1089,30,EMP1003,EMP1050,5445,5445,30,"06","6",1,0,0,1,NORMAL
1269,1269,30,EMP1003,EMP1050,6345,6345,30,"06","6",1,0,0,1,NORMAL
950,950,30,EMP1003,EMP1050,4750,4750,30,"06","6",1,0,0,1,DELAY
969,969,30,EMP1003,EMP1050,4845,4845,30,"06","6",1,0,0,1,NORMAL
53462,53462,30,EMP1047,EMP1048,267313,267313,20,"06","2",1,0,2,1,DELAY
95287,95287,30,EMP1047,EMP1048,476438,476438,20,"06","2",1,0,2,1,DELAY
111037,111037,30,EMP1047,EMP1048,555188,555188,20,"06","2",1,0,2,1,DELAY
107187,107187,30,EMP1048,EMP1057,643125,643125,20,"06","2",1,0,2,1,DELAY
68950,68950,30,EMP1048,EMP1057,413700,413700,20,"06","2",1,0,2,1,DELAY
103425,103425,30,EMP1048,EMP1057,620550,620550,20,"06","2",1,0,2,1,DELAY
14041,14041,30,EMP1048,EMP1057,84249,84249,20,"06","2",1,0,2,1,DELAY
14087,14087,30,EMP1048,EMP1057,84525,84525,20,"06","2",1,0,2,1,DELAY
9062,9062,30,EMP1048,EMP1057,54372,54372,20,"06","2",1,0,2,1,DELAY
13593,13593,30,EMP1048,EMP1057,81558,81558,20,"06","2",1,0,2,1,DELAY
13186,13186,30,EMP1048,EMP1057,79121,79121,20,"06","2",1,0,2,1,DELAY
13230,13230,30,EMP1048,EMP1057,79380,79380,20,"06","2",1,0,2,1,DELAY
8510,8510,30,EMP1048,EMP1057,51063,51063,20,"06","2",1,0,2,1,DELAY
12765,12765,30,EMP1048,EMP1057,76594,76594,20,"06","2",1,0,2,1,DELAY
1221,1221,30,EMP1048,EMP1057,7326,7326,30,"06","2",1,0,0,1,NORMAL
1225,1225,30,EMP1048,EMP1057,7350,7350,30,"06","2",1,0,0,1,NORMAL
788,788,30,EMP1048,EMP1057,4728,4728,30,"06","2",1,0,0,1,DELAY
1182,1182,30,EMP1048,EMP1057,7092,7092,30,"06","2",1,0,0,1,NORMAL
55200,55200,30,EMP1043,EMP1054,331200,331200,20,"06","3",1,0,2,1,RISK
106840,106840,30,EMP1043,EMP1054,641025,641025,20,"06","3",1,0,2,1,DELAY
107190,107190,30,EMP1043,EMP1054,643125,643125,20,"06","3",1,0,2,1,DELAY
68950,68950,30,EMP1043,EMP1054,413700,413700,20,"06","3",1,0,2,1,DELAY
103425,103425,30,EMP1043,EMP1054,620550,620550,20,"06","3",1,0,2,1,DELAY
14044,14044,30,EMP1043,EMP1054,84249,84249,20,"06","3",1,0,2,1,DELAY
14090,14090,30,EMP1043,EMP1054,84525,84525,20,"06","3",1,0,2,1,DELAY
9062,9062,30,EMP1043,EMP1054,54372,54372,20,"06","3",1,0,2,1,DELAY
13593,13593,30,EMP1043,EMP1054,81558,81558,20,"06","3",1,0,2,1,DELAY
13191,13191,30,EMP1043,EMP1054,79121,79121,20,"06","3",1,0,2,1,DELAY
13230,13230,30,EMP1043,EMP1054,79380,79380,20,"06","3",1,0,2,1,DELAY
8513,8513,30,EMP1043,EMP1054,51063,51063,20,"06","3",1,0,2,1,DELAY
12769,12769,30,EMP1043,EMP1054,76594,76594,20,"06","3",1,0,2,1,DELAY
1221,1221,30,EMP1043,EMP1054,7326,7326,30,"06","3",1,0,0,1,NORMAL
1225,1225,30,EMP1043,EMP1054,7350,7350,30,"06","3",1,0,0,1,NORMAL
788,788,30,EMP1043,EMP1054,4728,4728,30,"06","3",1,0,0,1,NORMAL
1182,1182,30,EMP1043,EMP1054,7092,7092,30,"06","3",1,0,0,1,DELAY
53462,53462,30,EMP1005,EMP1053,267313,267313,20,"06","4",1,0,2,1,DELAY
95287,95287,30,EMP1005,EMP1053,476438,476438,20,"06","4",1,0,2,1,DELAY
111037,111037,30,EMP1005,EMP1053,555188,555188,20,"06","4",1,0,2,1,DELAY
83125,83125,30,EMP1005,EMP1053,415625,415625,20,"06","4",1,0,2,1,DELAY
84787,84787,30,EMP1005,EMP1053,423938,423938,20,"06","4",1,0,2,1,DELAY
12523,12523,30,EMP1005,EMP1053,62618,62618,20,"06","4",1,0,2,1,DELAY
14593,14593,30,EMP1005,EMP1053,72968,72968,20,"06","4",1,0,2,1,DELAY
10925,10925,30,EMP1005,EMP1053,54625,54625,20,"06","4",1,0,2,1,DELAY
11143,11143,30,EMP1005,EMP1053,55718,55718,20,"06","4",1,0,2,1,DELAY
11761,11761,30,EMP1005,EMP1053,58806,58806,20,"06","4",1,0,2,1,DELAY
13705,13705,30,EMP1005,EMP1053,68526,68526,20,"06","4",1,0,2,1,DELAY
13186,13186,30,EMP1041,EMP1044,79121,79121,20,"06","5",1,0,2,1,DELAY
13230,13230,30,EMP1041,EMP1044,79380,79380,20,"06","5",1,0,2,1,DELAY
8510,8510,30,EMP1041,EMP1044,51063,51063,20,"06","5",1,0,2,1,DELAY
12765,12765,30,EMP1041,EMP1044,76594,76594,20,"06","5",1,0,2,1,DELAY
1221,1221,30,EMP1041,EMP1044,7326,7326,30,"06","5",1,0,0,1,NORMAL
1225,1225,30,EMP1041,EMP1044,7350,7350,30,"06","5",1,0,0,1,NORMAL
788,788,30,EMP1041,EMP1044,4728,4728,30,"06","5",1,0,0,1,NORMAL
1182,1182,30,EMP1041,EMP1044,7092,7092,30,"06","5",1,0,0,1,DELAY
55200,55200,30,EMP1048,EMP1057,331200,331200,20,"06","6",1,0,2,1,RISK
106837,106837,30,EMP1048,EMP1057,641025,641025,20,"06","6",1,0,2,1,DELAY
107187,107187,30,EMP1048,EMP1057,643125,643125,20,"06","6",1,0,2,1,DELAY
68950,68950,30,EMP1048,EMP1057,413700,413700,20,"06","6",1,0,2,1,DELAY
103425,103425,30,EMP1048,EMP1057,620550,620550,20,"06","6",1,0,2,1,DELAY
14041,14041,30,EMP1048,EMP1057,84249,84249,20,"06","6",1,0,2,1,DELAY
14087,14087,30,EMP1048,EMP1057,84525,84525,20,"06","6",1,0,2,1,DELAY
9062,9062,30,EMP1048,EMP1057,54372,54372,20,"06","6",1,0,2,1,DELAY
13593,13593,30,EMP1048,EMP1057,81558,81558,20,"06","6",1,0,2,1,DELAY
13186,13186,30,EMP1048,EMP1057,79121,79121,20,"06","6",1,0,2,1,DELAY
13230,13230,30,EMP1048,EMP1057,79380,79380,20,"06","6",1,0,2,1,DELAY
8510,8510,30,EMP1048,EMP1057,51063,51063,20,"06","6",1,0,2,1,DELAY
12765,12765,30,EMP1048,EMP1057,76594,76594,20,"06","6",1,0,2,1,RISK
1221,1221,30,EMP1048,EMP1057,7326,7326,30,"06","6",1,0,0,1,NORMAL
1225,1225,30,EMP1048,EMP1057,7350,7350,30,"06","6",1,0,0,1,NORMAL
788,788,30,EMP1048,EMP1057,4728,4728,30,"06","6",1,0,0,1,NORMAL
1182,1182,30,EMP1048,EMP1057,7092,7092,30,"06","6",1,0,0,1,NORMAL
55200,55200,30,EMP1006,EMP1044,331200,331200,20,"06","7",1,0,2,1,DELAY
106837,106837,30,EMP1006,EMP1044,641025,641025,20,"06","7",1,0,2,1,DELAY
107187,107187,30,EMP1006,EMP1044,643125,643125,20,"06","7",1,0,2,1,DELAY
68950,68950,30,EMP1006,EMP1044,413700,413700,20,"06","7",1,0,2,1,DELAY
103425,103425,30,EMP1006,EMP1044,620550,620550,20,"06","7",1,0,2,1,DELAY
14041,14041,30,EMP1006,EMP1044,84249,84249,20,"06","7",1,0,2,1,DELAY
14087,14087,30,EMP1006,EMP1044,84525,84525,20,"06","7",1,0,2,1,DELAY
9062,9062,30,EMP1006,EMP1044,54372,54372,20,"06","7",1,0,2,1,DELAY
13593,13593,30,EMP1006,EMP1044,81558,81558,20,"06","7",1,0,2,1,DELAY
13186,13186,30,EMP1006,EMP1044,79121,79121,20,"06","7",1,0,2,1,DELAY
13230,13230,30,EMP1006,EMP1044,79380,79380,20,"06","7",1,0,2,1,RISK
8510,8510,30,EMP1006,EMP1044,51063,51063,20,"06","7",1,0,2,1,DELAY
12765,12765,30,EMP1006,EMP1044,76594,76594,20,"06","7",1,0,2,1,DELAY
1221,1221,30,EMP1006,EMP1044,7326,7326,30,"06","7",1,0,0,1,NORMAL
1225,1225,30,EMP1006,EMP1044,7350,7350,30,"06","7",1,0,0,1,NORMAL
788,788,30,EMP1006,EMP1044,4728,4728,30,"06","7",1,0,0,1,NORMAL
1182,1182,30,EMP1006,EMP1044,7092,7092,30,"06","7",1,0,0,1,NORMAL
55200,55200,30,EMP1048,EMP1057,331200,331200,20,"06","2",1,0,2,1,DELAY
106837,106837,30,EMP1048,EMP1057,641025,641025,20,"06","2",1,0,2,1,DELAY
92665,92665,30,EMP1052,EMP1007,555975,555975,20,"06","3",1,0,2,1,DELAY
82950,82950,30,EMP1052,EMP1007,497700,497700,20,"06","3",1,0,2,1,DELAY
74550,74550,30,EMP1052,EMP1007,447300,447300,20,"06","3",1,0,2,1,DELAY
106840,106840,30,EMP1052,EMP1007,641025,641025,20,"06","3",1,0,2,1,DELAY
12181,12181,30,EMP1052,EMP1007,73071,73071,20,"06","3",1,0,2,1,DELAY
10902,10902,30,EMP1052,EMP1007,65412,65412,20,"06","3",1,0,2,1,DELAY
9798,9798,30,EMP1052,EMP1007,58788,58788,20,"06","3",1,0,2,1,DELAY
14044,14044,30,EMP1052,EMP1007,84249,84249,20,"06","3",1,0,2,1,DELAY
11439,11439,30,EMP1052,EMP1007,68624,68624,20,"06","3",1,0,2,1,DELAY
10241,10241,30,EMP1052,EMP1007,61431,61431,20,"06","3",1,0,2,1,DELAY
9205,9205,30,EMP1052,EMP1007,55210,55210,20,"06","3",1,0,2,1,DELAY
13191,13191,30,EMP1052,EMP1007,79121,79121,20,"06","3",1,0,2,1,DELAY
1059,1059,30,EMP1052,EMP1007,6354,6354,30,"06","3",1,0,0,1,DELAY
948,948,30,EMP1052,EMP1007,5688,5688,30,"06","3",1,0,0,1,DELAY
852,852,30,EMP1052,EMP1007,5112,5112,30,"06","3",1,0,0,1,DELAY
1221,1221,30,EMP1052,EMP1007,7326,7326,30,"06","3",1,0,0,1,DELAY
55200,55200,30,EMP1052,EMP1007,331200,331200,20,"06","4",1,0,2,1,DELAY
106837,106837,30,EMP1052,EMP1007,641025,641025,20,"06","4",1,0,2,1,DELAY
107187,107187,30,EMP1052,EMP1007,643125,643125,20,"06","4",1,0,2,1,DELAY
68950,68950,30,EMP1052,EMP1007,413700,413700,20,"06","4",1,0,2,1,DELAY
103425,103425,30,EMP1052,EMP1007,620550,620550,20,"06","4",1,0,2,1,DELAY
14041,14041,30,EMP1052,EMP1007,84249,84249,20,"06","4",1,0,2,1,DELAY
14087,14087,30,EMP1052,EMP1007,84525,84525,20,"06","4",1,0,2,1,RISK
9062,9062,30,EMP1052,EMP1007,54372,54372,20,"06","4",1,0,2,1,DELAY
13593,13593,30,EMP1052,EMP1007,81558,81558,20,"06","4",1,0,2,1,DELAY
13186,13186,30,EMP1052,EMP1007,79121,79121,20,"06","4",1,0,2,1,DELAY
13230,13230,30,EMP1052,EMP1007,79380,79380,20,"06","4",1,0,2,1,DELAY
8510,8510,30,EMP1052,EMP1007,51063,51063,20,"06","4",1,0,2,1,DELAY
12765,12765,30,EMP1052,EMP1007,76594,76594,20,"06","4",1,0,2,1,DELAY
1221,1221,30,EMP1052,EMP1007,7326,7326,30,"06","4",1,0,0,1,NORMAL
1225,1225,30,EMP1052,EMP1007,7350,7350,30,"06","4",1,0,0,1,NORMAL
788,788,30,EMP1052,EMP1007,4728,4728,30,"06","4",1,0,0,1,DELAY
1182,1182,30,EMP1052,EMP1007,7092,7092,30,"06","4",1,0,0,1,NORMAL
55200,55200,30,EMP1041,EMP1044,331200,331200,20,"06","5",1,0,2,1,DELAY
106837,106837,30,EMP1041,EMP1044,641025,641025,20,"06","5",1,0,2,1,DELAY
107187,107187,30,EMP1041,EMP1044,643125,643125,20,"06","5",1,0,2,1,DELAY
68950,68950,30,EMP1041,EMP1044,413700,413700,20,"06","5",1,0,2,1,RISK
103425,103425,30,EMP1041,EMP1044,620550,620550,20,"06","5",1,0,2,1,DELAY
14041,14041,30,EMP1041,EMP1044,84249,84249,20,"06","5",1,0,2,1,DELAY
14087,14087,30,EMP1041,EMP1044,84525,84525,20,"06","5",1,0,2,1,DELAY
9062,9062,30,EMP1041,EMP1044,54372,54372,20,"06","5",1,0,2,1,DELAY
13593,13593,30,EMP1041,EMP1044,81558,81558,20,"06","5",1,0,2,1,DELAY
14041,14041,30,EMP1001,EMP1050,84249,84249,20,"05","6",0,0,2,0,NORMAL
11437,11437,30,EMP1001,EMP1050,68624,68624,20,"05","6",0,0,2,0,NORMAL
10238,10238,30,EMP1001,EMP1050,61431,61431,20,"05","6",0,0,2,0,NORMAL
9201,9201,30,EMP1001,EMP1050,55210,55210,20,"05","6",0,0,2,0,NORMAL
13186,13186,30,EMP1001,EMP1050,79121,79121,20,"05","6",0,0,2,0,NORMAL
1059,1059,30,EMP1001,EMP1050,6354,6354,30,"05","6",0,0,0,0,NORMAL
948,948,30,EMP1001,EMP1050,5688,5688,30,"05","6",0,0,0,0,NORMAL
852,852,30,EMP1001,EMP1050,5112,5112,30,"05","6",0,0,0,0,NORMAL
1221,1221,30,EMP1001,EMP1050,7326,7326,30,"05","6",0,0,0,0,NORMAL
51000,51000,30,EMP1049,EMP1047,306000,306000,20,"06","7",1,0,2,1,DELAY
92662,92662,30,EMP1049,EMP1047,555975,555975,20,"06","7",1,0,2,1,DELAY
82950,82950,30,EMP1049,EMP1047,497700,497700,20,"06","7",1,0,2,1,DELAY
74550,74550,30,EMP1049,EMP1047,447300,447300,20,"06","7",1,0,2,1,DELAY
106837,106837,30,EMP1049,EMP1047,641025,641025,20,"06","7",1,0,2,1,DELAY
12178,12178,30,EMP1049,EMP1047,73071,73071,20,"06","7",1,0,2,1,RISK
10902,10902,30,EMP1049,EMP1047,65412,65412,20,"06","7",1,0,2,1,DELAY
9798,9798,30,EMP1049,EMP1047,58788,58788,20,"06","7",1,0,2,1,DELAY
14041,14041,30,EMP1049,EMP1047,84249,84249,20,"06","7",1,0,2,1,DELAY
11437,11437,30,EMP1049,EMP1047,68624,68624,20,"06","7",1,0,2,1,DELAY
10238,10238,30,EMP1049,EMP1047,61431,61431,20,"06","7",1,0,2,1,DELAY
9201,9201,30,EMP1049,EMP1047,55210,55210,20,"06","7",1,0,2,1,RISK
13186,13186,30,EMP1049,EMP1047,79121,79121,20,"06","7",1,0,2,1,DELAY
1059,1059,30,EMP1049,EMP1047,6354,6354,30,"06","7",1,0,0,1,NORMAL
948,948,30,EMP1049,EMP1047,5688,5688,30,"06","7",1,0,0,1,NORMAL
852,852,30,EMP1049,EMP1047,5112,5112,30,"06","7",1,0,0,1,NORMAL
1221,1221,30,EMP1049,EMP1047,7326,7326,30,"06","7",1,0,0,1,DELAY
51000,51000,30,EMP1045,EMP1007,306000,306000,20,"06","2",1,0,2,1,RISK
92662,92662,30,EMP1045,EMP1007,555975,555975,20,"06","2",1,0,2,1,DELAY
82950,82950,30,EMP1045,EMP1007,497700,497700,20,"06","2",1,0,2,1,DELAY
74550,74550,30,EMP1045,EMP1007,447300,447300,20,"06","2",1,0,2,1,RISK
106837,106837,30,EMP1045,EMP1007,641025,641025,20,"06","2",1,0,2,1,DELAY
12178,12178,30,EMP1045,EMP1007,73071,73071,20,"06","2",1,0,2,1,DELAY
10902,10902,30,EMP1045,EMP1007,65412,65412,20,"06","2",1,0,2,1,RISK
9798,9798,30,EMP1045,EMP1007,58788,58788,20,"06","2",1,0,2,1,DELAY
14041,14041,30,EMP1045,EMP1007,84249,84249,20,"06","2",1,0,2,1,DELAY
11437,11437,30,EMP1045,EMP1007,68624,68624,20,"06","2",1,0,2,1,DELAY
10238,10238,30,EMP1045,EMP1007,61431,61431,20,"06","2",1,0,2,1,DELAY
9201,9201,30,EMP1045,EMP1007,55210,55210,20,"06","2",1,0,2,1,DELAY
13186,13186,30,EMP1045,EMP1007,79121,79121,20,"06","2",1,0,2,1,DELAY
1059,1059,30,EMP1045,EMP1007,6354,6354,30,"06","2",1,0,0,1,NORMAL
948,948,30,EMP1045,EMP1007,5688,5688,30,"06","2",1,0,0,1,DELAY
852,852,30,EMP1045,EMP1007,5112,5112,30,"06","2",1,0,0,1,NORMAL
1221,1221,30,EMP1045,EMP1007,7326,7326,30,"06","2",1,0,0,1,NORMAL
51000,51000,30,EMP1052,EMP1007,306000,306000,20,"06","3",1,0,2,1,DELAY
9980,9980,30,EMP1003,EMP1050,49896,49896,20,"05","3",0,0,2,0,NORMAL
13760,13760,30,EMP1003,EMP1050,68796,68796,20,"05","3",0,0,2,0,NORMAL
9288,9288,30,EMP1003,EMP1050,46440,46440,20,"05","3",0,0,2,0,NORMAL
13220,13220,30,EMP1003,EMP1050,66096,66096,20,"05","3",0,0,2,0,NORMAL
924,924,30,EMP1003,EMP1050,4620,4620,30,"05","3",0,0,0,0,NORMAL
1274,1274,30,EMP1003,EMP1050,6370,6370,30,"05","3",0,0,0,0,NORMAL
860,860,30,EMP1003,EMP1050,4300,4300,30,"05","3",0,0,0,0,NORMAL
1224,1224,30,EMP1003,EMP1050,6120,6120,30,"05","3",0,0,0,0,NORMAL
51000,51000,30,EMP1049,EMP1052,306000,306000,20,"05","4",0,0,2,0,NORMAL
92662,92662,30,EMP1049,EMP1052,555975,555975,20,"05","4",0,0,2,0,NORMAL
82950,82950,30,EMP1049,EMP1052,497700,497700,20,"05","4",0,0,2,0,NORMAL
74550,74550,30,EMP1049,EMP1052,447300,447300,20,"05","4",0,0,2,0,NORMAL
106837,106837,30,EMP1049,EMP1052,641025,641025,20,"05","4",0,0,2,0,NORMAL
12178,12178,30,EMP1049,EMP1052,73071,73071,20,"05","4",0,0,2,0,NORMAL
10902,10902,30,EMP1049,EMP1052,65412,65412,20,"05","4",0,0,2,0,NORMAL
9798,9798,30,EMP1049,EMP1052,58788,58788,20,"05","4",0,0,2,0,NORMAL
14041,14041,30,EMP1049,EMP1052,84249,84249,20,"05","4",0,0,2,0,NORMAL
11437,11437,30,EMP1049,EMP1052,68624,68624,20,"05","4",0,0,2,0,NORMAL
10238,10238,30,EMP1049,EMP1052,61431,61431,20,"05","4",0,0,2,0,NORMAL
9201,9201,30,EMP1049,EMP1052,55210,55210,20,"05","4",0,0,2,0,NORMAL
13186,13186,30,EMP1049,EMP1052,79121,79121,20,"05","4",0,0,2,0,NORMAL
1059,1059,30,EMP1049,EMP1052,6354,6354,30,"05","4",0,0,0,0,NORMAL
948,948,30,EMP1049,EMP1052,5688,5688,30,"05","4",0,0,0,0,NORMAL
852,852,30,EMP1049,EMP1052,5112,5112,30,"05","4",0,0,0,0,NORMAL
1221,1221,30,EMP1049,EMP1052,7326,7326,30,"05","4",0,0,0,0,NORMAL
51000,51000,30,EMP1005,EMP1002,306000,306000,20,"05","5",0,0,2,0,NORMAL
92662,92662,30,EMP1005,EMP1002,555975,555975,20,"05","5",0,0,2,0,NORMAL
82950,82950,30,EMP1005,EMP1002,497700,497700,20,"05","5",0,0,2,0,NORMAL
74550,74550,30,EMP1005,EMP1002,447300,447300,20,"05","5",0,0,2,0,NORMAL
106837,106837,30,EMP1005,EMP1002,641025,641025,20,"05","5",0,0,2,0,NORMAL
12178,12178,30,EMP1005,EMP1002,73071,73071,20,"05","5",0,0,2,0,NORMAL
10902,10902,30,EMP1005,EMP1002,65412,65412,20,"05","5",0,0,2,0,NORMAL
9798,9798,30,EMP1005,EMP1002,58788,58788,20,"05","5",0,0,2,0,NORMAL
14041,14041,30,EMP1005,EMP1002,84249,84249,20,"05","5",0,0,2,0,NORMAL
11437,11437,30,EMP1005,EMP1002,68624,68624,20,"05","5",0,0,2,0,NORMAL
10238,10238,30,EMP1005,EMP1002,61431,61431,20,"05","5",0,0,2,0,NORMAL
9201,9201,30,EMP1005,EMP1002,55210,55210,20,"05","5",0,0,2,0,NORMAL
13186,13186,30,EMP1005,EMP1002,79121,79121,20,"05","5",0,0,2,0,NORMAL
1059,1059,30,EMP1005,EMP1002,6354,6354,30,"05","5",0,0,0,0,NORMAL
948,948,30,EMP1005,EMP1002,5688,5688,30,"05","5",0,0,0,0,NORMAL
852,852,30,EMP1005,EMP1002,5112,5112,30,"05","5",0,0,0,0,NORMAL
1221,1221,30,EMP1005,EMP1002,7326,7326,30,"05","5",0,0,0,0,NORMAL
51000,51000,30,EMP1001,EMP1050,306000,306000,20,"05","6",0,0,2,0,NORMAL
92662,92662,30,EMP1001,EMP1050,555975,555975,20,"05","6",0,0,2,0,NORMAL
82950,82950,30,EMP1001,EMP1050,497700,497700,20,"05","6",0,0,2,0,NORMAL
74550,74550,30,EMP1001,EMP1050,447300,447300,20,"05","6",0,0,2,0,NORMAL
106837,106837,30,EMP1001,EMP1050,641025,641025,20,"05","6",0,0,2,0,NORMAL
12178,12178,30,EMP1001,EMP1050,73071,73071,20,"05","6",0,0,2,0,NORMAL
10902,10902,30,EMP1001,EMP1050,65412,65412,20,"05","6",0,0,2,0,DELAY
9798,9798,30,EMP1001,EMP1050,58788,58788,20,"05","6",0,0,2,0,NORMAL
13759,13759,30,EMP1046,EMP1001,68796,68796,20,"05","5",0,0,2,0,NORMAL
9288,9288,30,EMP1046,EMP1001,46440,46440,20,"05","5",0,0,2,0,NORMAL
13219,13219,30,EMP1046,EMP1001,66096,66096,20,"05","5",0,0,2,0,NORMAL
924,924,30,EMP1046,EMP1001,4620,4620,30,"05","5",0,0,0,0,NORMAL
1274,1274,30,EMP1046,EMP1001,6370,6370,30,"05","5",0,0,0,0,NORMAL
860,860,30,EMP1046,EMP1001,4300,4300,30,"05","5",0,0,0,0,NORMAL
1224,1224,30,EMP1046,EMP1001,6120,6120,30,"05","5",0,0,0,0,NORMAL
53525,53525,30,EMP1057,EMP1002,267625,267625,20,"05","6",0,0,2,0,NORMAL
80850,80850,30,EMP1057,EMP1002,404250,404250,20,"05","6",0,0,2,0,NORMAL
111475,111475,30,EMP1057,EMP1002,557375,557375,20,"05","6",0,0,2,0,NORMAL
75250,75250,30,EMP1057,EMP1002,376250,376250,20,"05","6",0,0,2,0,NORMAL
107100,107100,30,EMP1057,EMP1002,535500,535500,20,"05","6",0,0,2,0,NORMAL
10626,10626,30,EMP1057,EMP1002,53130,53130,20,"05","6",0,0,2,0,NORMAL
14651,14651,30,EMP1057,EMP1002,73255,73255,20,"05","6",0,0,2,0,NORMAL
9890,9890,30,EMP1057,EMP1002,49450,49450,20,"05","6",0,0,2,0,NORMAL
14076,14076,30,EMP1057,EMP1002,70380,70380,20,"05","6",0,0,2,0,NORMAL
9979,9979,30,EMP1057,EMP1002,49896,49896,20,"05","6",0,0,2,0,NORMAL
13759,13759,30,EMP1057,EMP1002,68796,68796,20,"05","6",0,0,2,0,NORMAL
9288,9288,30,EMP1057,EMP1002,46440,46440,20,"05","6",0,0,2,0,NORMAL
13219,13219,30,EMP1057,EMP1002,66096,66096,20,"05","6",0,0,2,0,NORMAL
924,924,30,EMP1057,EMP1002,4620,4620,30,"05","6",0,0,0,0,NORMAL
1274,1274,30,EMP1057,EMP1002,6370,6370,30,"05","6",0,0,0,0,NORMAL
860,860,30,EMP1057,EMP1002,4300,4300,30,"05","6",0,0,0,0,NORMAL
1224,1224,30,EMP1057,EMP1002,6120,6120,30,"05","6",0,0,0,0,NORMAL
53525,53525,30,EMP1043,EMP1043,267625,267625,20,"05","2",0,0,2,0,NORMAL
80850,80850,30,EMP1043,EMP1043,404250,404250,20,"05","2",0,0,2,0,NORMAL
111475,111475,30,EMP1043,EMP1043,557375,557375,20,"05","2",0,0,2,0,NORMAL
75250,75250,30,EMP1043,EMP1043,376250,376250,20,"05","2",0,0,2,0,NORMAL
107100,107100,30,EMP1043,EMP1043,535500,535500,20,"05","2",0,0,2,0,NORMAL
10626,10626,30,EMP1043,EMP1043,53130,53130,20,"05","2",0,0,2,0,DELAY
14651,14651,30,EMP1043,EMP1043,73255,73255,20,"05","2",0,0,2,0,NORMAL
9890,9890,30,EMP1043,EMP1043,49450,49450,20,"05","2",0,0,2,0,NORMAL
14076,14076,30,EMP1043,EMP1043,70380,70380,20,"05","2",0,0,2,0,NORMAL
9979,9979,30,EMP1043,EMP1043,49896,49896,20,"05","2",0,0,2,0,NORMAL
13759,13759,30,EMP1043,EMP1043,68796,68796,20,"05","2",0,0,2,0,NORMAL
9288,9288,30,EMP1043,EMP1043,46440,46440,20,"05","2",0,0,2,0,NORMAL
13219,13219,30,EMP1043,EMP1043,66096,66096,20,"05","2",0,0,2,0,DELAY
924,924,30,EMP1043,EMP1043,4620,4620,30,"05","2",0,0,0,0,NORMAL
1274,1274,30,EMP1043,EMP1043,6370,6370,30,"05","2",0,0,0,0,NORMAL
860,860,30,EMP1043,EMP1043,4300,4300,30,"05","2",0,0,0,0,NORMAL
1224,1224,30,EMP1043,EMP1043,6120,6120,30,"05","2",0,0,0,0,NORMAL
53525,53525,30,EMP1003,EMP1050,267625,267625,20,"05","3",0,0,2,0,NORMAL
80850,80850,30,EMP1003,EMP1050,404250,404250,20,"05","3",0,0,2,0,NORMAL
111475,111475,30,EMP1003,EMP1050,557375,557375,20,"05","3",0,0,2,0,NORMAL
75250,75250,30,EMP1003,EMP1050,376250,376250,20,"05","3",0,0,2,0,NORMAL
107100,107100,30,EMP1003,EMP1050,535500,535500,20,"05","3",0,0,2,0,NORMAL
10626,10626,30,EMP1003,EMP1050,53130,53130,20,"05","3",0,0,2,0,NORMAL
14651,14651,30,EMP1003,EMP1050,73255,73255,20,"05","3",0,0,2,0,NORMAL
9890,9890,30,EMP1003,EMP1050,49450,49450,20,"05","3",0,0,2,0,NORMAL
14076,14076,30,EMP1003,EMP1050,70380,70380,20,"05","3",0,0,2,0,NORMAL
9331,9331,30,EMP1044,EMP1041,46656,46656,20,"05","2",0,0,2,0,NORMAL
13003,13003,30,EMP1044,EMP1041,65016,65016,20,"05","2",0,0,2,0,NORMAL
804,804,30,EMP1044,EMP1041,4020,4020,30,"05","2",0,0,0,0,NORMAL
1002,1002,30,EMP1044,EMP1041,5010,5010,30,"05","2",0,0,0,0,NORMAL
864,864,30,EMP1044,EMP1041,4320,4320,30,"05","2",0,0,0,0,NORMAL
1204,1204,30,EMP1044,EMP1041,6020,6020,30,"05","2",0,0,0,0,NORMAL
48425,48425,30,EMP1047,EMP1005,242125,242125,20,"05","3",0,0,2,0,NORMAL
70350,70350,30,EMP1047,EMP1005,351750,351750,20,"05","3",0,0,2,0,NORMAL
87675,87675,30,EMP1047,EMP1005,438375,438375,20,"05","3",0,0,2,0,NORMAL
75600,75600,30,EMP1047,EMP1005,378000,378000,20,"05","3",0,0,2,0,NORMAL
105350,105350,30,EMP1047,EMP1005,526750,526750,20,"05","3",0,0,2,0,NORMAL
9246,9246,30,EMP1047,EMP1005,46230,46230,20,"05","3",0,0,2,0,NORMAL
11523,11523,30,EMP1047,EMP1005,57615,57615,20,"05","3",0,0,2,0,NORMAL
9936,9936,30,EMP1047,EMP1005,49680,49680,20,"05","3",0,0,2,0,NORMAL
13846,13846,30,EMP1047,EMP1005,69230,69230,20,"05","3",0,0,2,0,NORMAL
8684,8684,30,EMP1047,EMP1005,43416,43416,20,"05","3",0,0,2,0,NORMAL
10824,10824,30,EMP1047,EMP1005,54108,54108,20,"05","3",0,0,2,0,NORMAL
9332,9332,30,EMP1047,EMP1005,46656,46656,20,"05","3",0,0,2,0,NORMAL
13004,13004,30,EMP1047,EMP1005,65016,65016,20,"05","3",0,0,2,0,NORMAL
804,804,30,EMP1047,EMP1005,4020,4020,30,"05","3",0,0,0,0,NORMAL
1002,1002,30,EMP1047,EMP1005,5010,5010,30,"05","3",0,0,0,0,NORMAL
864,864,30,EMP1047,EMP1005,4320,4320,30,"05","3",0,0,0,0,NORMAL
1204,1204,30,EMP1047,EMP1005,6020,6020,30,"05","3",0,0,0,0,NORMAL
53525,53525,30,EMP1041,EMP1055,267625,267625,20,"05","4",0,0,2,0,NORMAL
80850,80850,30,EMP1041,EMP1055,404250,404250,20,"05","4",0,0,2,0,NORMAL
111475,111475,30,EMP1041,EMP1055,557375,557375,20,"05","4",0,0,2,0,NORMAL
75250,75250,30,EMP1041,EMP1055,376250,376250,20,"05","4",0,0,2,0,NORMAL
107100,107100,30,EMP1041,EMP1055,535500,535500,20,"05","4",0,0,2,0,NORMAL
10626,10626,30,EMP1041,EMP1055,53130,53130,20,"05","4",0,0,2,0,NORMAL
14651,14651,30,EMP1041,EMP1055,73255,73255,20,"05","4",0,0,2,0,NORMAL
9890,9890,30,EMP1041,EMP1055,49450,49450,20,"05","4",0,0,2,0,NORMAL
14076,14076,30,EMP1041,EMP1055,70380,70380,20,"05","4",0,0,2,0,NORMAL
9979,9979,30,EMP1041,EMP1055,49896,49896,20,"05","4",0,0,2,0,DELAY
13759,13759,30,EMP1041,EMP1055,68796,68796,20,"05","4",0,0,2,0,NORMAL
9288,9288,30,EMP1041,EMP1055,46440,46440,20,"05","4",0,0,2,0,NORMAL
13219,13219,30,EMP1041,EMP1055,66096,66096,20,"05","4",0,0,2,0,NORMAL
924,924,30,EMP1041,EMP1055,4620,4620,30,"05","4",0,0,0,0,NORMAL
1274,1274,30,EMP1041,EMP1055,6370,6370,30,"05","4",0,0,0,0,NORMAL
860,860,30,EMP1041,EMP1055,4300,4300,30,"05","4",0,0,0,0,NORMAL
1224,1224,30,EMP1041,EMP1055,6120,6120,30,"05","4",0,0,0,0,NORMAL
53525,53525,30,EMP1046,EMP1001,267625,267625,20,"05","5",0,0,2,0,NORMAL
80850,80850,30,EMP1046,EMP1001,404250,404250,20,"05","5",0,0,2,0,NORMAL
111475,111475,30,EMP1046,EMP1001,557375,557375,20,"05","5",0,0,2,0,NORMAL
75250,75250,30,EMP1046,EMP1001,376250,376250,20,"05","5",0,0,2,0,NORMAL
107100,107100,30,EMP1046,EMP1001,535500,535500,20,"05","5",0,0,2,0,NORMAL
10626,10626,30,EMP1046,EMP1001,53130,53130,20,"05","5",0,0,2,0,NORMAL
14651,14651,30,EMP1046,EMP1001,73255,73255,20,"05","5",0,0,2,0,NORMAL
9890,9890,30,EMP1046,EMP1001,49450,49450,20,"05","5",0,0,2,0,NORMAL
14076,14076,30,EMP1046,EMP1001,70380,70380,20,"05","5",0,0,2,0,NORMAL
9979,9979,30,EMP1046,EMP1001,49896,49896,20,"05","5",0,0,2,0,NORMAL
13003,13003,30,EMP1007,EMP1052,65016,65016,20,"05","4",0,0,2,0,NORMAL
804,804,30,EMP1007,EMP1052,4020,4020,30,"05","4",0,0,0,0,NORMAL
1002,1002,30,EMP1007,EMP1052,5010,5010,30,"05","4",0,0,0,0,NORMAL
864,864,30,EMP1007,EMP1052,4320,4320,30,"05","4",0,0,0,0,NORMAL
1204,1204,30,EMP1007,EMP1052,6020,6020,30,"05","4",0,0,0,0,NORMAL
48425,48425,30,EMP1007,EMP1002,242125,242125,20,"05","5",0,0,2,0,NORMAL
70350,70350,30,EMP1007,EMP1002,351750,351750,20,"05","5",0,0,2,0,NORMAL
87675,87675,30,EMP1007,EMP1002,438375,438375,20,"05","5",0,0,2,0,NORMAL
75600,75600,30,EMP1007,EMP1002,378000,378000,20,"05","5",0,0,2,0,NORMAL
105350,105350,30,EMP1007,EMP1002,526750,526750,20,"05","5",0,0,2,0,NORMAL
9246,9246,30,EMP1007,EMP1002,46230,46230,20,"05","5",0,0,2,0,NORMAL
11523,11523,30,EMP1007,EMP1002,57615,57615,20,"05","5",0,0,2,0,NORMAL
9936,9936,30,EMP1007,EMP1002,49680,49680,20,"05","5",0,0,2,0,NORMAL
13846,13846,30,EMP1007,EMP1002,69230,69230,20,"05","5",0,0,2,0,NORMAL
8683,8683,30,EMP1007,EMP1002,43416,43416,20,"05","5",0,0,2,0,NORMAL
10821,10821,30,EMP1007,EMP1002,54108,54108,20,"05","5",0,0,2,0,NORMAL
9331,9331,30,EMP1007,EMP1002,46656,46656,20,"05","5",0,0,2,0,NORMAL
13003,13003,30,EMP1007,EMP1002,65016,65016,20,"05","5",0,0,2,0,NORMAL
804,804,30,EMP1007,EMP1002,4020,4020,30,"05","5",0,0,0,0,NORMAL
1002,1002,30,EMP1007,EMP1002,5010,5010,30,"05","5",0,0,0,0,NORMAL
864,864,30,EMP1007,EMP1002,4320,4320,30,"05","5",0,0,0,0,NORMAL
1204,1204,30,EMP1007,EMP1002,6020,6020,30,"05","5",0,0,0,0,NORMAL
48425,48425,30,EMP1055,EMP1003,242125,242125,20,"05","6",0,0,2,0,NORMAL
70350,70350,30,EMP1055,EMP1003,351750,351750,20,"05","6",0,0,2,0,NORMAL
87675,87675,30,EMP1055,EMP1003,438375,438375,20,"05","6",0,0,2,0,NORMAL
75600,75600,30,EMP1055,EMP1003,378000,378000,20,"05","6",0,0,2,0,NORMAL
105350,105350,30,EMP1055,EMP1003,526750,526750,20,"05","6",0,0,2,0,NORMAL
9246,9246,30,EMP1055,EMP1003,46230,46230,20,"05","6",0,0,2,0,NORMAL
11523,11523,30,EMP1055,EMP1003,57615,57615,20,"05","6",0,0,2,0,NORMAL
9936,9936,30,EMP1055,EMP1003,49680,49680,20,"05","6",0,0,2,0,NORMAL
13846,13846,30,EMP1055,EMP1003,69230,69230,20,"05","6",0,0,2,0,NORMAL
8683,8683,30,EMP1055,EMP1003,43416,43416,20,"05","6",0,0,2,0,DELAY
10821,10821,30,EMP1055,EMP1003,54108,54108,20,"05","6",0,0,2,0,NORMAL
9331,9331,30,EMP1055,EMP1003,46656,46656,20,"05","6",0,0,2,0,NORMAL
13003,13003,30,EMP1055,EMP1003,65016,65016,20,"05","6",0,0,2,0,NORMAL
804,804,30,EMP1055,EMP1003,4020,4020,30,"05","6",0,0,0,0,NORMAL
1002,1002,30,EMP1055,EMP1003,5010,5010,30,"05","6",0,0,0,0,NORMAL
864,864,30,EMP1055,EMP1003,4320,4320,30,"05","6",0,0,0,0,NORMAL
1204,1204,30,EMP1055,EMP1003,6020,6020,30,"05","6",0,0,0,0,NORMAL
48425,48425,30,EMP1044,EMP1041,242125,242125,20,"05","2",0,0,2,0,NORMAL
70350,70350,30,EMP1044,EMP1041,351750,351750,20,"05","2",0,0,2,0,NORMAL
87675,87675,30,EMP1044,EMP1041,438375,438375,20,"05","2",0,0,2,0,NORMAL
75600,75600,30,EMP1044,EMP1041,378000,378000,20,"05","2",0,0,2,0,NORMAL
105350,105350,30,EMP1044,EMP1041,526750,526750,20,"05","2",0,0,2,0,NORMAL
9246,9246,30,EMP1044,EMP1041,46230,46230,20,"05","2",0,0,2,0,NORMAL
11523,11523,30,EMP1044,EMP1041,57615,57615,20,"05","2",0,0,2,0,DELAY
9936,9936,30,EMP1044,EMP1041,49680,49680,20,"05","2",0,0,2,0,NORMAL
13846,13846,30,EMP1044,EMP1041,69230,69230,20,"05","2",0,0,2,0,NORMAL
8683,8683,30,EMP1044,EMP1041,43416,43416,20,"05","2",0,0,2,0,NORMAL
10821,10821,30,EMP1044,EMP1041,54108,54108,20,"05","2",0,0,2,0,NORMAL
1171,1171,30,EMP1059,EMP1054,5855,5855,30,"05","6",0,0,0,0,NORMAL
958,958,30,EMP1059,EMP1054,4790,4790,30,"05","6",0,0,0,0,NORMAL
711,711,30,EMP1059,EMP1054,3555,3555,30,"05","6",0,0,0,0,NORMAL
848,848,30,EMP1059,EMP1054,4240,4240,30,"05","6",0,0,0,0,NORMAL
46100,46100,30,EMP1004,EMP1007,230500,230500,20,"05","2",0,0,2,0,NORMAL
102462,102462,30,EMP1004,EMP1007,512313,512313,20,"05","2",0,0,2,0,NORMAL
83825,83825,30,EMP1004,EMP1007,419125,419125,20,"05","2",0,0,2,0,NORMAL
62212,62212,30,EMP1004,EMP1007,311063,311063,20,"05","2",0,0,2,0,NORMAL
74200,74200,30,EMP1004,EMP1007,371000,371000,20,"05","2",0,0,2,0,NORMAL
13466,13466,30,EMP1004,EMP1007,67333,67333,20,"05","2",0,0,2,0,NORMAL
11017,11017,30,EMP1004,EMP1007,55085,55085,20,"05","2",0,0,2,0,NORMAL
8176,8176,30,EMP1004,EMP1007,40883,40883,20,"05","2",0,0,2,0,NORMAL
9752,9752,30,EMP1004,EMP1007,48760,48760,20,"05","2",0,0,2,0,NORMAL
12646,12646,30,EMP1004,EMP1007,63234,63234,20,"05","2",0,0,2,0,NORMAL
10346,10346,30,EMP1004,EMP1007,51732,51732,20,"05","2",0,0,2,0,DELAY
7678,7678,30,EMP1004,EMP1007,38394,38394,20,"05","2",0,0,2,0,NORMAL
9158,9158,30,EMP1004,EMP1007,45792,45792,20,"05","2",0,0,2,0,NORMAL
1171,1171,30,EMP1004,EMP1007,5855,5855,30,"05","2",0,0,0,0,NORMAL
958,958,30,EMP1004,EMP1007,4790,4790,30,"05","2",0,0,0,0,NORMAL
711,711,30,EMP1004,EMP1007,3555,3555,30,"05","2",0,0,0,0,NORMAL
848,848,30,EMP1004,EMP1007,4240,4240,30,"05","2",0,0,0,0,NORMAL
46100,46100,30,EMP1041,EMP1050,230500,230500,20,"05","3",0,0,2,0,NORMAL
102465,102465,30,EMP1041,EMP1050,512313,512313,20,"05","3",0,0,2,0,NORMAL
83825,83825,30,EMP1041,EMP1050,419125,419125,20,"05","3",0,0,2,0,NORMAL
62215,62215,30,EMP1041,EMP1050,311063,311063,20,"05","3",0,0,2,0,NORMAL
74200,74200,30,EMP1041,EMP1050,371000,371000,20,"05","3",0,0,2,0,NORMAL
13469,13469,30,EMP1041,EMP1050,67333,67333,20,"05","3",0,0,2,0,NORMAL
11017,11017,30,EMP1041,EMP1050,55085,55085,20,"05","3",0,0,2,0,NORMAL
8179,8179,30,EMP1041,EMP1050,40883,40883,20,"05","3",0,0,2,0,NORMAL
9752,9752,30,EMP1041,EMP1050,48760,48760,20,"05","3",0,0,2,0,NORMAL
12650,12650,30,EMP1041,EMP1050,63234,63234,20,"05","3",0,0,2,0,NORMAL
10348,10348,30,EMP1041,EMP1050,51732,51732,20,"05","3",0,0,2,0,NORMAL
7682,7682,30,EMP1041,EMP1050,38394,38394,20,"05","3",0,0,2,0,NORMAL
9160,9160,30,EMP1041,EMP1050,45792,45792,20,"05","3",0,0,2,0,NORMAL
1171,1171,30,EMP1041,EMP1050,5855,5855,30,"05","3",0,0,0,0,NORMAL
958,958,30,EMP1041,EMP1050,4790,4790,30,"05","3",0,0,0,0,NORMAL
711,711,30,EMP1041,EMP1050,3555,3555,30,"05","3",0,0,0,0,NORMAL
848,848,30,EMP1041,EMP1050,4240,4240,30,"05","3",0,0,0,0,NORMAL
48425,48425,30,EMP1007,EMP1052,242125,242125,20,"05","4",0,0,2,0,NORMAL
70350,70350,30,EMP1007,EMP1052,351750,351750,20,"05","4",0,0,2,0,NORMAL
87675,87675,30,EMP1007,EMP1052,438375,438375,20,"05","4",0,0,2,0,NORMAL
75600,75600,30,EMP1007,EMP1052,378000,378000,20,"05","4",0,0,2,0,NORMAL
105350,105350,30,EMP1007,EMP1052,526750,526750,20,"05","4",0,0,2,0,NORMAL
9246,9246,30,EMP1007,EMP1052,46230,46230,20,"05","4",0,0,2,0,NORMAL
11523,11523,30,EMP1007,EMP1052,57615,57615,20,"05","4",0,0,2,0,NORMAL
9936,9936,30,EMP1007,EMP1052,49680,49680,20,"05","4",0,0,2,0,NORMAL
13846,13846,30,EMP1007,EMP1052,69230,69230,20,"05","4",0,0,2,0,NORMAL
8683,8683,30,EMP1007,EMP1052,43416,43416,20,"05","4",0,0,2,0,NORMAL
10821,10821,30,EMP1007,EMP1052,54108,54108,20,"05","4",0,0,2,0,NORMAL
9331,9331,30,EMP1007,EMP1052,46656,46656,20,"05","4",0,0,2,0,NORMAL
1114,1114,30,EMP1045,EMP1041,6684,6684,30,"05","3",0,0,0,0,NORMAL
776,776,30,EMP1045,EMP1041,4656,4656,30,"05","3",0,0,0,0,NORMAL
46100,46100,30,EMP1005,EMP1059,230500,230500,20,"05","4",0,0,2,0,NORMAL
102462,102462,30,EMP1005,EMP1059,512313,512313,20,"05","4",0,0,2,0,NORMAL
83825,83825,30,EMP1005,EMP1059,419125,419125,20,"05","4",0,0,2,0,NORMAL
62212,62212,30,EMP1005,EMP1059,311063,311063,20,"05","4",0,0,2,0,NORMAL
74200,74200,30,EMP1005,EMP1059,371000,371000,20,"05","4",0,0,2,0,NORMAL
13466,13466,30,EMP1005,EMP1059,67333,67333,20,"05","4",0,0,2,0,DELAY
11017,11017,30,EMP1005,EMP1059,55085,55085,20,"05","4",0,0,2,0,NORMAL
8176,8176,30,EMP1005,EMP1059,40883,40883,20,"05","4",0,0,2,0,NORMAL
9752,9752,30,EMP1005,EMP1059,48760,48760,20,"05","4",0,0,2,0,NORMAL
12646,12646,30,EMP1005,EMP1059,63234,63234,20,"05","4",0,0,2,0,NORMAL
10346,10346,30,EMP1005,EMP1059,51732,51732,20,"05","4",0,0,2,0,NORMAL
7678,7678,30,EMP1005,EMP1059,38394,38394,20,"05","4",0,0,2,0,NORMAL
9158,9158,30,EMP1005,EMP1059,45792,45792,20,"05","4",0,0,2,0,NORMAL
1171,1171,30,EMP1005,EMP1059,5855,5855,30,"05","4",0,0,0,0,NORMAL
958,958,30,EMP1005,EMP1059,4790,4790,30,"05","4",0,0,0,0,NORMAL
711,711,30,EMP1005,EMP1059,3555,3555,30,"05","4",0,0,0,0,NORMAL
848,848,30,EMP1005,EMP1059,4240,4240,30,"05","4",0,0,0,0,NORMAL
46100,46100,30,EMP1045,EMP1059,230500,230500,20,"05","5",0,0,2,0,DELAY
102462,102462,30,EMP1045,EMP1059,512313,512313,20,"05","5",0,0,2,0,NORMAL
83825,83825,30,EMP1045,EMP1059,419125,419125,20,"05","5",0,0,2,0,DELAY
62212,62212,30,EMP1045,EMP1059,311063,311063,20,"05","5",0,0,2,0,NORMAL
74200,74200,30,EMP1045,EMP1059,371000,371000,20,"05","5",0,0,2,0,NORMAL
13466,13466,30,EMP1045,EMP1059,67333,67333,20,"05","5",0,0,2,0,NORMAL
11017,11017,30,EMP1045,EMP1059,55085,55085,20,"05","5",0,0,2,0,NORMAL
8176,8176,30,EMP1045,EMP1059,40883,40883,20,"05","5",0,0,2,0,NORMAL
9752,9752,30,EMP1045,EMP1059,48760,48760,20,"05","5",0,0,2,0,NORMAL
12646,12646,30,EMP1045,EMP1059,63234,63234,20,"05","5",0,0,2,0,NORMAL
10346,10346,30,EMP1045,EMP1059,51732,51732,20,"05","5",0,0,2,0,NORMAL
7678,7678,30,EMP1045,EMP1059,38394,38394,20,"05","5",0,0,2,0,DELAY
9158,9158,30,EMP1045,EMP1059,45792,45792,20,"05","5",0,0,2,0,NORMAL
1171,1171,30,EMP1045,EMP1059,5855,5855,30,"05","5",0,0,0,0,NORMAL
958,958,30,EMP1045,EMP1059,4790,4790,30,"05","5",0,0,0,0,NORMAL
711,711,30,EMP1045,EMP1059,3555,3555,30,"05","5",0,0,0,0,NORMAL
848,848,30,EMP1045,EMP1059,4240,4240,30,"05","5",0,0,0,0,NORMAL
46100,46100,30,EMP1059,EMP1054,230500,230500,20,"05","6",0,0,2,0,NORMAL
102462,102462,30,EMP1059,EMP1054,512313,512313,20,"05","6",0,0,2,0,NORMAL
83825,83825,30,EMP1059,EMP1054,419125,419125,20,"05","6",0,0,2,0,NORMAL
62212,62212,30,EMP1059,EMP1054,311063,311063,20,"05","6",0,0,2,0,NORMAL
74200,74200,30,EMP1059,EMP1054,371000,371000,20,"05","6",0,0,2,0,NORMAL
13466,13466,30,EMP1059,EMP1054,67333,67333,20,"05","6",0,0,2,0,NORMAL
11017,11017,30,EMP1059,EMP1054,55085,55085,20,"05","6",0,0,2,0,NORMAL
8176,8176,30,EMP1059,EMP1054,40883,40883,20,"05","6",0,0,2,0,NORMAL
9752,9752,30,EMP1059,EMP1054,48760,48760,20,"05","6",0,0,2,0,DELAY
12646,12646,30,EMP1059,EMP1054,63234,63234,20,"05","6",0,0,2,0,NORMAL
10346,10346,30,EMP1059,EMP1054,51732,51732,20,"05","6",0,0,2,0,NORMAL
7678,7678,30,EMP1059,EMP1054,38394,38394,20,"05","6",0,0,2,0,NORMAL
9158,9158,30,EMP1059,EMP1054,45792,45792,20,"05","6",0,0,2,0,NORMAL
776,776,30,EMP1006,EMP1048,4656,4656,30,"05","6",0,0,0,0,NORMAL
48300,48300,30,EMP1054,EMP1052,289800,289800,20,"05","7",0,0,2,0,NORMAL
77437,77437,30,EMP1054,EMP1052,464625,464625,20,"05","7",0,0,2,0,NORMAL
95287,95287,30,EMP1054,EMP1052,571725,571725,20,"05","7",0,0,2,0,NORMAL
97475,97475,30,EMP1054,EMP1052,584850,584850,20,"05","7",0,0,2,0,NORMAL
67900,67900,30,EMP1054,EMP1052,407400,407400,20,"05","7",0,0,2,0,NORMAL
10177,10177,30,EMP1054,EMP1052,61065,61065,20,"05","7",0,0,2,0,NORMAL
12523,12523,30,EMP1054,EMP1052,75141,75141,20,"05","7",0,0,2,0,NORMAL
12811,12811,30,EMP1054,EMP1052,76866,76866,20,"05","7",0,0,2,0,NORMAL
8924,8924,30,EMP1054,EMP1052,53544,53544,20,"05","7",0,0,2,0,NORMAL
9558,9558,30,EMP1054,EMP1052,57348,57348,20,"05","7",0,0,2,0,NORMAL
11761,11761,30,EMP1054,EMP1052,70568,70568,20,"05","7",0,0,2,0,NORMAL
12031,12031,30,EMP1054,EMP1052,72188,72188,20,"05","7",0,0,2,0,NORMAL
8380,8380,30,EMP1054,EMP1052,50285,50285,20,"05","7",0,0,2,0,NORMAL
885,885,30,EMP1054,EMP1052,5310,5310,30,"05","7",0,0,0,0,NORMAL
1089,1089,30,EMP1054,EMP1052,6534,6534,30,"05","7",0,0,0,0,NORMAL
1114,1114,30,EMP1054,EMP1052,6684,6684,30,"05","7",0,0,0,0,NORMAL
776,776,30,EMP1054,EMP1052,4656,4656,30,"05","7",0,0,0,0,NORMAL
48300,48300,30,EMP1051,EMP1043,289800,289800,20,"05","2",0,0,2,0,NORMAL
77437,77437,30,EMP1051,EMP1043,464625,464625,20,"05","2",0,0,2,0,NORMAL
95287,95287,30,EMP1051,EMP1043,571725,571725,20,"05","2",0,0,2,0,NORMAL
97475,97475,30,EMP1051,EMP1043,584850,584850,20,"05","2",0,0,2,0,NORMAL
67900,67900,30,EMP1051,EMP1043,407400,407400,20,"05","2",0,0,2,0,NORMAL
10177,10177,30,EMP1051,EMP1043,61065,61065,20,"05","2",0,0,2,0,NORMAL
12523,12523,30,EMP1051,EMP1043,75141,75141,20,"05","2",0,0,2,0,NORMAL
12811,12811,30,EMP1051,EMP1043,76866,76866,20,"05","2",0,0,2,0,NORMAL
8924,8924,30,EMP1051,EMP1043,53544,53544,20,"05","2",0,0,2,0,NORMAL
9558,9558,30,EMP1051,EMP1043,57348,57348,20,"05","2",0,0,2,0,NORMAL
11761,11761,30,EMP1051,EMP1043,70568,70568,20,"05","2",0,0,2,0,NORMAL
12031,12031,30,EMP1051,EMP1043,72188,72188,20,"05","2",0,0,2,0,NORMAL
8380,8380,30,EMP1051,EMP1043,50285,50285,20,"05","2",0,0,2,0,NORMAL
885,885,30,EMP1051,EMP1043,5310,5310,30,"05","2",0,0,0,0,NORMAL
1089,1089,30,EMP1051,EMP1043,6534,6534,30,"05","2",0,0,0,0,NORMAL
1114,1114,30,EMP1051,EMP1043,6684,6684,30,"05","2",0,0,0,0,NORMAL
776,776,30,EMP1051,EMP1043,4656,4656,30,"05","2",0,0,0,0,NORMAL
48300,48300,30,EMP1045,EMP1041,289800,289800,20,"05","3",0,0,2,0,NORMAL
77440,77440,30,EMP1045,EMP1041,464625,464625,20,"05","3",0,0,2,0,NORMAL
95290,95290,30,EMP1045,EMP1041,571725,571725,20,"05","3",0,0,2,0,DELAY
97475,97475,30,EMP1045,EMP1041,584850,584850,20,"05","3",0,0,2,0,NORMAL
67900,67900,30,EMP1045,EMP1041,407400,407400,20,"05","3",0,0,2,0,NORMAL
10180,10180,30,EMP1045,EMP1041,61065,61065,20,"05","3",0,0,2,0,NORMAL
12526,12526,30,EMP1045,EMP1041,75141,75141,20,"05","3",0,0,2,0,NORMAL
12811,12811,30,EMP1045,EMP1041,76866,76866,20,"05","3",0,0,2,0,NORMAL
8924,8924,30,EMP1045,EMP1041,53544,53544,20,"05","3",0,0,2,0,NORMAL
9558,9558,30,EMP1045,EMP1041,57348,57348,20,"05","3",0,0,2,0,NORMAL
11763,11763,30,EMP1045,EMP1041,70568,70568,20,"05","3",0,0,2,0,NORMAL
12033,12033,30,EMP1045,EMP1041,72188,72188,20,"05","3",0,0,2,0,NORMAL
8385,8385,30,EMP1045,EMP1041,50285,50285,20,"05","3",0,0,2,0,NORMAL
885,885,30,EMP1045,EMP1041,5310,5310,30,"05","3",0,0,0,0,NORMAL
1089,1089,30,EMP1045,EMP1041,6534,6534,30,"05","3",0,0,0,0,NORMAL
1089,1089,30,EMP1007,EMP1021,6534,6534,30,"05","5",0,0,0,0,NORMAL
1114,1114,30,EMP1007,EMP1021,6684,6684,30,"05","5",0,0,0,0,NORMAL
776,776,30,EMP1007,EMP1021,4656,4656,30,"05","5",0,0,0,0,NORMAL
48300,48300,30,EMP1006,EMP1048,289800,289800,20,"05","6",0,0,2,0,NORMAL
77437,77437,30,EMP1006,EMP1048,464625,464625,20,"05","6",0,0,2,0,NORMAL
95287,95287,30,EMP1006,EMP1048,571725,571725,20,"05","6",0,0,2,0,NORMAL
97475,97475,30,EMP1006,EMP1048,584850,584850,20,"05","6",0,0,2,0,NORMAL
67900,67900,30,EMP1006,EMP1048,407400,407400,20,"05","6",0,0,2,0,NORMAL
10177,10177,30,EMP1006,EMP1048,61065,61065,20,"05","6",0,0,2,0,NORMAL
12523,12523,30,EMP1006,EMP1048,75141,75141,20,"05","6",0,0,2,0,NORMAL
12811,12811,30,EMP1006,EMP1048,76866,76866,20,"05","6",0,0,2,0,NORMAL
8924,8924,30,EMP1006,EMP1048,53544,53544,20,"05","6",0,0,2,0,NORMAL
9558,9558,30,EMP1006,EMP1048,57348,57348,20,"05","6",0,0,2,0,NORMAL
11761,11761,30,EMP1006,EMP1048,70568,70568,20,"05","6",0,0,2,0,NORMAL
12031,12031,30,EMP1006,EMP1048,72188,72188,20,"05","6",0,0,2,0,NORMAL
8380,8380,30,EMP1006,EMP1048,50285,50285,20,"05","6",0,0,2,0,NORMAL
885,885,30,EMP1006,EMP1048,5310,5310,30,"05","6",0,0,0,0,NORMAL
1089,1089,30,EMP1006,EMP1048,6534,6534,30,"05","6",0,0,0,0,NORMAL
1114,1114,30,EMP1006,EMP1048,6684,6684,30,"05","6",0,0,0,0,NORMAL
48300,48300,30,EMP1059,EMP1003,289800,289800,20,"05","4",0,0,2,0,NORMAL
77437,77437,30,EMP1059,EMP1003,464625,464625,20,"05","4",0,0,2,0,NORMAL
95287,95287,30,EMP1059,EMP1003,571725,571725,20,"05","4",0,0,2,0,NORMAL
97475,97475,30,EMP1059,EMP1003,584850,584850,20,"05","4",0,0,2,0,NORMAL
67900,67900,30,EMP1059,EMP1003,407400,407400,20,"05","4",0,0,2,0,NORMAL
10177,10177,30,EMP1059,EMP1003,61065,61065,20,"05","4",0,0,2,0,NORMAL
12523,12523,30,EMP1059,EMP1003,75141,75141,20,"05","4",0,0,2,0,DELAY
12811,12811,30,EMP1059,EMP1003,76866,76866,20,"05","4",0,0,2,0,NORMAL
8924,8924,30,EMP1059,EMP1003,53544,53544,20,"05","4",0,0,2,0,NORMAL
9558,9558,30,EMP1059,EMP1003,57348,57348,20,"05","4",0,0,2,0,NORMAL
11761,11761,30,EMP1059,EMP1003,70568,70568,20,"05","4",0,0,2,0,NORMAL
12031,12031,30,EMP1059,EMP1003,72188,72188,20,"05","4",0,0,2,0,NORMAL
8380,8380,30,EMP1059,EMP1003,50285,50285,20,"05","4",0,0,2,0,NORMAL
885,885,30,EMP1059,EMP1003,5310,5310,30,"05","4",0,0,0,0,NORMAL
1089,1089,30,EMP1059,EMP1003,6534,6534,30,"05","4",0,0,0,0,NORMAL
1114,1114,30,EMP1059,EMP1003,6684,6684,30,"05","4",0,0,0,0,NORMAL
776,776,30,EMP1059,EMP1003,4656,4656,30,"05","4",0,0,0,0,NORMAL
48300,48300,30,EMP1007,EMP1021,289800,289800,20,"05","5",0,0,2,0,NORMAL
77437,77437,30,EMP1007,EMP1021,464625,464625,20,"05","5",0,0,2,0,NORMAL
95287,95287,30,EMP1007,EMP1021,571725,571725,20,"05","5",0,0,2,0,NORMAL
97475,97475,30,EMP1007,EMP1021,584850,584850,20,"05","5",0,0,2,0,NORMAL
67900,67900,30,EMP1007,EMP1021,407400,407400,20,"05","5",0,0,2,0,NORMAL
10177,10177,30,EMP1007,EMP1021,61065,61065,20,"05","5",0,0,2,0,NORMAL
12523,12523,30,EMP1007,EMP1021,75141,75141,20,"05","5",0,0,2,0,DELAY
12811,12811,30,EMP1007,EMP1021,76866,76866,20,"05","5",0,0,2,0,NORMAL
8924,8924,30,EMP1007,EMP1021,53544,53544,20,"05","5",0,0,2,0,NORMAL
9558,9558,30,EMP1007,EMP1021,57348,57348,20,"05","5",0,0,2,0,NORMAL
11761,11761,30,EMP1007,EMP1021,70568,70568,20,"05","5",0,0,2,0,NORMAL
12031,12031,30,EMP1007,EMP1021,72188,72188,20,"05","5",0,0,2,0,NORMAL
8380,8380,30,EMP1007,EMP1021,50285,50285,20,"05","5",0,0,2,0,NORMAL
885,885,30,EMP1007,EMP1021,5310,5310,30,"05","5",0,0,0,0,NORMAL
